K,member,source_baseline_K,source_baseline_member,initial_R,initial_C,initial_P,complete,solver_success,saved_samples,legacy_window_survived,legacy_window_tail_mean,tail_steps,tail_mean_50,tail_mean_100,survived_50,survived_100
0.96,0,0.9602010050251256,31,0.537518887170483,0.4132507811675434,0.6102108993409737,True,True,25001,True,0.8234483907235692,100,0.8116507289868635,0.8187711096137388,True,True
0.96,1,0.9602010050251256,48,0.6935646257981742,0.29030881007225,0.6535989257800715,True,True,25001,True,0.8101513759053798,100,0.755781378080396,0.8115731807036803,True,True
0.96,2,0.9602010050251256,25,0.9548489876300672,0.3174335049941786,0.611000701946907,True,True,25001,True,0.8289813933791637,100,0.8584767971192595,0.8297166695045292,True,True
0.96,3,0.9602010050251256,24,0.588972582936262,0.3659267257818958,0.629729274150618,True,True,25001,True,0.8166209015159595,100,0.8035980134847053,0.8103374059250988,True,True
0.96,4,0.9602010050251256,17,0.7051406367716132,0.4148751480612727,0.6767377596473112,True,True,25001,True,0.8119616954942155,100,0.7651886493803,0.8101808814479194,True,True
0.96,5,0.9602010050251256,12,0.9179170189156292,0.4097114038650757,0.6530219489299142,True,True,25001,True,0.826960143801735,100,0.8627983472278483,0.829529712319544,True,True
0.96,6,0.9602010050251256,23,0.9566136203699014,0.1912829236697714,0.6599307738489217,True,True,25001,True,0.8099181522343502,100,0.7553834695202554,0.8109119541123764,True,True
0.96,7,0.9602010050251256,13,0.8508917272010424,0.2313671940023157,0.6641271883374135,True,True,25001,True,0.814829830089465,100,0.7722233696217391,0.8174658219159358,True,True
0.96,8,0.9602010050251256,16,0.7545006775969665,0.1953086031196498,0.6624884066083827,True,True,25001,True,0.8099649843761012,100,0.756368125359286,0.8101481707017603,True,True
0.96,9,0.9602010050251256,20,0.8219808419206405,0.1777913021801797,0.6630964358183862,True,True,25001,True,0.812448214918658,100,0.7632248816149161,0.8149449465732664,True,True
0.96,10,0.9602010050251256,47,0.6782942963386391,0.2658569877531209,0.604224255249866,True,True,25001,True,0.812101751239975,100,0.7657531651192033,0.8102359184795997,True,True
0.96,11,0.9602010050251256,5,0.986289701876596,0.3189291560810786,0.6679859291475106,True,True,25001,True,0.8099510572871305,100,0.7554055667622929,0.8110379235845991,True,True
0.96,12,0.9602010050251256,0,0.7400560254766335,0.3197813796804431,0.6239340240425562,True,True,25001,True,0.8131249274513955,100,0.7698195299750735,0.8107080151193409,True,True
0.96,13,0.9602010050251256,46,0.801458533401084,0.281221138978951,0.6872130399247817,True,True,25001,True,0.800239501857711,100,0.8535931795442347,0.8046254422791805,True,True
0.96,14,0.9602010050251256,28,0.8878068445752287,0.4262869897535964,0.6607193025551246,True,True,25001,True,0.8129297435976354,100,0.7649815636309236,0.8155033865431427,True,True
0.96,15,0.9602010050251256,4,0.6496150632603184,0.2913585023136296,0.6686871369952117,True,True,25001,True,0.8019701635171054,100,0.8216312717637588,0.7983872347668037,True,True
0.96,16,0.9602010050251256,22,0.8649482578945726,0.4160777243335625,0.6787830770141139,True,True,25001,True,0.819023735923937,100,0.7906365798894125,0.8191501377761812,True,True
0.96,17,0.9602010050251256,38,0.6363186694739662,0.2680805961797485,0.6762688097166702,True,True,25001,True,0.812183784998079,100,0.8080984606721322,0.8051514094536989,True,True
0.96,18,0.9602010050251256,6,0.9482309042687014,0.407552185166692,0.66516623307674,True,True,25001,True,0.8291590647879646,100,0.8577944394623042,0.8296482388088272,True,True
0.96,19,0.9602010050251256,1,0.7366278959544921,0.2172083776796612,0.6583461860533912,True,True,25001,True,0.825731162161928,100,0.822336645286442,0.8212735241650863,True,True
0.9616666666666668,0,0.9619095477386934,34,0.9563456712826042,0.2305520504455457,0.6157419722393198,True,True,25001,True,0.7908103174513536,100,0.7877931349144753,0.7918906477010549,True,True
0.9616666666666668,1,0.9619095477386934,26,0.548512348667493,0.3246463542366797,0.6364099051523034,True,True,25001,True,0.7928769760897614,100,0.8012422958615759,0.7786878855643997,True,True
0.9616666666666668,2,0.9619095477386934,4,0.7950767321434373,0.1775178709538072,0.606897405579347,True,True,25001,True,0.805123160314441,100,0.8271514617949101,0.7752815328104314,True,True
0.9616666666666668,3,0.9619095477386934,29,0.5447884787530686,0.1517802849210366,0.6769694442010423,True,True,25001,True,0.8213342645879405,100,0.7239890700915252,0.7918638525499686,True,True
0.9616666666666668,4,0.9619095477386934,17,0.8634206063223885,0.2704905499392567,0.6952263282629494,True,True,25001,True,0.8069812938647453,100,0.8342069706323266,0.7795312319735,True,True
0.9616666666666668,5,0.9619095477386934,22,0.8664659190713067,0.4331920617569753,0.6593350049314469,True,True,25001,True,0.811277268556126,100,0.7826156966520739,0.795032592117783,True,True
0.9616666666666668,6,0.9619095477386934,46,0.8554121462447104,0.1561330457219993,0.6826972206022016,True,True,25001,True,0.791576711919691,100,0.781145149555534,0.795734207819888,True,True
0.9616666666666668,7,0.9619095477386934,14,0.5926727309080722,0.3186327710124956,0.6450935219465938,True,True,25001,True,0.7908068208901917,100,0.7878508144239853,0.791850269407264,True,True
0.9616666666666668,8,0.9619095477386934,5,0.8014771308487165,0.3188737474207442,0.6132830679316698,True,True,25001,True,0.8123394462950133,100,0.7323097135082896,0.7958498582153897,True,True
0.9616666666666668,9,0.9619095477386934,30,0.5009515670110289,0.1954261300586924,0.6796028228827339,True,True,25001,True,0.7965344650874634,100,0.8090913885015119,0.7733492520623834,True,True
0.9616666666666668,10,0.9619095477386934,37,0.5260032324872119,0.2608917888075688,0.6677490233142158,True,True,25001,True,0.8235734529106828,100,0.7233883419551419,0.7911260268136574,True,True
0.9616666666666668,11,0.9619095477386934,44,0.7970741503698547,0.3580347317230051,0.6199202641422504,True,True,25001,True,0.7928836056585539,100,0.8012559678849034,0.7786739567099129,True,True
0.9616666666666668,12,0.9619095477386934,6,0.7570437670816845,0.3697186425231412,0.6724060798622662,True,True,25001,True,0.7954196370306585,100,0.7656224411134939,0.8003197108148882,True,True
0.9616666666666668,13,0.9619095477386934,47,0.8958743871495939,0.4483020070956355,0.6636347204260012,True,True,25001,False,1.052469227657544e-13,100,1.9936486627555748e-23,4.0411476615376804e-23,False,False
0.9616666666666668,14,0.9619095477386934,49,0.926026774430118,0.443272879067189,0.6580077476290757,True,True,25001,False,9.30076013019881e-14,100,1.7629221030050006e-23,3.5727551279162123e-23,False,False
0.9616666666666668,15,0.9619095477386934,27,0.6362653694531322,0.3860280880359972,0.6364985557127724,True,True,25001,True,0.7986057351774564,100,0.8138398112470381,0.7723687527256647,True,True
0.9616666666666668,16,0.9619095477386934,7,0.9088854738754624,0.3417483594340071,0.6104083241887263,True,True,25001,True,0.7763229700396749,100,0.8572305385248157,0.8101053039474252,True,True
0.9616666666666668,17,0.9619095477386934,15,0.8495314904972445,0.1914593547232634,0.6865883960899584,True,True,25001,True,0.7980170920525015,100,0.8365455756518867,0.781342799908052,True,True
0.9616666666666668,18,0.9619095477386934,9,0.7825973428641047,0.175992805929544,0.6474664260405625,True,True,25001,True,0.79203058765282,100,0.7786090288562293,0.796848171857143,True,True
0.9616666666666668,19,0.9619095477386934,38,0.8335121103181855,0.1693287368920602,0.6742414729584794,True,True,25001,True,0.8110973663432056,100,0.7636381755686837,0.8006644172384911,True,True
0.9633333333333332,0,0.9636180904522612,2,0.6514014096245153,0.2273133762045573,0.6833704293979375,True,True,25001,True,0.8214095317495026,100,0.7915765667322251,0.8085309809426439,True,True
0.9633333333333332,1,0.9636180904522612,6,0.8427321040023696,0.1807839704897819,0.6907090893568617,True,True,25001,True,0.788773329521836,100,0.7541644715221772,0.7983857132429546,True,True
0.9633333333333332,2,0.9636180904522612,10,0.6440285793903593,0.4492314846114044,0.6081786472015188,True,True,25001,True,0.7697458936848279,100,0.8527383336543966,0.8038079186577528,True,True
0.9633333333333332,3,0.9636180904522612,43,0.7524135715782112,0.2403400942983128,0.6777890583486618,True,True,25001,True,0.7996440084166367,100,0.844914030162396,0.8246814243591756,True,True
0.9633333333333332,4,0.9636180904522612,18,0.6611556665799299,0.405707071643333,0.6123857360466167,True,True,25001,True,0.7941662618902344,100,0.8202885319562715,0.7706518711060025,True,True
0.9633333333333332,5,0.9636180904522612,11,0.5421892244505857,0.2242525226465645,0.6006268094576799,True,True,25001,True,0.8215484777898507,100,0.7286204843180627,0.7893501082279941,True,True
0.9633333333333332,6,0.9636180904522612,37,0.8926800824308582,0.3815540436063787,0.6479481793054476,True,True,25001,True,0.7888146983499812,100,0.8278793302408451,0.7740612117889484,True,True
0.9633333333333332,7,0.9636180904522612,26,0.6512606710394684,0.426594953017728,0.6016195757155554,True,True,25001,True,0.7973388343528438,100,0.8134320911262019,0.7697422986872243,True,True
0.9633333333333332,8,0.9636180904522612,29,0.9425060103113309,0.2170388432617966,0.6669305761431663,True,True,25001,True,0.7953950349141904,100,0.7979624643259042,0.7792647761479651,True,True
0.9633333333333332,9,0.9636180904522612,7,0.8088944223166341,0.1796554829492528,0.6343668442745454,True,True,25001,True,0.8146331609429974,100,0.7210018549374476,0.7880099815769122,True,True
0.9633333333333332,10,0.9636180904522612,22,0.5218811434745225,0.1893952713599959,0.6175230882492623,True,True,25001,True,0.7889050821625697,100,0.7531852398786729,0.7983669966719447,True,True
0.9633333333333332,11,0.9636180904522612,36,0.8796959977058609,0.1910653764816565,0.6936736723393785,True,True,25001,True,0.7983585866105666,100,0.8081430836124649,0.7708425814721183,True,True
0.9633333333333332,12,0.9636180904522612,1,0.7336645829983912,0.3140766734644625,0.616699695322815,True,True,25001,True,0.819583018675575,100,0.7253640017331944,0.7886215435161493,True,True
0.9633333333333332,13,0.9636180904522612,17,0.9616140814560166,0.1583722891045957,0.6751658095688453,True,True,25001,True,0.802522131615188,100,0.7229904520813154,0.7905568809539502,True,True
0.9633333333333332,14,0.9636180904522612,46,0.9823597638936488,0.2716476380627374,0.6734080179423019,True,True,25001,True,0.8170471720770812,100,0.8076231792554677,0.8136452789012786,True,True
0.9633333333333332,15,0.9636180904522612,8,0.963009365486382,0.1876773176164692,0.6243907405253958,True,True,25001,True,0.8164648830743374,100,0.7221345510318354,0.7880821854664446,True,True
0.9633333333333332,16,0.9636180904522612,31,0.5804660594693763,0.2010889031110398,0.6046178762175133,True,True,25001,True,0.7909832579807434,100,0.7430941542871118,0.7972905039875023,True,True
0.9633333333333332,17,0.9636180904522612,41,0.7322527928418752,0.3758941629982492,0.6935292111268798,True,True,25001,True,0.7896616067912446,100,0.7486817051382172,0.798085387056413,True,True
0.9633333333333332,18,0.9636180904522612,39,0.6233570884405087,0.1772592929127341,0.6865471939834167,True,True,25001,True,0.7885622338064432,100,0.7759947176429108,0.7947449604133738,True,True
0.9633333333333332,19,0.9636180904522612,34,0.6380046005063713,0.2945966285165522,0.6614044694904369,True,True,25001,True,0.789378314064874,100,0.7814664567154976,0.792432405770041,True,True
0.965,0,0.9653266331658292,48,0.9534655187749144,0.4464714354543579,0.6335724166428135,True,True,25001,False,4.7303329892235893e-14,100,7.782953238532659e-24,1.589464147290684e-23,False,False
0.965,1,0.9653266331658292,13,0.8856442065974615,0.3984623072582522,0.6181880065458895,True,True,25001,True,0.7934327688398667,100,0.8557200162792173,0.8250920317807237,True,True
0.965,2,0.9653266331658292,15,0.7822620799250719,0.3618780148662168,0.605087013403572,True,True,25001,True,0.7971561803904421,100,0.8003719116039304,0.7754641441623186,True,True
0.965,3,0.9653266331658292,9,0.7113730510540832,0.2378081238289022,0.6269482355813412,True,True,25001,True,0.8023833881346796,100,0.7183213285888762,0.7868006542485217,True,True
0.965,4,0.9653266331658292,34,0.5476353173175565,0.4051648891322197,0.6059228440544701,True,True,25001,True,0.8140695765950307,100,0.8347687694157737,0.8218657960956633,True,True
0.965,5,0.9653266331658292,19,0.6508849687772023,0.1536197327023887,0.6830356078465192,True,True,25001,True,0.8112063091922324,100,0.722878491536949,0.7870378181358564,True,True
0.965,6,0.9653266331658292,0,0.7790582124294073,0.3726192344247447,0.6218349257558284,True,True,25001,True,0.7783884626944532,100,0.8287951396688235,0.7740370618339836,True,True
0.965,7,0.9653266331658292,21,0.66241064222344,0.4042436734462368,0.6490484073743078,True,True,25001,True,0.8219513592517806,100,0.8108287334009442,0.8144536325040204,True,True
0.965,8,0.9653266331658292,18,0.573919590620658,0.3654498321313357,0.6132930911155401,True,True,25001,True,0.7873601807337259,100,0.7387579486109724,0.7954073206974505,True,True
0.965,9,0.9653266331658292,14,0.6275095932643783,0.3929542055956938,0.655045676017403,True,True,25001,True,0.8138325761489839,100,0.7258997403691348,0.7877090649336401,True,True
0.965,10,0.9653266331658292,39,0.6316020931438036,0.2789424300604548,0.6666177013599315,True,True,25001,True,0.8062951020931826,100,0.8471874557036315,0.8251354257586441,True,True
0.965,11,0.9653266331658292,25,0.9711624483329864,0.3659231869443799,0.6887706129013716,True,True,25001,True,0.7710510919023563,100,0.8523242966145399,0.8052218877871082,True,True
0.965,12,0.9653266331658292,5,0.5527955152067914,0.4476020281155081,0.6574589655151208,True,True,25001,True,0.8171168718131581,100,0.827459955975295,0.8196807597368745,True,True
0.965,13,0.9653266331658292,43,0.6276688662311505,0.2387708468885151,0.6590148754478364,True,True,25001,True,0.7876366393816634,100,0.737086736528401,0.7949972080298635,True,True
0.965,14,0.9653266331658292,45,0.5244693382951521,0.3122477967839654,0.6794562363901671,True,True,25001,True,0.7701819568860073,100,0.8513093548771848,0.8029857782583327,True,True
0.965,15,0.9653266331658292,46,0.7378942684268728,0.237932543545222,0.6610033650250213,True,True,25001,True,0.7866259269090057,100,0.7538901898366998,0.7971757784383432,True,True
0.965,16,0.9653266331658292,3,0.7144156541526074,0.4412438780118731,0.6225447760465164,True,True,25001,True,0.825104245439678,100,0.7909960304319205,0.8080093495419515,True,True
0.965,17,0.9653266331658292,27,0.7041526741960853,0.3605581317324002,0.6119496473555848,True,True,25001,True,0.825360624261371,100,0.7881270220555655,0.807068896872892,True,True
0.965,18,0.9653266331658292,33,0.7306524603292591,0.1624768709424312,0.6875252212013367,True,True,25001,True,0.8065959410809987,100,0.7195013625336402,0.7865527826929047,True,True
0.965,19,0.9653266331658292,29,0.7650118239482655,0.2515480120925015,0.6447729852592465,True,True,25001,True,0.8059474784838105,100,0.7192041537067821,0.7865488607558905,True,True
0.9666666666666668,0,0.967035175879397,6,0.5873875387196074,0.2213284242036412,0.675822378173625,True,True,25001,True,0.7856068703725013,100,0.7436703006289007,0.7964822670996996,True,True
0.9666666666666668,1,0.967035175879397,8,0.903729341396416,0.4034661587403327,0.6487240714342083,True,True,25001,True,0.7920916955232217,100,0.8539433138978937,0.8223590986087094,True,True
0.9666666666666668,2,0.967035175879397,44,0.7245174472672535,0.2858826939663916,0.6995166166934146,True,True,25001,True,0.7732036522924727,100,0.8262108469891483,0.7711403757823058,True,True
0.9666666666666668,3,0.967035175879397,11,0.7497805183328093,0.257299974904792,0.6635116547558216,True,True,25001,True,0.7864304783710334,100,0.7355217711173205,0.7934640169297729,True,True
0.9666666666666668,4,0.967035175879397,19,0.7370485205353493,0.2801002656887573,0.689159106578785,True,True,25001,True,0.7677539916287476,100,0.8371619404587988,0.7818360918909238,True,True
0.9666666666666668,5,0.967035175879397,12,0.6289599990329466,0.229560893023612,0.6303709528943404,True,True,25001,True,0.8105385070636509,100,0.725324318024593,0.7872679506250827,True,True
0.9666666666666668,6,0.967035175879397,48,0.9093941292149884,0.4260757769949592,0.6353438440699315,True,True,25001,False,8.116787789741712e-14,100,1.2702821412889286e-23,2.5686522037094702e-23,False,False
0.9666666666666668,7,0.967035175879397,10,0.7192062864870741,0.3711275471042765,0.611349896062535,True,True,25001,True,0.8014799839590371,100,0.7176825772828809,0.7855105109826189,True,True
0.9666666666666668,8,0.967035175879397,1,0.7331439210386458,0.3666450268032709,0.6390154507756953,True,True,25001,True,0.8193751463254609,100,0.8264327851286697,0.8192465277507073,True,True
0.9666666666666668,9,0.967035175879397,35,0.8136407959266064,0.2471427519259295,0.6216437311028202,True,True,25001,True,0.8225777796551316,100,0.7583260356897173,0.7967839694253791,True,True
0.9666666666666668,10,0.967035175879397,39,0.6682737681400033,0.3963579933428887,0.6188376163404123,True,True,25001,True,0.8247701635885126,100,0.7776188892213218,0.80356771141688,True,True
0.9666666666666668,11,0.967035175879397,3,0.6875476543598195,0.2730388760521822,0.6820148581118618,True,True,25001,True,0.7661902046277389,100,0.8407725782842986,0.7872139009456214,True,True
0.9666666666666668,12,0.967035175879397,45,0.6927188179253483,0.2608682512015011,0.6690938543424955,True,True,25001,True,0.7946771852892016,100,0.8549696655078113,0.8230816987091915,True,True
0.9666666666666668,13,0.967035175879397,22,0.6844105562864151,0.4063976373364538,0.6768788259422197,True,True,25001,True,0.8248293654127251,100,0.8156298488983066,0.8159697492164868,True,True
0.9666666666666668,14,0.967035175879397,49,0.9623813639766408,0.4193218404686101,0.6081323959632032,True,True,25001,False,4.7827857993486524e-14,100,7.468728604952184e-24,1.5138831718409985e-23,False,False
0.9666666666666668,15,0.967035175879397,0,0.6598004769248718,0.3087548763116186,0.6068499017382052,True,True,25001,True,0.8257270131438142,100,0.8059256589439986,0.8127440857900315,True,True
0.9666666666666668,16,0.967035175879397,47,0.9188767985022832,0.3387723032823858,0.6222535902752836,True,True,25001,True,0.7751507784169176,100,0.852385156503201,0.8067001388154091,True,True
0.9666666666666668,17,0.967035175879397,41,0.8079261933269515,0.4032854280584849,0.6983755203761415,True,True,25001,True,0.7698590747984706,100,0.8392386036095103,0.7839220151031128,True,True
0.9666666666666668,18,0.967035175879397,34,0.7434586105612697,0.1972368712901575,0.601107155907629,True,True,25001,True,0.8169663706687509,100,0.7393279485434668,0.7911250090000378,True,True
0.9666666666666668,19,0.967035175879397,4,0.6222155411732937,0.4226152390203728,0.6960860451572415,True,True,25001,True,0.8246856905607017,100,0.793114557877098,0.808676110837028,True,True
0.9683333333333332,0,0.9687437185929648,21,0.8307109482521302,0.3937233235425318,0.6613458334397906,True,True,25001,True,0.7896371667099892,100,0.8130855163420132,0.7631953353427791,True,True
0.9683333333333332,1,0.9687437185929648,16,0.5070294202884491,0.3038831213076982,0.6515966947772192,True,True,25001,True,0.7858597576210467,100,0.7451027283950838,0.7994359406881749,True,True
0.9683333333333332,2,0.9687437185929648,11,0.5477006725198592,0.3787739297365677,0.6889047923778924,True,True,25001,True,0.7891575516480601,100,0.7254877725317068,0.7939269475509407,True,True
0.9683333333333332,3,0.9687437185929648,45,0.6789129949049773,0.3242967584385788,0.6814073761431391,True,True,25001,True,0.7876108483688965,100,0.8638103911940079,0.8249609964712739,True,True
0.9683333333333332,4,0.9687437185929648,44,0.5818913331910727,0.2883664694697258,0.6569112402710199,True,True,25001,True,0.7921827458574585,100,0.7348998916925662,0.7918604742421471,True,True
0.9683333333333332,5,0.9687437185929648,17,0.666013146567657,0.4437307699225132,0.631180286060485,True,True,25001,True,0.7862839213681261,100,0.7597226265280308,0.8005971957437983,True,True
0.9683333333333332,6,0.9687437185929648,47,0.8563517117757589,0.4404712866472455,0.6552711482182609,True,True,25001,False,1.1109471878125685e-13,100,1.7066739436863305e-23,3.365701091116829e-23,False,False
0.9683333333333332,7,0.9687437185929648,49,0.9905791000436484,0.4180046037347147,0.6664538427474347,True,True,25001,False,2.96485608473911e-13,100,4.729700456189648e-23,9.149534665118868e-23,False,False
0.9683333333333332,8,0.9687437185929648,43,0.9431766689420868,0.1578402530386413,0.6506985003838138,True,True,25001,True,0.8145721752341422,100,0.7178557290239824,0.7867249756048235,True,True
0.9683333333333332,9,0.9687437185929648,25,0.7859197577099564,0.1756495868452618,0.6711270806892704,True,True,25001,True,0.8042108815333233,100,0.7281676739831022,0.788127324717426,True,True
0.9683333333333332,10,0.9687437185929648,34,0.9407053900632892,0.2224378332433282,0.6428959851249995,True,True,25001,True,0.8092248738566222,100,0.7121957386891257,0.7857856565238366,True,True
0.9683333333333332,11,0.9687437185929648,0,0.5393474176496327,0.3960607605913755,0.6942325836629134,True,True,25001,True,0.8087623583795995,100,0.728639534915414,0.7876791838661606,True,True
0.9683333333333332,12,0.9687437185929648,26,0.8763340712516008,0.2367507786560582,0.6516292268923296,True,True,25001,True,0.8051849770799129,100,0.7105540658082173,0.7859708506972849,True,True
0.9683333333333332,13,0.9687437185929648,4,0.7220374207663863,0.3884802156736734,0.6488900514985574,True,True,25001,True,0.8293652046211182,100,0.7939031996734498,0.8085185982336347,True,True
0.9683333333333332,14,0.9687437185929648,19,0.7986195064511172,0.3412033422466199,0.6324290922131337,True,True,25001,True,0.8217470129742626,100,0.776392009120094,0.8040431606168665,True,True
0.9683333333333332,15,0.9687437185929648,14,0.5993575120854402,0.2347128224433983,0.6941332442188848,True,True,25001,True,0.7683531367163802,100,0.8472802068747278,0.8092509331145391,True,True
0.9683333333333332,16,0.9687437185929648,38,0.6564110219342352,0.2794334224774476,0.6693407265957732,True,True,25001,True,0.7996357664431128,100,0.8612852281282675,0.8298403006688023,True,True
0.9683333333333332,17,0.9687437185929648,10,0.5381508912523603,0.1829861461158131,0.6688852808742345,True,True,25001,True,0.8088820712481996,100,0.7286759709361708,0.787676216464747,True,True
0.9683333333333332,18,0.9687437185929648,40,0.8016834780806766,0.3253495847649544,0.6885108284521521,True,True,25001,True,0.7636099779537637,100,0.8430350135659133,0.7973288759678967,True,True
0.9683333333333332,19,0.9687437185929648,15,0.9366059884746996,0.2833674565227564,0.6622408922292724,True,True,25001,True,0.792507113831142,100,0.7181854873743595,0.7909215921152842,True,True
0.97,0,0.9695979899497488,42,0.7099258835342706,0.2957987545355687,0.6600198352132,True,True,25001,True,0.78582199560236,100,0.7448944924735637,0.7983970028006684,True,True
0.97,1,0.9695979899497488,4,0.6489420010482407,0.4368064728017258,0.6375165270968032,True,True,25001,True,0.8057145989000728,100,0.8148657501360933,0.7835544937659403,True,True
0.97,2,0.9695979899497488,15,0.6147251756990209,0.1843433321999576,0.6900409414921089,True,True,25001,True,0.7895254249662694,100,0.746167847101113,0.8034333630820403,True,True
0.97,3,0.9695979899497488,36,0.5890650995781133,0.2451674582044078,0.6105274473419791,True,True,25001,True,0.8255502153659592,100,0.7453825635614427,0.7918518055822135,True,True
0.97,4,0.9695979899497488,7,0.7319818984059373,0.1500049052031609,0.6925610836819357,True,True,25001,True,0.8074977367297868,100,0.7277999761650075,0.7883277393709177,True,True
0.97,5,0.9695979899497488,48,0.8462141287591516,0.2559317889950271,0.6224633934205103,True,True,25001,True,0.8226587198223251,100,0.7419308778305471,0.7909810286122081,True,True
0.97,6,0.9695979899497488,41,0.833555159854406,0.2147545000946952,0.6546886936887887,True,True,25001,True,0.789607233790251,100,0.7274845992888394,0.7938885283739588,True,True
0.97,7,0.9695979899497488,34,0.6953931903049626,0.3795888763442056,0.6546348061921187,True,True,25001,True,0.8192583143266609,100,0.7189287217373155,0.785780026664607,True,True
0.97,8,0.9695979899497488,17,0.502381867126377,0.314175063138953,0.6295982006457926,True,True,25001,True,0.8022149076995368,100,0.7428499440452387,0.7938001085839318,True,True
0.97,9,0.9695979899497488,29,0.9882005908585544,0.3251921347447133,0.618528575254247,True,True,25001,True,0.7621938805700444,100,0.8377763584652584,0.7921777988601905,True,True
0.97,10,0.9695979899497488,0,0.9338615924663648,0.3880124449219939,0.6256631058335712,True,True,25001,True,0.7899672542517651,100,0.791424372251451,0.7895359424606376,True,True
0.97,11,0.9695979899497488,22,0.8408618512554005,0.3672712638095047,0.6703325217236975,True,True,25001,True,0.8127969562900343,100,0.708395084840927,0.7836700171417254,True,True
0.97,12,0.9695979899497488,45,0.5633386929544423,0.1980438979225835,0.6017144969001025,True,True,25001,True,0.8011847706124403,100,0.8044090541734207,0.788714998987551,True,True
0.97,13,0.9695979899497488,40,0.8797756515056898,0.3608854956688002,0.6652140569692228,True,True,25001,True,0.8081114483633869,100,0.7072636749299755,0.7844889186743629,True,True
0.97,14,0.9695979899497488,35,0.6472724387395059,0.434737671010284,0.6879044391770938,True,True,25001,True,0.8288556810212937,100,0.7481755521441994,0.7926706032713215,True,True
0.97,15,0.9695979899497488,26,0.9666357459021832,0.3729977544940572,0.680337849753608,True,True,25001,True,0.77428312768859,100,0.8325580919673946,0.7778634685348207,True,True
0.97,16,0.9695979899497488,39,0.7741050762595835,0.3020999593228676,0.637132441074327,True,True,25001,True,0.8107785615681138,100,0.7074781490599128,0.7837892200770458,True,True
0.97,17,0.9695979899497488,6,0.6134090468859452,0.4404568605804082,0.694758976422549,True,True,25001,True,0.8228739619822508,100,0.7292560573260078,0.7918060563663504,True,True
0.97,18,0.9695979899497488,20,0.5882615170458552,0.2662691718849068,0.6039188943116094,True,True,25001,True,0.8269244553123426,100,0.7471419957015474,0.7923322728588441,True,True
0.97,19,0.9695979899497488,10,0.993467374665962,0.3283706851461437,0.6983024246991498,True,True,25001,True,0.774605818604752,100,0.859169569529596,0.8115430742549988,True,True
0.9716666666666668,0,0.9713065326633166,31,0.6923062405193527,0.3171560343300132,0.6382980160738028,True,True,25001,True,0.8133623124439157,100,0.7049088617940096,0.7831457254600767,True,True
0.9716666666666668,1,0.9713065326633166,16,0.6974761798249338,0.205353746569057,0.6433524807949724,True,True,25001,True,0.7952300870096117,100,0.7172226182307818,0.7856936281845376,True,True
0.9716666666666668,2,0.9713065326633166,27,0.5940342294288563,0.2944938597740021,0.6691220930025371,True,True,25001,True,0.7899476612189126,100,0.8544298815213104,0.8237690080845823,True,True
0.9716666666666668,3,0.9713065326633166,24,0.5619117911786505,0.308805010659742,0.6094019962096968,True,True,25001,True,0.7865310473145315,100,0.7467258483013842,0.7952730533086164,True,True
0.9716666666666668,4,0.9713065326633166,22,0.9812867022722584,0.2596755706181781,0.6525223528301766,True,True,25001,True,0.7998557914441663,100,0.7259566660753158,0.7900185955547623,True,True
0.9716666666666668,5,0.9713065326633166,5,0.8947588550785003,0.3133970996628796,0.6761507646922725,True,True,25001,True,0.7827581032615301,100,0.7615497482936836,0.804815065517889,True,True
0.9716666666666668,6,0.9713065326633166,46,0.9654169584322868,0.4194468099217173,0.6652551132445331,True,True,25001,False,2.253766222303773e-13,100,3.46554201056728e-23,6.745822408213427e-23,False,False
0.9716666666666668,7,0.9713065326633166,35,0.5324211452000697,0.4206933332459864,0.698879558628026,True,True,25001,True,0.7969971716293146,100,0.7236784031612735,0.7887650967786377,True,True
0.9716666666666668,8,0.9713065326633166,26,0.9025730508911638,0.271639893449774,0.6916626342398506,True,True,25001,True,0.7690470442367846,100,0.8482044755681395,0.8134436865380228,True,True
0.9716666666666668,9,0.9713065326633166,25,0.9551275046948275,0.1532099737104555,0.6865273051039258,True,True,25001,True,0.8064944243588836,100,0.7487183012475532,0.7934803023488928,True,True
0.9716666666666668,10,0.9713065326633166,21,0.6068825412434473,0.3574715454343601,0.6980724304333893,True,True,25001,True,0.7968791800972993,100,0.8530336046997921,0.8253420988455876,True,True
0.9716666666666668,11,0.9713065326633166,1,0.8657897151492564,0.3157134437561624,0.6041487688426183,True,True,25001,True,0.8045362417983547,100,0.7204631222086936,0.7965272281544429,True,True
0.9716666666666668,12,0.9713065326633166,18,0.7363933089157351,0.2808809846612923,0.6663034446301987,True,True,25001,True,0.792263662136112,100,0.7969103974913263,0.7797315575172952,True,True
0.9716666666666668,13,0.9713065326633166,0,0.9537147122279148,0.2680295435910464,0.6554096483100523,True,True,25001,True,0.7872470573656278,100,0.7241229568699282,0.7895255417995116,True,True
0.9716666666666668,14,0.9713065326633166,38,0.5423345734098153,0.3013245388536997,0.6828827801473414,True,True,25001,True,0.773323566329562,100,0.8574430234771522,0.8166261756448114,True,True
0.9716666666666668,15,0.9713065326633166,3,0.5654932031653278,0.372491215112842,0.657318782965128,True,True,25001,True,0.8021526804218332,100,0.7059383777219095,0.7864771260621274,True,True
0.9716666666666668,16,0.9713065326633166,39,0.5661754555082342,0.1929419453129474,0.6054171010031457,True,True,25001,True,0.7773785496089437,100,0.8539904550618392,0.8231167837350744,True,True
0.9716666666666668,17,0.9713065326633166,45,0.6727784196754,0.2670861279547812,0.6071764020018509,True,True,25001,True,0.8170052991657211,100,0.715661693553588,0.7871765377261642,True,True
0.9716666666666668,18,0.9713065326633166,30,0.7037065169280299,0.442356014002181,0.674122907421794,True,True,25001,True,0.7992978192872848,100,0.8045058059720236,0.7715317683060781,True,True
0.9716666666666668,19,0.9713065326633166,2,0.96636896224083,0.3307891311986073,0.6581564355469985,True,True,25001,True,0.8205323339505312,100,0.7208035463770917,0.7893884829916179,True,True
0.9733333333333332,0,0.9730150753768844,6,0.5827525656094871,0.1822937498761456,0.6812918259145793,True,True,25001,True,0.794182846753007,100,0.8055797313900169,0.8028171891506838,True,True
0.9733333333333332,1,0.9730150753768844,14,0.8559705832180471,0.2395385943859169,0.6707229294739676,True,True,25001,True,0.763446888153148,100,0.8367757181264588,0.8080930309521538,True,True
0.9733333333333332,2,0.9730150753768844,21,0.6663633404199163,0.1880075617701584,0.6261679310149535,True,True,25001,True,0.8115718480674075,100,0.7721673705186983,0.8013642036615896,True,True
0.9733333333333332,3,0.9730150753768844,42,0.9805776078245634,0.2134661521437856,0.6279630757106267,True,True,25001,True,0.791662854588425,100,0.7893063895540124,0.8143212285580941,True,True
0.9733333333333332,4,0.9730150753768844,37,0.6672517705059584,0.2753947166861177,0.6959897338614036,True,True,25001,True,0.7921076633635566,100,0.8252411861136986,0.8199830322373762,True,True
0.9733333333333332,5,0.9730150753768844,1,0.8160058329449594,0.378568353322582,0.6123557939865403,True,True,25001,True,0.776078536868741,100,0.8460764876581781,0.8191896834278509,True,True
0.9733333333333332,6,0.9730150753768844,45,0.8883151133835496,0.1970042389083676,0.6551020321146217,True,True,25001,True,0.7974921236092473,100,0.8114326037972236,0.7995923615139798,True,True
0.9733333333333332,7,0.9730150753768844,10,0.8200560292578937,0.3616150051978389,0.6632281179172511,True,True,25001,True,0.7936402989702305,100,0.7740591928771451,0.793601883580337,True,True
0.9733333333333332,8,0.9730150753768844,7,0.5999908623238801,0.3378317683384515,0.6280272800740225,True,True,25001,True,0.7971900167286115,100,0.8060852936594154,0.7740891637321181,True,True
0.9733333333333332,9,0.9730150753768844,15,0.7055383729002419,0.2402443005875212,0.6556594492808167,True,True,25001,True,0.7917905205294837,100,0.8137713508714738,0.7644727633719651,True,True
0.9733333333333332,10,0.9730150753768844,32,0.9674355327526724,0.1643011912311437,0.644917582819763,True,True,25001,True,0.7915459729386405,100,0.7811352298010074,0.7911739063571654,True,True
0.9733333333333332,11,0.9730150753768844,47,0.755668763078555,0.4315141735959462,0.6453925412391556,True,True,25001,True,0.8216674331349295,100,0.7663644698937101,0.7962412167997815,True,True
0.9733333333333332,12,0.9730150753768844,9,0.8493359105687832,0.3966705193282638,0.6850558750888416,True,True,25001,True,0.7916671113885541,100,0.7313355638121014,0.7934118427856314,True,True
0.9733333333333332,13,0.9730150753768844,22,0.9515297630087296,0.2608984534299803,0.6817048842314215,True,True,25001,True,0.8319871608748922,100,0.7372443456034692,0.7916939929107185,True,True
0.9733333333333332,14,0.9730150753768844,3,0.7989781799852561,0.1785678853393119,0.6848050776202854,True,True,25001,True,0.7996848970319693,100,0.8506808406528209,0.7968821111932556,True,True
0.9733333333333332,15,0.9730150753768844,30,0.9030823996259152,0.3747548394138911,0.6776791854148333,True,True,25001,True,0.7949109575137402,100,0.8280577264773946,0.7727479352660274,True,True
0.9733333333333332,16,0.9730150753768844,18,0.8641866166396045,0.4334896941043478,0.6874048481520842,True,True,25001,True,0.8353024709741738,100,0.7698755364694772,0.7995895383703555,True,True
0.9733333333333332,17,0.9730150753768844,0,0.7589169097884181,0.215277361626073,0.69857388965136,True,True,25001,True,0.8208385960779171,100,0.7546706107578856,0.7947359966139147,True,True
0.9733333333333332,18,0.9730150753768844,33,0.9988743471788392,0.1602083604834537,0.6599644322915987,True,True,25001,True,0.7820592360742716,100,0.8066969712934449,0.7807449507576096,True,True
0.9733333333333332,19,0.9730150753768844,2,0.6156309135138682,0.1558668222140737,0.6542607655150733,True,True,25001,True,0.7982496075456984,100,0.8701844695790285,0.8355935327213078,True,True
0.975,0,0.9747236180904524,39,0.8583094921585375,0.2392292559580475,0.6444923510673006,True,True,25001,True,0.7972279282341922,100,0.8652203326214686,0.8362090249081053,True,True
0.975,1,0.9747236180904524,22,0.7778050917039268,0.2041897848789806,0.6889006212160415,True,True,25001,True,0.8255634209394789,100,0.7521462298478133,0.7955619278211343,True,True
0.975,2,0.9747236180904524,12,0.8042520680062134,0.1798921131191213,0.6837448676011186,True,True,25001,True,0.8272192163932591,100,0.7884900908967865,0.7987629371532556,True,True
0.975,3,0.9747236180904524,11,0.5395464109576922,0.1765911561266114,0.6780672949528048,True,True,25001,True,0.8078291256962854,100,0.8715133498492791,0.8223370910911014,True,True
0.975,4,0.9747236180904524,33,0.7363342746697499,0.1765585777646229,0.6444980037185274,True,True,25001,True,0.7951767358471175,100,0.8583136674688596,0.8074887077887396,True,True
0.975,5,0.9747236180904524,26,0.940676871583579,0.2065937187907835,0.611881342889474,True,True,25001,True,0.8111453185256663,100,0.7677644533415005,0.7989363088447402,True,True
0.975,6,0.9747236180904524,24,0.5727627661539504,0.1868893501090603,0.6131691352342443,True,True,25001,True,0.8041195038663088,100,0.7861102391023779,0.8042755846548079,True,True
0.975,7,0.9747236180904524,8,0.5574500459613019,0.4444648767852702,0.6494428849990305,True,True,25001,True,0.8091644622258822,100,0.8734893850631492,0.8264431343564105,True,True
0.975,8,0.9747236180904524,44,0.7788430963809949,0.2522981832959871,0.6744505611424017,True,True,25001,True,0.81837286927142,100,0.7599849522083774,0.8111411733791353,True,True
0.975,9,0.9747236180904524,38,0.9813167388577856,0.1869337018726341,0.6368983335349341,True,True,25001,True,0.810683207828014,100,0.8040333017874535,0.8117906961510366,True,True
0.975,10,0.9747236180904524,27,0.525531339085108,0.3659232032513145,0.6080135562428342,True,True,25001,True,0.8295995771057785,100,0.7489298357847818,0.7936078823001861,True,True
0.975,11,0.9747236180904524,6,0.9697771867406124,0.1561813048377806,0.6813313441532591,True,True,25001,True,0.8078418517021692,100,0.8020211674727915,0.8116160392533769,True,True
0.975,12,0.9747236180904524,9,0.8939211908790127,0.2738220329796931,0.6088367184973874,True,True,25001,True,0.7877104352417518,100,0.8416967742989303,0.8087428205854248,True,True
0.975,13,0.9747236180904524,45,0.6087069223488091,0.4039444282674987,0.6213417745735187,True,True,25001,True,0.7854402842130334,100,0.8198691206443377,0.8029718747526046,True,True
0.975,14,0.9747236180904524,49,0.8230205309982284,0.4300721887977462,0.6077683119426941,True,True,25001,False,3.8862245381130445e-14,100,5.366630014212961e-24,1.0768343102893681e-23,False,False
0.975,15,0.9747236180904524,30,0.5622392930787463,0.4211513203195742,0.6387788427774875,True,True,25001,True,0.7993525941736499,100,0.815387643291624,0.761654209661595,True,True
0.975,16,0.9747236180904524,34,0.6881701169547043,0.2702720602744339,0.6243287743476862,True,True,25001,True,0.7912438874174579,100,0.8563804586671925,0.8047528142091213,True,True
0.975,17,0.9747236180904524,23,0.7483612811856795,0.1649901292588756,0.6734820525827451,True,True,25001,True,0.8034452923545257,100,0.8697462080402139,0.8361748290359233,True,True
0.975,18,0.9747236180904524,17,0.84649382566575,0.3441520814281055,0.644276564598856,True,True,25001,True,0.7962048133312626,100,0.8500546380170398,0.798597526993792,True,True
0.975,19,0.9747236180904524,48,0.8614363940058538,0.4395392931034279,0.6751274798488082,True,True,25001,False,3.7740727327140724e-13,100,5.089536536206529e-23,1.0537040224243485e-22,False,False
0.9766666666666668,0,0.97643216080402,14,0.5531090937321896,0.2618480039757909,0.6471003771328556,True,True,25001,True,0.7605426141393218,100,0.6971146566203623,0.7805684925927139,True,True
0.9766666666666668,1,0.97643216080402,4,0.9872505820664472,0.161255424933204,0.683616613053921,True,True,25001,True,0.7736798519265303,100,0.7029032969616317,0.7850690715648541,True,True
0.9766666666666668,2,0.97643216080402,24,0.7120482867719317,0.3056513892679044,0.631119595284017,True,True,25001,True,0.7840441092725763,100,0.7917249108619809,0.7884546124782783,True,True
0.9766666666666668,3,0.97643216080402,17,0.7286338728024269,0.3200606344615335,0.6231723874175276,True,True,25001,True,0.7616111460726246,100,0.7928323931695638,0.8071708050643776,True,True
0.9766666666666668,4,0.97643216080402,16,0.503585920220448,0.4394825346026185,0.6373708529389811,True,True,25001,True,0.7898118558479211,100,0.7870104065722301,0.8095206595776543,True,True
0.9766666666666668,5,0.97643216080402,31,0.7277939214586522,0.2667984806561586,0.6621496989458271,True,True,25001,True,0.7872639349752225,100,0.8145761895506789,0.755326640197881,True,True
0.9766666666666668,6,0.97643216080402,26,0.8159618366150252,0.2125268987300337,0.6993328606854183,True,True,25001,True,0.8084930309734294,100,0.8598549073568943,0.8349957461351397,True,True
0.9766666666666668,7,0.97643216080402,45,0.5006842548704611,0.1983106783360073,0.6254682643648766,True,True,25001,True,0.7692557740576773,100,0.8076153929320352,0.8116668955907794,True,True
0.9766666666666668,8,0.97643216080402,22,0.9664466879706946,0.2721411816908483,0.6999235287080946,True,True,25001,True,0.7864483566490932,100,0.7883859181282001,0.8084886800332843,True,True
0.9766666666666668,9,0.97643216080402,21,0.6513021274775352,0.3061135249595601,0.6891525691085363,True,True,25001,True,0.8156257399953961,100,0.6934654332335927,0.7793771106847465,True,True
0.9766666666666668,10,0.97643216080402,19,0.7707657767922866,0.3090137941450772,0.687366723609741,True,True,25001,True,0.8173112411348398,100,0.7724740730843351,0.8006454321450205,True,True
0.9766666666666668,11,0.97643216080402,10,0.53302363599589,0.3327730815107542,0.6907008655638667,True,True,25001,True,0.7968033696795485,100,0.8233217275540743,0.8193945608119833,True,True
0.9766666666666668,12,0.97643216080402,20,0.6701612198046742,0.2568554817205538,0.6790430805131552,True,True,25001,True,0.8091599044745826,100,0.7228464089031429,0.784326969638576,True,True
0.9766666666666668,13,0.97643216080402,36,0.5604859025982126,0.3172317278301752,0.6167771034414139,True,True,25001,True,0.8017982123115224,100,0.875246155868291,0.8318685942930215,True,True
0.9766666666666668,14,0.97643216080402,11,0.9672946977737322,0.1515382937940115,0.6989785588273959,True,True,25001,True,0.8226696479483262,100,0.8349390033407089,0.8257757684243201,True,True
0.9766666666666668,15,0.97643216080402,49,0.9381683087043852,0.394006299154287,0.6023839533042904,True,True,25001,False,4.2285543602683197e-14,100,5.4558433040352826e-24,1.129581457225343e-23,False,False
0.9766666666666668,16,0.97643216080402,6,0.8455103224417384,0.4270751589938762,0.6871484194650423,True,True,25001,True,0.8104257607721318,100,0.8566911761627287,0.8278772672441274,True,True
0.9766666666666668,17,0.97643216080402,35,0.7772000831241215,0.30426739334905,0.6434007397414166,True,True,25001,True,0.7719402637421751,100,0.8095286991015616,0.8156082925438328,True,True
0.9766666666666668,18,0.97643216080402,8,0.8919421390093831,0.4216664181724328,0.6875904580319671,True,True,25001,True,0.8151603997433531,100,0.8637437517810895,0.8344665984595067,True,True
0.9766666666666668,19,0.97643216080402,13,0.8484574366033728,0.3324844527330309,0.6177082790403707,True,True,25001,True,0.8247022236604601,100,0.8140608873586769,0.7642646113398461,True,True
0.9783333333333332,0,0.978140703517588,38,0.5610964646666611,0.4471785711139613,0.6985277961845928,True,True,25001,True,0.8312716364723005,100,0.7485192542369554,0.7988530750703262,True,True
0.9783333333333332,1,0.978140703517588,30,0.6559582568906609,0.2641157248515536,0.6058640544289347,True,True,25001,True,0.8147513552767609,100,0.7514970566019171,0.7972733697681362,True,True
0.9783333333333332,2,0.978140703517588,34,0.8326949817171401,0.368902735945782,0.6423555866657866,True,True,25001,True,0.7784459607850472,100,0.7319873409365261,0.7907166701259679,True,True
0.9783333333333332,3,0.978140703517588,20,0.9436133154788192,0.3856517518868401,0.6611140929352969,True,True,25001,True,0.8126600176631616,100,0.8154839440426751,0.8075576961004163,True,True
0.9783333333333332,4,0.978140703517588,11,0.5651339062974063,0.1931348529459014,0.6341809936881903,True,True,25001,True,0.8113627271996307,100,0.8355345881650849,0.8228824477602594,True,True
0.9783333333333332,5,0.978140703517588,15,0.917006037518341,0.19352864638473,0.6139353310892512,True,True,25001,True,0.8085838452329799,100,0.8136021589702763,0.8132981493445887,True,True
0.9783333333333332,6,0.978140703517588,14,0.8312891388013851,0.2594595523242907,0.6774407317031306,True,True,25001,True,0.8119505179484795,100,0.8413110239029352,0.8190857855893615,True,True
0.9783333333333332,7,0.978140703517588,22,0.9723238337609869,0.3357398748348286,0.6199448452357892,True,True,25001,True,0.8289522925876046,100,0.7819554278920746,0.8037816400433756,True,True
0.9783333333333332,8,0.978140703517588,28,0.9587253564561592,0.2561676353510152,0.6692962130810164,True,True,25001,True,0.7627789628503153,100,0.8150463907205148,0.7582577102028115,True,True
0.9783333333333332,9,0.978140703517588,31,0.8427947697732967,0.2564919274457578,0.6715337982109345,True,True,25001,True,0.8147146979856545,100,0.8032371376821275,0.7916932841261448,True,True
0.9783333333333332,10,0.978140703517588,4,0.5810161976961383,0.1741328000195521,0.6833327686524182,True,True,25001,True,0.784487741331999,100,0.8236598719355192,0.8196069678138644,True,True
0.9783333333333332,11,0.978140703517588,12,0.5934134104949147,0.3633383934272046,0.6876816052761721,True,True,25001,True,0.8149750326417698,100,0.8371345346906318,0.8272596700016318,True,True
0.9783333333333332,12,0.978140703517588,5,0.8850104200110009,0.2692461591377429,0.6705932135564657,True,True,25001,True,0.8338991432495549,100,0.7345800818148076,0.7957003017952765,True,True
0.9783333333333332,13,0.978140703517588,7,0.7506671095521843,0.1878669600156612,0.6025023099583736,True,True,25001,True,0.7644344652992318,100,0.7584119213455989,0.7958160442075025,True,True
0.9783333333333332,14,0.978140703517588,17,0.6742351325527611,0.2363697960650314,0.6252587479758432,True,True,25001,True,0.8296753930377226,100,0.6930971935798838,0.7818647982949447,True,True
0.9783333333333332,15,0.978140703517588,0,0.7212718745608522,0.3238097751894029,0.608923740579155,True,True,25001,True,0.8169165975219072,100,0.7920639681495264,0.8052908873959386,True,True
0.9783333333333332,16,0.978140703517588,2,0.5751854962564631,0.3520201561807656,0.6069918485523104,True,True,25001,True,0.8156037634336158,100,0.819799102234779,0.7633509609919674,True,True
0.9783333333333332,17,0.978140703517588,13,0.638821623850954,0.1813219748964202,0.6361650017056589,True,True,25001,True,0.8009681239986461,100,0.8108123540050276,0.7599151874483353,True,True
0.9783333333333332,18,0.978140703517588,18,0.5097222396147484,0.3080925689955626,0.6831548464994572,True,True,25001,True,0.8275163029558193,100,0.8132691828953724,0.7646827129274505,True,True
0.9783333333333332,19,0.978140703517588,44,0.8146947015535106,0.2249686388651244,0.6015509502024916,True,True,25001,True,0.7719740767099859,100,0.8597224778042508,0.8109984636192175,True,True
0.98,0,0.9798492462311558,21,0.54572744625844,0.3314642678979101,0.6868906718997253,True,True,25001,True,0.7716810591839992,100,0.7724703073599332,0.8084942783852033,True,True
0.98,1,0.9798492462311558,9,0.8327841305132765,0.3431534691411911,0.6661898503058238,True,True,25001,True,0.786545636297556,100,0.8369017781519145,0.8189203035643873,True,True
0.98,2,0.9798492462311558,25,0.915593809535878,0.1770363303438624,0.6602782030975856,True,True,25001,True,0.8144356785802217,100,0.802382931280095,0.7940374842028521,True,True
0.98,3,0.9798492462311558,30,0.5808856260480056,0.1805209353171956,0.628342358566871,True,True,25001,True,0.7902584140930763,100,0.8038618031273347,0.7925856275026238,True,True
0.98,4,0.9798492462311558,49,0.8408845071627065,0.4060145688728929,0.6044095169478696,True,True,25001,False,4.380275646226903e-14,100,4.9167178108076e-24,1.024913564189624e-23,False,False
0.98,5,0.9798492462311558,37,0.9963530452254916,0.2778563173603618,0.6432566781599978,True,True,25001,True,0.7604387260313556,100,0.8017098386636496,0.8040738055978588,True,True
0.98,6,0.9798492462311558,19,0.8814022583628218,0.2635992362117186,0.627877569117664,True,True,25001,True,0.8072669391358114,100,0.7763952602454605,0.8019370866491599,True,True
0.98,7,0.9798492462311558,10,0.554608495819906,0.3646220995050689,0.6758648471366111,True,True,25001,True,0.8069318405956979,100,0.6861923039660798,0.7778137418648429,True,True
0.98,8,0.9798492462311558,48,0.8205388497637056,0.4218469384918082,0.6269833839942605,True,True,25001,False,6.37311330122897e-14,100,7.119046783860097e-24,1.480799511886572e-23,False,False
0.98,9,0.9798492462311558,42,0.8660315472833824,0.2760214689047827,0.6997113357804075,True,True,25001,True,0.8142227552289487,100,0.8337750798581323,0.8189056495563546,True,True
0.98,10,0.9798492462311558,35,0.745642174639358,0.1639224954948339,0.6420144847182372,True,True,25001,True,0.8047313867854912,100,0.7927792603596067,0.8151948316253336,True,True
0.98,11,0.9798492462311558,46,0.6019515064678919,0.191236619002104,0.6606708769609051,True,True,25001,True,0.7950088803491654,100,0.8253575502095871,0.8149180497566277,True,True
0.98,12,0.9798492462311558,24,0.7490815878815887,0.3612090782343244,0.6190962996213449,True,True,25001,True,0.786916228026901,100,0.7382122139740261,0.7895726480080433,True,True
0.98,13,0.9798492462311558,2,0.5070619711526398,0.3077850362300685,0.6666491042696634,True,True,25001,True,0.8033211810107752,100,0.749348947788672,0.7958895268305177,True,True
0.98,14,0.9798492462311558,45,0.5256077075946968,0.1784389882379731,0.6968323619397584,True,True,25001,True,0.7773456003819335,100,0.8228029174596346,0.7682303955683654,True,True
0.98,15,0.9798492462311558,3,0.5431048260719085,0.3619150552486849,0.680622835794488,True,True,25001,True,0.7789128005412445,100,0.8352661088209171,0.818089108033352,True,True
0.98,16,0.9798492462311558,36,0.9580212252910794,0.1500965549947016,0.6050686846092337,True,True,25001,True,0.8009120883334265,100,0.8517123623123152,0.8084669679902333,True,True
0.98,17,0.9798492462311558,38,0.5214465217717685,0.3483620319198398,0.6536277663073782,True,True,25001,True,0.758930165385579,100,0.7087854347393937,0.7868212461380211,True,True
0.98,18,0.9798492462311558,8,0.9154061387264704,0.2728459900773543,0.6377800785761703,True,True,25001,True,0.7819841975495717,100,0.8206536890234857,0.7782105001203883,True,True
0.98,19,0.9798492462311558,13,0.8270180545598951,0.1536907221304921,0.6103349648930151,True,True,25001,True,0.7717011727491915,100,0.7909085012360656,0.7908120058779632,True,True
0.9816666666666668,0,0.9815577889447236,36,0.6802359011168131,0.2035171458711946,0.6520025226600467,True,True,25001,True,0.823151796941753,100,0.7935329949445574,0.7818445666298824,True,True
0.9816666666666668,1,0.9815577889447236,46,0.8197826680067284,0.4414014392119302,0.668433668097229,True,True,25001,False,2.4738620246241813e-13,100,2.5961186388728066e-23,5.1660306174108884e-23,False,False
0.9816666666666668,2,0.9815577889447236,21,0.9068437417062978,0.1614899604607296,0.6312077870658281,True,True,25001,True,0.8158130054792785,100,0.7560754446056669,0.8032242147695873,True,True
0.9816666666666668,3,0.9815577889447236,44,0.83870029263516,0.3995838397904052,0.610723251307837,True,True,25001,False,6.869831006164963e-14,100,7.228852840738839e-24,1.479565617925394e-23,False,False
0.9816666666666668,4,0.9815577889447236,0,0.80332179049865,0.3039736269022322,0.6144973450271455,True,True,25001,True,0.8271208228574544,100,0.764103893055276,0.7981226112202079,True,True
0.9816666666666668,5,0.9815577889447236,2,0.523234711783004,0.18304984211492,0.6650406933196782,True,True,25001,True,0.8146734026285325,100,0.8417480740016973,0.7733537277277255,True,True
0.9816666666666668,6,0.9815577889447236,49,0.7379039359976453,0.4320256241153464,0.6057208141498603,True,True,25001,False,4.3306786410211184e-14,100,4.588703642917322e-24,9.493165221372357e-24,False,False
0.9816666666666668,7,0.9815577889447236,18,0.8393611001542813,0.3959665726354537,0.6829662630122519,True,True,25001,True,0.769560414144805,100,0.765046650746352,0.7970464626805126,True,True
0.9816666666666668,8,0.9815577889447236,27,0.7580454335358229,0.1711003523262264,0.6215971194923449,True,True,25001,True,0.8019816108235317,100,0.837968913303456,0.792510872601039,True,True
0.9816666666666668,9,0.9815577889447236,11,0.918151307320128,0.3769938568249736,0.6610296261430029,True,True,25001,True,0.7683970285030518,100,0.7832236750472807,0.8047272697213771,True,True
0.9816666666666668,10,0.9815577889447236,6,0.5790902519327554,0.3921613805603786,0.6033073029026905,True,True,25001,True,0.7894069202735072,100,0.7975329606663639,0.8097675796320573,True,True
0.9816666666666668,11,0.9815577889447236,40,0.8505517314125248,0.2600686003838108,0.6577807376563146,True,True,25001,True,0.8224415767101015,100,0.7951958580628545,0.8093291770233232,True,True
0.9816666666666668,12,0.9815577889447236,13,0.643519806678883,0.1676433338318057,0.6524798206430948,True,True,25001,True,0.8199607268589033,100,0.8632960863177126,0.8362264236905226,True,True
0.9816666666666668,13,0.9815577889447236,35,0.5628228437638306,0.1972160937179772,0.6435846660717581,True,True,25001,True,0.8023377735521603,100,0.8336463909366821,0.8184617828400732,True,True
0.9816666666666668,14,0.9815577889447236,7,0.8426304708824863,0.2243270681564743,0.6162149321935266,True,True,25001,True,0.8077617114809651,100,0.7985402421788379,0.7801491749171895,True,True
0.9816666666666668,15,0.9815577889447236,26,0.7102310508280776,0.2495889261174798,0.6253100375323354,True,True,25001,True,0.8288656978040783,100,0.8239078074745843,0.7703587635213269,True,True
0.9816666666666668,16,0.9815577889447236,1,0.5020617683152114,0.4417153499972912,0.6260550543921684,True,True,25001,True,0.8192039578490216,100,0.8197205551366372,0.8179696537217457,True,True
0.9816666666666668,17,0.9815577889447236,8,0.8549413086272988,0.1710298385876357,0.6227749328218225,True,True,25001,True,0.7966005382784835,100,0.7906034029086585,0.7720784830062953,True,True
0.9816666666666668,18,0.9815577889447236,48,0.9860538992670972,0.4283563200561189,0.6796306656429497,True,True,25001,False,6.292161939387912e-14,100,6.597095213813499e-24,1.3228519989847498e-23,False,False
0.9816666666666668,19,0.9815577889447236,9,0.7498350134373479,0.4329272494928751,0.6347275597714567,True,True,25001,True,0.8185149942681323,100,0.8246516421547203,0.8147767907110491,True,True
0.9833333333333332,0,0.9832663316582916,5,0.5448132580111626,0.344189981195657,0.6265705447726369,True,True,25001,True,0.7912580255455317,100,0.7823780961871468,0.7900486974118138,True,True
0.9833333333333332,1,0.9832663316582916,39,0.741208157097279,0.3166483273356258,0.6887771202228025,True,True,25001,True,0.8278687775586898,100,0.8731202598473213,0.8279959892015867,True,True
0.9833333333333332,2,0.9832663316582916,40,0.9965783597579706,0.3347679817566645,0.6170333635593849,True,True,25001,True,0.8089113768399289,100,0.8183310704860759,0.8090015094402111,True,True
0.9833333333333332,3,0.9832663316582916,13,0.5622996986395455,0.2428806255899487,0.6593325254005812,True,True,25001,True,0.8023128295329852,100,0.8683843781866943,0.8052016362512814,True,True
0.9833333333333332,4,0.9832663316582916,18,0.8849637128684957,0.2086334625946684,0.6361896385625211,True,True,25001,True,0.7833501196892969,100,0.689523118134739,0.7819274054542485,True,True
0.9833333333333332,5,0.9832663316582916,9,0.5315104060096968,0.3083421948510275,0.6848972233511219,True,True,25001,True,0.8272878457137013,100,0.8704967792862399,0.8266955921064328,True,True
0.9833333333333332,6,0.9832663316582916,24,0.5278135760723379,0.343529657549514,0.6810691273821489,True,True,25001,True,0.824338569360708,100,0.8743331108024335,0.8255734725632293,True,True
0.9833333333333332,7,0.9832663316582916,23,0.7940951230468465,0.3661700837865203,0.6103186179421356,True,True,25001,True,0.8101703866992132,100,0.8086518424582049,0.8106786199812543,True,True
0.9833333333333332,8,0.9832663316582916,43,0.8234474952144881,0.3686631534371045,0.6978092863442404,True,True,25001,True,0.827208952110671,100,0.8703702554600329,0.826604699154844,True,True
0.9833333333333332,9,0.9832663316582916,15,0.8881769746460124,0.2701145337474747,0.6095490124078067,True,True,25001,True,0.7898113349893999,100,0.781668746388128,0.7884474004443901,True,True
0.9833333333333332,10,0.9832663316582916,1,0.5467219991919804,0.2244941225689364,0.6235601779667341,True,True,25001,True,0.7780455789134109,100,0.6808091564890125,0.7770591991195493,True,True
0.9833333333333332,11,0.9832663316582916,31,0.6405594243461424,0.2819428599818182,0.6594813483262032,True,True,25001,True,0.7946957434943779,100,0.7831064409491527,0.7940631478308819,True,True
0.9833333333333332,12,0.9832663316582916,25,0.7246575852697512,0.3866264519827503,0.6918593080597036,True,True,25001,True,0.760150381320921,100,0.7831331103850835,0.7583093333769341,True,True
0.9833333333333332,13,0.9832663316582916,36,0.5450548763644523,0.2175127955318307,0.696789393382276,True,True,25001,True,0.7844442599018359,100,0.7270026578247462,0.7857160908379067,True,True
0.9833333333333332,14,0.9832663316582916,37,0.599313594136694,0.3421564605082544,0.6465558284816676,True,True,25001,True,0.749117638892458,100,0.8204955070691176,0.750088991804997,True,True
0.9833333333333332,15,0.9832663316582916,0,0.9294825331838246,0.1876366584942016,0.6106378173217782,True,True,25001,True,0.7473035086162806,100,0.8089357324546411,0.7474575173628258,True,True
0.9833333333333332,16,0.9832663316582916,16,0.6500220400967427,0.4050610175716213,0.6413153852180191,True,True,25001,True,0.7640273960235372,100,0.781069811716973,0.7620452634560675,True,True
0.9833333333333332,17,0.9832663316582916,33,0.5855521308848483,0.4227189038596936,0.6223484991265781,True,True,25001,True,0.812374213286007,100,0.8415676744766865,0.8117161325921939,True,True
0.9833333333333332,18,0.9832663316582916,19,0.8288620552839085,0.2225070869526301,0.657964948555519,True,True,25001,True,0.7947357125236788,100,0.7698518804591383,0.7952065508165694,True,True
0.9833333333333332,19,0.9832663316582916,27,0.5288654474708185,0.4382048960361259,0.6123127744850204,True,True,25001,True,0.7871122498437528,100,0.697137240354399,0.7855134426541358,True,True
0.985,0,0.9849748743718592,16,0.6169460642452205,0.2585616651961397,0.6677653835492164,True,True,25001,True,0.7925905353622585,100,0.6906620711274087,0.7764960557782498,True,True
0.985,1,0.9849748743718592,22,0.9538092928533276,0.2472280691763641,0.6203240687841683,True,True,25001,True,0.7930018508156728,100,0.7709155911964395,0.7627164333021068,True,True
0.985,2,0.9849748743718592,5,0.803357485162896,0.1760552333343688,0.6246389697799632,True,True,25001,True,0.7555963983646025,100,0.8408572440487917,0.759283553721812,True,True
0.985,3,0.9849748743718592,29,0.6980016731093304,0.3800644680433412,0.6697351092402061,True,True,25001,True,0.7929798660031893,100,0.770320928303976,0.7646662627458822,True,True
0.985,4,0.9849748743718592,41,0.519601020001158,0.2770013450337822,0.6610783307998849,True,True,25001,True,0.7881417930634192,100,0.7715554812771092,0.781117367268086,True,True
0.985,5,0.9849748743718592,12,0.7307375241599647,0.3430376772885601,0.6229623191870669,True,True,25001,True,0.8122763132656555,100,0.7048612608184994,0.7902551732448054,True,True
0.985,6,0.9849748743718592,17,0.810894998109027,0.2876375223328679,0.6504333501225497,True,True,25001,True,0.813583368149885,100,0.8075599036880317,0.8071007388930557,True,True
0.985,7,0.9849748743718592,23,0.8619632262289152,0.261969529121515,0.6259456783482802,True,True,25001,True,0.7929075972147149,100,0.7700455059444191,0.7658384188740751,True,True
0.985,8,0.9849748743718592,4,0.5286880563433632,0.3481257027591622,0.6878836976587858,True,True,25001,True,0.8041464362309351,100,0.7710474724381773,0.8124946651725514,True,True
0.985,9,0.9849748743718592,26,0.7628435267844351,0.1680193940009237,0.6909241595125242,True,True,25001,True,0.7831621570560922,100,0.7747917764183155,0.7878266808210682,True,True
0.985,10,0.9849748743718592,2,0.9488144243931098,0.2759158822083856,0.6604966399680511,True,True,25001,True,0.7469371293677339,100,0.8717279458467715,0.8001363909680665,True,True
0.985,11,0.9849748743718592,24,0.5649633457010887,0.4047276638167491,0.6933567631885149,True,True,25001,True,0.7824890016675767,100,0.7750635904548671,0.7884970632257132,True,True
0.985,12,0.9849748743718592,1,0.7342755274321431,0.2762514940017047,0.6287185622122737,True,True,25001,True,0.7913706981857049,100,0.769648368254458,0.7736570056328996,True,True
0.985,13,0.9849748743718592,27,0.7709477740786629,0.2931593986263727,0.6199715489437669,True,True,25001,True,0.7922402360498693,100,0.7738381304959422,0.7569622164894966,True,True
0.985,14,0.9849748743718592,13,0.8345274365257869,0.1592635775776934,0.6469141836178038,True,True,25001,True,0.7749621856940545,100,0.7682742269568686,0.7930207571045186,True,True
0.985,15,0.9849748743718592,49,0.9420167034238894,0.3662997266728632,0.6067270945550258,True,True,25001,False,1.186500547549547e-13,100,1.1727489325598509e-23,2.259475837842272e-23,False,False
0.985,16,0.9849748743718592,11,0.650971927993223,0.280562860773581,0.6070602660174916,True,True,25001,True,0.7917765480567973,100,0.7749988518906583,0.7554165012028006,True,True
0.985,17,0.9849748743718592,18,0.5044597773116932,0.1553926633298397,0.6964333261756965,True,True,25001,True,0.7984487053874675,100,0.6815075093255047,0.7745786004164475,True,True
0.985,18,0.9849748743718592,9,0.7655036920507862,0.3962665416675872,0.6765668614302225,True,True,25001,True,0.7779997867574607,100,0.8755207038009339,0.8249027862819281,True,True
0.985,19,0.9849748743718592,40,0.9077626557936213,0.2220562576171452,0.6559931025183273,True,True,25001,True,0.7769239868407543,100,0.7379617606975722,0.7883575609959514,True,True
0.9866666666666668,0,0.9866834170854272,36,0.5257575183034275,0.2641704902052067,0.6407859532448772,True,True,25001,True,0.7412976275446256,100,0.833072983641589,0.7946454825329698,True,True
0.9866666666666668,1,0.9866834170854272,6,0.9428098255474516,0.2568669213957656,0.6275187716850025,True,True,25001,True,0.7632684497398439,100,0.804328204517953,0.7980378650334516,True,True
0.9866666666666668,2,0.9866834170854272,33,0.9844111404432574,0.3863365697663275,0.671339055037427,True,True,25001,True,0.7860864271627984,100,0.8750168288557464,0.7973936301325583,True,True
0.9866666666666668,3,0.9866834170854272,38,0.6468056269926559,0.2590808810176721,0.6072339087587539,True,True,25001,True,0.7687490642983732,100,0.8005423120655757,0.8004490140519459,True,True
0.9866666666666668,4,0.9866834170854272,5,0.52675452564928,0.3173445681316036,0.6116004113560266,True,True,25001,True,0.794723378677237,100,0.6824787373257327,0.7728938634513014,True,True
0.9866666666666668,5,0.9866834170854272,10,0.6987287526283078,0.3123207538878996,0.6955644854570382,True,True,25001,True,0.7752020959361182,100,0.817540500562817,0.7460384986860433,True,True
0.9866666666666668,6,0.9866834170854272,46,0.5872878707364976,0.2685468647157391,0.6914390751168795,True,True,25001,True,0.7734285536304994,100,0.7700125724368431,0.7434981462343311,True,True
0.9866666666666668,7,0.9866834170854272,31,0.8218130307309767,0.4243669713444322,0.6773231068733648,True,True,25001,True,0.7931400127186247,100,0.7756353576660948,0.80752622354981,True,True
0.9866666666666668,8,0.9866834170854272,37,0.5296647689659426,0.3410740106270569,0.685507897270623,True,True,25001,True,0.7713724028724346,100,0.7852496619429878,0.740895534323082,True,True
0.9866666666666668,9,0.9866834170854272,2,0.7493707427287359,0.193570923925176,0.6902339750845456,True,True,25001,True,0.794357466914692,100,0.7737478965756361,0.8075442795995689,True,True
0.9866666666666668,10,0.9866834170854272,30,0.8012929132516533,0.319170318018948,0.6281651385164634,True,True,25001,True,0.7652573350175094,100,0.8029493040222759,0.7989040256084384,True,True
0.9866666666666668,11,0.9866834170854272,32,0.8412249180952782,0.2058898890145073,0.620346410752648,True,True,25001,True,0.7777030980278737,100,0.7606648625643041,0.7487460248821713,True,True
0.9866666666666668,12,0.9866834170854272,47,0.7710232064874902,0.4133657355191356,0.6039988343056955,True,True,25001,False,4.2445731974407254e-14,100,4.0370635561979294e-24,7.788976164339987e-24,False,False
0.9866666666666668,13,0.9866834170854272,24,0.793191868815431,0.2266641396668924,0.6722389216215056,True,True,25001,True,0.8067591939201335,100,0.7486305954725987,0.8043343733060092,True,True
0.9866666666666668,14,0.9866834170854272,1,0.7991517512228099,0.3295840443418212,0.64688108726287,True,True,25001,True,0.7594689018301565,100,0.8070866088274141,0.7964640934031544,True,True
0.9866666666666668,15,0.9866834170854272,3,0.5683666099054694,0.2944764449119966,0.6711944448009599,True,True,25001,True,0.7810162601227624,100,0.7570074168471658,0.7527259879699904,True,True
0.9866666666666668,16,0.9866834170854272,11,0.841274175774061,0.1517093560031872,0.6118105678413871,True,True,25001,True,0.7806581064161828,100,0.7573183281412955,0.7522996713651332,True,True
0.9866666666666668,17,0.9866834170854272,25,0.909517769380086,0.2776496828704353,0.6611071233572287,True,True,25001,True,0.8048655623888151,100,0.6719658212352176,0.7733590621153654,True,True
0.9866666666666668,18,0.9866834170854272,12,0.9977941435576152,0.1602227337951282,0.6876726896603331,True,True,25001,True,0.744869807805578,100,0.8231332792861304,0.7930885723429968,True,True
0.9866666666666668,19,0.9866834170854272,8,0.989132126558556,0.3380952258139281,0.6547511239202366,True,True,25001,True,0.793307089639792,100,0.6935129045154551,0.7755841730786667,True,True
0.9883333333333332,0,0.988391959798995,4,0.9202385236511338,0.2440752098197636,0.6283749977489227,True,True,25001,True,0.8135971929126785,100,0.6699624665404883,0.7729090655880888,True,True
0.9883333333333332,1,0.988391959798995,42,0.5274006284736421,0.4398512180680881,0.6599697666752502,True,True,25001,True,0.8024553998182964,100,0.7471854329934824,0.7427062060725714,True,True
0.9883333333333332,2,0.988391959798995,10,0.8380158886865735,0.3806340682258148,0.6275284470413589,True,True,25001,True,0.7706358399857174,100,0.835468709183266,0.7512559102084491,True,True
0.9883333333333332,3,0.988391959798995,21,0.9570117293511702,0.1842253531407995,0.6772335496323292,True,True,25001,True,0.7943153053089389,100,0.7017141909267423,0.788244395645549,True,True
0.9883333333333332,4,0.988391959798995,14,0.5418053463686353,0.155676736352281,0.6917427837999675,True,True,25001,True,0.815441831781334,100,0.6712779581127626,0.7694999221542881,True,True
0.9883333333333332,5,0.988391959798995,12,0.6404940470559294,0.2054968135128672,0.6599430662785221,True,True,25001,True,0.7915369766145629,100,0.7065709239947526,0.7902250454639059,True,True
0.9883333333333332,6,0.988391959798995,13,0.6019180837873135,0.246693299641367,0.6297755870880427,True,True,25001,True,0.798854005508899,100,0.6766473746671572,0.7732485768427574,True,True
0.9883333333333332,7,0.988391959798995,25,0.6948517565260897,0.3107772504491904,0.6975553005153101,True,True,25001,True,0.781198500804133,100,0.8614182475908133,0.805206442012239,True,True
0.9883333333333332,8,0.988391959798995,40,0.522122730185516,0.4487918248289662,0.6245149179616758,True,True,25001,True,0.7902874904374753,100,0.7455400969309841,0.7824086840901431,True,True
0.9883333333333332,9,0.988391959798995,20,0.5711928930354195,0.298840691550739,0.6002275357816708,True,True,25001,True,0.8013443274010774,100,0.6934247292322688,0.7733419260467409,True,True
0.9883333333333332,10,0.988391959798995,27,0.6620746775357598,0.1942623951939389,0.660614260445348,True,True,25001,True,0.7991540236361314,100,0.6933297962504723,0.7846743258993879,True,True
0.9883333333333332,11,0.988391959798995,7,0.9907714077803064,0.2413408602962427,0.6462763476962932,True,True,25001,True,0.789870973569487,100,0.6895460817315018,0.7799385509503334,True,True
0.9883333333333332,12,0.988391959798995,48,0.8572116869863575,0.1862578576576272,0.6183771602285124,True,True,25001,True,0.7456275556088883,100,0.8197642761120401,0.7824646535132017,True,True
0.9883333333333332,13,0.988391959798995,24,0.7970233519807901,0.4097659968411584,0.6744795421125978,True,True,25001,True,0.7514664309768577,100,0.8264612221086172,0.7835929109233036,True,True
0.9883333333333332,14,0.988391959798995,26,0.7513473567432999,0.4011442071702314,0.6683365952649477,True,True,25001,True,0.8001389724898179,100,0.7553106284762293,0.7559741702873641,True,True
0.9883333333333332,15,0.988391959798995,3,0.6376498614716886,0.4387872460728933,0.6524067214126861,True,True,25001,True,0.7832296724165633,100,0.8769181154657565,0.8104464538770845,True,True
0.9883333333333332,16,0.988391959798995,38,0.6289087049985937,0.1951872550424054,0.6101770918860293,True,True,25001,True,0.7711484627223548,100,0.7432137026824468,0.8026940363947784,True,True
0.9883333333333332,17,0.988391959798995,19,0.997029022071344,0.2223956538843912,0.6841934731846807,True,True,25001,True,0.7698377692193397,100,0.8585040193273477,0.7669529505940308,True,True
0.9883333333333332,18,0.988391959798995,39,0.8425190468803936,0.3852529304359876,0.6350887311972724,True,True,25001,True,0.7816419265365897,100,0.7911932268891384,0.7374534926764589,True,True
0.9883333333333332,19,0.988391959798995,36,0.690436547210318,0.2114685297007167,0.6295272826344753,True,True,25001,True,0.8161076560510451,100,0.6670800771550164,0.7702787278339546,True,True
0.99,0,0.9901005025125628,1,0.5386777597504668,0.3167987628314639,0.6623149551992986,True,True,25001,True,0.7930716878024195,100,0.8226529164716087,0.8206451678532939,True,True
0.99,1,0.9901005025125628,23,0.5782927370880367,0.2401183303534134,0.6950163215968748,True,True,25001,True,0.7812955630662712,100,0.8347743547403218,0.7862930076547511,True,True
0.99,2,0.9901005025125628,12,0.5079810284887223,0.2245694733917017,0.6012937758015772,True,True,25001,True,0.8063314457632966,100,0.83497490281735,0.7828911243898087,True,True
0.99,3,0.9901005025125628,40,0.8836745435094513,0.3046543876904412,0.6898014045244356,True,True,25001,True,0.7803796858988079,100,0.7460431203342186,0.8033815224545684,True,True
0.99,4,0.9901005025125628,2,0.926091878383032,0.1825880163008519,0.6577010184046562,True,True,25001,True,0.7883619685859086,100,0.6823242686217026,0.7737781144787693,True,True
0.99,5,0.9901005025125628,31,0.6339768727714454,0.1623848424444258,0.6461995409255755,True,True,25001,True,0.838779234738635,100,0.6856120955439562,0.7766048592007324,True,True
0.99,6,0.9901005025125628,13,0.926924710959223,0.2830023033762975,0.6059280379905906,True,True,25001,True,0.7757419753548989,100,0.7364595309977798,0.7461925544339308,True,True
0.99,7,0.9901005025125628,38,0.7799212108834672,0.2590044981603134,0.6081192136502448,True,True,25001,True,0.8282024258775327,100,0.8709348155146012,0.8224619616469829,True,True
0.99,8,0.9901005025125628,32,0.8032264452417918,0.1797247074870021,0.6794799226543542,True,True,25001,True,0.7820959121993678,100,0.7876414049528455,0.7351984723578401,True,True
0.99,9,0.9901005025125628,14,0.7288688236534211,0.1693089071576455,0.6199089532012837,True,True,25001,True,0.7990644717299111,100,0.7240100086690268,0.7795502273410082,True,True
0.99,10,0.9901005025125628,7,0.6152885016204623,0.2959426411573423,0.6168379440521738,True,True,25001,True,0.7995424571940082,100,0.7326084157357914,0.7909856255530724,True,True
0.99,11,0.9901005025125628,3,0.6598683448990287,0.41378844882368,0.662396953527546,True,True,25001,True,0.8224152663553549,100,0.8321510615738688,0.8249814483333037,True,True
0.99,12,0.9901005025125628,46,0.6751546696587705,0.3691318563590625,0.6792341071010375,True,True,25001,True,0.8233403415929627,100,0.7709663159222278,0.7361195681840007,True,True
0.99,13,0.9901005025125628,22,0.7031572067383675,0.3511555005052958,0.6381771658749535,True,True,25001,True,0.7374617374753987,100,0.711754994532364,0.7772962373941916,True,True
0.99,14,0.9901005025125628,48,0.687729941353072,0.4304503894554949,0.6119141736772374,True,True,25001,True,0.8406795217219544,100,0.799886039066724,0.7361783865070481,True,True
0.99,15,0.9901005025125628,41,0.58016332486096,0.1968076140072505,0.6864278127897026,True,True,25001,True,0.8115937038126858,100,0.831833552377016,0.7769463680702071,True,True
0.99,16,0.9901005025125628,6,0.5405892881299545,0.1646561000962812,0.6215717082634575,True,True,25001,True,0.7579223595322154,100,0.843118777694679,0.7882899235016471,True,True
0.99,17,0.9901005025125628,43,0.7901548833504738,0.399573887692911,0.6588477689881842,True,True,25001,True,0.8124052565788242,100,0.8373281081141761,0.8316088354791799,True,True
0.99,18,0.9901005025125628,20,0.87193486109064,0.1701205459569626,0.6742156619146376,True,True,25001,True,0.8219876404171564,100,0.8468863339301836,0.8074892530464024,True,True
0.99,19,0.9901005025125628,25,0.9132792350045332,0.3716456956338819,0.6806116006843022,True,True,25001,True,0.7935146284141763,100,0.8664969636727288,0.802892267980697,True,True
0.9916666666666668,0,0.9918090452261308,9,0.874360893313621,0.370481424172385,0.6294622666038391,True,True,25001,True,0.7642623307751665,100,0.8357179192489351,0.7629066014760483,True,True
0.9916666666666668,1,0.9918090452261308,46,0.6052016102894875,0.1567210012645212,0.6978547623174964,True,True,25001,True,0.7672456315887282,100,0.6598479346852352,0.7677647614071798,True,True
0.9916666666666668,2,0.9918090452261308,41,0.9118449705372558,0.1548732671011716,0.6754445490703715,True,True,25001,True,0.7862189546245045,100,0.8217487432575757,0.80556278443216,True,True
0.9916666666666668,3,0.9918090452261308,32,0.8997840667933467,0.3711046981982185,0.6386909332384353,True,True,25001,True,0.7996472800257991,100,0.8360517869844005,0.8060389655093306,True,True
0.9916666666666668,4,0.9918090452261308,23,0.7730735715828667,0.3082604919571372,0.6418045035194242,True,True,25001,True,0.8426499672412295,100,0.7907135263883641,0.8071226558009194,True,True
0.9916666666666668,5,0.9918090452261308,48,0.7472687213386768,0.4158358654417977,0.6104732177936926,True,True,25001,False,5.2410317715472273e-14,100,4.08880716335069e-24,8.662849399991802e-24,False,False
0.9916666666666668,6,0.9918090452261308,10,0.7793036482830151,0.3473345919424357,0.6698518463069051,True,True,25001,True,0.8199740618269882,100,0.7800270834336765,0.8084491088448931,True,True
0.9916666666666668,7,0.9918090452261308,39,0.906295691843765,0.2585456443106775,0.6284930770991661,True,True,25001,True,0.8401067354061328,100,0.7999400469467883,0.8108544612166938,True,True
0.9916666666666668,8,0.9918090452261308,25,0.7072296451551818,0.2522219214813618,0.6243008930381106,True,True,25001,True,0.8431191636131395,100,0.7818237691536506,0.8040767530440281,True,True
0.9916666666666668,9,0.9918090452261308,22,0.7837397772572123,0.413185291691782,0.6865857258351118,True,True,25001,True,0.771766339326352,100,0.730621920543758,0.7999801281335569,True,True
0.9916666666666668,10,0.9918090452261308,16,0.9367233229989472,0.1734870578332978,0.6624177394250451,True,True,25001,True,0.8123954261433948,100,0.8660799109083481,0.8222253241278397,True,True
0.9916666666666668,11,0.9918090452261308,27,0.9763184734397848,0.1510134908118471,0.6521203275755906,True,True,25001,True,0.8095220468355044,100,0.8180504844675274,0.7637910033792628,True,True
0.9916666666666668,12,0.9918090452261308,21,0.7373577824807118,0.2055953311898148,0.6749720333466955,True,True,25001,True,0.8312469120612683,100,0.828679205606149,0.8233629744256774,True,True
0.9916666666666668,13,0.9918090452261308,34,0.745951959708482,0.2018029107941525,0.6716766943979743,True,True,25001,True,0.7747999666285887,100,0.6838388451011304,0.7809894028484047,True,True
0.9916666666666668,14,0.9918090452261308,13,0.776708420534657,0.2327918440978753,0.6568841479539853,True,True,25001,True,0.804196246450575,100,0.8208198443186555,0.7689731210366385,True,True
0.9916666666666668,15,0.9918090452261308,37,0.9769473194707924,0.2371465452231974,0.6269537462023882,True,True,25001,True,0.8217702461698447,100,0.7779618396202883,0.8076282603761379,True,True
0.9916666666666668,16,0.9918090452261308,47,0.6499563397907826,0.3372387693816757,0.6793589368979525,True,True,25001,True,0.8430443822302597,100,0.7790914501458869,0.8032310491166461,True,True
0.9916666666666668,17,0.9918090452261308,31,0.8391383632485176,0.1523754308447876,0.6908410110526457,True,True,25001,True,0.8341042279106887,100,0.8216947385093359,0.8202274692391931,True,True
0.9916666666666668,18,0.9918090452261308,0,0.5430540075863063,0.3388028684200554,0.6821668001006229,True,True,25001,True,0.792505160021914,100,0.8248778953177954,0.7754974614885762,True,True
0.9916666666666668,19,0.9918090452261308,17,0.8167069333856074,0.3780832439094603,0.6950266673504752,True,True,25001,True,0.770210554635338,100,0.6630484077261056,0.7702370909753316,True,True
0.9933333333333332,0,0.9935175879396984,28,0.603296823061693,0.354437158122341,0.699061224035535,True,True,25001,True,0.8419187970899549,100,0.849122574169861,0.836660292452318,True,True
0.9933333333333332,1,0.9935175879396984,13,0.841107752862055,0.3839959503774225,0.6420746981140143,True,True,25001,True,0.7985848448823113,100,0.8181202756107043,0.8167137603041884,True,True
0.9933333333333332,2,0.9935175879396984,24,0.946826684368075,0.2169731989463865,0.694101400324852,True,True,25001,True,0.8117700497429016,100,0.8080036611601696,0.8133545409030742,True,True
0.9933333333333332,3,0.9935175879396984,37,0.669385768138686,0.3096628399822297,0.6060851460917537,True,True,25001,True,0.8200622304528051,100,0.7697928670170746,0.7999560097622966,True,True
0.9933333333333332,4,0.9935175879396984,21,0.9392769311159146,0.3655820934430459,0.6413690248355839,True,True,25001,True,0.7948325865887199,100,0.6994041072365828,0.7745390210013657,True,True
0.9933333333333332,5,0.9935175879396984,43,0.5553050704782345,0.3863105785108277,0.6960481406861261,True,True,25001,True,0.7590615956937858,100,0.8404607184518835,0.8144881198630743,True,True
0.9933333333333332,6,0.9935175879396984,48,0.9844544469935724,0.3976133452839968,0.6363332826388277,True,True,25001,False,3.0061385210103355e-14,100,2.208049515731695e-24,4.703269532056163e-24,False,False
0.9933333333333332,7,0.9935175879396984,14,0.8274266081415251,0.2967677934713257,0.6321529269049964,True,True,25001,True,0.7659044549097419,100,0.8232200620650478,0.8119342502061896,True,True
0.9933333333333332,8,0.9935175879396984,23,0.862775762541762,0.4124535711044976,0.6916843998070354,True,True,25001,True,0.842564063528641,100,0.8614968903863293,0.8405833630155557,True,True
0.9933333333333332,9,0.9935175879396984,47,0.9371945826301578,0.4193513912823076,0.6250451372826638,True,True,25001,False,1.7424305969308935e-14,100,1.27806827552799e-24,2.7274383741850932e-24,False,False
0.9933333333333332,10,0.9935175879396984,10,0.6785153348898401,0.2632235342510081,0.6072808597357165,True,True,25001,True,0.8089194107319176,100,0.7103095274168598,0.7577455450647294,True,True
0.9933333333333332,11,0.9935175879396984,2,0.725823916927255,0.3001558164870336,0.6568756432369313,True,True,25001,True,0.7593394585327803,100,0.8313798166114305,0.8244236839753192,True,True
0.9933333333333332,12,0.9935175879396984,20,0.9497806063306656,0.2597164188204774,0.6581079883085297,True,True,25001,True,0.8105020758424252,100,0.7599334885411844,0.8057129473920113,True,True
0.9933333333333332,13,0.9935175879396984,42,0.6500275849222176,0.1787296562818223,0.6012341288610501,True,True,25001,True,0.8217948180587001,100,0.8425244023530287,0.8290683035659466,True,True
0.9933333333333332,14,0.9935175879396984,35,0.6724350550808383,0.28606593674877,0.6951187298621706,True,True,25001,True,0.8314286626039057,100,0.8699126683929042,0.8376190915680661,True,True
0.9933333333333332,15,0.9935175879396984,41,0.9235131714893648,0.1845991324681153,0.6960264495692339,True,True,25001,True,0.7953906030454878,100,0.697862614664209,0.784926465311012,True,True
0.9933333333333332,16,0.9935175879396984,19,0.6378495240324318,0.3952156122765484,0.6729637492374202,True,True,25001,True,0.8087225467935679,100,0.7921511147899971,0.724571528139997,True,True
0.9933333333333332,17,0.9935175879396984,38,0.7562322037504889,0.2095652109021456,0.6416565519967905,True,True,25001,True,0.8090657459370318,100,0.7158617064286942,0.7818370381406892,True,True
0.9933333333333332,18,0.9935175879396984,46,0.913945782594705,0.4375672904257609,0.6676242709659779,True,True,25001,False,2.5544960970300574e-14,100,1.8764303312550874e-24,3.996626662950211e-24,False,False
0.9933333333333332,19,0.9935175879396984,16,0.8745013186600659,0.2901436449292861,0.6996503194643885,True,True,25001,True,0.7615856231984864,100,0.8079694298549324,0.7581069214009478,True,True
0.995,0,0.9952261306532664,38,0.7231800780981774,0.3635707983240157,0.6205247730830276,True,True,25001,True,0.8224841396309107,100,0.6844685456395071,0.7176565910624264,True,True
0.995,1,0.9952261306532664,16,0.7765710288130715,0.2351981762962202,0.6672106644830467,True,True,25001,True,0.7174891388758902,100,0.6987685113933074,0.7874735952466674,True,True
0.995,2,0.9952261306532664,37,0.7053007958456885,0.1692090821820488,0.6967508809786274,True,True,25001,True,0.7752680763254419,100,0.8350007980107103,0.7576686948918387,True,True
0.995,3,0.9952261306532664,21,0.7165318052644712,0.3095655974842696,0.6060419245665528,True,True,25001,True,0.7073284984572223,100,0.7820118150305236,0.8097192686625776,True,True
0.995,4,0.9952261306532664,22,0.925645081513344,0.3373068843081642,0.619218390701809,True,True,25001,True,0.8007355664219724,100,0.7667247965928046,0.7222382802225517,True,True
0.995,5,0.9952261306532664,25,0.9384858789669884,0.2720207463654515,0.6691691876358704,True,True,25001,True,0.7089058748799628,100,0.7604368899735375,0.8077352876639252,True,True
0.995,6,0.9952261306532664,46,0.9837847803025948,0.4352685991803569,0.6032646301934256,True,True,25001,False,1.003001449869573e-14,100,6.9979042702966135e-25,1.4852349772466359e-24,False,False
0.995,7,0.9952261306532664,35,0.7788491721033197,0.2404830668863868,0.6504284771047614,True,True,25001,True,0.832231111167286,100,0.6840038687373581,0.718046311536514,True,True
0.995,8,0.9952261306532664,34,0.7539361128987909,0.1724342552828185,0.6831041633944327,True,True,25001,True,0.7735204472131814,100,0.8389661749123576,0.7598096282022346,True,True
0.995,9,0.9952261306532664,39,0.9247121863505994,0.1858001789131694,0.6005875583184923,True,True,25001,True,0.8010132762666049,100,0.7708634667137453,0.7114948270258433,True,True
0.995,10,0.9952261306532664,49,0.8394658433017673,0.4240899511419153,0.6378635601228322,True,True,25001,False,2.791998032875249e-14,100,1.9538298933473724e-24,4.135533503370011e-24,False,False
0.995,11,0.9952261306532664,14,0.5793995714031761,0.4155698888000209,0.6321981913033744,True,True,25001,True,0.719666580984092,100,0.822777021236873,0.7987761434900779,True,True
0.995,12,0.9952261306532664,23,0.7712353008425681,0.1974440395785976,0.6276897668695067,True,True,25001,True,0.7825445523725778,100,0.7026011015550221,0.7890479620102316,True,True
0.995,13,0.9952261306532664,27,0.6342151667786899,0.2989861625213925,0.6043234069951668,True,True,25001,True,0.7670458801758036,100,0.8791819295061893,0.8163883663702249,True,True
0.995,14,0.9952261306532664,13,0.8216102677024812,0.4013816820375423,0.6662753514955705,True,True,25001,True,0.799213966393203,100,0.7698070927329294,0.7192191050075785,True,True
0.995,15,0.9952261306532664,0,0.7558136728653968,0.3949921085882661,0.6945487673153061,True,True,25001,True,0.7369101898449084,100,0.6535459878700817,0.76247270827443,True,True
0.995,16,0.9952261306532664,19,0.9327496840510134,0.309992263923235,0.6009121847839672,True,True,25001,True,0.7754329560846941,100,0.8346415278501678,0.7574845427496385,True,True
0.995,17,0.9952261306532664,28,0.8305213348372724,0.3739006488161055,0.660801024698629,True,True,25001,True,0.7108568230523781,100,0.809224931425487,0.8010658239015467,True,True
0.995,18,0.9952261306532664,42,0.9512683946600212,0.3598658608548732,0.6801947633423215,True,True,25001,True,0.7536472936967006,100,0.7002890619968356,0.7676705695586088,True,True
0.995,19,0.9952261306532664,20,0.9716335783618204,0.3986350799738694,0.694300256563937,True,True,25001,True,0.7995742114728664,100,0.7731749420463174,0.7144807210269734,True,True
0.9966666666666668,0,0.9969346733668342,27,0.7317641882643968,0.4322428506796835,0.6864370083443482,True,True,25001,True,0.8144863348741154,100,0.8268872431655636,0.7808290086989396,True,True
0.9966666666666668,1,0.9969346733668342,17,0.8804864174495768,0.2328117854403595,0.6933565270612225,True,True,25001,True,0.8255711020583102,100,0.7121433182988379,0.7841228642005151,True,True
0.9966666666666668,2,0.9969346733668342,42,0.8690706774453174,0.3234845437513108,0.6388718745421436,True,True,25001,True,0.7629026775744162,100,0.8292806423444364,0.7796597420715424,True,True
0.9966666666666668,3,0.9969346733668342,34,0.8359731556279121,0.2103864829680158,0.6378935828173511,True,True,25001,True,0.7619586616651502,100,0.842048386049758,0.7922048936225636,True,True
0.9966666666666668,4,0.9969346733668342,37,0.7053621102204313,0.4274069235276579,0.6305825962243162,True,True,25001,True,0.7481153107947079,100,0.8283115089502124,0.8247009879089713,True,True
0.9966666666666668,5,0.9969346733668342,30,0.7732701761514305,0.1680015062110528,0.6338607877716745,True,True,25001,True,0.75122353181496,100,0.825906203140035,0.7964776942970743,True,True
0.9966666666666668,6,0.9969346733668342,36,0.5339581735094596,0.3064792931121848,0.6939637400310925,True,True,25001,True,0.7735964192284522,100,0.8016385338641006,0.8123950192588764,True,True
0.9966666666666668,7,0.9969346733668342,5,0.799823268935636,0.3304645267143952,0.6122801389116637,True,True,25001,True,0.7021206939197782,100,0.6725284525769487,0.7678129040935212,True,True
0.9966666666666668,8,0.9969346733668342,23,0.8589480657627504,0.2115896060847884,0.6962823920321046,True,True,25001,True,0.8035849964145175,100,0.8200924476228912,0.7440377503108011,True,True
0.9966666666666668,9,0.9969346733668342,25,0.910527669213556,0.316008171983726,0.6621361029955337,True,True,25001,True,0.7873536955692761,100,0.7429464491055107,0.7156374378248976,True,True
0.9966666666666668,10,0.9969346733668342,47,0.8525046798724862,0.4461811352972088,0.6489223025128144,True,True,25001,False,1.6736296997580227e-14,100,1.1346901712966899e-24,2.3578101523322485e-24,False,False
0.9966666666666668,11,0.9969346733668342,33,0.9538611138274103,0.1791423560784468,0.6288479556745493,True,True,25001,True,0.7494977886252139,100,0.6833187707424035,0.7410626419458639,True,True
0.9966666666666668,12,0.9969346733668342,43,0.8836703812606532,0.3970355360760028,0.6651956252645118,True,True,25001,True,0.8386202202257064,100,0.8192829407769618,0.7684300367725021,True,True
0.9966666666666668,13,0.9969346733668342,21,0.8354137166375732,0.2255932508662408,0.6431388016794221,True,True,25001,True,0.7880298865359268,100,0.7505859372568027,0.7250425104371881,True,True
0.9966666666666668,14,0.9969346733668342,24,0.5696236685101717,0.208643276917249,0.6097055566044467,True,True,25001,True,0.7679764434609375,100,0.8329166318599246,0.7867020851481399,True,True
0.9966666666666668,15,0.9969346733668342,40,0.5909221574571779,0.1849178619088218,0.6101629036496372,True,True,25001,True,0.7716690665107615,100,0.7368816075814267,0.7844714499675,True,True
0.9966666666666668,16,0.9969346733668342,20,0.6224715758747268,0.309787259641655,0.6857206331674749,True,True,25001,True,0.7064966764835426,100,0.8519882710801795,0.8318259553452559,True,True
0.9966666666666668,17,0.9969346733668342,8,0.7421900027014073,0.1728962105088591,0.6925230731427771,True,True,25001,True,0.7017584884365301,100,0.8187976819119549,0.765673273483249,True,True
0.9966666666666668,18,0.9969346733668342,3,0.5506439174334659,0.3153808744079295,0.6540110237492623,True,True,25001,True,0.8330820730029216,100,0.7670898403458986,0.7442604018031435,True,True
0.9966666666666668,19,0.9969346733668342,13,0.6065240193623308,0.2827949475488079,0.6124887531487512,True,True,25001,True,0.8304328128419233,100,0.8383499600073808,0.8319051753259958,True,True
0.9983333333333332,0,0.998643216080402,14,0.6880171403997314,0.4222178183875614,0.6568750018245189,True,True,25001,True,0.8328827112745166,100,0.7804938357238598,0.7197638064523022,True,True
0.9983333333333332,1,0.998643216080402,21,0.9478410815493694,0.3165543335660108,0.6138717362053837,True,True,25001,True,0.7593164567607652,100,0.8190461572859843,0.7997511327846749,True,True
0.9983333333333332,2,0.998643216080402,16,0.630745095598533,0.2166170623899278,0.6849543061884794,True,True,25001,True,0.7637929587580109,100,0.8698649396302167,0.842083734773265,True,True
0.9983333333333332,3,0.998643216080402,18,0.9390861862509065,0.3432593841765269,0.6543437595210734,True,True,25001,True,0.7311136131034389,100,0.8463844213296748,0.798580442419194,True,True
0.9983333333333332,4,0.998643216080402,39,0.909920442332114,0.1934497700906947,0.6647916799550451,True,True,25001,True,0.7369355332622072,100,0.7079232985661759,0.6788249426533473,True,True
0.9983333333333332,5,0.998643216080402,37,0.8625388223910302,0.1653875148038902,0.6485449272032927,True,True,25001,True,0.799537791603393,100,0.8375638558412688,0.7561824719638289,True,True
0.9983333333333332,6,0.998643216080402,15,0.7370541731548896,0.177724744009937,0.6426239772861492,True,True,25001,True,0.7872602850731926,100,0.8299508068572736,0.7902083689516687,True,True
0.9983333333333332,7,0.998643216080402,27,0.576054096949815,0.2519132652544124,0.695907308264435,True,True,25001,True,0.7448579845853825,100,0.7995172976622891,0.7363858549267612,True,True
0.9983333333333332,8,0.998643216080402,47,0.970281051247514,0.2457140813551692,0.6218008436708142,True,True,25001,True,0.8025873492932988,100,0.7069757708599198,0.6766181250253419,True,True
0.9983333333333332,9,0.998643216080402,10,0.6629739364160415,0.3872980870113165,0.6042656326373227,True,True,25001,True,0.8243223118362908,100,0.8586694242646691,0.8175030354642461,True,True
0.9983333333333332,10,0.998643216080402,35,0.7032951609821457,0.3523622268293022,0.6661407460911379,True,True,25001,True,0.7678629493629943,100,0.7989881592910401,0.8070290026276151,True,True
0.9983333333333332,11,0.998643216080402,26,0.9488164486172612,0.3246918759855926,0.6273752087251475,True,True,25001,True,0.824541975818393,100,0.8734667940059786,0.8361849376091594,True,True
0.9983333333333332,12,0.998643216080402,5,0.5801500921118801,0.2550349434779082,0.6812870466854882,True,True,25001,True,0.787535001706871,100,0.6808585428018995,0.7793629232508388,True,True
0.9983333333333332,13,0.998643216080402,29,0.8560849939563708,0.2472011510334246,0.6952549655995053,True,True,25001,True,0.8329664007605779,100,0.8725894755463314,0.8182593272155436,True,True
0.9983333333333332,14,0.998643216080402,23,0.8582503296238713,0.3331183425509909,0.6063964167156268,True,True,25001,True,0.8273829056469425,100,0.7785781797297964,0.8066635401397235,True,True
0.9983333333333332,15,0.998643216080402,17,0.750747774539644,0.1647276727576246,0.6535486124849957,True,True,25001,True,0.7117349431854966,100,0.8779168181251994,0.8413776368685911,True,True
0.9983333333333332,16,0.998643216080402,44,0.6435648528447603,0.2303749804090532,0.6736508917561551,True,True,25001,True,0.7813674129432326,100,0.860527617941839,0.78621656695752,True,True
0.9983333333333332,17,0.998643216080402,9,0.5452945799673632,0.3123411727608681,0.6326817986148778,True,True,25001,True,0.7411731353410461,100,0.8509663584612553,0.7733721806406645,True,True
0.9983333333333332,18,0.998643216080402,7,0.7639564632828213,0.3346633886610312,0.6880128808663364,True,True,25001,True,0.8248558856329683,100,0.6895429137982754,0.7565756189624282,True,True
0.9983333333333332,19,0.998643216080402,41,0.902509635256769,0.3314205367724918,0.6057730948970269,True,True,25001,True,0.7645729219695632,100,0.65213013975249,0.7596333058769116,True,True
1.0,0,1.00035175879397,43,0.5043729391143283,0.2676435784731542,0.6766790210230089,True,True,25001,False,6.727054395528163e-12,100,4.62174283270675e-22,9.269948483152144e-22,False,False
1.0,1,1.00035175879397,0,0.5763508829079349,0.370256544661113,0.6559346460379594,True,True,25001,False,1.9537528557951145e-08,100,1.2791285426948993e-18,2.687788620104116e-18,False,False
1.0,2,1.00035175879397,16,0.7616660730354894,0.1930905504602987,0.6105828921615628,True,True,25001,False,1.0337252219405823e-05,100,6.86895960563132e-16,1.3503236960251513e-15,False,False
1.0,3,1.00035175879397,2,0.9205127138869732,0.337339777464308,0.6817592581117915,True,True,25001,True,0.7675161120955901,100,5.553214701691386e-09,1.1339986317929368e-08,False,False
1.0,4,1.00035175879397,49,0.6659010440458446,0.2014534085269445,0.6658526804587984,True,True,25001,False,0.0009607292792255,100,6.112429860994401e-14,1.23246205412513e-13,False,False
1.0,5,1.00035175879397,18,0.8485100995548417,0.429516683572934,0.6497032721512108,True,True,25001,False,2.1743760302119473e-14,100,1.481099486443442e-24,2.8821202155493414e-24,False,False
1.0,6,1.00035175879397,48,0.8127965552684142,0.3954272310291272,0.6879276430240724,True,True,25001,True,0.8398602739772293,100,0.8244970590384382,0.7549456011761062,True,True
1.0,7,1.00035175879397,30,0.7249742905025385,0.2765310880673652,0.6787898072289688,True,True,25001,True,0.8286402613396614,100,0.7227988784463681,0.7963069086131475,True,True
1.0,8,1.00035175879397,37,0.964651363253726,0.2286873717710909,0.6213669942988221,True,True,25001,True,0.8078875454236564,100,0.6526615197836876,0.7658855537510857,True,True
1.0,9,1.00035175879397,1,0.943356855642623,0.2268863047803062,0.6716675232077868,True,True,25001,False,3.9901104326769396e-07,100,2.430365870823963e-17,5.2338261120121024e-17,False,False
1.0,10,1.00035175879397,23,0.7742184974759494,0.3589038934280207,0.648943525676064,True,True,25001,False,5.409007160520681e-06,100,3.198206076948753e-16,6.876463429343319e-16,False,False
1.0,11,1.00035175879397,15,0.7238705814483211,0.3745507298249144,0.6528323507557191,True,True,25001,False,1.5583197815118e-08,100,9.463471087017168e-19,1.968285469893407e-18,False,False
1.0,12,1.00035175879397,36,0.5609665133400532,0.2055495857742812,0.6540382371312927,True,True,25001,False,1.8619503124276115e-12,100,1.1127673932966112e-22,2.3985113557460813e-22,False,False
1.0,13,1.00035175879397,7,0.9813959175089584,0.3436109152364334,0.6125248286976002,True,True,25001,False,1.926836324655317e-10,100,1.280554985792266e-20,2.5171535140314407e-20,False,False
1.0,14,1.00035175879397,6,0.8891571006200316,0.2887232069279018,0.649297920917433,True,True,25001,True,0.6537447258452221,100,1.1255188600327923e-09,2.2643841244223343e-09,False,False
1.0,15,1.00035175879397,5,0.6700104450825777,0.3273110804229764,0.6691669074317964,True,True,25001,True,0.732282244485679,100,0.8579973210938127,0.8132882107540184,True,True
1.0,16,1.00035175879397,25,0.6465555648878363,0.226692019152696,0.6216404748499049,True,True,25001,False,1.911803881167727e-09,100,1.1316609298648437e-19,2.4069260139952276e-19,False,False
1.0,17,1.00035175879397,44,0.875188681227695,0.3065518447729671,0.6051726538091965,True,True,25001,True,0.2421513989530885,100,1.8811506739720788e-11,3.995568995275102e-11,False,False
1.0,18,1.00035175879397,13,0.7584598917812787,0.3824422111796209,0.6459776234476592,True,True,25001,False,5.012820108147964e-05,100,2.982176959654073e-15,6.3086310450082285e-15,False,False
1.0,19,1.00035175879397,19,0.6320938286119415,0.286133553436379,0.6759788602443337,True,True,25001,True,0.7807593289221681,100,0.6728012909098788,0.6600527697234462,True,True
1.0016666666666667,0,1.0020603015075378,14,0.5659521499634477,0.2504784446380532,0.6207441923574519,True,True,25001,False,5.07167313874263e-13,100,3.121582814490601e-23,6.658785117930032e-23,False,False
1.0016666666666667,1,1.0020603015075378,2,0.6870924255260314,0.2611563184068312,0.6695869949846177,True,True,25001,False,2.9744769559431385e-08,100,1.827770882956907e-18,3.641961503720204e-18,False,False
1.0016666666666667,2,1.0020603015075378,21,0.9208171315496324,0.3464722807798831,0.6261019535912322,True,True,25001,False,9.193518891443724e-05,100,6.0698700847397265e-15,1.1843190003290695e-14,False,False
1.0016666666666667,3,1.0020603015075378,49,0.626203915620162,0.2203002260432617,0.6617951623204398,True,True,25001,False,1.62328258627696e-08,100,1.010542087248732e-18,1.9995009493871827e-18,False,False
1.0016666666666667,4,1.0020603015075378,33,0.8690157326278047,0.2353086219484896,0.6631030792909977,True,True,25001,False,2.505986386064278e-09,100,1.4509491669352132e-19,3.0035035862055503e-19,False,False
1.0016666666666667,5,1.0020603015075378,9,0.6005068920166909,0.3674694390950105,0.670238457055003,True,True,25001,False,2.616955201039523e-09,100,1.7054920640603386e-19,3.4812084325972707e-19,False,False
1.0016666666666667,6,1.0020603015075378,18,0.7462177104707333,0.3987891973374839,0.6679671081483235,True,True,25001,False,3.407582642045166e-12,100,2.227247023552571e-22,4.527450904419575e-22,False,False
1.0016666666666667,7,1.0020603015075378,17,0.8740103158190808,0.2336981347160368,0.6415805010752583,True,True,25001,False,7.527437166074991e-13,100,4.3306706574814853e-23,9.358383071992594e-23,False,False
1.0016666666666667,8,1.0020603015075378,12,0.9816058169781816,0.3206264317110228,0.6816626714302205,True,True,25001,False,0.0355884376215937,100,2.05728634115739e-12,4.411183899559452e-12,False,False
1.0016666666666667,9,1.0020603015075378,4,0.7315420683570293,0.1754454280866305,0.6561503782855047,True,True,25001,True,0.788979788497757,100,0.0108334648054255,0.0220819500740391,False,False
1.0016666666666667,10,1.0020603015075378,46,0.8173254569459529,0.3928865017913499,0.6246161415964095,True,True,25001,False,1.611494377645165e-08,100,9.698086557087221e-19,1.9562841414867184e-18,False,False
1.0016666666666667,11,1.0020603015075378,43,0.9770875867022636,0.4274387841779676,0.6914570034478004,True,True,25001,False,2.7191236769151692e-14,100,1.7809593869899744e-24,3.6087353556103824e-24,False,False
1.0016666666666667,12,1.0020603015075378,11,0.7013682230760431,0.4277414683072705,0.6720487931835498,True,True,25001,False,9.857538760207748e-12,100,5.625651524510441e-22,1.1776675026294581e-21,False,False
1.0016666666666667,13,1.0020603015075378,45,0.7102182281761213,0.257806397269333,0.6616956205228579,True,True,25001,False,7.692736781185555e-12,100,4.356661455653663e-22,9.18278617246456e-22,False,False
1.0016666666666667,14,1.0020603015075378,1,0.7012963082379229,0.1536701657790342,0.637221768045638,True,True,25001,False,2.575235600718575e-09,100,1.4684716904092812e-19,3.0761989517348025e-19,False,False
1.0016666666666667,15,1.0020603015075378,24,0.530754863368628,0.3594910801388402,0.6648396748770484,True,True,25001,True,0.8172338275149972,100,3.2962304560968087e-05,6.465356942321277e-05,False,False
1.0016666666666667,16,1.0020603015075378,34,0.7536299659776697,0.21453450711669,0.6946071927402805,True,True,25001,False,1.2024541043831254e-11,100,7.09406307419003e-22,1.530304709543759e-21,False,False
1.0016666666666667,17,1.0020603015075378,41,0.5888533314702086,0.3277902799951271,0.6737631115277174,True,True,25001,False,9.763997267210943e-11,100,6.382231023570798e-21,1.2972509510769574e-20,False,False
1.0016666666666667,18,1.0020603015075378,32,0.8352199400361001,0.4387284019895108,0.6154964068870074,True,True,25001,False,1.0194627643760623e-14,100,6.705823644977226e-25,1.305372685820902e-24,False,False
1.0016666666666667,19,1.0020603015075378,40,0.7445294543913474,0.1666631296056646,0.6770043997704022,True,True,25001,False,2.402897182092602e-07,100,1.5705401566544246e-17,3.1926149762834206e-17,False,False
1.0033333333333334,0,1.0029145728643216,19,0.6681992950727044,0.2467006242337458,0.6356092217042529,True,True,25001,False,3.155084545386417e-13,100,1.7294041309234917e-23,3.744454365440829e-23,False,False
1.0033333333333334,1,1.0029145728643216,43,0.5901916203652338,0.4395963553821501,0.6768554887711147,True,True,25001,False,2.461320863554515e-13,100,1.5430438434368726e-23,3.1297608119460545e-23,False,False
1.0033333333333334,2,1.0029145728643216,16,0.5977331480475977,0.2260154948467318,0.6813364172235294,True,True,25001,False,1.1595290157908877e-11,100,6.270450575792326e-22,1.354647731291185e-21,False,False
1.0033333333333334,3,1.0029145728643216,12,0.8186938065096753,0.1686742952014572,0.690148608791804,True,True,25001,False,5.395737189248195e-13,100,2.888294305797726e-23,6.124831943999466e-23,False,False
1.0033333333333334,4,1.0029145728643216,6,0.6088567216405978,0.3274384755492493,0.6631300646955411,True,True,25001,False,4.3832973873655607e-10,100,2.393121748239699e-20,5.1793239891838974e-20,False,False
1.0033333333333334,5,1.0029145728643216,28,0.774237872396367,0.3652406840237621,0.6735170255994228,True,True,25001,False,3.84274778172268e-09,100,2.218314430778768e-19,4.78461721200062e-19,False,False
1.0033333333333334,6,1.0029145728643216,36,0.5965533911818526,0.364153200076152,0.6153842396377935,True,True,25001,False,2.532891438948617e-13,100,1.594811209408221e-23,3.1995931333565084e-23,False,False
1.0033333333333334,7,1.0029145728643216,30,0.8539869321513709,0.3083408149125832,0.6570424165859484,True,True,25001,False,1.3329745360235188e-10,100,7.21860075306111e-21,1.510991625494254e-20,False,False
1.0033333333333334,8,1.0029145728643216,4,0.779759846675758,0.4454957976449338,0.6791234592045534,True,True,25001,False,2.3228133842410596e-09,100,1.2587071321640608e-19,2.6331742219298343e-19,False,False
1.0033333333333334,9,1.0029145728643216,39,0.656339276226179,0.3557332482614459,0.6412578885823847,True,True,25001,False,2.55088004680992e-13,100,1.528497305715358e-23,3.2516048902587776e-23,False,False
1.0033333333333334,10,1.0029145728643216,40,0.5462911911921038,0.1852534394738808,0.6611281061605929,True,True,25001,False,0.0002622485282306,100,1.65489965132029e-14,3.289720587772851e-14,False,False
1.0033333333333334,11,1.0029145728643216,25,0.9311274890615284,0.1656082729153197,0.6113779142677459,True,True,25001,False,4.9396095297777136e-05,100,2.7627765184712938e-15,5.6419086161084936e-15,False,False
1.0033333333333334,12,1.0029145728643216,48,0.7285593781755526,0.1509587144823636,0.6579744049548971,True,True,25001,False,8.13166236335457e-12,100,4.397566788203477e-22,9.216733031090705e-22,False,False
1.0033333333333334,13,1.0029145728643216,2,0.6838544612787352,0.3588633557175955,0.6229850500807183,True,True,25001,False,1.4256298542243654e-08,100,8.928892011079866e-19,1.7414723071971604e-18,False,False
1.0033333333333334,14,1.0029145728643216,9,0.8289749119198357,0.4358725477160381,0.6044242041713881,True,True,25001,False,8.85133976627281e-15,100,5.5811846782209245e-25,1.1134786235165756e-24,False,False
1.0033333333333334,15,1.0029145728643216,35,0.5768809395134346,0.2584421252934742,0.6997431484661272,True,True,25001,False,8.760824533231182e-11,100,4.833739183725167e-21,9.96618181704972e-21,False,False
1.0033333333333334,16,1.0029145728643216,23,0.8672396851828958,0.1915842937343312,0.6360419514901724,True,True,25001,False,2.8423918304759054e-10,100,1.784307352274265e-20,3.485213247059789e-20,False,False
1.0033333333333334,17,1.0029145728643216,49,0.8978853781132028,0.4129811503365749,0.6391623221097869,True,True,25001,False,1.6840454802361418e-14,100,1.051541736462634e-24,2.1488521364264345e-24,False,False
1.0033333333333334,18,1.0029145728643216,37,0.8657625029943161,0.3905842588575349,0.6739430331914874,True,True,25001,False,1.039724572773835e-12,100,5.555104895658993e-23,1.1822749053365333e-22,False,False
1.0033333333333334,19,1.0029145728643216,20,0.5255162227587615,0.3664867438596711,0.6344906266942087,True,True,25001,False,3.5713949453677524e-12,100,1.913740983169831e-22,4.051887935927098e-22,False,False
1.005,0,1.0046231155778895,42,0.8788261377128677,0.4110462511483731,0.6845852818071334,True,True,25001,False,5.6496264767034335e-08,100,2.8822940737900482e-18,6.179541262450545e-18,False,False
1.005,1,1.0046231155778895,45,0.9420616352188752,0.2858378644580509,0.6694184918570857,True,True,25001,False,5.562142213619616e-08,100,3.3032350576049037e-18,6.4480230233215466e-18,False,False
1.005,2,1.0046231155778895,18,0.9487020171064946,0.1848204901052342,0.6227666722535818,True,True,25001,False,1.1160803022851388e-11,100,6.644087562704713e-22,1.3661715045245756e-21,False,False
1.005,3,1.0046231155778895,26,0.7127435422272184,0.1679246285161035,0.6243419846378381,True,True,25001,False,2.396403404247806e-11,100,1.3648871382885377e-21,2.927744346066666e-21,False,False
1.005,4,1.0046231155778895,5,0.9351077109494542,0.3439914649660816,0.6460382138794288,True,True,25001,False,0.0072940256573366,100,3.9794957707648036e-13,8.009998056536559e-13,False,False
1.005,5,1.0046231155778895,2,0.8332529323121386,0.1516195503056187,0.6067078005400687,True,True,25001,False,2.1327425345992865e-14,100,1.1031789032101762e-24,2.3853885679671652e-24,False,False
1.005,6,1.0046231155778895,9,0.5034842506855572,0.1856025670479872,0.67655151363616,True,True,25001,False,1.1700831249745117e-12,100,6.187747866040993e-23,1.2660139678207389e-22,False,False
1.005,7,1.0046231155778895,4,0.9092770667666548,0.1598743669948253,0.6973913852899672,True,True,25001,False,7.050161527584994e-10,100,4.099571533841286e-20,8.680372134823248e-20,False,False
1.005,8,1.0046231155778895,30,0.5383017581440799,0.2928882295974948,0.6974116496623555,True,True,25001,False,4.110131803961117e-12,100,2.290010381158423e-22,4.949817673878473e-22,False,False
1.005,9,1.0046231155778895,38,0.9136726001076294,0.3521466401736733,0.6069693602539534,True,True,25001,False,5.1613989450715554e-14,100,2.8809678564222287e-24,6.2242778222432305e-24,False,False
1.005,10,1.0046231155778895,35,0.8814035264179259,0.4075289053063481,0.6910570625284619,True,True,25001,False,1.4654889960515628e-10,100,7.595681577072122e-21,1.5792089464293254e-20,False,False
1.005,11,1.0046231155778895,33,0.6412951311660734,0.3187453524526928,0.6326447723586844,True,True,25001,False,1.9787579391600474e-13,100,1.0563836832564767e-23,2.2940112669160626e-23,False,False
1.005,12,1.0046231155778895,24,0.6146012326475273,0.2359065247685263,0.6148310729778752,True,True,25001,False,4.5227757734916804e-12,100,2.3071608003088743e-22,4.889274483689212e-22,False,False
1.005,13,1.0046231155778895,13,0.6806063722946041,0.3846965509915573,0.6420460742075758,True,True,25001,False,4.014711194517436e-07,100,2.0659823234900678e-17,4.3254532130183916e-17,False,False
1.005,14,1.0046231155778895,14,0.6622880060449163,0.2268347824959017,0.6255531827895499,True,True,25001,False,2.2339180505942493e-05,100,1.3363534064350325e-15,2.623753872399879e-15,False,False
1.005,15,1.0046231155778895,12,0.7947178091718352,0.3406926144622582,0.6606752564616312,True,True,25001,False,8.230785917720103e-11,100,4.9408271968814946e-21,9.911114698850288e-21,False,False
1.005,16,1.0046231155778895,1,0.5846591397457643,0.3570492715616824,0.6423018180703443,True,True,25001,False,2.8610451147937528e-11,100,1.5921992912292825e-21,3.1575759156737577e-21,False,False
1.005,17,1.0046231155778895,28,0.9727417181448234,0.4396317099583791,0.6563984804261471,True,True,25001,False,9.556508382009634e-15,100,5.53285410792156e-25,1.175490796569247e-24,False,False
1.005,18,1.0046231155778895,17,0.9989827010568008,0.4205605660722789,0.6248629272375501,True,True,25001,False,8.401068907818674e-15,100,4.894880594170417e-25,1.0346677844546647e-24,False,False
1.005,19,1.0046231155778895,6,0.7044886484444576,0.2835588480348163,0.6539039371814107,True,True,25001,False,7.270865067697306e-12,100,4.021953182697281e-22,8.001271858685264e-22,False,False
1.0066666666666666,0,1.0063316582914572,6,0.7675187176898856,0.3775203708564253,0.6460052113298783,True,True,25001,False,3.4671729262686924e-10,100,1.763302388408094e-20,3.835731965154489e-20,False,False
1.0066666666666666,1,1.0063316582914572,20,0.9234328015471808,0.2572304686134076,0.6110704996528078,True,True,25001,False,1.6213588878410345e-12,100,8.206264454398794e-23,1.7841242107319725e-22,False,False
1.0066666666666666,2,1.0063316582914572,37,0.9152922173868708,0.1509780002134892,0.630304521145343,True,True,25001,False,7.513486441320972e-14,100,3.771374583488661e-24,7.718719495071118e-24,False,False
1.0066666666666666,3,1.0063316582914572,17,0.8368472079961089,0.3586011348154543,0.6407870228838618,True,True,25001,False,1.944254540265716e-10,100,9.506626573241988e-21,1.998546269782588e-20,False,False
1.0066666666666666,4,1.0063316582914572,40,0.6379914801658872,0.2051903858880889,0.6171413291678505,True,True,25001,False,4.361977466264611e-12,100,2.48685853065521e-22,5.0497658704181895e-22,False,False
1.0066666666666666,5,1.0063316582914572,34,0.6295384589665382,0.337933011236341,0.6858917565291304,True,True,25001,False,9.993349543685666e-13,100,5.459526183650572e-23,1.174594954495773e-22,False,False
1.0066666666666666,6,1.0063316582914572,31,0.9294575558097008,0.2205648258159935,0.601985750250688,True,True,25001,False,8.372168574862189e-13,100,4.5287990826614804e-23,8.882026032700916e-23,False,False
1.0066666666666666,7,1.0063316582914572,49,0.5773449704999043,0.2655949695237984,0.6021481454375767,True,True,25001,False,2.1850095528672793e-08,100,1.1535576711732753e-18,2.286419689419172e-18,False,False
1.0066666666666666,8,1.0063316582914572,28,0.9735669140995776,0.2489608483749202,0.6941255584946346,True,True,25001,False,5.300584336829725e-10,100,3.0240443013024976e-20,6.030002921905762e-20,False,False
1.0066666666666666,9,1.0063316582914572,11,0.7435296529642554,0.322660167490421,0.6354372716042064,True,True,25001,False,2.1130565754504112e-13,100,1.0794733062925471e-23,2.349078188006358e-23,False,False
1.0066666666666666,10,1.0063316582914572,41,0.9117810750175176,0.4386736380860675,0.6205734840066212,True,True,25001,False,7.277230467609371e-15,100,3.9342711305071904e-25,8.502747065830606e-25,False,False
1.0066666666666666,11,1.0063316582914572,24,0.5708070824658407,0.3561179971789789,0.6177898406657866,True,True,25001,False,4.692677926799024e-06,100,2.6524061961376496e-16,5.196792355665374e-16,False,False
1.0066666666666666,12,1.0063316582914572,1,0.7601587564025798,0.2340817207605695,0.6258500113067241,True,True,25001,False,3.1123625918073486e-08,100,1.7329788205678465e-18,3.678429646665806e-18,False,False
1.0066666666666666,13,1.0063316582914572,22,0.5000455258737513,0.4396110726843912,0.6821807133043886,True,True,25001,False,6.166472368418433e-12,100,3.0474899038997035e-22,6.585503732573136e-22,False,False
1.0066666666666666,14,1.0063316582914572,21,0.8202717829114317,0.2669333492444375,0.6255986068777503,True,True,25001,False,7.905689113147529e-13,100,3.8582612673765305e-23,8.256830275266899e-23,False,False
1.0066666666666666,15,1.0063316582914572,23,0.5344910390764088,0.3419853879861645,0.6380281043136177,True,True,25001,False,2.875392002684145e-13,100,1.4408321801692078e-23,2.952907378043158e-23,False,False
1.0066666666666666,16,1.0063316582914572,33,0.6350514076678015,0.4039021418763874,0.6103626163207276,True,True,25001,True,0.8035351842804451,100,1.2529881121515118e-05,2.7047406933991875e-05,False,False
1.0066666666666666,17,1.0063316582914572,47,0.978770566998227,0.2842974231083626,0.6109571280065362,True,True,25001,False,9.874766428537842e-12,100,5.604275443191813e-22,1.1557133392437982e-21,False,False
1.0066666666666666,18,1.0063316582914572,7,0.8505061091404993,0.1669901261686449,0.6861859770935103,True,True,25001,False,6.469636259979894e-13,100,3.368061292186547e-23,6.726469179183566e-23,False,False
1.0066666666666666,19,1.0063316582914572,14,0.7272701204825109,0.2394972900572742,0.6290756646606108,True,True,25001,False,2.6832259754559644e-13,100,1.3126557398019108e-23,2.8179862018395144e-23,False,False
1.0083333333333333,0,1.0080402010050251,44,0.5468986420189272,0.2411656426835142,0.6195356118936675,True,True,25001,False,1.624864489559287e-11,100,8.801342725053714e-22,1.7725720989134362e-21,False,False
1.0083333333333333,1,1.0080402010050251,11,0.7278395365132238,0.1733874073006943,0.691358754747416,True,True,25001,False,2.3332858207213353e-13,100,1.2047468503828513e-23,2.3580753199854565e-23,False,False
1.0083333333333333,2,1.0080402010050251,31,0.6100805726301541,0.4070946654643876,0.6563681313896653,True,True,25001,False,1.548224708610613e-13,100,7.583204401627554e-24,1.6532824052652694e-23,False,False
1.0083333333333333,3,1.0080402010050251,30,0.8738022442659522,0.3960800951161931,0.6446762384590086,True,True,25001,False,9.230301418980432e-14,100,4.314625097698723e-24,9.186363290310839e-24,False,False
1.0083333333333333,4,1.0080402010050251,9,0.6079856985247841,0.2793526841681994,0.6747810362045364,True,True,25001,False,6.092776787159982e-13,100,3.0586536313204335e-23,6.67346467765002e-23,False,False
1.0083333333333333,5,1.0080402010050251,27,0.713720144018499,0.2416657942179457,0.6329519638922108,True,True,25001,False,1.8814305707844912e-13,100,8.831274614214949e-24,1.8437028318691914e-23,False,False
1.0083333333333333,6,1.0080402010050251,49,0.6168625884081607,0.2928028549111804,0.6945180019091478,True,True,25001,False,1.058516194010526e-11,100,5.183202134960031e-22,1.0409031980672688e-21,False,False
1.0083333333333333,7,1.0080402010050251,10,0.801477229939706,0.2534069602118909,0.6064464214838414,True,True,25001,True,0.6390062358137562,100,1.6794229707517843e-10,3.5990087942509454e-10,False,False
1.0083333333333333,8,1.0080402010050251,43,0.7600348041851195,0.2003134081379099,0.6022243167973534,True,True,25001,False,6.49562279792197e-12,100,3.4450318207139545e-22,6.730890723000097e-22,False,False
1.0083333333333333,9,1.0080402010050251,42,0.8376685325738833,0.2520516069919591,0.6996229390527421,True,True,25001,False,2.334097248455833e-12,100,1.0934634843017511e-22,2.290908351130993e-22,False,False
1.0083333333333333,10,1.0080402010050251,33,0.8909915548295795,0.2271267646832464,0.6844744478171946,True,True,25001,False,8.807692972361582e-13,100,4.2238794561460776e-23,9.168749265465962e-23,False,False
1.0083333333333333,11,1.0080402010050251,6,0.5335483610303078,0.3561312667168848,0.6566326171942893,True,True,25001,False,2.765352664800973e-13,100,1.4302462152151868e-23,2.798199066309923e-23,False,False
1.0083333333333333,12,1.0080402010050251,8,0.5537869792389003,0.4360538731650272,0.6332715398901171,True,True,25001,False,9.182630700987977e-14,100,4.94074054880608e-24,1.0320722771070436e-23,False,False
1.0083333333333333,13,1.0080402010050251,41,0.6389958206260551,0.1812356966533543,0.6563508863572907,True,True,25001,False,0.0001300922980243,100,6.763065823549901e-15,1.46396669586282e-14,False,False
1.0083333333333333,14,1.0080402010050251,5,0.9710643991268424,0.1875743862784356,0.653329168771941,True,True,25001,False,4.275598623624712e-13,100,2.100737797117429e-23,4.2094429111474584e-23,False,False
1.0083333333333333,15,1.0080402010050251,39,0.8595203104300699,0.3521129848811137,0.6824013078481813,True,True,25001,False,1.973290517408346e-12,100,9.502535357031574e-23,1.9315940103618545e-22,False,False
1.0083333333333333,16,1.0080402010050251,38,0.6264299536235107,0.2157503107175575,0.6017364840986148,True,True,25001,False,4.3079900608604555e-13,100,2.2068926207407107e-23,4.3302920638128427e-23,False,False
1.0083333333333333,17,1.0080402010050251,17,0.824568698429804,0.4249233013281794,0.6355424125717408,True,True,25001,False,1.3442091097499219e-14,100,6.642656810494587e-25,1.4493371184521831e-24,False,False
1.0083333333333333,18,1.0080402010050251,19,0.8771428657502611,0.1724164771387668,0.660982799538431,True,True,25001,False,4.3436692137463834e-08,100,2.3060005067990913e-18,4.918142192579793e-18,False,False
1.0083333333333333,19,1.0080402010050251,48,0.95100948370565,0.2810169521771206,0.6675929655025841,True,True,25001,False,1.735831866627791e-12,100,8.985679461804958e-23,1.7576110875883197e-22,False,False
1.01,0,1.009748743718593,3,0.8486410040956542,0.2038769992223894,0.6991656917936675,True,True,25001,False,1.201558529272411e-12,100,5.442555509623061e-23,1.1228583754600822e-22,False,False
1.01,1,1.009748743718593,32,0.9201139904841074,0.4080461806828048,0.6364048984001164,True,True,25001,False,1.1907862317824714e-14,100,5.421808544420771e-25,1.170672690988918e-24,False,False
1.01,2,1.009748743718593,12,0.8185130313726736,0.2143089480371026,0.645084526479273,True,True,25001,False,1.8281861665347338e-13,100,8.749861084995803e-24,1.7282794975927076e-23,False,False
1.01,3,1.009748743718593,1,0.5825759960292096,0.2930880033014297,0.62786114818684,True,True,25001,False,1.1644504270181377e-13,100,5.331336241864753e-24,1.086412814348433e-23,False,False
1.01,4,1.009748743718593,35,0.75541265289195,0.3055077160348446,0.6328592039961014,True,True,25001,False,1.599887775670926e-13,100,7.18297310089656e-24,1.5143395266388173e-23,False,False
1.01,5,1.009748743718593,26,0.6393446609006243,0.3196109172071916,0.694683498479391,True,True,25001,False,3.269851365924204e-12,100,1.6560838814356172e-22,3.5392580970711157e-22,False,False
1.01,6,1.009748743718593,37,0.9595030213456331,0.3600542363020278,0.6316305418876665,True,True,25001,False,0.0070863952861308,100,3.3551505033085537e-13,7.331121999990934e-13,False,False
1.01,7,1.009748743718593,39,0.9478926033147091,0.4425005142183471,0.6391654783519649,True,True,25001,False,6.8566162582166676e-15,100,3.139401165154117e-25,6.800467299683356e-25,False,False
1.01,8,1.009748743718593,48,0.5071225975264917,0.1941221909006198,0.6855017663829386,True,True,25001,False,2.0293631898444945e-13,100,1.0377798922119228e-23,2.0655829823907213e-23,False,False
1.01,9,1.009748743718593,4,0.9494491959788542,0.3192670164441994,0.6391986992941845,True,True,25001,False,1.2086907984304646e-12,100,5.430077764103539e-23,1.1526292974768762e-22,False,False
1.01,10,1.009748743718593,36,0.8733244823176165,0.3813022725443469,0.6463904012842908,True,True,25001,False,3.54615515630783e-11,100,1.77427642747694e-21,3.4680759263017306e-21,False,False
1.01,11,1.009748743718593,40,0.5216224098157769,0.2322715424946481,0.6820588042217465,True,True,25001,False,3.45672189639714e-11,100,1.5520389636399267e-21,3.2828498083137525e-21,False,False
1.01,12,1.009748743718593,0,0.7446821715587146,0.3382879059156763,0.6700291006824498,True,True,25001,False,3.555583159090164e-12,100,1.8262730559363376e-22,3.7272302364993987e-22,False,False
1.01,13,1.009748743718593,22,0.959567872780734,0.2426944719141802,0.6705728635039196,True,True,25001,False,1.2157491388081451e-11,100,6.109936921715319e-22,1.3167758840756692e-21,False,False
1.01,14,1.009748743718593,46,0.6903106557777587,0.432022254785029,0.6430954313372905,True,True,25001,False,8.664784806882598e-12,100,3.9517441343911392e-22,8.085185309351919e-22,False,False
1.01,15,1.009748743718593,41,0.7441095060647671,0.324663296633626,0.675888506347135,True,True,25001,False,1.4069580675363227e-10,100,6.976988741612688e-21,1.516488271215043e-20,False,False
1.01,16,1.009748743718593,2,0.828910793123038,0.4119500140501586,0.6627674871401177,True,True,25001,False,7.228823667842947e-12,100,3.6858041660337323e-22,7.2950841464607085e-22,False,False
1.01,17,1.009748743718593,11,0.6701528765166749,0.4287649965919993,0.6724628640776906,True,True,25001,False,2.9776648129266135e-11,100,1.3701983589399265e-21,2.97486495699082e-21,False,False
1.01,18,1.009748743718593,24,0.7115627642649369,0.2087655705969894,0.6076604053092007,True,True,25001,False,4.0153000117229315e-13,100,2.052005642051612e-23,4.078318009925641e-23,False,False
1.01,19,1.009748743718593,17,0.7189185725013165,0.2604959826059764,0.6658623711950337,True,True,25001,False,2.8974178487193447e-11,100,1.3753086485793422e-21,3.0074822919630224e-21,False,False
