Q1,member,seed,source_baseline_Q1,source_baseline_row,complete,saved_samples,survived,evaluated_samples,threshold_witness,unresolved_truncation,minimum_voltage,initial_interval_minimum,first_event_step,legacy_window_survived,initial_delta_m,initial_omega,initial_delta,initial_voltage
2.98962,0,342,2.9896205128205127,2,True,2000,True,2000,False,False,0.7788936628785541,0.7802077469602933,-1,True,0.1784544715894508,0.082231421953113,0.05408033066747147,0.858841793581278
2.98962,1,352,2.9896205128205127,2,True,2000,True,2000,False,False,0.7789156795525684,0.7814206236923211,-1,True,0.2834815136550831,0.05616882109122823,0.07317471379019533,0.8350408660845337
2.98962,2,362,2.9896205128205127,2,True,2000,True,2000,False,False,0.7789071546537059,0.7790485601338433,-1,True,0.17207363969273337,0.04842040585982696,0.12537068783787403,0.8340878577048688
2.98962,3,372,2.9896205128205127,2,True,2000,True,2000,False,False,0.7789090662793166,0.7789090662793166,-1,True,0.19988097900571405,0.014810639098302337,0.11388003558751925,0.8372075425514658
2.98962,4,382,2.9896205128205127,2,False,20,False,20,True,False,-1.9490798408202419,-1.9490798408202419,19,False,0.26801729633416166,0.032876695822474766,0.07362201068006911,0.8784763802863759
2.98962,5,392,2.9896205128205127,2,False,20,False,20,True,False,-8.146780418808895,-8.146780418808895,18,False,0.2174546041323543,0.09246267339854353,0.056310269927332283,0.8794514484743643
2.98962,6,402,2.9896205128205127,2,False,17,False,17,True,False,-0.07972738876266225,-0.07972738876266225,16,False,0.17661149285837702,0.04767008607287714,0.08116421576996546,0.8750817398090682
2.98962,7,412,2.9896205128205127,2,True,2000,True,2000,False,False,0.7788167455936527,0.7790399863173164,-1,True,0.29284574429781335,0.08812429553949877,0.05329049167446222,0.859206374650419
2.98962,8,422,2.9896205128205127,2,True,2000,True,2000,False,False,0.7793184244303369,0.7801518831728134,-1,True,0.20214350837743442,0.03693479461172146,0.06759632267961521,0.8666001748781587
2.98962,9,432,2.9896205128205127,2,False,12,False,12,True,False,-3.3932521272116327,-3.3932521272116327,10,False,0.28747587411388525,0.08960102769690031,0.1089950109923561,0.8793636688083741
2.98962,10,442,2.9896205128205127,2,True,2000,True,2000,False,False,0.7788766458392156,0.7835282701990812,-1,True,0.22130790264616415,0.0198206641137188,0.0754831065807529,0.870427267377983
2.98962,11,452,2.9896205128205127,2,False,11,False,11,True,False,-1.1241374579203889,-1.1241374579203889,10,False,0.28523572922233426,0.04267770061162103,0.13996885724198238,0.8739881628903111
2.98962,12,462,2.9896205128205127,2,True,2000,True,2000,False,False,0.7788714279868566,0.7789584756800938,-1,True,0.2301943381012079,0.09430589363135251,0.11159933526620977,0.8628254991310281
2.98962,13,472,2.9896205128205127,2,True,2000,True,2000,False,False,0.7790274542121564,0.7800217447424315,-1,True,0.253504318448921,0.08138874986411034,0.09594468432021264,0.8610491071779235
2.98962,14,482,2.9896205128205127,2,False,16,False,16,True,False,-0.5879743983257311,-0.5879743983257311,15,False,0.2825908444006144,0.09564675689929032,0.12400068900009285,0.8672302693343353
2.98962,15,492,2.9896205128205127,2,True,2000,True,2000,False,False,0.7789879720138316,0.7888670703007183,-1,True,0.22883702435727055,0.06474435156035448,0.1057205117313756,0.864007960484629
2.98962,16,502,2.9896205128205127,2,True,2000,True,2000,False,False,0.7792313948224223,0.7792313948224223,-1,True,0.18157589941253402,0.05043736552152997,0.14589110191787397,0.8333994305317877
2.98962,17,512,2.9896205128205127,2,True,2000,True,2000,False,False,0.7788286939473621,0.7788286939473621,-1,True,0.18394846167198395,0.021193692987264215,0.08878517103697027,0.848257124805946
2.98962,18,522,2.9896205128205127,2,True,2000,True,2000,False,False,0.7788929332844495,0.7789275113248435,-1,True,0.2033032478945519,0.09077919262861307,0.08802805729941243,0.855973842697275
2.98962,19,532,2.9896205128205127,2,True,2000,True,2000,False,False,0.7788552884040838,0.7795885758632745,-1,True,0.22315367653452478,0.07293798611320348,0.11720928263707926,0.8389494482553459
2.98962,20,542,2.9896205128205127,2,False,19,False,19,True,False,-14.324012634629561,-14.324012634629561,17,False,0.1806786173247618,0.07251973344227376,0.10097278356772107,0.8704408481902866
2.98962,21,552,2.9896205128205127,2,True,2000,True,2000,False,False,0.7789096231853322,0.7789096231853322,-1,True,0.1777145096987046,0.03849411202705527,0.09306210243760957,0.8701301716155366
2.98962,22,562,2.9896205128205127,2,True,2000,True,2000,False,False,0.7789111232221703,0.7799244811407164,-1,True,0.1746343958659119,0.07003301864684627,0.0953932435169087,0.8382626720155335
2.98962,23,572,2.9896205128205127,2,True,2000,True,2000,False,False,0.7788719722171216,0.7800137723373308,-1,True,0.2365125770311563,0.04561019964176516,0.07479347052590964,0.832954034941643
2.98962,24,582,2.9896205128205127,2,True,2000,True,2000,False,False,0.779068560078311,0.779468381752717,-1,True,0.28057156769569574,0.004558851600710712,0.11838751946374679,0.8552708821942406
2.98962,25,592,2.9896205128205127,2,True,2000,True,2000,False,False,0.7788760391682806,0.779950678046515,-1,True,0.1866130058890831,0.011708275411855618,0.08113148491323695,0.8390208430963378
2.98962,26,602,2.9896205128205127,2,True,2000,True,2000,False,False,0.7788692599727463,0.8433907284377202,-1,True,0.23123523121791634,0.011420643088893923,0.07216842086408509,0.8582357671602712
2.98962,27,612,2.9896205128205127,2,True,2000,True,2000,False,False,0.7790139257962653,0.7792870419577264,-1,True,0.18865131186140024,0.049589878060247054,0.14545458695288016,0.8368758371716065
2.98962,28,622,2.9896205128205127,2,True,2000,True,2000,False,False,0.7791064137053927,0.779732941930569,-1,True,0.255885359383782,0.08714395280913508,0.06970882213357862,0.8440386354663734
2.98962,29,632,2.9896205128205127,2,False,10,False,10,True,False,-0.7667537137559747,-0.7667537137559747,9,False,0.27810183702920577,0.044607157726371874,0.1374420903691757,0.879498028131974
2.98962,30,642,2.9896205128205127,2,True,2000,True,2000,False,False,0.7789621949384755,0.7792757396862919,-1,True,0.23969451684725998,0.027410762097208385,0.05410349524596112,0.8336178378701795
2.98962,31,652,2.9896205128205127,2,False,17,False,17,True,False,-0.7881011609477114,-0.7881011609477114,16,False,0.22489806119821776,0.05189725311212361,0.07933336016731501,0.8778365459426579
2.98962,32,662,2.9896205128205127,2,True,2000,True,2000,False,False,0.7788415167139164,0.7788415167139164,-1,True,0.17459755031323138,0.02179633342200589,0.1027628399581649,0.8604773001083261
2.98962,33,672,2.9896205128205127,2,True,2000,True,2000,False,False,0.7793130307155486,0.780161702386093,-1,True,0.2778908391280938,0.07262805681514675,0.12615767061243188,0.8528292806416223
2.98962,34,682,2.9896205128205127,2,True,2000,True,2000,False,False,0.7789122862387987,0.7791402159814204,-1,True,0.22392142564749457,0.03801883458217577,0.08204240871945392,0.8371942795557271
2.98962,35,692,2.9896205128205127,2,False,12,False,12,True,False,-1.932044019117298,-1.932044019117298,11,False,0.17511903934909012,0.05348235391102688,0.13362308652360474,0.8739761498721972
2.98962,36,702,2.9896205128205127,2,False,13,False,13,True,False,-0.09644309111787164,-0.09644309111787164,12,False,0.19012070575823797,0.029961914845675286,0.1283674724774324,0.8713357643542782
2.98962,37,712,2.9896205128205127,2,True,2000,True,2000,False,False,0.7789129394076384,0.7789129394076384,-1,True,0.2569306576465965,0.010620285352381,0.14715823589219418,0.8344968938926361
2.98962,38,722,2.9896205128205127,2,False,11,False,11,True,False,-0.25997978016952666,-0.25997978016952666,10,False,0.18760555950878047,0.051750456727496265,0.1334521918321868,0.8763181717096691
2.98962,39,732,2.9896205128205127,2,True,2000,True,2000,False,False,0.7789086013455059,0.7792887135482606,-1,True,0.2888115426054517,0.02109145058285311,0.10562180938648069,0.8520486091946428
2.98962,40,742,2.9896205128205127,2,True,2000,True,2000,False,False,0.7788546231869274,0.7794598770103774,-1,True,0.1701667716598841,0.019119709107024263,0.09496799623939198,0.8452775730921126
2.98962,41,752,2.9896205128205127,2,True,2000,True,2000,False,False,0.7789018815608899,0.7793385133571469,-1,True,0.17248908269836605,0.05543900865637328,0.13786123138764483,0.832030644881655
2.98962,42,762,2.9896205128205127,2,True,2000,True,2000,False,False,0.7788491919641722,0.7793395238389593,-1,True,0.2584080068788793,0.09861043574503997,0.10912449000263942,0.8355045631304194
2.98962,43,772,2.9896205128205127,2,False,16,False,16,True,False,-0.7642001665433001,-0.7642001665433001,15,False,0.2046771733013991,0.04812492761316624,0.12591999768605494,0.8679342681797764
2.98962,44,782,2.9896205128205127,2,True,2000,True,2000,False,False,0.7789657165253482,0.7792526014230333,-1,True,0.2955065390524215,0.03966322545026301,0.10436415132392153,0.8614218147650622
2.98962,45,792,2.9896205128205127,2,True,2000,True,2000,False,False,0.7788908931549504,0.7788908931549504,-1,True,0.2936916476955428,0.044641493394061385,0.07215513943246606,0.8742028004897046
2.98962,46,802,2.9896205128205127,2,False,12,False,12,True,False,-1.5883409421804502,-1.5883409421804502,11,False,0.23124193363851736,0.05468590427571194,0.13270850256477817,0.8747117607263731
2.98962,47,812,2.9896205128205127,2,True,2000,True,2000,False,False,0.7788333430135518,0.7790355240320684,-1,True,0.23564750425184453,0.06059276050477963,0.09574871891675382,0.8463295854391748
2.98962,48,822,2.9896205128205127,2,False,22,False,22,True,False,-1.1214112085119254,-1.1214112085119254,21,False,0.1960389442542598,0.027535330427888884,0.14257236825911956,0.8610700863559627
2.98962,49,832,2.9896205128205127,2,True,2000,True,2000,False,False,0.7788590703425691,0.7795760657162862,-1,True,0.2926857229546713,0.08522780285002125,0.12331535461997273,0.8519569317427226
2.98963,0,442,2.989630769230769,3,True,2000,True,2000,False,False,0.7784819086572207,0.7795457511788484,-1,True,0.22130790264616415,0.0198206641137188,0.0754831065807529,0.870427267377983
2.98963,1,452,2.989630769230769,3,False,11,False,11,True,False,-1.137337951675395,-1.137337951675395,10,False,0.28523572922233426,0.04267770061162103,0.13996885724198238,0.8739881628903111
2.98963,2,462,2.989630769230769,3,True,2000,True,2000,False,False,0.778610383737467,0.778610383737467,-1,True,0.2301943381012079,0.09430589363135251,0.11159933526620977,0.8628254991310281
2.98963,3,472,2.989630769230769,3,True,2000,True,2000,False,False,0.7785790785786331,0.7789628853129299,-1,True,0.253504318448921,0.08138874986411034,0.09594468432021264,0.8610491071779235
2.98963,4,482,2.989630769230769,3,False,16,False,16,True,False,-0.6246524065374818,-0.6246524065374818,15,False,0.2825908444006144,0.09564675689929032,0.12400068900009285,0.8672302693343353
2.98963,5,492,2.989630769230769,3,True,2000,True,2000,False,False,0.7783481021364803,0.779109600276777,-1,True,0.22883702435727055,0.06474435156035448,0.1057205117313756,0.864007960484629
2.98963,6,502,2.989630769230769,3,True,2000,True,2000,False,False,0.778651740265133,0.7789231552542084,-1,True,0.18157589941253402,0.05043736552152997,0.14589110191787397,0.8333994305317877
2.98963,7,512,2.989630769230769,3,True,2000,True,2000,False,False,0.7783407189002962,0.7783407189002962,-1,True,0.18394846167198395,0.021193692987264215,0.08878517103697027,0.848257124805946
2.98963,8,522,2.989630769230769,3,True,2000,True,2000,False,False,0.7783450789183617,0.7783450789183617,-1,True,0.2033032478945519,0.09077919262861307,0.08802805729941243,0.855973842697275
2.98963,9,532,2.989630769230769,3,True,2000,True,2000,False,False,0.778381908321623,0.7785924877948642,-1,True,0.22315367653452478,0.07293798611320348,0.11720928263707926,0.8389494482553459
2.98963,10,542,2.989630769230769,3,False,19,False,19,True,False,-33.524703445075225,-33.524703445075225,17,False,0.1806786173247618,0.07251973344227376,0.10097278356772107,0.8704408481902866
2.98963,11,552,2.989630769230769,3,True,2000,True,2000,False,False,0.7783284264657648,0.7783284264657648,-1,True,0.1777145096987046,0.03849411202705527,0.09306210243760957,0.8701301716155366
2.98963,12,562,2.989630769230769,3,True,2000,True,2000,False,False,0.7784146871392823,0.7788051108243531,-1,True,0.1746343958659119,0.07003301864684627,0.0953932435169087,0.8382626720155335
2.98963,13,572,2.989630769230769,3,True,2000,True,2000,False,False,0.7784515196786762,0.7790701286118129,-1,True,0.2365125770311563,0.04561019964176516,0.07479347052590964,0.832954034941643
2.98963,14,582,2.989630769230769,3,True,2000,True,2000,False,False,0.7786164231735127,0.7786164231735127,-1,True,0.28057156769569574,0.004558851600710712,0.11838751946374679,0.8552708821942406
2.98963,15,592,2.989630769230769,3,True,2000,True,2000,False,False,0.778554482456574,0.7793048206403596,-1,True,0.1866130058890831,0.011708275411855618,0.08113148491323695,0.8390208430963378
2.98963,16,602,2.989630769230769,3,True,2000,True,2000,False,False,0.7784056057800112,0.843612093584384,-1,True,0.23123523121791634,0.011420643088893923,0.07216842086408509,0.8582357671602712
2.98963,17,612,2.989630769230769,3,True,2000,True,2000,False,False,0.7784233036554878,0.7792589785956061,-1,True,0.18865131186140024,0.049589878060247054,0.14545458695288016,0.8368758371716065
2.98963,18,622,2.989630769230769,3,True,2000,True,2000,False,False,0.7786911267978344,0.7790896648865617,-1,True,0.255885359383782,0.08714395280913508,0.06970882213357862,0.8440386354663734
2.98963,19,632,2.989630769230769,3,False,10,False,10,True,False,-0.7692311791338224,-0.7692311791338224,9,False,0.27810183702920577,0.044607157726371874,0.1374420903691757,0.879498028131974
2.98963,20,642,2.989630769230769,3,True,2000,True,2000,False,False,0.7783331771260141,0.7787800099942533,-1,True,0.23969451684725998,0.027410762097208385,0.05410349524596112,0.8336178378701795
2.98963,21,652,2.989630769230769,3,False,17,False,17,True,False,-0.8052779442216171,-0.8052779442216171,16,False,0.22489806119821776,0.05189725311212361,0.07933336016731501,0.8778365459426579
2.98963,22,662,2.989630769230769,3,True,2000,True,2000,False,False,0.77845136594758,0.7784969043166698,-1,True,0.17459755031323138,0.02179633342200589,0.1027628399581649,0.8604773001083261
2.98963,23,672,2.989630769230769,3,True,2000,True,2000,False,False,0.7786389267473826,0.7786389267473826,-1,True,0.2778908391280938,0.07262805681514675,0.12615767061243188,0.8528292806416223
2.98963,24,682,2.989630769230769,3,True,2000,True,2000,False,False,0.7784318361942664,0.7801198934374987,-1,True,0.22392142564749457,0.03801883458217577,0.08204240871945392,0.8371942795557271
2.98963,25,692,2.989630769230769,3,False,12,False,12,True,False,-1.9516265468102505,-1.9516265468102505,11,False,0.17511903934909012,0.05348235391102688,0.13362308652360474,0.8739761498721972
2.98963,26,702,2.989630769230769,3,False,13,False,13,True,False,-0.10241348976210096,-0.10241348976210096,12,False,0.19012070575823797,0.029961914845675286,0.1283674724774324,0.8713357643542782
2.98963,27,712,2.989630769230769,3,True,2000,True,2000,False,False,0.7784505459674719,0.778507676947018,-1,True,0.2569306576465965,0.010620285352381,0.14715823589219418,0.8344968938926361
2.98963,28,722,2.989630769230769,3,False,11,False,11,True,False,-0.26459596435498567,-0.26459596435498567,10,False,0.18760555950878047,0.051750456727496265,0.1334521918321868,0.8763181717096691
2.98963,29,732,2.989630769230769,3,True,2000,True,2000,False,False,0.7784324738310691,0.7784324738310691,-1,True,0.2888115426054517,0.02109145058285311,0.10562180938648069,0.8520486091946428
2.98963,30,742,2.989630769230769,3,True,2000,True,2000,False,False,0.7786661664606833,0.7786677991596714,-1,True,0.1701667716598841,0.019119709107024263,0.09496799623939198,0.8452775730921126
2.98963,31,752,2.989630769230769,3,True,2000,True,2000,False,False,0.7783455028356735,0.7789466867270415,-1,True,0.17248908269836605,0.05543900865637328,0.13786123138764483,0.832030644881655
2.98963,32,762,2.989630769230769,3,True,2000,True,2000,False,False,0.7783469914431475,0.7783935181160916,-1,True,0.2584080068788793,0.09861043574503997,0.10912449000263942,0.8355045631304194
2.98963,33,772,2.989630769230769,3,False,16,False,16,True,False,-0.7811995781636268,-0.7811995781636268,15,False,0.2046771733013991,0.04812492761316624,0.12591999768605494,0.8679342681797764
2.98963,34,782,2.989630769230769,3,True,2000,True,2000,False,False,0.7783537025849446,0.7785280299736577,-1,True,0.2955065390524215,0.03966322545026301,0.10436415132392153,0.8614218147650622
2.98963,35,792,2.989630769230769,3,True,2000,True,2000,False,False,0.7784827273271467,0.7787675820593062,-1,True,0.2936916476955428,0.044641493394061385,0.07215513943246606,0.8742028004897046
2.98963,36,802,2.989630769230769,3,False,12,False,12,True,False,-1.6092073630936592,-1.6092073630936592,11,False,0.23124193363851736,0.05468590427571194,0.13270850256477817,0.8747117607263731
2.98963,37,812,2.989630769230769,3,True,2000,True,2000,False,False,0.7783871078133685,0.7799655133471781,-1,True,0.23564750425184453,0.06059276050477963,0.09574871891675382,0.8463295854391748
2.98963,38,822,2.989630769230769,3,False,22,False,22,True,False,-1.8226864232203837,-1.8226864232203837,21,False,0.1960389442542598,0.027535330427888884,0.14257236825911956,0.8610700863559627
2.98963,39,832,2.989630769230769,3,True,2000,True,2000,False,False,0.7784866928842145,0.7788893447864974,-1,True,0.2926857229546713,0.08522780285002125,0.12331535461997273,0.8519569317427226
2.98963,40,842,2.989630769230769,3,True,2000,True,2000,False,False,0.7788522521395558,0.7799568664191981,-1,True,0.2523175408810106,0.06466339425021841,0.1351535177440083,0.8521200318621247
2.98963,41,852,2.989630769230769,3,True,2000,True,2000,False,False,0.7784819249413182,0.7790175720720288,-1,True,0.19936998476827247,0.09006807519519343,0.06655689876283329,0.8691797282863809
2.98963,42,862,2.989630769230769,3,True,2000,True,2000,False,False,0.7783349560872459,0.7798454002751694,-1,True,0.29835158407977314,0.07683043937445862,0.1409245919464346,0.8303885290083874
2.98963,43,872,2.989630769230769,3,False,15,False,15,True,False,-9.287186698151542,-9.287186698151542,13,False,0.20514022599953138,0.01011775849104234,0.10556285182167521,0.8754053857918476
2.98963,44,882,2.989630769230769,3,True,2000,True,2000,False,False,0.7783377082649473,0.7792233834004176,-1,True,0.25298366972593594,0.04695764189416263,0.10024499556645852,0.8472693004387035
2.98963,45,892,2.989630769230769,3,True,2000,True,2000,False,False,0.7784739504481584,0.778860371525536,-1,True,0.27402795400803887,0.09985916007993917,0.14705681419831612,0.845515596633315
2.98963,46,902,2.989630769230769,3,False,14,False,14,True,False,-0.0384733824401442,-0.0384733824401442,13,False,0.17224966968947122,0.017126036105066824,0.13364533863997852,0.8672537434047753
2.98963,47,912,2.989630769230769,3,True,2000,True,2000,False,False,0.7783597207289048,0.7784656167903435,-1,True,0.26118026480586537,0.04771840773812112,0.11563442714103192,0.8344728018476733
2.98963,48,922,2.989630769230769,3,True,2000,True,2000,False,False,0.778481769472824,0.7794317891642165,-1,True,0.21673787983189707,0.029502238841220718,0.13993694513907412,0.8560318758489728
2.98963,49,932,2.989630769230769,3,True,2000,True,2000,False,False,0.7788700346878964,0.7788700346878964,-1,True,0.23243297842227914,0.04500244111961276,0.14383584229248847,0.8485433848483973
2.98964,0,542,2.9896410256410255,4,False,18,False,18,True,False,0.031282476777295454,0.031282476777295454,17,False,0.1806786173247618,0.07251973344227376,0.10097278356772107,0.8704408481902866
2.98964,1,552,2.9896410256410255,4,True,2000,True,2000,False,False,0.7778404147147571,0.7780282706309508,-1,True,0.1777145096987046,0.03849411202705527,0.09306210243760957,0.8701301716155366
2.98964,2,562,2.9896410256410255,4,True,2000,True,2000,False,False,0.7778327738659839,0.7779673543285673,-1,True,0.1746343958659119,0.07003301864684627,0.0953932435169087,0.8382626720155335
2.98964,3,572,2.9896410256410255,4,True,2000,True,2000,False,False,0.7778068450874308,0.7779776470867127,-1,True,0.2365125770311563,0.04561019964176516,0.07479347052590964,0.832954034941643
2.98964,4,582,2.9896410256410255,4,True,2000,True,2000,False,False,0.7778269982232817,0.7778269982232817,-1,True,0.28057156769569574,0.004558851600710712,0.11838751946374679,0.8552708821942406
2.98964,5,592,2.9896410256410255,4,True,2000,True,2000,False,False,0.777841799733557,0.7779518525822532,-1,True,0.1866130058890831,0.011708275411855618,0.08113148491323695,0.8390208430963378
2.98964,6,602,2.9896410256410255,4,True,2000,True,2000,False,False,0.7781552258245943,0.84382417487848,-1,True,0.23123523121791634,0.011420643088893923,0.07216842086408509,0.8582357671602712
2.98964,7,612,2.9896410256410255,4,True,2000,True,2000,False,False,0.7778346822143571,0.7784066292067604,-1,True,0.18865131186140024,0.049589878060247054,0.14545458695288016,0.8368758371716065
2.98964,8,622,2.9896410256410255,4,True,2000,True,2000,False,False,0.777817147293814,0.7818757321544603,-1,True,0.255885359383782,0.08714395280913508,0.06970882213357862,0.8440386354663734
2.98964,9,632,2.9896410256410255,4,False,10,False,10,True,False,-0.771738358471579,-0.771738358471579,9,False,0.27810183702920577,0.044607157726371874,0.1374420903691757,0.879498028131974
2.98964,10,642,2.9896410256410255,4,True,2000,True,2000,False,False,0.7778514634694029,0.7780519086939629,-1,True,0.23969451684725998,0.027410762097208385,0.05410349524596112,0.8336178378701795
2.98964,11,652,2.9896410256410255,4,False,17,False,17,True,False,-0.8223744642312271,-0.8223744642312271,16,False,0.22489806119821776,0.05189725311212361,0.07933336016731501,0.8778365459426579
2.98964,12,662,2.9896410256410255,4,True,2000,True,2000,False,False,0.7778441084688033,0.7783562461176851,-1,True,0.17459755031323138,0.02179633342200589,0.1027628399581649,0.8604773001083261
2.98964,13,672,2.9896410256410255,4,True,2000,True,2000,False,False,0.7778224237812135,0.7804779626279674,-1,True,0.2778908391280938,0.07262805681514675,0.12615767061243188,0.8528292806416223
2.98964,14,682,2.9896410256410255,4,True,2000,True,2000,False,False,0.7778111341181612,0.780085375762012,-1,True,0.22392142564749457,0.03801883458217577,0.08204240871945392,0.8371942795557271
2.98964,15,692,2.9896410256410255,4,False,12,False,12,True,False,-1.9725251604639216,-1.9725251604639216,11,False,0.17511903934909012,0.05348235391102688,0.13362308652360474,0.8739761498721972
2.98964,16,702,2.9896410256410255,4,False,13,False,13,True,False,-0.10845114529424073,-0.10845114529424073,12,False,0.19012070575823797,0.029961914845675286,0.1283674724774324,0.8713357643542782
2.98964,17,712,2.9896410256410255,4,True,2000,True,2000,False,False,0.7778434651069822,0.7778628177046769,-1,True,0.2569306576465965,0.010620285352381,0.14715823589219418,0.8344968938926361
2.98964,18,722,2.9896410256410255,4,False,11,False,11,True,False,-0.2692604583478661,-0.2692604583478661,10,False,0.18760555950878047,0.051750456727496265,0.1334521918321868,0.8763181717096691
2.98964,19,732,2.9896410256410255,4,True,2000,True,2000,False,False,0.7778021696838106,0.7778046931327288,-1,True,0.2888115426054517,0.02109145058285311,0.10562180938648069,0.8520486091946428
2.98964,20,742,2.9896410256410255,4,True,2000,True,2000,False,False,0.7778358698831217,0.7778358698831217,-1,True,0.1701667716598841,0.019119709107024263,0.09496799623939198,0.8452775730921126
2.98964,21,752,2.9896410256410255,4,True,2000,True,2000,False,False,0.7778292772047697,0.7778292772047697,-1,True,0.17248908269836605,0.05543900865637328,0.13786123138764483,0.832030644881655
2.98964,22,762,2.9896410256410255,4,True,2000,True,2000,False,False,0.7778316029551997,0.7778460848739231,-1,True,0.2584080068788793,0.09861043574503997,0.10912449000263942,0.8355045631304194
2.98964,23,772,2.9896410256410255,4,False,16,False,16,True,False,-0.7977853994689017,-0.7977853994689017,15,False,0.2046771733013991,0.04812492761316624,0.12591999768605494,0.8679342681797764
2.98964,24,782,2.9896410256410255,4,True,2000,True,2000,False,False,0.7778626589856117,0.7785342343844551,-1,True,0.2955065390524215,0.03966322545026301,0.10436415132392153,0.8614218147650622
2.98964,25,792,2.9896410256410255,4,True,2000,True,2000,False,False,0.7778064881944904,0.7787170349230901,-1,True,0.2936916476955428,0.044641493394061385,0.07215513943246606,0.8742028004897046
2.98964,26,802,2.9896410256410255,4,False,12,False,12,True,False,-1.6303266414688815,-1.6303266414688815,11,False,0.23124193363851736,0.05468590427571194,0.13270850256477817,0.8747117607263731
2.98964,27,812,2.9896410256410255,4,True,2000,True,2000,False,False,0.777849055085657,0.779038410056856,-1,True,0.23564750425184453,0.06059276050477963,0.09574871891675382,0.8463295854391748
2.98964,28,822,2.9896410256410255,4,False,22,False,22,True,False,-2.9884029216278365,-2.9884029216278365,20,False,0.1960389442542598,0.027535330427888884,0.14257236825911956,0.8610700863559627
2.98964,29,832,2.9896410256410255,4,True,2000,True,2000,False,False,0.778426556660255,0.7785161388969007,-1,True,0.2926857229546713,0.08522780285002125,0.12331535461997273,0.8519569317427226
2.98964,30,842,2.9896410256410255,4,True,2000,True,2000,False,False,0.7782335640849596,0.7784974380427947,-1,True,0.2523175408810106,0.06466339425021841,0.1351535177440083,0.8521200318621247
2.98964,31,852,2.9896410256410255,4,True,2000,True,2000,False,False,0.7777986012664977,0.7781459707728835,-1,True,0.19936998476827247,0.09006807519519343,0.06655689876283329,0.8691797282863809
2.98964,32,862,2.9896410256410255,4,True,2000,True,2000,False,False,0.7778105001728247,0.7797484005995464,-1,True,0.29835158407977314,0.07683043937445862,0.1409245919464346,0.8303885290083874
2.98964,33,872,2.9896410256410255,4,False,15,False,15,True,False,-10.491868124228887,-10.491868124228887,13,False,0.20514022599953138,0.01011775849104234,0.10556285182167521,0.8754053857918476
2.98964,34,882,2.9896410256410255,4,True,2000,True,2000,False,False,0.7777974614481943,0.7785988103721035,-1,True,0.25298366972593594,0.04695764189416263,0.10024499556645852,0.8472693004387035
2.98964,35,892,2.9896410256410255,4,True,2000,True,2000,False,False,0.777797805126199,0.777797805126199,-1,True,0.27402795400803887,0.09985916007993917,0.14705681419831612,0.845515596633315
2.98964,36,902,2.9896410256410255,4,False,14,False,14,True,False,-0.04626576191869508,-0.04626576191869508,13,False,0.17224966968947122,0.017126036105066824,0.13364533863997852,0.8672537434047753
2.98964,37,912,2.9896410256410255,4,True,2000,True,2000,False,False,0.7778369319648285,0.777858408375027,-1,True,0.26118026480586537,0.04771840773812112,0.11563442714103192,0.8344728018476733
2.98964,38,922,2.9896410256410255,4,True,2000,True,2000,False,False,0.7783922689005496,0.7783922689005496,-1,True,0.21673787983189707,0.029502238841220718,0.13993694513907412,0.8560318758489728
2.98964,39,932,2.9896410256410255,4,True,2000,True,2000,False,False,0.778331366113857,0.7802473824563663,-1,True,0.23243297842227914,0.04500244111961276,0.14383584229248847,0.8485433848483973
2.98964,40,942,2.9896410256410255,4,True,2000,True,2000,False,False,0.7778444337487296,0.7778750386469752,-1,True,0.27410447250094283,0.08268487695209151,0.06676251194754003,0.8314367520441623
2.98964,41,952,2.9896410256410255,4,True,2000,True,2000,False,False,0.7778726125056852,0.7802202825006297,-1,True,0.2090223151028624,0.07588445454845066,0.08225624383624766,0.8681452173946997
2.98964,42,962,2.9896410256410255,4,True,2000,True,2000,False,False,0.7778364657783823,0.7778683777268522,-1,True,0.2595434737361134,0.0006403682406160516,0.08259834891065512,0.8391520492949462
2.98964,43,972,2.9896410256410255,4,True,2000,True,2000,False,False,0.7778518715091348,0.7782996401785786,-1,True,0.29913113866874996,0.09055518925059045,0.10438970856818212,0.8452067834029581
2.98964,44,982,2.9896410256410255,4,True,2000,True,2000,False,False,0.77784857695657,0.7789340433842522,-1,True,0.18860481798196393,0.08650071399873532,0.05650145790639421,0.8307972336503548
2.98964,45,992,2.9896410256410255,4,True,2000,True,2000,False,False,0.7778528006777934,0.7790542437573902,-1,True,0.17785575113556018,0.058904748907995325,0.09378010007570373,0.8382390555422758
2.98964,46,1002,2.9896410256410255,4,True,2000,True,2000,False,False,0.7778436894541045,0.7778443796480161,-1,True,0.18676847752604311,0.04611561827923094,0.09161539312734475,0.8601362115788284
2.98964,47,1012,2.9896410256410255,4,True,2000,True,2000,False,False,0.7778475420420968,0.7782399423194792,-1,True,0.17347481591876146,0.0792796321931629,0.07523647535386985,0.8698632921332703
2.98964,48,1022,2.9896410256410255,4,True,2000,True,2000,False,False,0.7778375051348648,0.7779400805557944,-1,True,0.18778445293216273,0.09807022787820974,0.08236745884429644,0.8395792127161222
2.98964,49,1032,2.9896410256410255,4,True,2000,True,2000,False,False,0.7777974167610261,0.7780622762922017,-1,True,0.22554661688929456,0.055935991949186276,0.08157184424667452,0.8605280589760228
2.98965,0,642,2.9896512820512817,5,True,2000,True,2000,False,False,0.7772576728737125,0.777518331560644,-1,True,0.23969451684725998,0.027410762097208385,0.05410349524596112,0.8336178378701795
2.98965,1,652,2.9896512820512817,5,False,17,False,17,True,False,-0.8396266558497137,-0.8396266558497137,16,False,0.22489806119821776,0.05189725311212361,0.07933336016731501,0.8778365459426579
2.98965,2,662,2.9896512820512817,5,True,2000,True,2000,False,False,0.7773138462584793,0.7786448632652558,-1,True,0.17459755031323138,0.02179633342200589,0.1027628399581649,0.8604773001083261
2.98965,3,672,2.9896512820512817,5,True,2000,True,2000,False,False,0.7772611429645528,0.7776988118831372,-1,True,0.2778908391280938,0.07262805681514675,0.12615767061243188,0.8528292806416223
2.98965,4,682,2.9896512820512817,5,True,2000,True,2000,False,False,0.777331730173815,0.7789916774689358,-1,True,0.22392142564749457,0.03801883458217577,0.08204240871945392,0.8371942795557271
2.98965,5,692,2.9896512820512817,5,False,12,False,12,True,False,-1.9949683874079422,-1.9949683874079422,11,False,0.17511903934909012,0.05348235391102688,0.13362308652360474,0.8739761498721972
2.98965,6,702,2.9896512820512817,5,False,13,False,13,True,False,-0.1145614141745376,-0.1145614141745376,12,False,0.19012070575823797,0.029961914845675286,0.1283674724774324,0.8713357643542782
2.98965,7,712,2.9896512820512817,5,True,2000,True,2000,False,False,0.7772756721603251,0.7772756721603251,-1,True,0.2569306576465965,0.010620285352381,0.14715823589219418,0.8344968938926361
2.98965,8,722,2.9896512820512817,5,False,11,False,11,True,False,-0.27397360180843866,-0.27397360180843866,10,False,0.18760555950878047,0.051750456727496265,0.1334521918321868,0.8763181717096691
2.98965,9,732,2.9896512820512817,5,True,2000,True,2000,False,False,0.7772851205143324,0.7774119483728849,-1,True,0.2888115426054517,0.02109145058285311,0.10562180938648069,0.8520486091946428
2.98965,10,742,2.9896512820512817,5,True,2000,True,2000,False,False,0.777340939533763,0.7777107946352736,-1,True,0.1701667716598841,0.019119709107024263,0.09496799623939198,0.8452775730921126
2.98965,11,752,2.9896512820512817,5,True,2000,True,2000,False,False,0.7774805749696785,0.7782318316091373,-1,True,0.17248908269836605,0.05543900865637328,0.13786123138764483,0.832030644881655
2.98965,12,762,2.9896512820512817,5,True,2000,True,2000,False,False,0.7772675047845882,0.7772675047845882,-1,True,0.2584080068788793,0.09861043574503997,0.10912449000263942,0.8355045631304194
2.98965,13,772,2.9896512820512817,5,False,16,False,16,True,False,-0.8142162184062333,-0.8142162184062333,15,False,0.2046771733013991,0.04812492761316624,0.12591999768605494,0.8679342681797764
2.98965,14,782,2.9896512820512817,5,True,2000,True,2000,False,False,0.7773176592815376,0.7776183884807641,-1,True,0.2955065390524215,0.03966322545026301,0.10436415132392153,0.8614218147650622
2.98965,15,792,2.9896512820512817,5,True,2000,True,2000,False,False,0.7773421249977919,0.7778301085769335,-1,True,0.2936916476955428,0.044641493394061385,0.07215513943246606,0.8742028004897046
2.98965,16,802,2.9896512820512817,5,False,12,False,12,True,False,-1.6494507255554474,-1.6494507255554474,11,False,0.23124193363851736,0.05468590427571194,0.13270850256477817,0.8747117607263731
2.98965,17,812,2.9896512820512817,5,True,2000,True,2000,False,False,0.7773589681426517,0.7779852824459386,-1,True,0.23564750425184453,0.06059276050477963,0.09574871891675382,0.8463295854391748
2.98965,18,822,2.9896512820512817,5,False,22,False,22,True,False,-7.58464291518286,-7.58464291518286,20,False,0.1960389442542598,0.027535330427888884,0.14257236825911956,0.8610700863559627
2.98965,19,832,2.9896512820512817,5,True,2000,True,2000,False,False,0.777452654838627,0.777452654838627,-1,True,0.2926857229546713,0.08522780285002125,0.12331535461997273,0.8519569317427226
2.98965,20,842,2.9896512820512817,5,True,2000,True,2000,False,False,0.7773291651839882,0.7782606138937018,-1,True,0.2523175408810106,0.06466339425021841,0.1351535177440083,0.8521200318621247
2.98965,21,852,2.9896512820512817,5,True,2000,True,2000,False,False,0.777315366074776,0.777315366074776,-1,True,0.19936998476827247,0.09006807519519343,0.06655689876283329,0.8691797282863809
2.98965,22,862,2.9896512820512817,5,True,2000,True,2000,False,False,0.7773840279093014,0.7785469971122835,-1,True,0.29835158407977314,0.07683043937445862,0.1409245919464346,0.8303885290083874
2.98965,23,872,2.9896512820512817,5,False,15,False,15,True,False,-12.004315400549785,-12.004315400549785,13,False,0.20514022599953138,0.01011775849104234,0.10556285182167521,0.8754053857918476
2.98965,24,882,2.9896512820512817,5,True,2000,True,2000,False,False,0.7774458752903148,0.7776418422539176,-1,True,0.25298366972593594,0.04695764189416263,0.10024499556645852,0.8472693004387035
2.98965,25,892,2.9896512820512817,5,True,2000,True,2000,False,False,0.7773378107453646,0.7773378107453646,-1,True,0.27402795400803887,0.09985916007993917,0.14705681419831612,0.845515596633315
2.98965,26,902,2.9896512820512817,5,False,14,False,14,True,False,-0.054094800650074354,-0.054094800650074354,13,False,0.17224966968947122,0.017126036105066824,0.13364533863997852,0.8672537434047753
2.98965,27,912,2.9896512820512817,5,True,2000,True,2000,False,False,0.7772634669505453,0.7772634669505453,-1,True,0.26118026480586537,0.04771840773812112,0.11563442714103192,0.8344728018476733
2.98965,28,922,2.9896512820512817,5,True,2000,True,2000,False,False,0.7772608663792877,0.7778251473203701,-1,True,0.21673787983189707,0.029502238841220718,0.13993694513907412,0.8560318758489728
2.98965,29,932,2.9896512820512817,5,True,2000,True,2000,False,False,0.7774184980226004,0.782925373829621,-1,True,0.23243297842227914,0.04500244111961276,0.14383584229248847,0.8485433848483973
2.98965,30,942,2.9896512820512817,5,True,2000,True,2000,False,False,0.7772615248358206,0.7774630813981643,-1,True,0.27410447250094283,0.08268487695209151,0.06676251194754003,0.8314367520441623
2.98965,31,952,2.9896512820512817,5,True,2000,True,2000,False,False,0.7775559683387906,0.7791605994553942,-1,True,0.2090223151028624,0.07588445454845066,0.08225624383624766,0.8681452173946997
2.98965,32,962,2.9896512820512817,5,True,2000,True,2000,False,False,0.7773306698789866,0.7774233950978581,-1,True,0.2595434737361134,0.0006403682406160516,0.08259834891065512,0.8391520492949462
2.98965,33,972,2.9896512820512817,5,True,2000,True,2000,False,False,0.7773038415343348,0.7773038415343348,-1,True,0.29913113866874996,0.09055518925059045,0.10438970856818212,0.8452067834029581
2.98965,34,982,2.9896512820512817,5,True,2000,True,2000,False,False,0.7773503730739049,0.7780815062579709,-1,True,0.18860481798196393,0.08650071399873532,0.05650145790639421,0.8307972336503548
2.98965,35,992,2.9896512820512817,5,True,2000,True,2000,False,False,0.7775628915364272,0.7786277607738009,-1,True,0.17785575113556018,0.058904748907995325,0.09378010007570373,0.8382390555422758
2.98965,36,1002,2.9896512820512817,5,True,2000,True,2000,False,False,0.7772607657173385,0.7777126967473689,-1,True,0.18676847752604311,0.04611561827923094,0.09161539312734475,0.8601362115788284
2.98965,37,1012,2.9896512820512817,5,True,2000,True,2000,False,False,0.7773601126882442,0.7775563590682276,-1,True,0.17347481591876146,0.0792796321931629,0.07523647535386985,0.8698632921332703
2.98965,38,1022,2.9896512820512817,5,True,2000,True,2000,False,False,0.7773869960360529,0.7773869960360529,-1,True,0.18778445293216273,0.09807022787820974,0.08236745884429644,0.8395792127161222
2.98965,39,1032,2.9896512820512817,5,True,2000,True,2000,False,False,0.7772811629975062,0.7772811629975062,-1,True,0.22554661688929456,0.055935991949186276,0.08157184424667452,0.8605280589760228
2.98965,40,1042,2.9896512820512817,5,True,2000,True,2000,False,False,0.7773460556189198,0.780247277009317,-1,True,0.2116407385776361,0.014493475181456206,0.13205420213743763,0.8380753863991026
2.98965,41,1052,2.9896512820512817,5,True,2000,True,2000,False,False,0.7773643572847777,0.7773643572847777,-1,True,0.25651698365156717,0.0380916114374065,0.11460727608299824,0.8382899589121523
2.98965,42,1062,2.9896512820512817,5,False,14,False,14,True,False,-2.2578579811579647,-2.2578579811579647,13,False,0.24727036378618417,0.0370542731850158,0.10996201228173447,0.875976773535797
2.98965,43,1072,2.9896512820512817,5,True,2000,True,2000,False,False,0.7773842251028416,0.778505362995174,-1,True,0.265938012466218,0.08189283109048417,0.1169860234736046,0.835788504818834
2.98965,44,1082,2.9896512820512817,5,True,2000,True,2000,False,False,0.7773119919236109,0.7773119919236109,-1,True,0.23433405917667532,0.05864108749811116,0.11006703982458711,0.8372800121759669
2.98965,45,1092,2.9896512820512817,5,True,2000,True,2000,False,False,0.7772822683759651,0.7780709408293481,-1,True,0.18573880776206764,0.07013787100622111,0.05825572533590492,0.837734572723467
2.98965,46,1102,2.9896512820512817,5,True,2000,True,2000,False,False,0.777283204029296,0.7789338735738621,-1,True,0.20967463530219468,0.08090248972289872,0.12031518521995868,0.8486980013850329
2.98965,47,1112,2.9896512820512817,5,False,18,False,18,True,False,-0.5457477357543905,-0.5457477357543905,17,False,0.18028825544352212,0.02175226924677246,0.08585564730760731,0.8739839818018825
2.98965,48,1122,2.9896512820512817,5,True,2000,True,2000,False,False,0.7773716019323087,0.7795766646378258,-1,True,0.25777045490185213,0.02131389265762489,0.08837679329684967,0.8397772951900435
2.98965,49,1132,2.9896512820512817,5,True,2000,True,2000,False,False,0.7773344775763191,0.7829705098537624,-1,True,0.28565721970995095,0.010263306972996567,0.062153786579549265,0.8441836718467071
2.98966,0,742,2.9896615384615384,6,True,2000,True,2000,False,False,0.7770189888133459,0.7784943270972607,-1,True,0.1701667716598841,0.019119709107024263,0.09496799623939198,0.8452775730921126
2.98966,1,752,2.9896615384615384,6,True,2000,True,2000,False,False,0.7768717826560718,0.7773432981298428,-1,True,0.17248908269836605,0.05543900865637328,0.13786123138764483,0.832030644881655
2.98966,2,762,2.9896615384615384,6,True,2000,True,2000,False,False,0.7768143063030549,0.7783738390541998,-1,True,0.2584080068788793,0.09861043574503997,0.10912449000263942,0.8355045631304194
2.98966,3,772,2.9896615384615384,6,False,16,False,16,True,False,-0.8305407955067532,-0.8305407955067532,15,False,0.2046771733013991,0.04812492761316624,0.12591999768605494,0.8679342681797764
2.98966,4,782,2.9896615384615384,6,True,2000,True,2000,False,False,0.7767122260881159,0.7767122260881159,-1,True,0.2955065390524215,0.03966322545026301,0.10436415132392153,0.8614218147650622
2.98966,5,792,2.9896615384615384,6,True,2000,True,2000,False,False,0.7767186377806636,0.7773458761857177,-1,True,0.2936916476955428,0.044641493394061385,0.07215513943246606,0.8742028004897046
2.98966,6,802,2.9896615384615384,6,False,12,False,12,True,False,-1.6678816824139737,-1.6678816824139737,11,False,0.23124193363851736,0.05468590427571194,0.13270850256477817,0.8747117607263731
2.98966,7,812,2.9896615384615384,6,True,2000,True,2000,False,False,0.776776617177759,0.7771400753141874,-1,True,0.23564750425184453,0.06059276050477963,0.09574871891675382,0.8463295854391748
2.98966,8,822,2.9896615384615384,6,False,21,False,21,True,False,0.009644361522880757,0.009644361522880757,20,False,0.1960389442542598,0.027535330427888884,0.14257236825911956,0.8610700863559627
2.98966,9,832,2.9896615384615384,6,True,2000,True,2000,False,False,0.7767475039571788,0.7768617050175581,-1,True,0.2926857229546713,0.08522780285002125,0.12331535461997273,0.8519569317427226
2.98966,10,842,2.9896615384615384,6,True,2000,True,2000,False,False,0.7766928246958164,0.7773281624063877,-1,True,0.2523175408810106,0.06466339425021841,0.1351535177440083,0.8521200318621247
2.98966,11,852,2.9896615384615384,6,True,2000,True,2000,False,False,0.7767418846762556,0.7767618869930878,-1,True,0.19936998476827247,0.09006807519519343,0.06655689876283329,0.8691797282863809
2.98966,12,862,2.9896615384615384,6,True,2000,True,2000,False,False,0.776857377393689,0.7769585932061053,-1,True,0.29835158407977314,0.07683043937445862,0.1409245919464346,0.8303885290083874
2.98966,13,872,2.9896615384615384,6,False,15,False,15,True,False,-14.05544445812834,-14.05544445812834,13,False,0.20514022599953138,0.01011775849104234,0.10556285182167521,0.8754053857918476
2.98966,14,882,2.9896615384615384,6,True,2000,True,2000,False,False,0.7766976204084651,0.7774325454583104,-1,True,0.25298366972593594,0.04695764189416263,0.10024499556645852,0.8472693004387035
2.98966,15,892,2.9896615384615384,6,True,2000,True,2000,False,False,0.7768603599736935,0.7773080651875566,-1,True,0.27402795400803887,0.09985916007993917,0.14705681419831612,0.845515596633315
2.98966,16,902,2.9896615384615384,6,False,14,False,14,True,False,-0.061973122939447484,-0.061973122939447484,13,False,0.17224966968947122,0.017126036105066824,0.13364533863997852,0.8672537434047753
2.98966,17,912,2.9896615384615384,6,True,2000,True,2000,False,False,0.7766811295814438,0.7766811295814438,-1,True,0.26118026480586537,0.04771840773812112,0.11563442714103192,0.8344728018476733
2.98966,18,922,2.9896615384615384,6,True,2000,True,2000,False,False,0.7767430003358025,0.7772634495961768,-1,True,0.21673787983189707,0.029502238841220718,0.13993694513907412,0.8560318758489728
2.98966,19,932,2.9896615384615384,6,True,2000,True,2000,False,False,0.7767003318339264,0.7767003318339264,-1,True,0.23243297842227914,0.04500244111961276,0.14383584229248847,0.8485433848483973
2.98966,20,942,2.9896615384615384,6,True,2000,True,2000,False,False,0.7768033135258183,0.7769527126231464,-1,True,0.27410447250094283,0.08268487695209151,0.06676251194754003,0.8314367520441623
2.98966,21,952,2.9896615384615384,6,True,2000,True,2000,False,False,0.7768249701381262,0.7768249701381262,-1,True,0.2090223151028624,0.07588445454845066,0.08225624383624766,0.8681452173946997
2.98966,22,962,2.9896615384615384,6,True,2000,True,2000,False,False,0.7768050966107781,0.7768050966107781,-1,True,0.2595434737361134,0.0006403682406160516,0.08259834891065512,0.8391520492949462
2.98966,23,972,2.9896615384615384,6,True,2000,True,2000,False,False,0.7767080085171083,0.7773011460818829,-1,True,0.29913113866874996,0.09055518925059045,0.10438970856818212,0.8452067834029581
2.98966,24,982,2.9896615384615384,6,True,2000,True,2000,False,False,0.7767970904789986,0.7772926887369017,-1,True,0.18860481798196393,0.08650071399873532,0.05650145790639421,0.8307972336503548
2.98966,25,992,2.9896615384615384,6,True,2000,True,2000,False,False,0.7768869725189195,0.7778713060500966,-1,True,0.17785575113556018,0.058904748907995325,0.09378010007570373,0.8382390555422758
2.98966,26,1002,2.9896615384615384,6,True,2000,True,2000,False,False,0.7769690148928744,0.7788578391890788,-1,True,0.18676847752604311,0.04611561827923094,0.09161539312734475,0.8601362115788284
2.98966,27,1012,2.9896615384615384,6,True,2000,True,2000,False,False,0.7767013243626105,0.7767013243626105,-1,True,0.17347481591876146,0.0792796321931629,0.07523647535386985,0.8698632921332703
2.98966,28,1022,2.9896615384615384,6,True,2000,True,2000,False,False,0.7766856023098317,0.7769133405190337,-1,True,0.18778445293216273,0.09807022787820974,0.08236745884429644,0.8395792127161222
2.98966,29,1032,2.9896615384615384,6,True,2000,True,2000,False,False,0.7768469050830833,0.7768469050830833,-1,True,0.22554661688929456,0.055935991949186276,0.08157184424667452,0.8605280589760228
2.98966,30,1042,2.9896615384615384,6,True,2000,True,2000,False,False,0.7767203283723296,0.7819796928642013,-1,True,0.2116407385776361,0.014493475181456206,0.13205420213743763,0.8380753863991026
2.98966,31,1052,2.9896615384615384,6,True,2000,True,2000,False,False,0.7767903650334153,0.7787689739744985,-1,True,0.25651698365156717,0.0380916114374065,0.11460727608299824,0.8382899589121523
2.98966,32,1062,2.9896615384615384,6,False,14,False,14,True,False,-2.3526000428737888,-2.3526000428737888,13,False,0.24727036378618417,0.0370542731850158,0.10996201228173447,0.875976773535797
2.98966,33,1072,2.9896615384615384,6,True,2000,True,2000,False,False,0.7767640766456658,0.7777930261463308,-1,True,0.265938012466218,0.08189283109048417,0.1169860234736046,0.835788504818834
2.98966,34,1082,2.9896615384615384,6,True,2000,True,2000,False,False,0.7767542550932732,0.7772822791167319,-1,True,0.23433405917667532,0.05864108749811116,0.11006703982458711,0.8372800121759669
2.98966,35,1092,2.9896615384615384,6,True,2000,True,2000,False,False,0.7768505808605666,0.7776814352049255,-1,True,0.18573880776206764,0.07013787100622111,0.05825572533590492,0.837734572723467
2.98966,36,1102,2.9896615384615384,6,True,2000,True,2000,False,False,0.7768632635723243,0.7769406492091685,-1,True,0.20967463530219468,0.08090248972289872,0.12031518521995868,0.8486980013850329
2.98966,37,1112,2.9896615384615384,6,False,18,False,18,True,False,-0.5828559697536009,-0.5828559697536009,17,False,0.18028825544352212,0.02175226924677246,0.08585564730760731,0.8739839818018825
2.98966,38,1122,2.9896615384615384,6,True,2000,True,2000,False,False,0.7767453422178958,0.7783359582071779,-1,True,0.25777045490185213,0.02131389265762489,0.08837679329684967,0.8397772951900435
2.98966,39,1132,2.9896615384615384,6,True,2000,True,2000,False,False,0.7772865097799577,0.7780970880521557,-1,True,0.28565721970995095,0.010263306972996567,0.062153786579549265,0.8441836718467071
2.98966,40,1142,2.9896615384615384,6,False,14,False,14,True,False,-1.646218585201882,-1.646218585201882,13,False,0.2885010807585687,0.03981467417971899,0.1024770562837694,0.8765789489849525
2.98966,41,1152,2.9896615384615384,6,True,2000,True,2000,False,False,0.7766796609419403,0.7766796609419403,-1,True,0.2679238575263925,0.086674156929713,0.14349730850342807,0.8441677413025243
2.98966,42,1162,2.9896615384615384,6,True,2000,True,2000,False,False,0.7766945725824865,0.7781875820146363,-1,True,0.26185221473829334,0.09628177589295014,0.11536140156097151,0.86245449745046
2.98966,43,1172,2.9896615384615384,6,False,18,False,18,True,False,-3.228490458243227,-3.228490458243227,16,False,0.28196939483389183,0.08572478104604922,0.08972963492838446,0.8751489850718882
2.98966,44,1182,2.9896615384615384,6,True,2000,True,2000,False,False,0.7767285622728192,0.7782080208815348,-1,True,0.26399955016553545,0.015032811109037082,0.09488808285872798,0.8349001159874142
2.98966,45,1192,2.9896615384615384,6,True,2000,True,2000,False,False,0.7767661526483665,0.7785232888712578,-1,True,0.2978652110681912,0.03774068929434119,0.14947601821106393,0.8371707895998723
2.98966,46,1202,2.9896615384615384,6,True,2000,True,2000,False,False,0.7767603374111144,0.7767603374111144,-1,True,0.24213550704333098,0.09503424302821184,0.0848189080763471,0.8504245543203636
2.98966,47,1212,2.9896615384615384,6,False,17,False,17,True,False,-0.10225687347894633,-0.10225687347894633,16,False,0.20188733729084657,0.08042505764455303,0.06744841215870868,0.8784760660460936
2.98966,48,1222,2.9896615384615384,6,True,2000,True,2000,False,False,0.7767402753602057,0.787040047143963,-1,True,0.1787730863214442,0.03349429941168765,0.08683942465679269,0.8541797426600785
2.98966,49,1232,2.9896615384615384,6,False,19,False,19,True,False,-0.5479825008406815,-0.5479825008406815,18,False,0.23512955366598415,0.05440172708599167,0.07757681712346763,0.8769553487675963
2.98967,0,842,2.9896717948717946,7,True,2000,True,2000,False,False,0.7761078299822881,0.7770681765703713,-1,True,0.2523175408810106,0.06466339425021841,0.1351535177440083,0.8521200318621247
2.98967,1,852,2.9896717948717946,7,True,2000,True,2000,False,False,0.77608026757274,0.7766313334688795,-1,True,0.19936998476827247,0.09006807519519343,0.06655689876283329,0.8691797282863809
2.98967,2,862,2.9896717948717946,7,True,2000,True,2000,False,False,0.7761117774257124,0.7761789138203938,-1,True,0.29835158407977314,0.07683043937445862,0.1409245919464346,0.8303885290083874
2.98967,3,872,2.9896717948717946,7,False,15,False,15,True,False,-16.93745811206853,-16.93745811206853,13,False,0.20514022599953138,0.01011775849104234,0.10556285182167521,0.8754053857918476
2.98967,4,882,2.9896717948717946,7,True,2000,True,2000,False,False,0.7761619126288638,0.7766593877597258,-1,True,0.25298366972593594,0.04695764189416263,0.10024499556645852,0.8472693004387035
2.98967,5,892,2.9896717948717946,7,True,2000,True,2000,False,False,0.7763207410746852,0.7780702696681923,-1,True,0.27402795400803887,0.09985916007993917,0.14705681419831612,0.845515596633315
2.98967,6,902,2.9896717948717946,7,False,14,False,14,True,False,-0.06991271650384397,-0.06991271650384397,13,False,0.17224966968947122,0.017126036105066824,0.13364533863997852,0.8672537434047753
2.98967,7,912,2.9896717948717946,7,True,2000,True,2000,False,False,0.7761117271483435,0.7761117271483435,-1,True,0.26118026480586537,0.04771840773812112,0.11563442714103192,0.8344728018476733
2.98967,8,922,2.9896717948717946,7,True,2000,True,2000,False,False,0.7761102143151561,0.7765260977870615,-1,True,0.21673787983189707,0.029502238841220718,0.13993694513907412,0.8560318758489728
2.98967,9,932,2.9896717948717946,7,True,2000,True,2000,False,False,0.7762779096477983,0.7784514482643324,-1,True,0.23243297842227914,0.04500244111961276,0.14383584229248847,0.8485433848483973
2.98967,10,942,2.9896717948717946,7,True,2000,True,2000,False,False,0.7762085192401507,0.7762085192401507,-1,True,0.27410447250094283,0.08268487695209151,0.06676251194754003,0.8314367520441623
2.98967,11,952,2.9896717948717946,7,True,2000,True,2000,False,False,0.7763950455364905,0.7765603191922458,-1,True,0.2090223151028624,0.07588445454845066,0.08225624383624766,0.8681452173946997
2.98967,12,962,2.9896717948717946,7,True,2000,True,2000,False,False,0.7761462122762456,0.7761462122762456,-1,True,0.2595434737361134,0.0006403682406160516,0.08259834891065512,0.8391520492949462
2.98967,13,972,2.9896717948717946,7,True,2000,True,2000,False,False,0.7762680098929567,0.7768699848084182,-1,True,0.29913113866874996,0.09055518925059045,0.10438970856818212,0.8452067834029581
2.98967,14,982,2.9896717948717946,7,True,2000,True,2000,False,False,0.7764400163231603,0.7765736183128248,-1,True,0.18860481798196393,0.08650071399873532,0.05650145790639421,0.8307972336503548
2.98967,15,992,2.9896717948717946,7,True,2000,True,2000,False,False,0.7763442280854846,0.7764698868355127,-1,True,0.17785575113556018,0.058904748907995325,0.09378010007570373,0.8382390555422758
2.98967,16,1002,2.9896717948717946,7,True,2000,True,2000,False,False,0.7761183227451348,0.7773639255491058,-1,True,0.18676847752604311,0.04611561827923094,0.09161539312734475,0.8601362115788284
2.98967,17,1012,2.9896717948717946,7,True,2000,True,2000,False,False,0.7764715230445235,0.7764715230445235,-1,True,0.17347481591876146,0.0792796321931629,0.07523647535386985,0.8698632921332703
2.98967,18,1022,2.9896717948717946,7,True,2000,True,2000,False,False,0.7761393234056853,0.7769112538802406,-1,True,0.18778445293216273,0.09807022787820974,0.08236745884429644,0.8395792127161222
2.98967,19,1032,2.9896717948717946,7,True,2000,True,2000,False,False,0.7761976527425802,0.7767483372542238,-1,True,0.22554661688929456,0.055935991949186276,0.08157184424667452,0.8605280589760228
2.98967,20,1042,2.9896717948717946,7,True,2000,True,2000,False,False,0.7770894125238934,0.779443202843463,-1,True,0.2116407385776361,0.014493475181456206,0.13205420213743763,0.8380753863991026
2.98967,21,1052,2.9896717948717946,7,True,2000,True,2000,False,False,0.776093839218229,0.7781879211044669,-1,True,0.25651698365156717,0.0380916114374065,0.11460727608299824,0.8382899589121523
2.98967,22,1062,2.9896717948717946,7,False,14,False,14,True,False,-2.4514822171575426,-2.4514822171575426,13,False,0.24727036378618417,0.0370542731850158,0.10996201228173447,0.875976773535797
2.98967,23,1072,2.9896717948717946,7,True,2000,True,2000,False,False,0.7762532558361778,0.7772967588703698,-1,True,0.265938012466218,0.08189283109048417,0.1169860234736046,0.835788504818834
2.98967,24,1082,2.9896717948717946,7,True,2000,True,2000,False,False,0.7760901425175648,0.7763289965290181,-1,True,0.23433405917667532,0.05864108749811116,0.11006703982458711,0.8372800121759669
2.98967,25,1092,2.9896717948717946,7,True,2000,True,2000,False,False,0.7762012236568034,0.7788638610904117,-1,True,0.18573880776206764,0.07013787100622111,0.05825572533590492,0.837734572723467
2.98967,26,1102,2.9896717948717946,7,True,2000,True,2000,False,False,0.7762308067322664,0.7764537701251839,-1,True,0.20967463530219468,0.08090248972289872,0.12031518521995868,0.8486980013850329
2.98967,27,1112,2.9896717948717946,7,False,18,False,18,True,False,-0.6174372563780779,-0.6174372563780779,17,False,0.18028825544352212,0.02175226924677246,0.08585564730760731,0.8739839818018825
2.98967,28,1122,2.9896717948717946,7,True,2000,True,2000,False,False,0.776602077860728,0.7767911784382767,-1,True,0.25777045490185213,0.02131389265762489,0.08837679329684967,0.8397772951900435
2.98967,29,1132,2.9896717948717946,7,True,2000,True,2000,False,False,0.7761705047378707,0.7768501398209016,-1,True,0.28565721970995095,0.010263306972996567,0.062153786579549265,0.8441836718467071
2.98967,30,1142,2.9896717948717946,7,False,14,False,14,True,False,-1.6856319070632275,-1.6856319070632275,13,False,0.2885010807585687,0.03981467417971899,0.1024770562837694,0.8765789489849525
2.98967,31,1152,2.9896717948717946,7,True,2000,True,2000,False,False,0.7761779184225542,0.7766167200386029,-1,True,0.2679238575263925,0.086674156929713,0.14349730850342807,0.8441677413025243
2.98967,32,1162,2.9896717948717946,7,True,2000,True,2000,False,False,0.7760958934452057,0.7765963891113072,-1,True,0.26185221473829334,0.09628177589295014,0.11536140156097151,0.86245449745046
2.98967,33,1172,2.9896717948717946,7,False,18,False,18,True,False,-3.83367095631671,-3.83367095631671,16,False,0.28196939483389183,0.08572478104604922,0.08972963492838446,0.8751489850718882
2.98967,34,1182,2.9896717948717946,7,True,2000,True,2000,False,False,0.7764036884665242,0.7764036884665242,-1,True,0.26399955016553545,0.015032811109037082,0.09488808285872798,0.8349001159874142
2.98967,35,1192,2.9896717948717946,7,True,2000,True,2000,False,False,0.7761262893978429,0.7786955906675186,-1,True,0.2978652110681912,0.03774068929434119,0.14947601821106393,0.8371707895998723
2.98967,36,1202,2.9896717948717946,7,True,2000,True,2000,False,False,0.7762814465117992,0.7769073236857708,-1,True,0.24213550704333098,0.09503424302821184,0.0848189080763471,0.8504245543203636
2.98967,37,1212,2.9896717948717946,7,False,17,False,17,True,False,-0.11702224779136033,-0.11702224779136033,16,False,0.20188733729084657,0.08042505764455303,0.06744841215870868,0.8784760660460936
2.98967,38,1222,2.9896717948717946,7,True,2000,True,2000,False,False,0.7779334083969168,0.7894672976970347,-1,True,0.1787730863214442,0.03349429941168765,0.08683942465679269,0.8541797426600785
2.98967,39,1232,2.9896717948717946,7,False,19,False,19,True,False,-0.6066149422557705,-0.6066149422557705,18,False,0.23512955366598415,0.05440172708599167,0.07757681712346763,0.8769553487675963
2.98967,40,1242,2.9896717948717946,7,True,2000,True,2000,False,False,0.7768598480273649,0.777914092437114,-1,True,0.28067143567063524,0.06459241022451213,0.09000427332201064,0.8460250076270915
2.98967,41,1252,2.9896717948717946,7,True,2000,True,2000,False,False,0.7761594447261013,0.7781564442752571,-1,True,0.23215891881124703,0.031486797165427016,0.1200078940551742,0.8392108993777961
2.98967,42,1262,2.9896717948717946,7,True,2000,True,2000,False,False,0.7762093178085477,0.7762846772367334,-1,True,0.2778276245535707,0.06430227908479803,0.07778654402516812,0.8325275871869431
2.98967,43,1272,2.9896717948717946,7,True,2000,True,2000,False,False,0.7761906481740597,0.7761925448488605,-1,True,0.2609683771031825,0.032253700532986186,0.07094773166462075,0.8457433009432902
2.98967,44,1282,2.9896717948717946,7,True,2000,True,2000,False,False,0.7765066761754124,0.7780536760588784,-1,True,0.2806385534139375,0.002324182600733371,0.10879293882052089,0.8402166689518735
2.98967,45,1292,2.9896717948717946,7,True,2000,True,2000,False,False,0.7761054703591657,0.7761751617007492,-1,True,0.2574402412194949,0.017276437178634595,0.1333783074503454,0.8641602633158495
2.98967,46,1302,2.9896717948717946,7,True,2000,True,2000,False,False,0.7761036610898074,0.7796451722887624,-1,True,0.2799993442128289,0.07898289635254123,0.12378058925358634,0.8401170670802188
2.98967,47,1312,2.9896717948717946,7,True,2000,True,2000,False,False,0.7760852760049427,0.7761416162091234,-1,True,0.22608221967192801,0.09095718168537031,0.10145667185309987,0.8675210998479953
2.98967,48,1322,2.9896717948717946,7,True,2000,True,2000,False,False,0.776213228817436,0.7767788967943556,-1,True,0.19919959755963307,0.08488923200375982,0.13752203239780947,0.8373480347305271
2.98967,49,1332,2.9896717948717946,7,True,2000,True,2000,False,False,0.7761916687835979,0.7761916687835979,-1,True,0.24831234738369903,0.07099635272142832,0.10440951217254547,0.8532861061030029
2.98968,0,942,2.9896820512820512,8,True,2000,True,2000,False,False,0.775469535432862,0.7755489077710348,-1,True,0.27410447250094283,0.08268487695209151,0.06676251194754003,0.8314367520441623
2.98968,1,952,2.9896820512820512,8,True,2000,True,2000,False,False,0.7755925509839752,0.7756083513388552,-1,True,0.2090223151028624,0.07588445454845066,0.08225624383624766,0.8681452173946997
2.98968,2,962,2.9896820512820512,8,True,2000,True,2000,False,False,0.7757244995057038,0.7757244995057038,-1,True,0.2595434737361134,0.0006403682406160516,0.08259834891065512,0.8391520492949462
2.98968,3,972,2.9896820512820512,8,True,2000,True,2000,False,False,0.775900041016236,0.7765419022207981,-1,True,0.29913113866874996,0.09055518925059045,0.10438970856818212,0.8452067834029581
2.98968,4,982,2.9896820512820512,8,True,2000,True,2000,False,False,0.7754844973261236,0.7757111903450601,-1,True,0.18860481798196393,0.08650071399873532,0.05650145790639421,0.8307972336503548
2.98968,5,992,2.9896820512820512,8,True,2000,True,2000,False,False,0.7756685729284547,0.7765641813379371,-1,True,0.17785575113556018,0.058904748907995325,0.09378010007570373,0.8382390555422758
2.98968,6,1002,2.9896820512820512,8,True,2000,True,2000,False,False,0.7757175147608465,0.7778655936931778,-1,True,0.18676847752604311,0.04611561827923094,0.09161539312734475,0.8601362115788284
2.98968,7,1012,2.9896820512820512,8,True,2000,True,2000,False,False,0.7763474145900356,0.7766615378324058,-1,True,0.17347481591876146,0.0792796321931629,0.07523647535386985,0.8698632921332703
2.98968,8,1022,2.9896820512820512,8,True,2000,True,2000,False,False,0.7756598225636591,0.7773894496028299,-1,True,0.18778445293216273,0.09807022787820974,0.08236745884429644,0.8395792127161222
2.98968,9,1032,2.9896820512820512,8,True,2000,True,2000,False,False,0.775515774876888,0.7769305793028429,-1,True,0.22554661688929456,0.055935991949186276,0.08157184424667452,0.8605280589760228
2.98968,10,1042,2.9896820512820512,8,True,2000,True,2000,False,False,0.7754809439049227,0.7754809439049227,-1,True,0.2116407385776361,0.014493475181456206,0.13205420213743763,0.8380753863991026
2.98968,11,1052,2.9896820512820512,8,True,2000,True,2000,False,False,0.7754507460088725,0.7754672328468379,-1,True,0.25651698365156717,0.0380916114374065,0.11460727608299824,0.8382899589121523
2.98968,12,1062,2.9896820512820512,8,False,14,False,14,True,False,-2.545936599366467,-2.545936599366467,13,False,0.24727036378618417,0.0370542731850158,0.10996201228173447,0.875976773535797
2.98968,13,1072,2.9896820512820512,8,True,2000,True,2000,False,False,0.7758459387965461,0.7765193103438962,-1,True,0.265938012466218,0.08189283109048417,0.1169860234736046,0.835788504818834
2.98968,14,1082,2.9896820512820512,8,True,2000,True,2000,False,False,0.7755191641021494,0.7762960348429088,-1,True,0.23433405917667532,0.05864108749811116,0.11006703982458711,0.8372800121759669
2.98968,15,1092,2.9896820512820512,8,True,2000,True,2000,False,False,0.7754986155095911,0.7755397770269691,-1,True,0.18573880776206764,0.07013787100622111,0.05825572533590492,0.837734572723467
2.98968,16,1102,2.9896820512820512,8,True,2000,True,2000,False,False,0.7755074438216844,0.7780810958515961,-1,True,0.20967463530219468,0.08090248972289872,0.12031518521995868,0.8486980013850329
2.98968,17,1112,2.9896820512820512,8,False,18,False,18,True,False,-0.6492627514861449,-0.6492627514861449,17,False,0.18028825544352212,0.02175226924677246,0.08585564730760731,0.8739839818018825
2.98968,18,1122,2.9896820512820512,8,True,2000,True,2000,False,False,0.7754548499184218,0.7761552057775368,-1,True,0.25777045490185213,0.02131389265762489,0.08837679329684967,0.8397772951900435
2.98968,19,1132,2.9896820512820512,8,True,2000,True,2000,False,False,0.7756964045539357,0.7756964045539357,-1,True,0.28565721970995095,0.010263306972996567,0.062153786579549265,0.8441836718467071
2.98968,20,1142,2.9896820512820512,8,False,14,False,14,True,False,-1.7221774919855657,-1.7221774919855657,13,False,0.2885010807585687,0.03981467417971899,0.1024770562837694,0.8765789489849525
2.98968,21,1152,2.9896820512820512,8,True,2000,True,2000,False,False,0.7756004194210486,0.7773712747763863,-1,True,0.2679238575263925,0.086674156929713,0.14349730850342807,0.8441677413025243
2.98968,22,1162,2.9896820512820512,8,True,2000,True,2000,False,False,0.7755858360338068,0.7762871701823602,-1,True,0.26185221473829334,0.09628177589295014,0.11536140156097151,0.86245449745046
2.98968,23,1172,2.9896820512820512,8,False,18,False,18,True,False,-4.654156583387713,-4.654156583387713,16,False,0.28196939483389183,0.08572478104604922,0.08972963492838446,0.8751489850718882
2.98968,24,1182,2.9896820512820512,8,True,2000,True,2000,False,False,0.7756128882753164,0.7769857126509259,-1,True,0.26399955016553545,0.015032811109037082,0.09488808285872798,0.8349001159874142
2.98968,25,1192,2.9896820512820512,8,True,2000,True,2000,False,False,0.775609501813292,0.7767136254865951,-1,True,0.2978652110681912,0.03774068929434119,0.14947601821106393,0.8371707895998723
2.98968,26,1202,2.9896820512820512,8,True,2000,True,2000,False,False,0.7762403600297898,0.7779108050866702,-1,True,0.24213550704333098,0.09503424302821184,0.0848189080763471,0.8504245543203636
2.98968,27,1212,2.9896820512820512,8,False,17,False,17,True,False,-0.13225180162254668,-0.13225180162254668,16,False,0.20188733729084657,0.08042505764455303,0.06744841215870868,0.8784760660460936
2.98968,28,1222,2.9896820512820512,8,True,2000,True,2000,False,False,0.7754786193199947,0.7919867896137279,-1,True,0.1787730863214442,0.03349429941168765,0.08683942465679269,0.8541797426600785
2.98968,29,1232,2.9896820512820512,8,False,19,False,19,True,False,-0.6583556731301956,-0.6583556731301956,18,False,0.23512955366598415,0.05440172708599167,0.07757681712346763,0.8769553487675963
2.98968,30,1242,2.9896820512820512,8,True,2000,True,2000,False,False,0.775953191662347,0.7764511869578343,-1,True,0.28067143567063524,0.06459241022451213,0.09000427332201064,0.8460250076270915
2.98968,31,1252,2.9896820512820512,8,True,2000,True,2000,False,False,0.7756704643854851,0.7807993632013127,-1,True,0.23215891881124703,0.031486797165427016,0.1200078940551742,0.8392108993777961
2.98968,32,1262,2.9896820512820512,8,True,2000,True,2000,False,False,0.7755246888186696,0.7755714388109628,-1,True,0.2778276245535707,0.06430227908479803,0.07778654402516812,0.8325275871869431
2.98968,33,1272,2.9896820512820512,8,True,2000,True,2000,False,False,0.7756132433615939,0.7765231702785934,-1,True,0.2609683771031825,0.032253700532986186,0.07094773166462075,0.8457433009432902
2.98968,34,1282,2.9896820512820512,8,True,2000,True,2000,False,False,0.7754817602738701,0.7789370783616624,-1,True,0.2806385534139375,0.002324182600733371,0.10879293882052089,0.8402166689518735
2.98968,35,1292,2.9896820512820512,8,True,2000,True,2000,False,False,0.7755760107729809,0.7768447603956375,-1,True,0.2574402412194949,0.017276437178634595,0.1333783074503454,0.8641602633158495
2.98968,36,1302,2.9896820512820512,8,True,2000,True,2000,False,False,0.7754671292276683,0.7777301716633553,-1,True,0.2799993442128289,0.07898289635254123,0.12378058925358634,0.8401170670802188
2.98968,37,1312,2.9896820512820512,8,True,2000,True,2000,False,False,0.7755506512246828,0.7755506512246828,-1,True,0.22608221967192801,0.09095718168537031,0.10145667185309987,0.8675210998479953
2.98968,38,1322,2.9896820512820512,8,True,2000,True,2000,False,False,0.775457600622276,0.775457600622276,-1,True,0.19919959755963307,0.08488923200375982,0.13752203239780947,0.8373480347305271
2.98968,39,1332,2.9896820512820512,8,True,2000,True,2000,False,False,0.775466662939515,0.775466662939515,-1,True,0.24831234738369903,0.07099635272142832,0.10440951217254547,0.8532861061030029
2.98968,40,1342,2.9896820512820512,8,True,2000,True,2000,False,False,0.7764973883530861,0.7767608620928776,-1,True,0.25741898897802123,0.0035376091281841163,0.07659593640388565,0.8516193812407314
2.98968,41,1352,2.9896820512820512,8,True,2000,True,2000,False,False,0.7755355997258155,0.7812078782333339,-1,True,0.19632936229564463,0.049337285475021045,0.05641758522246074,0.8462894032691651
2.98968,42,1362,2.9896820512820512,8,True,2000,True,2000,False,False,0.7758171018059847,0.7758171018059847,-1,True,0.25977371361367396,0.09210958631048691,0.08839444521521936,0.8423942069552878
2.98968,43,1372,2.9896820512820512,8,True,2000,True,2000,False,False,0.7755059677121705,0.7771748693055535,-1,True,0.22510091658551779,0.09300495815702631,0.08947505798927917,0.8348805914974782
2.98968,44,1382,2.9896820512820512,8,False,17,False,17,True,False,-0.2889691877769584,-0.2889691877769584,16,False,0.17495536972921713,0.04067077213169438,0.0632383128419746,0.8781878995600237
2.98968,45,1392,2.9896820512820512,8,True,2000,True,2000,False,False,0.7756384970482896,0.7778903278737188,-1,True,0.26014177358513507,0.09633126727545692,0.10072043398960666,0.8415999366653834
2.98968,46,1402,2.9896820512820512,8,True,2000,True,2000,False,False,0.7754731650893621,0.7912037439874189,-1,True,0.22152852656734748,0.06337530448685698,0.06732447562055133,0.8570461936493385
2.98968,47,1412,2.9896820512820512,8,True,2000,True,2000,False,False,0.7755707748655705,0.7758952676920062,-1,True,0.2843666262500929,0.07520867954898443,0.056378945339560796,0.851962748287185
2.98968,48,1422,2.9896820512820512,8,False,12,False,12,True,False,-1.6607536300166899,-1.6607536300166899,11,False,0.24176908312735257,0.07737093811903507,0.1323357299603639,0.8742224657124473
2.98968,49,1432,2.9896820512820512,8,True,2000,True,2000,False,False,0.777904584036989,0.7781544738227991,-1,True,0.2932512125458591,0.09394137046386253,0.12360322124620057,0.8583491741535662
2.98969,0,1042,2.989692307692307,9,True,2000,True,2000,False,False,0.7748221852321838,0.7783242178614662,-1,True,0.2116407385776361,0.014493475181456206,0.13205420213743763,0.8380753863991026
2.98969,1,1052,2.989692307692307,9,True,2000,True,2000,False,False,0.7748354789363504,0.7765366941997027,-1,True,0.25651698365156717,0.0380916114374065,0.11460727608299824,0.8382899589121523
2.98969,2,1062,2.989692307692307,9,False,14,False,14,True,False,-2.630429957504827,-2.630429957504827,12,False,0.24727036378618417,0.0370542731850158,0.10996201228173447,0.875976773535797
2.98969,3,1072,2.989692307692307,9,True,2000,True,2000,False,False,0.7749439360658964,0.7756292835171111,-1,True,0.265938012466218,0.08189283109048417,0.1169860234736046,0.835788504818834
2.98969,4,1082,2.989692307692307,9,True,2000,True,2000,False,False,0.7751472580168224,0.7752919949590281,-1,True,0.23433405917667532,0.05864108749811116,0.11006703982458711,0.8372800121759669
2.98969,5,1092,2.989692307692307,9,True,2000,True,2000,False,False,0.774840950950094,0.7761739753530781,-1,True,0.18573880776206764,0.07013787100622111,0.05825572533590492,0.837734572723467
2.98969,6,1102,2.989692307692307,9,True,2000,True,2000,False,False,0.7752467669711611,0.7764671325276804,-1,True,0.20967463530219468,0.08090248972289872,0.12031518521995868,0.8486980013850329
2.98969,7,1112,2.989692307692307,9,False,18,False,18,True,False,-0.6784882750934097,-0.6784882750934097,17,False,0.18028825544352212,0.02175226924677246,0.08585564730760731,0.8739839818018825
2.98969,8,1122,2.989692307692307,9,True,2000,True,2000,False,False,0.77497568608801,0.77497568608801,-1,True,0.25777045490185213,0.02131389265762489,0.08837679329684967,0.8397772951900435
2.98969,9,1132,2.989692307692307,9,True,2000,True,2000,False,False,0.7749091953787408,0.7779897053369369,-1,True,0.28565721970995095,0.010263306972996567,0.062153786579549265,0.8441836718467071
2.98969,10,1142,2.989692307692307,9,False,14,False,14,True,False,-1.7568801953210973,-1.7568801953210973,13,False,0.2885010807585687,0.03981467417971899,0.1024770562837694,0.8765789489849525
2.98969,11,1152,2.989692307692307,9,True,2000,True,2000,False,False,0.7748073799696061,0.7750795217438173,-1,True,0.2679238575263925,0.086674156929713,0.14349730850342807,0.8441677413025243
2.98969,12,1162,2.989692307692307,9,True,2000,True,2000,False,False,0.7752422130846283,0.7754161483861374,-1,True,0.26185221473829334,0.09628177589295014,0.11536140156097151,0.86245449745046
2.98969,13,1172,2.989692307692307,9,False,18,False,18,True,False,-5.802335387479599,-5.802335387479599,16,False,0.28196939483389183,0.08572478104604922,0.08972963492838446,0.8751489850718882
2.98969,14,1182,2.989692307692307,9,True,2000,True,2000,False,False,0.7753004040399798,0.7762383028826547,-1,True,0.26399955016553545,0.015032811109037082,0.09488808285872798,0.8349001159874142
2.98969,15,1192,2.989692307692307,9,True,2000,True,2000,False,False,0.7748161666278403,0.7770105015327711,-1,True,0.2978652110681912,0.03774068929434119,0.14947601821106393,0.8371707895998723
2.98969,16,1202,2.989692307692307,9,True,2000,True,2000,False,False,0.7752741731894494,0.7798218774491021,-1,True,0.24213550704333098,0.09503424302821184,0.0848189080763471,0.8504245543203636
2.98969,17,1212,2.989692307692307,9,False,17,False,17,True,False,-0.14802604666295813,-0.14802604666295813,16,False,0.20188733729084657,0.08042505764455303,0.06744841215870868,0.8784760660460936
2.98969,18,1222,2.989692307692307,9,True,2000,True,2000,False,False,0.7747918646026044,0.7945650737339138,-1,True,0.1787730863214442,0.03349429941168765,0.08683942465679269,0.8541797426600785
2.98969,19,1232,2.989692307692307,9,False,19,False,19,True,False,-0.7034923975933516,-0.7034923975933516,18,False,0.23512955366598415,0.05440172708599167,0.07757681712346763,0.8769553487675963
2.98969,20,1242,2.989692307692307,9,True,2000,True,2000,False,False,0.7751354371822394,0.7752000051407962,-1,True,0.28067143567063524,0.06459241022451213,0.09000427332201064,0.8460250076270915
2.98969,21,1252,2.989692307692307,9,True,2000,True,2000,False,False,0.7748679672756609,0.7748679672756609,-1,True,0.23215891881124703,0.031486797165427016,0.1200078940551742,0.8392108993777961
2.98969,22,1262,2.989692307692307,9,True,2000,True,2000,False,False,0.774863311878126,0.774863311878126,-1,True,0.2778276245535707,0.06430227908479803,0.07778654402516812,0.8325275871869431
2.98969,23,1272,2.989692307692307,9,True,2000,True,2000,False,False,0.7749555117456849,0.7750313675967477,-1,True,0.2609683771031825,0.032253700532986186,0.07094773166462075,0.8457433009432902
2.98969,24,1282,2.989692307692307,9,True,2000,True,2000,False,False,0.7748362892013354,0.7748362892013354,-1,True,0.2806385534139375,0.002324182600733371,0.10879293882052089,0.8402166689518735
2.98969,25,1292,2.989692307692307,9,True,2000,True,2000,False,False,0.774781458225525,0.7782139967315609,-1,True,0.2574402412194949,0.017276437178634595,0.1333783074503454,0.8641602633158495
2.98969,26,1302,2.989692307692307,9,True,2000,True,2000,False,False,0.7749196715412463,0.7749196715412463,-1,True,0.2799993442128289,0.07898289635254123,0.12378058925358634,0.8401170670802188
2.98969,27,1312,2.989692307692307,9,True,2000,True,2000,False,False,0.7749195024250424,0.774941871662647,-1,True,0.22608221967192801,0.09095718168537031,0.10145667185309987,0.8675210998479953
2.98969,28,1322,2.989692307692307,9,True,2000,True,2000,False,False,0.7754825978241945,0.775495425772764,-1,True,0.19919959755963307,0.08488923200375982,0.13752203239780947,0.8373480347305271
2.98969,29,1332,2.989692307692307,9,True,2000,True,2000,False,False,0.7748579076952512,0.7748579076952512,-1,True,0.24831234738369903,0.07099635272142832,0.10440951217254547,0.8532861061030029
2.98969,30,1342,2.989692307692307,9,True,2000,True,2000,False,False,0.7748436351623141,0.7750379798491932,-1,True,0.25741898897802123,0.0035376091281841163,0.07659593640388565,0.8516193812407314
2.98969,31,1352,2.989692307692307,9,True,2000,True,2000,False,False,0.7748367892763917,0.776373516138579,-1,True,0.19632936229564463,0.049337285475021045,0.05641758522246074,0.8462894032691651
2.98969,32,1362,2.989692307692307,9,True,2000,True,2000,False,False,0.7755984688231673,0.7777159925922891,-1,True,0.25977371361367396,0.09210958631048691,0.08839444521521936,0.8423942069552878
2.98969,33,1372,2.989692307692307,9,True,2000,True,2000,False,False,0.7754477443809799,0.7770995690922841,-1,True,0.22510091658551779,0.09300495815702631,0.08947505798927917,0.8348805914974782
2.98969,34,1382,2.989692307692307,9,False,17,False,17,True,False,-0.3098737197802176,-0.3098737197802176,16,False,0.17495536972921713,0.04067077213169438,0.0632383128419746,0.8781878995600237
2.98969,35,1392,2.989692307692307,9,True,2000,True,2000,False,False,0.7747896682973128,0.7750975668678428,-1,True,0.26014177358513507,0.09633126727545692,0.10072043398960666,0.8415999366653834
2.98969,36,1402,2.989692307692307,9,True,2000,True,2000,False,False,0.7750020080602317,0.7915559604446496,-1,True,0.22152852656734748,0.06337530448685698,0.06732447562055133,0.8570461936493385
2.98969,37,1412,2.989692307692307,9,True,2000,True,2000,False,False,0.7755261867161184,0.7816255257649958,-1,True,0.2843666262500929,0.07520867954898443,0.056378945339560796,0.851962748287185
2.98969,38,1422,2.989692307692307,9,False,12,False,12,True,False,-1.6797033148213505,-1.6797033148213505,11,False,0.24176908312735257,0.07737093811903507,0.1323357299603639,0.8742224657124473
2.98969,39,1432,2.989692307692307,9,True,2000,True,2000,False,False,0.7749529489469226,0.7749529489469226,-1,True,0.2932512125458591,0.09394137046386253,0.12360322124620057,0.8583491741535662
2.98969,40,1442,2.989692307692307,9,False,15,False,15,True,False,-59.975277617660254,-59.975277617660254,13,False,0.2143940684308351,0.09067103290750073,0.0860497658597722,0.8790367665540644
2.98969,41,1452,2.989692307692307,9,True,2000,True,2000,False,False,0.7750812622218165,0.7761440830343359,-1,True,0.21458652393626942,0.029468897950572892,0.05814399311458558,0.8371532859150689
2.98969,42,1462,2.989692307692307,9,True,2000,True,2000,False,False,0.7748419115773172,0.7756600422014426,-1,True,0.29628159147470906,0.025548748425688175,0.13016851064134477,0.8406427439079165
2.98969,43,1472,2.989692307692307,9,True,2000,True,2000,False,False,0.7748669024051638,0.7748669024051638,-1,True,0.2848945147392038,0.022460566225260128,0.1088114562092427,0.8390284512338604
2.98969,44,1482,2.989692307692307,9,True,2000,True,2000,False,False,0.7752418396648812,0.7786295574926757,-1,True,0.21317155818287925,0.055071881708141146,0.07622970059542665,0.8473459111571517
2.98969,45,1492,2.989692307692307,9,True,2000,True,2000,False,False,0.7748358306077875,0.7760374920352271,-1,True,0.2208285152365992,0.08324331209271307,0.06166627995838049,0.8361090931063544
2.98969,46,1502,2.989692307692307,9,True,2000,True,2000,False,False,0.7749438865406407,0.7749989804987781,-1,True,0.25311615708794794,0.07903089659024126,0.10304739279834378,0.8418614270262296
2.98969,47,1512,2.989692307692307,9,True,2000,True,2000,False,False,0.7749565054936175,0.7749565054936175,-1,True,0.1785947151780931,0.09295757435999825,0.07542946339383814,0.8679816934983857
2.98969,48,1522,2.989692307692307,9,False,12,False,12,True,False,-22.819880910779165,-22.819880910779165,10,False,0.24621738087581446,0.04878098580354311,0.12414378132902043,0.8780077274604243
2.98969,49,1532,2.989692307692307,9,False,16,False,16,True,False,-1.3628768424252466,-1.3628768424252466,15,False,0.2807611431835723,0.04760354664687813,0.11540958307016169,0.8706791028941134
2.9897,0,1142,2.989702564102564,10,False,14,False,14,True,False,-1.7907895508891327,-1.7907895508891327,13,False,0.2885010807585687,0.03981467417971899,0.1024770562837694,0.8765789489849525
2.9897,1,1152,2.989702564102564,10,True,2000,True,2000,False,False,0.7748525437849663,0.7748525437849663,-1,True,0.2679238575263925,0.086674156929713,0.14349730850342807,0.8441677413025243
2.9897,2,1162,2.989702564102564,10,True,2000,True,2000,False,False,0.7742100632455854,0.7742100632455854,-1,True,0.26185221473829334,0.09628177589295014,0.11536140156097151,0.86245449745046
2.9897,3,1172,2.989702564102564,10,False,18,False,18,True,False,-7.71812978649142,-7.71812978649142,16,False,0.28196939483389183,0.08572478104604922,0.08972963492838446,0.8751489850718882
2.9897,4,1182,2.989702564102564,10,True,2000,True,2000,False,False,0.7743913785687869,0.7755037791340619,-1,True,0.26399955016553545,0.015032811109037082,0.09488808285872798,0.8349001159874142
2.9897,5,1192,2.989702564102564,10,True,2000,True,2000,False,False,0.7743232087859263,0.7743232087859263,-1,True,0.2978652110681912,0.03774068929434119,0.14947601821106393,0.8371707895998723
2.9897,6,1202,2.989702564102564,10,True,2000,True,2000,False,False,0.7740876308249023,0.7818614455094999,-1,True,0.24213550704333098,0.09503424302821184,0.0848189080763471,0.8504245543203636
2.9897,7,1212,2.989702564102564,10,False,17,False,17,True,False,-0.16458450903436952,-0.16458450903436952,16,False,0.20188733729084657,0.08042505764455303,0.06744841215870868,0.8784760660460936
2.9897,8,1222,2.989702564102564,10,True,2000,True,2000,False,False,0.7740711925612368,0.7952711223080923,-1,True,0.1787730863214442,0.03349429941168765,0.08683942465679269,0.8541797426600785
2.9897,9,1232,2.989702564102564,10,False,19,False,19,True,False,-0.7432421568500981,-0.7432421568500981,18,False,0.23512955366598415,0.05440172708599167,0.07757681712346763,0.8769553487675963
2.9897,10,1242,2.989702564102564,10,True,2000,True,2000,False,False,0.7740777792024786,0.7740777792024786,-1,True,0.28067143567063524,0.06459241022451213,0.09000427332201064,0.8460250076270915
2.9897,11,1252,2.989702564102564,10,True,2000,True,2000,False,False,0.7745329488588114,0.7777835660440072,-1,True,0.23215891881124703,0.031486797165427016,0.1200078940551742,0.8392108993777961
2.9897,12,1262,2.989702564102564,10,True,2000,True,2000,False,False,0.7741355506512929,0.7741605843017841,-1,True,0.2778276245535707,0.06430227908479803,0.07778654402516812,0.8325275871869431
2.9897,13,1272,2.989702564102564,10,True,2000,True,2000,False,False,0.7743840660247601,0.777285273801254,-1,True,0.2609683771031825,0.032253700532986186,0.07094773166462075,0.8457433009432902
2.9897,14,1282,2.989702564102564,10,True,2000,True,2000,False,False,0.7741115487818954,0.77977746733877,-1,True,0.2806385534139375,0.002324182600733371,0.10879293882052089,0.8402166689518735
2.9897,15,1292,2.989702564102564,10,True,2000,True,2000,False,False,0.7741525634416851,0.7741879591929709,-1,True,0.2574402412194949,0.017276437178634595,0.1333783074503454,0.8641602633158495
2.9897,16,1302,2.989702564102564,10,True,2000,True,2000,False,False,0.7742811675826702,0.7764885551571216,-1,True,0.2799993442128289,0.07898289635254123,0.12378058925358634,0.8401170670802188
2.9897,17,1312,2.989702564102564,10,True,2000,True,2000,False,False,0.774148317991096,0.774148317991096,-1,True,0.22608221967192801,0.09095718168537031,0.10145667185309987,0.8675210998479953
2.9897,18,1322,2.989702564102564,10,True,2000,True,2000,False,False,0.7751543347888362,0.7760205426973861,-1,True,0.19919959755963307,0.08488923200375982,0.13752203239780947,0.8373480347305271
2.9897,19,1332,2.989702564102564,10,True,2000,True,2000,False,False,0.7741873391526565,0.774362069492015,-1,True,0.24831234738369903,0.07099635272142832,0.10440951217254547,0.8532861061030029
2.9897,20,1342,2.989702564102564,10,True,2000,True,2000,False,False,0.7740910721958773,0.7742074461657199,-1,True,0.25741898897802123,0.0035376091281841163,0.07659593640388565,0.8516193812407314
2.9897,21,1352,2.989702564102564,10,True,2000,True,2000,False,False,0.7741986069804655,0.7743023206528985,-1,True,0.19632936229564463,0.049337285475021045,0.05641758522246074,0.8462894032691651
2.9897,22,1362,2.989702564102564,10,True,2000,True,2000,False,False,0.7742911186020938,0.7754520632681283,-1,True,0.25977371361367396,0.09210958631048691,0.08839444521521936,0.8423942069552878
2.9897,23,1372,2.989702564102564,10,True,2000,True,2000,False,False,0.7742101895257673,0.7767351268792615,-1,True,0.22510091658551779,0.09300495815702631,0.08947505798927917,0.8348805914974782
2.9897,24,1382,2.989702564102564,10,False,17,False,17,True,False,-0.3316904893595915,-0.3316904893595915,16,False,0.17495536972921713,0.04067077213169438,0.0632383128419746,0.8781878995600237
2.9897,25,1392,2.989702564102564,10,True,2000,True,2000,False,False,0.7741503217910902,0.7749528777710107,-1,True,0.26014177358513507,0.09633126727545692,0.10072043398960666,0.8415999366653834
2.9897,26,1402,2.989702564102564,10,True,2000,True,2000,False,False,0.7742051462707119,0.791949228169346,-1,True,0.22152852656734748,0.06337530448685698,0.06732447562055133,0.8570461936493385
2.9897,27,1412,2.989702564102564,10,True,2000,True,2000,False,False,0.7741549943697369,0.7762649328122424,-1,True,0.2843666262500929,0.07520867954898443,0.056378945339560796,0.851962748287185
2.9897,28,1422,2.989702564102564,10,False,12,False,12,True,False,-1.697555925637774,-1.697555925637774,11,False,0.24176908312735257,0.07737093811903507,0.1323357299603639,0.8742224657124473
2.9897,29,1432,2.989702564102564,10,True,2000,True,2000,False,False,0.7740885247758434,0.7761950231352025,-1,True,0.2932512125458591,0.09394137046386253,0.12360322124620057,0.8583491741535662
2.9897,30,1442,2.989702564102564,10,False,15,False,15,True,False,-184.94776134326622,-184.94776134326622,13,False,0.2143940684308351,0.09067103290750073,0.0860497658597722,0.8790367665540644
2.9897,31,1452,2.989702564102564,10,True,2000,True,2000,False,False,0.7741123045426482,0.7752819784083843,-1,True,0.21458652393626942,0.029468897950572892,0.05814399311458558,0.8371532859150689
2.9897,32,1462,2.989702564102564,10,True,2000,True,2000,False,False,0.7741494576616159,0.7752534242499062,-1,True,0.29628159147470906,0.025548748425688175,0.13016851064134477,0.8406427439079165
2.9897,33,1472,2.989702564102564,10,True,2000,True,2000,False,False,0.7744633168725946,0.7754769958198088,-1,True,0.2848945147392038,0.022460566225260128,0.1088114562092427,0.8390284512338604
2.9897,34,1482,2.989702564102564,10,True,2000,True,2000,False,False,0.7743015065066379,0.7777240166231691,-1,True,0.21317155818287925,0.055071881708141146,0.07622970059542665,0.8473459111571517
2.9897,35,1492,2.989702564102564,10,True,2000,True,2000,False,False,0.7741786328985247,0.7753269761333382,-1,True,0.2208285152365992,0.08324331209271307,0.06166627995838049,0.8361090931063544
2.9897,36,1502,2.989702564102564,10,True,2000,True,2000,False,False,0.7743187365878372,0.7743187365878372,-1,True,0.25311615708794794,0.07903089659024126,0.10304739279834378,0.8418614270262296
2.9897,37,1512,2.989702564102564,10,True,2000,True,2000,False,False,0.7742865925756403,0.7742865925756403,-1,True,0.1785947151780931,0.09295757435999825,0.07542946339383814,0.8679816934983857
2.9897,38,1522,2.989702564102564,10,False,12,False,12,True,False,-25.977919503468037,-25.977919503468037,10,False,0.24621738087581446,0.04878098580354311,0.12414378132902043,0.8780077274604243
2.9897,39,1532,2.989702564102564,10,False,16,False,16,True,False,-1.475967261157807,-1.475967261157807,15,False,0.2807611431835723,0.04760354664687813,0.11540958307016169,0.8706791028941134
2.9897,40,1542,2.989702564102564,10,True,2000,True,2000,False,False,0.7747079588999823,0.7747079588999823,-1,True,0.20738201314972043,0.01001728150064568,0.0759530579127587,0.8731679822121684
2.9897,41,1552,2.989702564102564,10,False,13,False,13,True,False,-2.278039016546245,-2.278039016546245,12,False,0.19740555770503831,0.017432690432885922,0.13446183419315644,0.8716376121408262
2.9897,42,1562,2.989702564102564,10,True,2000,True,2000,False,False,0.7741573016129405,0.775065976061194,-1,True,0.2690347523105754,0.0012455354456062163,0.09465518465258958,0.86345098975114
2.9897,43,1572,2.989702564102564,10,True,2000,True,2000,False,False,0.7743587135591486,0.7783912408209901,-1,True,0.24275293536174924,0.01440647528438801,0.05139895955422467,0.8580611020120406
2.9897,44,1582,2.989702564102564,10,True,2000,True,2000,False,False,0.774090707107016,0.776242294018118,-1,True,0.18258659186839848,0.00011812322346441695,0.06619388738056203,0.8515972154456415
2.9897,45,1592,2.989702564102564,10,False,17,False,17,True,False,-0.4064376918042352,-0.4064376918042352,16,False,0.2614961619802073,0.07609971762498241,0.12845751477849987,0.8661801527952145
2.9897,46,1602,2.989702564102564,10,True,2000,True,2000,False,False,0.7741068578964301,0.7776645308168473,-1,True,0.29779842032764725,0.008059823181149917,0.08112741728353491,0.835666373442663
2.9897,47,1612,2.989702564102564,10,True,2000,True,2000,False,False,0.7742941574683051,0.7770364235829941,-1,True,0.1805299663564793,0.012642922301514993,0.057730465758175614,0.8678710676165121
2.9897,48,1622,2.989702564102564,10,True,2000,True,2000,False,False,0.774155689339214,0.7777686257050602,-1,True,0.24036904080645277,0.01383236181450842,0.12779850305784962,0.8465156200758178
2.9897,49,1632,2.989702564102564,10,True,2000,True,2000,False,False,0.7741051450225792,0.7741051450225792,-1,True,0.2075169885567128,0.07008759916363774,0.07250620434285841,0.8678631613730633
2.98971,0,1242,2.9897128205128203,11,True,2000,True,2000,False,False,0.7735105281466104,0.7737749592287126,-1,True,0.28067143567063524,0.06459241022451213,0.09000427332201064,0.8460250076270915
2.98971,1,1252,2.9897128205128203,11,True,2000,True,2000,False,False,0.7734766285457136,0.7752161002879457,-1,True,0.23215891881124703,0.031486797165427016,0.1200078940551742,0.8392108993777961
2.98971,2,1262,2.9897128205128203,11,True,2000,True,2000,False,False,0.7734378034316758,0.7734635145437888,-1,True,0.2778276245535707,0.06430227908479803,0.07778654402516812,0.8325275871869431
2.98971,3,1272,2.9897128205128203,11,True,2000,True,2000,False,False,0.7734595439849491,0.7819577641496499,-1,True,0.2609683771031825,0.032253700532986186,0.07094773166462075,0.8457433009432902
2.98971,4,1282,2.9897128205128203,11,True,2000,True,2000,False,False,0.7734663956503443,0.7780954309713501,-1,True,0.2806385534139375,0.002324182600733371,0.10879293882052089,0.8402166689518735
2.98971,5,1292,2.9897128205128203,11,True,2000,True,2000,False,False,0.7736096041364604,0.7736096041364604,-1,True,0.2574402412194949,0.017276437178634595,0.1333783074503454,0.8641602633158495
2.98971,6,1302,2.9897128205128203,11,True,2000,True,2000,False,False,0.7746976019876829,0.7778436269157106,-1,True,0.2799993442128289,0.07898289635254123,0.12378058925358634,0.8401170670802188
2.98971,7,1312,2.9897128205128203,11,True,2000,True,2000,False,False,0.77339245281155,0.7734121709256263,-1,True,0.22608221967192801,0.09095718168537031,0.10145667185309987,0.8675210998479953
2.98971,8,1322,2.9897128205128203,11,True,2000,True,2000,False,False,0.7740925965561605,0.7746471791122084,-1,True,0.19919959755963307,0.08488923200375982,0.13752203239780947,0.8373480347305271
2.98971,9,1332,2.9897128205128203,11,True,2000,True,2000,False,False,0.7733406268859597,0.7733406268859597,-1,True,0.24831234738369903,0.07099635272142832,0.10440951217254547,0.8532861061030029
2.98971,10,1342,2.9897128205128203,11,True,2000,True,2000,False,False,0.773536681070274,0.7749696398731225,-1,True,0.25741898897802123,0.0035376091281841163,0.07659593640388565,0.8516193812407314
2.98971,11,1352,2.9897128205128203,11,True,2000,True,2000,False,False,0.7733713284746815,0.77845237568368,-1,True,0.19632936229564463,0.049337285475021045,0.05641758522246074,0.8462894032691651
2.98971,12,1362,2.9897128205128203,11,True,2000,True,2000,False,False,0.773461856343503,0.7735312690021042,-1,True,0.25977371361367396,0.09210958631048691,0.08839444521521936,0.8423942069552878
2.98971,13,1372,2.9897128205128203,11,True,2000,True,2000,False,False,0.7734572477215369,0.7751467131085709,-1,True,0.22510091658551779,0.09300495815702631,0.08947505798927917,0.8348805914974782
2.98971,14,1382,2.9897128205128203,11,False,17,False,17,True,False,-0.3543792000155024,-0.3543792000155024,16,False,0.17495536972921713,0.04067077213169438,0.0632383128419746,0.8781878995600237
2.98971,15,1392,2.9897128205128203,11,True,2000,True,2000,False,False,0.7733158999626794,0.7733158999626794,-1,True,0.26014177358513507,0.09633126727545692,0.10072043398960666,0.8415999366653834
2.98971,16,1402,2.9897128205128203,11,True,2000,True,2000,False,False,0.7743024335233558,0.7923851184069319,-1,True,0.22152852656734748,0.06337530448685698,0.06732447562055133,0.8570461936493385
2.98971,17,1412,2.9897128205128203,11,True,2000,True,2000,False,False,0.7735261762881415,0.7735261762881415,-1,True,0.2843666262500929,0.07520867954898443,0.056378945339560796,0.851962748287185
2.98971,18,1422,2.9897128205128203,11,False,12,False,12,True,False,-1.715013577648869,-1.715013577648869,11,False,0.24176908312735257,0.07737093811903507,0.1323357299603639,0.8742224657124473
2.98971,19,1432,2.9897128205128203,11,True,2000,True,2000,False,False,0.7733363435482248,0.777997018680793,-1,True,0.2932512125458591,0.09394137046386253,0.12360322124620057,0.8583491741535662
2.98971,20,1442,2.9897128205128203,11,False,14,False,14,True,False,0.0318107213875663,0.0318107213875663,13,False,0.2143940684308351,0.09067103290750073,0.0860497658597722,0.8790367665540644
2.98971,21,1452,2.9897128205128203,11,True,2000,True,2000,False,False,0.77357560211286,0.7735784303575448,-1,True,0.21458652393626942,0.029468897950572892,0.05814399311458558,0.8371532859150689
2.98971,22,1462,2.9897128205128203,11,True,2000,True,2000,False,False,0.7734656337061951,0.7745333862105143,-1,True,0.29628159147470906,0.025548748425688175,0.13016851064134477,0.8406427439079165
2.98971,23,1472,2.9897128205128203,11,True,2000,True,2000,False,False,0.7733693446053805,0.7776687108322401,-1,True,0.2848945147392038,0.022460566225260128,0.1088114562092427,0.8390284512338604
2.98971,24,1482,2.9897128205128203,11,True,2000,True,2000,False,False,0.7733084229471624,0.7768326964354592,-1,True,0.21317155818287925,0.055071881708141146,0.07622970059542665,0.8473459111571517
2.98971,25,1492,2.9897128205128203,11,True,2000,True,2000,False,False,0.7746295990048649,0.7746295990048649,-1,True,0.2208285152365992,0.08324331209271307,0.06166627995838049,0.8361090931063544
2.98971,26,1502,2.9897128205128203,11,True,2000,True,2000,False,False,0.7735817768177493,0.7746756207323483,-1,True,0.25311615708794794,0.07903089659024126,0.10304739279834378,0.8418614270262296
2.98971,27,1512,2.9897128205128203,11,True,2000,True,2000,False,False,0.7733667628562944,0.7733667628562944,-1,True,0.1785947151780931,0.09295757435999825,0.07542946339383814,0.8679816934983857
2.98971,28,1522,2.9897128205128203,11,False,12,False,12,True,False,-30.206722697376463,-30.206722697376463,10,False,0.24621738087581446,0.04878098580354311,0.12414378132902043,0.8780077274604243
2.98971,29,1532,2.9897128205128203,11,False,16,False,16,True,False,-1.5819953002540947,-1.5819953002540947,15,False,0.2807611431835723,0.04760354664687813,0.11540958307016169,0.8706791028941134
2.98971,30,1542,2.9897128205128203,11,True,2000,True,2000,False,False,0.7733273061557354,0.7742777102753403,-1,True,0.20738201314972043,0.01001728150064568,0.0759530579127587,0.8731679822121684
2.98971,31,1552,2.9897128205128203,11,False,13,False,13,True,False,-2.3467293584177265,-2.3467293584177265,12,False,0.19740555770503831,0.017432690432885922,0.13446183419315644,0.8716376121408262
2.98971,32,1562,2.9897128205128203,11,True,2000,True,2000,False,False,0.773378275649325,0.7776443469087247,-1,True,0.2690347523105754,0.0012455354456062163,0.09465518465258958,0.86345098975114
2.98971,33,1572,2.9897128205128203,11,True,2000,True,2000,False,False,0.7734932832635877,0.7787704457233773,-1,True,0.24275293536174924,0.01440647528438801,0.05139895955422467,0.8580611020120406
2.98971,34,1582,2.9897128205128203,11,True,2000,True,2000,False,False,0.7734711338085087,0.773634152060592,-1,True,0.18258659186839848,0.00011812322346441695,0.06619388738056203,0.8515972154456415
2.98971,35,1592,2.9897128205128203,11,False,17,False,17,True,False,-0.4630662247538897,-0.4630662247538897,16,False,0.2614961619802073,0.07609971762498241,0.12845751477849987,0.8661801527952145
2.98971,36,1602,2.9897128205128203,11,True,2000,True,2000,False,False,0.7734944006172568,0.7755937245528944,-1,True,0.29779842032764725,0.008059823181149917,0.08112741728353491,0.835666373442663
2.98971,37,1612,2.9897128205128203,11,True,2000,True,2000,False,False,0.7733326564803034,0.7777902526050925,-1,True,0.1805299663564793,0.012642922301514993,0.057730465758175614,0.8678710676165121
2.98971,38,1622,2.9897128205128203,11,True,2000,True,2000,False,False,0.7734327406846027,0.7761266365620862,-1,True,0.24036904080645277,0.01383236181450842,0.12779850305784962,0.8465156200758178
2.98971,39,1632,2.9897128205128203,11,True,2000,True,2000,False,False,0.7734724654295017,0.7777887804283468,-1,True,0.2075169885567128,0.07008759916363774,0.07250620434285841,0.8678631613730633
2.98971,40,1642,2.9897128205128203,11,False,21,False,21,True,False,-1.1187013173540468,-1.1187013173540468,20,False,0.22140255450313093,0.05424104253254069,0.1185463237752731,0.8674813735646149
2.98971,41,1652,2.9897128205128203,11,True,2000,True,2000,False,False,0.7733523552983809,0.7733523552983809,-1,True,0.2509137251075734,0.07681308871582636,0.0774334551676309,0.8743237873613676
2.98971,42,1662,2.9897128205128203,11,False,23,False,23,True,False,-0.9054801850226557,-0.9054801850226557,22,False,0.2629836898610166,0.02966196267557545,0.08979533070045925,0.8744373416188348
2.98971,43,1672,2.9897128205128203,11,True,2000,True,2000,False,False,0.773482335069199,0.7783450037033348,-1,True,0.223462435192179,0.005840910570686542,0.11921241410822526,0.8417702392833861
2.98971,44,1682,2.9897128205128203,11,True,2000,True,2000,False,False,0.7733330115678707,0.7733330115678707,-1,True,0.24300686779003522,0.020888909573670036,0.058676845293510665,0.8667414674152747
2.98971,45,1692,2.9897128205128203,11,True,2000,True,2000,False,False,0.7733900421448139,0.7733900421448139,-1,True,0.26597238661190264,0.08679141106181011,0.060496945115027984,0.8740770857182384
2.98971,46,1702,2.9897128205128203,11,True,2000,True,2000,False,False,0.7734342590747536,0.7736009427922627,-1,True,0.26395221734996255,0.06646168234741032,0.06315665066703906,0.8737788565365742
2.98971,47,1712,2.9897128205128203,11,False,15,False,15,True,False,-0.5085036498125086,-0.5085036498125086,14,False,0.2909075893021664,0.06010830791742153,0.0819254088988011,0.8791694670750236
2.98971,48,1722,2.9897128205128203,11,False,14,False,14,True,False,-0.5400651835176468,-0.5400651835176468,13,False,0.2546604739419533,0.056120262567678686,0.13690101011178984,0.8672518775906594
2.98971,49,1732,2.9897128205128203,11,False,11,False,11,True,False,-0.23491401043129215,-0.23491401043129215,10,False,0.2563023080204979,0.04275674584169686,0.1268893324015803,0.8778548359410918
2.98972,0,1342,2.989723076923077,12,True,2000,True,2000,False,False,0.7726398485588453,0.7774375270689683,-1,True,0.25741898897802123,0.0035376091281841163,0.07659593640388565,0.8516193812407314
2.98972,1,1352,2.989723076923077,12,True,2000,True,2000,False,False,0.7738637047022294,0.7738637047022294,-1,True,0.19632936229564463,0.049337285475021045,0.05641758522246074,0.8462894032691651
2.98972,2,1362,2.989723076923077,12,True,2000,True,2000,False,False,0.77286510641822,0.77286510641822,-1,True,0.25977371361367396,0.09210958631048691,0.08839444521521936,0.8423942069552878
2.98972,3,1372,2.989723076923077,12,True,2000,True,2000,False,False,0.7738677994632731,0.7740007081616326,-1,True,0.22510091658551779,0.09300495815702631,0.08947505798927917,0.8348805914974782
2.98972,4,1382,2.989723076923077,12,False,17,False,17,True,False,-0.37788218157615283,-0.37788218157615283,16,False,0.17495536972921713,0.04067077213169438,0.0632383128419746,0.8781878995600237
2.98972,5,1392,2.989723076923077,12,True,2000,True,2000,False,False,0.7725542124843271,0.7731899876788266,-1,True,0.26014177358513507,0.09633126727545692,0.10072043398960666,0.8415999366653834
2.98972,6,1402,2.989723076923077,12,True,2000,True,2000,False,False,0.7726385687189088,0.7928649765865652,-1,True,0.22152852656734748,0.06337530448685698,0.06732447562055133,0.8570461936493385
2.98972,7,1412,2.989723076923077,12,True,2000,True,2000,False,False,0.7725929086896879,0.7771813452028775,-1,True,0.2843666262500929,0.07520867954898443,0.056378945339560796,0.851962748287185
2.98972,8,1422,2.989723076923077,12,False,12,False,12,True,False,-1.7320420175679736,-1.7320420175679736,11,False,0.24176908312735257,0.07737093811903507,0.1323357299603639,0.8742224657124473
2.98972,9,1432,2.989723076923077,12,True,2000,True,2000,False,False,0.7725186278558177,0.7767048465672025,-1,True,0.2932512125458591,0.09394137046386253,0.12360322124620057,0.8583491741535662
2.98972,10,1442,2.989723076923077,12,False,14,False,14,True,False,0.025137047917268257,0.025137047917268257,13,False,0.2143940684308351,0.09067103290750073,0.0860497658597722,0.8790367665540644
2.98972,11,1452,2.989723076923077,12,True,2000,True,2000,False,False,0.7730525443733511,0.7745953326593104,-1,True,0.21458652393626942,0.029468897950572892,0.05814399311458558,0.8371532859150689
2.98972,12,1462,2.989723076923077,12,True,2000,True,2000,False,False,0.773270237956419,0.7735338194193431,-1,True,0.29628159147470906,0.025548748425688175,0.13016851064134477,0.8406427439079165
2.98972,13,1472,2.989723076923077,12,True,2000,True,2000,False,False,0.7753066018210534,0.777686697568399,-1,True,0.2848945147392038,0.022460566225260128,0.1088114562092427,0.8390284512338604
2.98972,14,1482,2.989723076923077,12,True,2000,True,2000,False,False,0.7734472453578255,0.7759650455217666,-1,True,0.21317155818287925,0.055071881708141146,0.07622970059542665,0.8473459111571517
2.98972,15,1492,2.989723076923077,12,True,2000,True,2000,False,False,0.7725079082935076,0.7740042103601543,-1,True,0.2208285152365992,0.08324331209271307,0.06166627995838049,0.8361090931063544
2.98972,16,1502,2.989723076923077,12,True,2000,True,2000,False,False,0.7725248889426565,0.7761325797883731,-1,True,0.25311615708794794,0.07903089659024126,0.10304739279834378,0.8418614270262296
2.98972,17,1512,2.989723076923077,12,True,2000,True,2000,False,False,0.7725006121959428,0.7725006121959428,-1,True,0.1785947151780931,0.09295757435999825,0.07542946339383814,0.8679816934983857
2.98972,18,1522,2.989723076923077,12,False,12,False,12,True,False,-36.1695712131272,-36.1695712131272,10,False,0.24621738087581446,0.04878098580354311,0.12414378132902043,0.8780077274604243
2.98972,19,1532,2.989723076923077,12,False,16,False,16,True,False,-1.6720433016328835,-1.6720433016328835,15,False,0.2807611431835723,0.04760354664687813,0.11540958307016169,0.8706791028941134
2.98972,20,1542,2.989723076923077,12,True,2000,True,2000,False,False,0.7729369858950202,0.7739587726861232,-1,True,0.20738201314972043,0.01001728150064568,0.0759530579127587,0.8731679822121684
2.98972,21,1552,2.989723076923077,12,False,13,False,13,True,False,-2.418017530823495,-2.418017530823495,12,False,0.19740555770503831,0.017432690432885922,0.13446183419315644,0.8716376121408262
2.98972,22,1562,2.989723076923077,12,True,2000,True,2000,False,False,0.7725129092951244,0.7753261155917057,-1,True,0.2690347523105754,0.0012455354456062163,0.09465518465258958,0.86345098975114
2.98972,23,1572,2.989723076923077,12,True,2000,True,2000,False,False,0.7725057265247087,0.7793400997838007,-1,True,0.24275293536174924,0.01440647528438801,0.05139895955422467,0.8580611020120406
2.98972,24,1582,2.989723076923077,12,True,2000,True,2000,False,False,0.7725466615938015,0.7780922456008834,-1,True,0.18258659186839848,0.00011812322346441695,0.06619388738056203,0.8515972154456415
2.98972,25,1592,2.989723076923077,12,False,17,False,17,True,False,-0.5193211343785367,-0.5193211343785367,16,False,0.2614961619802073,0.07609971762498241,0.12845751477849987,0.8661801527952145
2.98972,26,1602,2.989723076923077,12,True,2000,True,2000,False,False,0.7726476877203372,0.7732999260052454,-1,True,0.29779842032764725,0.008059823181149917,0.08112741728353491,0.835666373442663
2.98972,27,1612,2.989723076923077,12,True,2000,True,2000,False,False,0.7733809186782751,0.773388715075417,-1,True,0.1805299663564793,0.012642922301514993,0.057730465758175614,0.8678710676165121
2.98972,28,1622,2.989723076923077,12,True,2000,True,2000,False,False,0.7729851717706436,0.7744075689016139,-1,True,0.24036904080645277,0.01383236181450842,0.12779850305784962,0.8465156200758178
2.98972,29,1632,2.989723076923077,12,True,2000,True,2000,False,False,0.7727707448119806,0.7727707448119806,-1,True,0.2075169885567128,0.07008759916363774,0.07250620434285841,0.8678631613730633
2.98972,30,1642,2.989723076923077,12,False,21,False,21,True,False,-1.5427649610859613,-1.5427649610859613,20,False,0.22140255450313093,0.05424104253254069,0.1185463237752731,0.8674813735646149
2.98972,31,1652,2.989723076923077,12,True,2000,True,2000,False,False,0.7729208524129175,0.7729208524129175,-1,True,0.2509137251075734,0.07681308871582636,0.0774334551676309,0.8743237873613676
2.98972,32,1662,2.989723076923077,12,False,23,False,23,True,False,-1.3009291813081125,-1.3009291813081125,22,False,0.2629836898610166,0.02966196267557545,0.08979533070045925,0.8744373416188348
2.98972,33,1672,2.989723076923077,12,True,2000,True,2000,False,False,0.7725892157780875,0.7729728530931468,-1,True,0.223462435192179,0.005840910570686542,0.11921241410822526,0.8417702392833861
2.98972,34,1682,2.989723076923077,12,True,2000,True,2000,False,False,0.7739826843234545,0.7763553130019805,-1,True,0.24300686779003522,0.020888909573670036,0.058676845293510665,0.8667414674152747
2.98972,35,1692,2.989723076923077,12,True,2000,True,2000,False,False,0.772820961185797,0.7729384366299734,-1,True,0.26597238661190264,0.08679141106181011,0.060496945115027984,0.8740770857182384
2.98972,36,1702,2.989723076923077,12,True,2000,True,2000,False,False,0.7724904938312136,0.7724904938312136,-1,True,0.26395221734996255,0.06646168234741032,0.06315665066703906,0.8737788565365742
2.98972,37,1712,2.989723076923077,12,False,15,False,15,True,False,-0.5319960372569058,-0.5319960372569058,14,False,0.2909075893021664,0.06010830791742153,0.0819254088988011,0.8791694670750236
2.98972,38,1722,2.989723076923077,12,False,14,False,14,True,False,-0.5586979396891096,-0.5586979396891096,13,False,0.2546604739419533,0.056120262567678686,0.13690101011178984,0.8672518775906594
2.98972,39,1732,2.989723076923077,12,False,11,False,11,True,False,-0.23998158102624903,-0.23998158102624903,10,False,0.2563023080204979,0.04275674584169686,0.1268893324015803,0.8778548359410918
2.98972,40,1742,2.989723076923077,12,False,17,False,17,True,False,-0.020956207213900402,-0.020956207213900402,16,False,0.18231077682218078,0.01745888714707261,0.07433773525335197,0.8766830306364561
2.98972,41,1752,2.989723076923077,12,True,2000,True,2000,False,False,0.7730483592519509,0.7730483592519509,-1,True,0.2789157734919704,0.03347064651642351,0.12822264906973246,0.8520725305736818
2.98972,42,1762,2.989723076923077,12,True,2000,True,2000,False,False,0.7729791860419372,0.7729791860419372,-1,True,0.1909235053033917,0.07675937486329681,0.09691906339431289,0.8388976845905465
2.98972,43,1772,2.989723076923077,12,True,2000,True,2000,False,False,0.7725061281247404,0.7755203657480514,-1,True,0.2990480379424768,0.07298503886356887,0.06386096641907944,0.8449008299294145
2.98972,44,1782,2.989723076923077,12,True,2000,True,2000,False,False,0.7728359372067565,0.7740562383683527,-1,True,0.23848758072723497,0.08278922564037904,0.13684055667251527,0.8418315869296189
2.98972,45,1792,2.989723076923077,12,True,2000,True,2000,False,False,0.7726451992850161,0.7726451992850161,-1,True,0.2770371883645839,0.042005625278888875,0.13976411747488005,0.8410963428077901
2.98972,46,1802,2.989723076923077,12,True,2000,True,2000,False,False,0.7726293249736653,0.7726293249736653,-1,True,0.2825862072870504,0.05840957192713517,0.11775647743990585,0.8540481310530283
2.98972,47,1812,2.989723076923077,12,False,13,False,13,True,False,-0.11454962485419984,-0.11454962485419984,12,False,0.1946869688206563,0.014122184821237272,0.12230647375140365,0.8732593722458878
2.98972,48,1822,2.989723076923077,12,True,2000,True,2000,False,False,0.7725066389173794,0.7898229482521166,-1,True,0.24934012574075204,0.027772515955625545,0.07973727443888651,0.8344683247944796
2.98972,49,1832,2.989723076923077,12,True,2000,True,2000,False,False,0.7728198249423177,0.774626579705529,-1,True,0.17440119589133068,0.0453697989820509,0.09495642795802473,0.8326156198966771
2.98973,0,1442,2.989733333333333,13,False,14,False,14,True,False,0.018508449987885894,0.018508449987885894,13,False,0.2143940684308351,0.09067103290750073,0.0860497658597722,0.8790367665540644
2.98973,1,1452,2.989733333333333,13,True,2000,True,2000,False,False,0.7716730099019331,0.7742636614693675,-1,True,0.21458652393626942,0.029468897950572892,0.05814399311458558,0.8371532859150689
2.98973,2,1462,2.989733333333333,13,True,2000,True,2000,False,False,0.7725101921835846,0.7725101921835846,-1,True,0.29628159147470906,0.025548748425688175,0.13016851064134477,0.8406427439079165
2.98973,3,1472,2.989733333333333,13,True,2000,True,2000,False,False,0.7717747402986208,0.773513154330154,-1,True,0.2848945147392038,0.022460566225260128,0.1088114562092427,0.8390284512338604
2.98973,4,1482,2.989733333333333,13,True,2000,True,2000,False,False,0.7717316502828999,0.7747423735203438,-1,True,0.21317155818287925,0.055071881708141146,0.07622970059542665,0.8473459111571517
2.98973,5,1492,2.989733333333333,13,True,2000,True,2000,False,False,0.7720391526940783,0.7734538243200574,-1,True,0.2208285152365992,0.08324331209271307,0.06166627995838049,0.8361090931063544
2.98973,6,1502,2.989733333333333,13,True,2000,True,2000,False,False,0.7717843355751456,0.7771502017468608,-1,True,0.25311615708794794,0.07903089659024126,0.10304739279834378,0.8418614270262296
2.98973,7,1512,2.989733333333333,13,True,2000,True,2000,False,False,0.7717281963535649,0.7717287076012019,-1,True,0.1785947151780931,0.09295757435999825,0.07542946339383814,0.8679816934983857
2.98973,8,1522,2.989733333333333,13,False,12,False,12,True,False,-44.8539889097141,-44.8539889097141,10,False,0.24621738087581446,0.04878098580354311,0.12414378132902043,0.8780077274604243
2.98973,9,1532,2.989733333333333,13,False,16,False,16,True,False,-1.7487421830157797,-1.7487421830157797,15,False,0.2807611431835723,0.04760354664687813,0.11540958307016169,0.8706791028941134
2.98973,10,1542,2.989733333333333,13,True,2000,True,2000,False,False,0.7717155258212725,0.7723151256728227,-1,True,0.20738201314972043,0.01001728150064568,0.0759530579127587,0.8731679822121684
2.98973,11,1552,2.989733333333333,13,False,13,False,13,True,False,-2.4864626268732275,-2.4864626268732275,12,False,0.19740555770503831,0.017432690432885922,0.13446183419315644,0.8716376121408262
2.98973,12,1562,2.989733333333333,13,True,2000,True,2000,False,False,0.7722904686303071,0.7732058017865955,-1,True,0.2690347523105754,0.0012455354456062163,0.09465518465258958,0.86345098975114
2.98973,13,1572,2.989733333333333,13,True,2000,True,2000,False,False,0.7720559088854551,0.780116140524086,-1,True,0.24275293536174924,0.01440647528438801,0.05139895955422467,0.8580611020120406
2.98973,14,1582,2.989733333333333,13,True,2000,True,2000,False,False,0.7718472822199961,0.7765196119117573,-1,True,0.18258659186839848,0.00011812322346441695,0.06619388738056203,0.8515972154456415
2.98973,15,1592,2.989733333333333,13,False,17,False,17,True,False,-0.5737306478827999,-0.5737306478827999,16,False,0.2614961619802073,0.07609971762498241,0.12845751477849987,0.8661801527952145
2.98973,16,1602,2.989733333333333,13,True,2000,True,2000,False,False,0.7718089422750349,0.7718089422750349,-1,True,0.29779842032764725,0.008059823181149917,0.08112741728353491,0.835666373442663
2.98973,17,1612,2.989733333333333,13,True,2000,True,2000,False,False,0.7720868316427896,0.7720868316427896,-1,True,0.1805299663564793,0.012642922301514993,0.057730465758175614,0.8678710676165121
2.98973,18,1622,2.989733333333333,13,True,2000,True,2000,False,False,0.7718403948897877,0.7726576722860007,-1,True,0.24036904080645277,0.01383236181450842,0.12779850305784962,0.8465156200758178
2.98973,19,1632,2.989733333333333,13,True,2000,True,2000,False,False,0.7720074126524266,0.7732640986654997,-1,True,0.2075169885567128,0.07008759916363774,0.07250620434285841,0.8678631613730633
2.98973,20,1642,2.989733333333333,13,False,21,False,21,True,False,-1.909774358869834,-1.909774358869834,20,False,0.22140255450313093,0.05424104253254069,0.1185463237752731,0.8674813735646149
2.98973,21,1652,2.989733333333333,13,True,2000,True,2000,False,False,0.7717244737835008,0.7728741134701075,-1,True,0.2509137251075734,0.07681308871582636,0.0774334551676309,0.8743237873613676
2.98973,22,1662,2.989733333333333,13,False,23,False,23,True,False,-2.104432462561858,-2.104432462561858,22,False,0.2629836898610166,0.02966196267557545,0.08979533070045925,0.8744373416188348
2.98973,23,1672,2.989733333333333,13,True,2000,True,2000,False,False,0.7726201770339605,0.7751631890757148,-1,True,0.223462435192179,0.005840910570686542,0.11921241410822526,0.8417702392833861
2.98973,24,1682,2.989733333333333,13,True,2000,True,2000,False,False,0.7717611350462835,0.7728912353846281,-1,True,0.24300686779003522,0.020888909573670036,0.058676845293510665,0.8667414674152747
2.98973,25,1692,2.989733333333333,13,True,2000,True,2000,False,False,0.7716371887807421,0.7716371887807421,-1,True,0.26597238661190264,0.08679141106181011,0.060496945115027984,0.8740770857182384
2.98973,26,1702,2.989733333333333,13,True,2000,True,2000,False,False,0.7719998165926635,0.7719998165926635,-1,True,0.26395221734996255,0.06646168234741032,0.06315665066703906,0.8737788565365742
2.98973,27,1712,2.989733333333333,13,False,15,False,15,True,False,-0.5548041355311987,-0.5548041355311987,14,False,0.2909075893021664,0.06010830791742153,0.0819254088988011,0.8791694670750236
2.98973,28,1722,2.989733333333333,13,False,14,False,14,True,False,-0.5767661579107287,-0.5767661579107287,13,False,0.2546604739419533,0.056120262567678686,0.13690101011178984,0.8672518775906594
2.98973,29,1732,2.989733333333333,13,False,11,False,11,True,False,-0.24491239807107815,-0.24491239807107815,10,False,0.2563023080204979,0.04275674584169686,0.1268893324015803,0.8778548359410918
2.98973,30,1742,2.989733333333333,13,False,17,False,17,True,False,-0.033902533745122254,-0.033902533745122254,16,False,0.18231077682218078,0.01745888714707261,0.07433773525335197,0.8766830306364561
2.98973,31,1752,2.989733333333333,13,True,2000,True,2000,False,False,0.7721869895598371,0.7792715470928029,-1,True,0.2789157734919704,0.03347064651642351,0.12822264906973246,0.8520725305736818
2.98973,32,1762,2.989733333333333,13,True,2000,True,2000,False,False,0.7718118894417043,0.7719189426251533,-1,True,0.1909235053033917,0.07675937486329681,0.09691906339431289,0.8388976845905465
2.98973,33,1772,2.989733333333333,13,True,2000,True,2000,False,False,0.7722093215602813,0.7774798515544333,-1,True,0.2990480379424768,0.07298503886356887,0.06386096641907944,0.8449008299294145
2.98973,34,1782,2.989733333333333,13,True,2000,True,2000,False,False,0.7717689577896598,0.7750361268862878,-1,True,0.23848758072723497,0.08278922564037904,0.13684055667251527,0.8418315869296189
2.98973,35,1792,2.989733333333333,13,True,2000,True,2000,False,False,0.7716327249195452,0.7718471772702252,-1,True,0.2770371883645839,0.042005625278888875,0.13976411747488005,0.8410963428077901
2.98973,36,1802,2.989733333333333,13,True,2000,True,2000,False,False,0.7717202062026857,0.7719150002263966,-1,True,0.2825862072870504,0.05840957192713517,0.11775647743990585,0.8540481310530283
2.98973,37,1812,2.989733333333333,13,False,13,False,13,True,False,-0.12051950049726666,-0.12051950049726666,12,False,0.1946869688206563,0.014122184821237272,0.12230647375140365,0.8732593722458878
2.98973,38,1822,2.989733333333333,13,True,2000,True,2000,False,False,0.7731713750348629,0.7768811420923041,-1,True,0.24934012574075204,0.027772515955625545,0.07973727443888651,0.8344683247944796
2.98973,39,1832,2.989733333333333,13,True,2000,True,2000,False,False,0.7717316090105991,0.7744562872373646,-1,True,0.17440119589133068,0.0453697989820509,0.09495642795802473,0.8326156198966771
2.98973,40,1842,2.989733333333333,13,False,11,False,11,True,False,-0.5574409090279813,-0.5574409090279813,10,False,0.2913653926348278,0.037116400277670734,0.14792122491364518,0.8696271563420245
2.98973,41,1852,2.989733333333333,13,True,2000,True,2000,False,False,0.7717663015255171,0.7797318519687786,-1,True,0.21716961162825932,0.030203219949610383,0.05271473962151353,0.8619482845353963
2.98973,42,1862,2.989733333333333,13,True,2000,True,2000,False,False,0.7717845226167753,0.7737232442463097,-1,True,0.17425210929424978,0.0018445263135249636,0.0653206984390764,0.8708152311781062
2.98973,43,1872,2.989733333333333,13,True,2000,True,2000,False,False,0.7716304181066098,0.771755699371073,-1,True,0.22717779280431022,0.04546589582524322,0.10456344636571191,0.8343421958502946
2.98973,44,1882,2.989733333333333,13,True,2000,True,2000,False,False,0.7716417156859222,0.7716417156859222,-1,True,0.26225899905572175,0.08069386802856816,0.13126435629041233,0.832504232270336
2.98973,45,1892,2.989733333333333,13,True,2000,True,2000,False,False,0.7718042234158543,0.772360306325444,-1,True,0.21758670649259693,0.03640805261476351,0.1337166208189094,0.848132639769534
2.98973,46,1902,2.989733333333333,13,True,2000,True,2000,False,False,0.7716080377990637,0.7773150420895341,-1,True,0.1837319076852576,0.04993419815637051,0.10544958006506096,0.8416917405056489
2.98973,47,1912,2.989733333333333,13,True,2000,True,2000,False,False,0.7716734095386205,0.7716734095386205,-1,True,0.17357011404700023,0.011732479025489274,0.10170323728539016,0.8576547055121367
2.98973,48,1922,2.989733333333333,13,True,2000,True,2000,False,False,0.7719122594279045,0.7719122594279045,-1,True,0.2661501699787825,0.010657715884355323,0.08065401071504351,0.8571662647469754
2.98973,49,1932,2.989733333333333,13,False,11,False,11,True,False,-1.4025383329008378,-1.4025383329008378,10,False,0.2593683436869607,0.025671871572491203,0.1327867071553737,0.8782424830573718
2.98974,0,1542,2.98974358974359,14,True,2000,True,2000,False,False,0.7707705860900875,0.7709885957016855,-1,True,0.20738201314972043,0.01001728150064568,0.0759530579127587,0.8731679822121684
2.98974,1,1552,2.98974358974359,14,False,13,False,13,True,False,-2.5517363115699285,-2.5517363115699285,12,False,0.19740555770503831,0.017432690432885922,0.13446183419315644,0.8716376121408262
2.98974,2,1562,2.98974358974359,14,True,2000,True,2000,False,False,0.770805983362196,0.771012665283752,-1,True,0.2690347523105754,0.0012455354456062163,0.09465518465258958,0.86345098975114
2.98974,3,1572,2.98974358974359,14,True,2000,True,2000,False,False,0.7707641740926147,0.7810970149800368,-1,True,0.24275293536174924,0.01440647528438801,0.05139895955422467,0.8580611020120406
2.98974,4,1582,2.98974358974359,14,True,2000,True,2000,False,False,0.7722771718475869,0.7746194787389117,-1,True,0.18258659186839848,0.00011812322346441695,0.06619388738056203,0.8515972154456415
2.98974,5,1592,2.98974358974359,14,False,17,False,17,True,False,-0.6230888079567148,-0.6230888079567148,16,False,0.2614961619802073,0.07609971762498241,0.12845751477849987,0.8661801527952145
2.98974,6,1602,2.98974358974359,14,True,2000,True,2000,False,False,0.7709810759511164,0.7709810759511164,-1,True,0.29779842032764725,0.008059823181149917,0.08112741728353491,0.835666373442663
2.98974,7,1612,2.98974358974359,14,True,2000,True,2000,False,False,0.7708194848217393,0.7750055849530012,-1,True,0.1805299663564793,0.012642922301514993,0.057730465758175614,0.8678710676165121
2.98974,8,1622,2.98974358974359,14,True,2000,True,2000,False,False,0.7706786323586742,0.7711116231400011,-1,True,0.24036904080645277,0.01383236181450842,0.12779850305784962,0.8465156200758178
2.98974,9,1632,2.98974358974359,14,True,2000,True,2000,False,False,0.7708108101779532,0.7708108101779532,-1,True,0.2075169885567128,0.07008759916363774,0.07250620434285841,0.8678631613730633
2.98974,10,1642,2.98974358974359,14,False,21,False,21,True,False,-2.6318055970632686,-2.6318055970632686,19,False,0.22140255450313093,0.05424104253254069,0.1185463237752731,0.8674813735646149
2.98974,11,1652,2.98974358974359,14,True,2000,True,2000,False,False,0.7706560497706502,0.7732149370924336,-1,True,0.2509137251075734,0.07681308871582636,0.0774334551676309,0.8743237873613676
2.98974,12,1662,2.98974358974359,14,False,23,False,23,True,False,-4.4668835830901,-4.4668835830901,21,False,0.2629836898610166,0.02966196267557545,0.08979533070045925,0.8744373416188348
2.98974,13,1672,2.98974358974359,14,True,2000,True,2000,False,False,0.7707187840400276,0.7711667527605914,-1,True,0.223462435192179,0.005840910570686542,0.11921241410822526,0.8417702392833861
2.98974,14,1682,2.98974358974359,14,True,2000,True,2000,False,False,0.7707460810211499,0.7707945757841584,-1,True,0.24300686779003522,0.020888909573670036,0.058676845293510665,0.8667414674152747
2.98974,15,1692,2.98974358974359,14,True,2000,True,2000,False,False,0.7709938900447203,0.7709938900447203,-1,True,0.26597238661190264,0.08679141106181011,0.060496945115027984,0.8740770857182384
2.98974,16,1702,2.98974358974359,14,True,2000,True,2000,False,False,0.7708717980068905,0.7721409129651755,-1,True,0.26395221734996255,0.06646168234741032,0.06315665066703906,0.8737788565365742
2.98974,17,1712,2.98974358974359,14,False,15,False,15,True,False,-0.5767389354678265,-0.5767389354678265,14,False,0.2909075893021664,0.06010830791742153,0.0819254088988011,0.8791694670750236
2.98974,18,1722,2.98974358974359,14,False,14,False,14,True,False,-0.5942187414318088,-0.5942187414318088,13,False,0.2546604739419533,0.056120262567678686,0.13690101011178984,0.8672518775906594
2.98974,19,1732,2.98974358974359,14,False,11,False,11,True,False,-0.2499036356965057,-0.2499036356965057,10,False,0.2563023080204979,0.04275674584169686,0.1268893324015803,0.8778548359410918
2.98974,20,1742,2.98974358974359,14,False,17,False,17,True,False,-0.04688808995247071,-0.04688808995247071,16,False,0.18231077682218078,0.01745888714707261,0.07433773525335197,0.8766830306364561
2.98974,21,1752,2.98974358974359,14,True,2000,True,2000,False,False,0.770742615917685,0.7727501598197541,-1,True,0.2789157734919704,0.03347064651642351,0.12822264906973246,0.8520725305736818
2.98974,22,1762,2.98974358974359,14,True,2000,True,2000,False,False,0.7708372843171181,0.7708846037174392,-1,True,0.1909235053033917,0.07675937486329681,0.09691906339431289,0.8388976845905465
2.98974,23,1772,2.98974358974359,14,True,2000,True,2000,False,False,0.7707360218707158,0.7746475833045007,-1,True,0.2990480379424768,0.07298503886356887,0.06386096641907944,0.8449008299294145
2.98974,24,1782,2.98974358974359,14,True,2000,True,2000,False,False,0.7707678651470904,0.7773614550115115,-1,True,0.23848758072723497,0.08278922564037904,0.13684055667251527,0.8418315869296189
2.98974,25,1792,2.98974358974359,14,True,2000,True,2000,False,False,0.7730702853976765,0.7730702853976765,-1,True,0.2770371883645839,0.042005625278888875,0.13976411747488005,0.8410963428077901
2.98974,26,1802,2.98974358974359,14,True,2000,True,2000,False,False,0.7706807972510981,0.7707936587146876,-1,True,0.2825862072870504,0.05840957192713517,0.11775647743990585,0.8540481310530283
2.98974,27,1812,2.98974358974359,14,False,13,False,13,True,False,-0.12656736026154336,-0.12656736026154336,12,False,0.1946869688206563,0.014122184821237272,0.12230647375140365,0.8732593722458878
2.98974,28,1822,2.98974358974359,14,True,2000,True,2000,False,False,0.7708318464658542,0.771184474307556,-1,True,0.24934012574075204,0.027772515955625545,0.07973727443888651,0.8344683247944796
2.98974,29,1832,2.98974358974359,14,True,2000,True,2000,False,False,0.7710512510535835,0.7743878094461148,-1,True,0.17440119589133068,0.0453697989820509,0.09495642795802473,0.8326156198966771
2.98974,30,1842,2.98974358974359,14,False,11,False,11,True,False,-0.5644222162932889,-0.5644222162932889,10,False,0.2913653926348278,0.037116400277670734,0.14792122491364518,0.8696271563420245
2.98974,31,1852,2.98974358974359,14,True,2000,True,2000,False,False,0.7706897186404211,0.7707141620230576,-1,True,0.21716961162825932,0.030203219949610383,0.05271473962151353,0.8619482845353963
2.98974,32,1862,2.98974358974359,14,True,2000,True,2000,False,False,0.7722077361261076,0.7740494796225779,-1,True,0.17425210929424978,0.0018445263135249636,0.0653206984390764,0.8708152311781062
2.98974,33,1872,2.98974358974359,14,True,2000,True,2000,False,False,0.770737264411828,0.770737264411828,-1,True,0.22717779280431022,0.04546589582524322,0.10456344636571191,0.8343421958502946
2.98974,34,1882,2.98974358974359,14,True,2000,True,2000,False,False,0.7708835388877872,0.7732155278264484,-1,True,0.26225899905572175,0.08069386802856816,0.13126435629041233,0.832504232270336
2.98974,35,1892,2.98974358974359,14,True,2000,True,2000,False,False,0.7706831212898133,0.7707511189254621,-1,True,0.21758670649259693,0.03640805261476351,0.1337166208189094,0.848132639769534
2.98974,36,1902,2.98974358974359,14,True,2000,True,2000,False,False,0.7708314144213402,0.7722298693315635,-1,True,0.1837319076852576,0.04993419815637051,0.10544958006506096,0.8416917405056489
2.98974,37,1912,2.98974358974359,14,True,2000,True,2000,False,False,0.770674488510976,0.771588959254667,-1,True,0.17357011404700023,0.011732479025489274,0.10170323728539016,0.8576547055121367
2.98974,38,1922,2.98974358974359,14,True,2000,True,2000,False,False,0.7706942908960231,0.7718440501370939,-1,True,0.2661501699787825,0.010657715884355323,0.08065401071504351,0.8571662647469754
2.98974,39,1932,2.98974358974359,14,False,11,False,11,True,False,-1.421623190681417,-1.421623190681417,10,False,0.2593683436869607,0.025671871572491203,0.1327867071553737,0.8782424830573718
2.98974,40,1942,2.98974358974359,14,True,2000,True,2000,False,False,0.7709127348900608,0.7738050646133797,-1,True,0.24551378556823555,0.016006667673280153,0.08885531368646987,0.8383134660532122
2.98974,41,1952,2.98974358974359,14,False,13,False,13,True,False,0.012889432599215628,0.012889432599215628,12,False,0.18956524396912755,0.04308348014577236,0.10168354540671569,0.8775807010155156
2.98974,42,1962,2.98974358974359,14,False,15,False,15,True,False,-0.1413877359471553,-0.1413877359471553,14,False,0.19105729156786927,0.009714830987800894,0.11430683661858017,0.8715218087945714
2.98974,43,1972,2.98974358974359,14,True,2000,True,2000,False,False,0.7706771419359429,0.7706771419359429,-1,True,0.20242071032459213,0.0699250106770122,0.06370835908473574,0.8626957111827421
2.98974,44,1982,2.98974358974359,14,True,2000,True,2000,False,False,0.771821273071352,0.7770255049401099,-1,True,0.2601209603152402,0.09906227146115598,0.09413486950951344,0.8541450635006249
2.98974,45,1992,2.98974358974359,14,True,2000,True,2000,False,False,0.7708890138031567,0.7745838430493927,-1,True,0.2818236291946006,0.04214868518163295,0.12218093193282474,0.8341848571091932
2.98974,46,2002,2.98974358974359,14,True,2000,True,2000,False,False,0.7706841199480804,0.7706841199480804,-1,True,0.25508678597446155,0.02972833830086993,0.10238870808737098,0.855721594849707
2.98974,47,2012,2.98974358974359,14,True,2000,True,2000,False,False,0.7707153510384078,0.782639997934499,-1,True,0.17927005565712648,0.03779098168682326,0.07480745978855241,0.851744242091147
2.98974,48,2022,2.98974358974359,14,True,2000,True,2000,False,False,0.7722956572616464,0.7749178525748497,-1,True,0.17121661979500943,0.0499057810851988,0.06133836899348352,0.8324987009088815
2.98974,49,2032,2.98974358974359,14,True,2000,True,2000,False,False,0.7708117759869928,0.7708117759869928,-1,True,0.2942252530946347,0.08849232625957802,0.07777032291721497,0.8665212355820651
2.98975,0,1642,2.989753846153846,15,False,21,False,21,True,False,-3.801578777327069,-3.801578777327069,19,False,0.22140255450313093,0.05424104253254069,0.1185463237752731,0.8674813735646149
2.98975,1,1652,2.989753846153846,15,True,2000,True,2000,False,False,0.769702570039364,0.7726484776743948,-1,True,0.2509137251075734,0.07681308871582636,0.0774334551676309,0.8743237873613676
2.98975,2,1662,2.989753846153846,15,False,23,False,23,True,False,-56.15085465073341,-56.15085465073341,21,False,0.2629836898610166,0.02966196267557545,0.08979533070045925,0.8744373416188348
2.98975,3,1672,2.989753846153846,15,True,2000,True,2000,False,False,0.7704229215342783,0.7704229215342783,-1,True,0.223462435192179,0.005840910570686542,0.11921241410822526,0.8417702392833861
2.98975,4,1682,2.989753846153846,15,True,2000,True,2000,False,False,0.7697074528349623,0.7714429511895499,-1,True,0.24300686779003522,0.020888909573670036,0.058676845293510665,0.8667414674152747
2.98975,5,1692,2.989753846153846,15,True,2000,True,2000,False,False,0.769604222425787,0.7709201271675544,-1,True,0.26597238661190264,0.08679141106181011,0.060496945115027984,0.8740770857182384
2.98975,6,1702,2.989753846153846,15,True,2000,True,2000,False,False,0.7696764490128595,0.7728902453864507,-1,True,0.26395221734996255,0.06646168234741032,0.06315665066703906,0.8737788565365742
2.98975,7,1712,2.989753846153846,15,False,15,False,15,True,False,-0.5977157007649858,-0.5977157007649858,14,False,0.2909075893021664,0.06010830791742153,0.0819254088988011,0.8791694670750236
2.98975,8,1722,2.989753846153846,15,False,14,False,14,True,False,-0.6110199172853824,-0.6110199172853824,13,False,0.2546604739419533,0.056120262567678686,0.13690101011178984,0.8672518775906594
2.98975,9,1732,2.989753846153846,15,False,11,False,11,True,False,-0.2549556722915837,-0.2549556722915837,10,False,0.2563023080204979,0.04275674584169686,0.1268893324015803,0.8778548359410918
2.98975,10,1742,2.989753846153846,15,False,17,False,17,True,False,-0.05997150133160964,-0.05997150133160964,16,False,0.18231077682218078,0.01745888714707261,0.07433773525335197,0.8766830306364561
2.98975,11,1752,2.989753846153846,15,True,2000,True,2000,False,False,0.7696389339991886,0.7739786878295939,-1,True,0.2789157734919704,0.03347064651642351,0.12822264906973246,0.8520725305736818
2.98975,12,1762,2.989753846153846,15,True,2000,True,2000,False,False,0.7698778456701266,0.7698778456701266,-1,True,0.1909235053033917,0.07675937486329681,0.09691906339431289,0.8388976845905465
2.98975,13,1772,2.989753846153846,15,True,2000,True,2000,False,False,0.7699159409067607,0.7744908787403542,-1,True,0.2990480379424768,0.07298503886356887,0.06386096641907944,0.8449008299294145
2.98975,14,1782,2.989753846153846,15,True,2000,True,2000,False,False,0.7696464332842486,0.7702076966984008,-1,True,0.23848758072723497,0.08278922564037904,0.13684055667251527,0.8418315869296189
2.98975,15,1792,2.989753846153846,15,True,2000,True,2000,False,False,0.7703991797708852,0.7720155398768194,-1,True,0.2770371883645839,0.042005625278888875,0.13976411747488005,0.8410963428077901
2.98975,16,1802,2.989753846153846,15,True,2000,True,2000,False,False,0.7696003234926077,0.7696003234926077,-1,True,0.2825862072870504,0.05840957192713517,0.11775647743990585,0.8540481310530283
2.98975,17,1812,2.989753846153846,15,False,13,False,13,True,False,-0.13319894983142186,-0.13319894983142186,12,False,0.1946869688206563,0.014122184821237272,0.12230647375140365,0.8732593722458878
2.98975,18,1822,2.989753846153846,15,True,2000,True,2000,False,False,0.7698748472825676,0.7790140091654735,-1,True,0.24934012574075204,0.027772515955625545,0.07973727443888651,0.8344683247944796
2.98975,19,1832,2.989753846153846,15,True,2000,True,2000,False,False,0.7696173866950387,0.7744248931478561,-1,True,0.17440119589133068,0.0453697989820509,0.09495642795802473,0.8326156198966771
2.98975,20,1842,2.989753846153846,15,False,11,False,11,True,False,-0.57130656902846,-0.57130656902846,10,False,0.2913653926348278,0.037116400277670734,0.14792122491364518,0.8696271563420245
2.98975,21,1852,2.989753846153846,15,True,2000,True,2000,False,False,0.7697928498370542,0.7826135342029404,-1,True,0.21716961162825932,0.030203219949610383,0.05271473962151353,0.8619482845353963
2.98975,22,1862,2.989753846153846,15,True,2000,True,2000,False,False,0.7696990938786508,0.7700428432228164,-1,True,0.17425210929424978,0.0018445263135249636,0.0653206984390764,0.8708152311781062
2.98975,23,1872,2.989753846153846,15,True,2000,True,2000,False,False,0.7697529141903424,0.7697529141903424,-1,True,0.22717779280431022,0.04546589582524322,0.10456344636571191,0.8343421958502946
2.98975,24,1882,2.989753846153846,15,True,2000,True,2000,False,False,0.7695932158524529,0.7729588007735099,-1,True,0.26225899905572175,0.08069386802856816,0.13126435629041233,0.832504232270336
2.98975,25,1892,2.989753846153846,15,True,2000,True,2000,False,False,0.7699744545176223,0.7699744545176223,-1,True,0.21758670649259693,0.03640805261476351,0.1337166208189094,0.848132639769534
2.98975,26,1902,2.989753846153846,15,True,2000,True,2000,False,False,0.7697076495160213,0.7764440713144543,-1,True,0.1837319076852576,0.04993419815637051,0.10544958006506096,0.8416917405056489
2.98975,27,1912,2.989753846153846,15,True,2000,True,2000,False,False,0.7696313953317141,0.7733659930128723,-1,True,0.17357011404700023,0.011732479025489274,0.10170323728539016,0.8576547055121367
2.98975,28,1922,2.989753846153846,15,True,2000,True,2000,False,False,0.7696539165865458,0.772484110877583,-1,True,0.2661501699787825,0.010657715884355323,0.08065401071504351,0.8571662647469754
2.98975,29,1932,2.989753846153846,15,False,11,False,11,True,False,-1.4406354957414709,-1.4406354957414709,10,False,0.2593683436869607,0.025671871572491203,0.1327867071553737,0.8782424830573718
2.98975,30,1942,2.989753846153846,15,True,2000,True,2000,False,False,0.7700589173717344,0.7702746411865735,-1,True,0.24551378556823555,0.016006667673280153,0.08885531368646987,0.8383134660532122
2.98975,31,1952,2.989753846153846,15,False,13,False,13,True,False,0.008053565537485236,0.008053565537485236,12,False,0.18956524396912755,0.04308348014577236,0.10168354540671569,0.8775807010155156
2.98975,32,1962,2.989753846153846,15,False,15,False,15,True,False,-0.1527940891299882,-0.1527940891299882,14,False,0.19105729156786927,0.009714830987800894,0.11430683661858017,0.8715218087945714
2.98975,33,1972,2.989753846153846,15,True,2000,True,2000,False,False,0.7697545310782299,0.7697976888965545,-1,True,0.20242071032459213,0.0699250106770122,0.06370835908473574,0.8626957111827421
2.98975,34,1982,2.989753846153846,15,True,2000,True,2000,False,False,0.7701411775555228,0.7768998987056935,-1,True,0.2601209603152402,0.09906227146115598,0.09413486950951344,0.8541450635006249
2.98975,35,1992,2.989753846153846,15,True,2000,True,2000,False,False,0.76987655805909,0.7723894114180943,-1,True,0.2818236291946006,0.04214868518163295,0.12218093193282474,0.8341848571091932
2.98975,36,2002,2.989753846153846,15,True,2000,True,2000,False,False,0.769846262765111,0.769846262765111,-1,True,0.25508678597446155,0.02972833830086993,0.10238870808737098,0.855721594849707
2.98975,37,2012,2.989753846153846,15,True,2000,True,2000,False,False,0.7699598895875962,0.7810937809624904,-1,True,0.17927005565712648,0.03779098168682326,0.07480745978855241,0.851744242091147
2.98975,38,2022,2.989753846153846,15,True,2000,True,2000,False,False,0.770355829041703,0.7744078368358357,-1,True,0.17121661979500943,0.0499057810851988,0.06133836899348352,0.8324987009088815
2.98975,39,2032,2.989753846153846,15,True,2000,True,2000,False,False,0.7696646558670907,0.7722129659064484,-1,True,0.2942252530946347,0.08849232625957802,0.07777032291721497,0.8665212355820651
2.98975,40,2042,2.989753846153846,15,True,2000,True,2000,False,False,0.7699163995431585,0.7699163995431585,-1,True,0.2713530889241538,0.062110776188578604,0.10351538692139917,0.8608524421832131
2.98975,41,2052,2.989753846153846,15,True,2000,True,2000,False,False,0.76964656853656,0.7708353899446756,-1,True,0.23667386664797124,0.05023670222715491,0.06688007514020533,0.8316443396489412
2.98975,42,2062,2.989753846153846,15,True,2000,True,2000,False,False,0.7695991022514111,0.7699905219543843,-1,True,0.20124998285848358,0.07322435156360166,0.10351825419820654,0.84946776845221
2.98975,43,2072,2.989753846153846,15,True,2000,True,2000,False,False,0.7697633894871628,0.7697633894871628,-1,True,0.24627679893257912,0.017929290244041097,0.06869913413375126,0.8458645324920843
2.98975,44,2082,2.989753846153846,15,True,2000,True,2000,False,False,0.7696742145007869,0.7729540859261146,-1,True,0.24759702401367278,0.07567302488735178,0.06609834725713686,0.8752272158686061
2.98975,45,2092,2.989753846153846,15,True,2000,True,2000,False,False,0.7697091167310307,0.7697091167310307,-1,True,0.23618119627529538,0.06304053164514302,0.10947045808285727,0.8508708136716585
2.98975,46,2102,2.989753846153846,15,True,2000,True,2000,False,False,0.769640885866297,0.7697156851252739,-1,True,0.21452305250434334,0.06345160832564764,0.11149136477901898,0.8651737551245997
2.98975,47,2112,2.989753846153846,15,True,2000,True,2000,False,False,0.7696513155175706,0.7726639080714363,-1,True,0.18141305334463131,0.01488852932982503,0.1057969903403933,0.8610144843162731
2.98975,48,2122,2.989753846153846,15,True,2000,True,2000,False,False,0.7695839680406877,0.7697669525391773,-1,True,0.296767874522448,0.07250983823365212,0.10545762292956233,0.838852467068411
2.98975,49,2132,2.989753846153846,15,True,2000,True,2000,False,False,0.7699867494742991,0.7722944932335676,-1,True,0.29982805285536435,0.058133451933196904,0.12038831458548344,0.8491698803528378
2.98976,0,1742,2.989764102564102,16,False,17,False,17,True,False,-0.07321265530887165,-0.07321265530887165,16,False,0.18231077682218078,0.01745888714707261,0.07433773525335197,0.8766830306364561
2.98976,1,1752,2.989764102564102,16,True,2000,True,2000,False,False,0.7684213929513608,0.769172120038217,-1,True,0.2789157734919704,0.03347064651642351,0.12822264906973246,0.8520725305736818
2.98976,2,1762,2.989764102564102,16,True,2000,True,2000,False,False,0.7684582101857229,0.7685363783855117,-1,True,0.1909235053033917,0.07675937486329681,0.09691906339431289,0.8388976845905465
2.98976,3,1772,2.989764102564102,16,True,2000,True,2000,False,False,0.7694015007129544,0.7727318949394621,-1,True,0.2990480379424768,0.07298503886356887,0.06386096641907944,0.8449008299294145
2.98976,4,1782,2.989764102564102,16,True,2000,True,2000,False,False,0.7686081664824191,0.7699166449190169,-1,True,0.23848758072723497,0.08278922564037904,0.13684055667251527,0.8418315869296189
2.98976,5,1792,2.989764102564102,16,True,2000,True,2000,False,False,0.7686459521850676,0.7686459521850676,-1,True,0.2770371883645839,0.042005625278888875,0.13976411747488005,0.8410963428077901
2.98976,6,1802,2.989764102564102,16,True,2000,True,2000,False,False,0.7684117482850573,0.7685050343318822,-1,True,0.2825862072870504,0.05840957192713517,0.11775647743990585,0.8540481310530283
2.98976,7,1812,2.989764102564102,16,False,13,False,13,True,False,-0.13944620121918544,-0.13944620121918544,12,False,0.1946869688206563,0.014122184821237272,0.12230647375140365,0.8732593722458878
2.98976,8,1822,2.989764102564102,16,True,2000,True,2000,False,False,0.768603222572211,0.7761604665465436,-1,True,0.24934012574075204,0.027772515955625545,0.07973727443888651,0.8344683247944796
2.98976,9,1832,2.989764102564102,16,True,2000,True,2000,False,False,0.770070646494243,0.7745705680684759,-1,True,0.17440119589133068,0.0453697989820509,0.09495642795802473,0.8326156198966771
2.98976,10,1842,2.989764102564102,16,False,11,False,11,True,False,-0.5780907915498951,-0.5780907915498951,10,False,0.2913653926348278,0.037116400277670734,0.14792122491364518,0.8696271563420245
2.98976,11,1852,2.989764102564102,16,True,2000,True,2000,False,False,0.7700086214257096,0.7956075045408574,-1,True,0.21716961162825932,0.030203219949610383,0.05271473962151353,0.8619482845353963
2.98976,12,1862,2.989764102564102,16,True,2000,True,2000,False,False,0.7691542315441915,0.7810887187433413,-1,True,0.17425210929424978,0.0018445263135249636,0.0653206984390764,0.8708152311781062
2.98976,13,1872,2.989764102564102,16,True,2000,True,2000,False,False,0.7684700007137826,0.7690445044350774,-1,True,0.22717779280431022,0.04546589582524322,0.10456344636571191,0.8343421958502946
2.98976,14,1882,2.989764102564102,16,True,2000,True,2000,False,False,0.7684488583986396,0.7728016380912287,-1,True,0.26225899905572175,0.08069386802856816,0.13126435629041233,0.832504232270336
2.98976,15,1892,2.989764102564102,16,True,2000,True,2000,False,False,0.7684750950046655,0.7685745567237916,-1,True,0.21758670649259693,0.03640805261476351,0.1337166208189094,0.848132639769534
2.98976,16,1902,2.989764102564102,16,True,2000,True,2000,False,False,0.7684636870165233,0.7684636870165233,-1,True,0.1837319076852576,0.04993419815637051,0.10544958006506096,0.8416917405056489
2.98976,17,1912,2.989764102564102,16,True,2000,True,2000,False,False,0.7684744748677574,0.7688333993577652,-1,True,0.17357011404700023,0.011732479025489274,0.10170323728539016,0.8576547055121367
2.98976,18,1922,2.989764102564102,16,True,2000,True,2000,False,False,0.7684509331162785,0.7738110522586743,-1,True,0.2661501699787825,0.010657715884355323,0.08065401071504351,0.8571662647469754
2.98976,19,1932,2.989764102564102,16,False,11,False,11,True,False,-1.4594631588495717,-1.4594631588495717,10,False,0.2593683436869607,0.025671871572491203,0.1327867071553737,0.8782424830573718
2.98976,20,1942,2.989764102564102,16,True,2000,True,2000,False,False,0.7685643912326703,0.7685643912326703,-1,True,0.24551378556823555,0.016006667673280153,0.08885531368646987,0.8383134660532122
2.98976,21,1952,2.989764102564102,16,False,13,False,13,True,False,0.0032323527747380454,0.0032323527747380454,12,False,0.18956524396912755,0.04308348014577236,0.10168354540671569,0.8775807010155156
2.98976,22,1962,2.989764102564102,16,False,15,False,15,True,False,-0.1645440703486779,-0.1645440703486779,14,False,0.19105729156786927,0.009714830987800894,0.11430683661858017,0.8715218087945714
2.98976,23,1972,2.989764102564102,16,True,2000,True,2000,False,False,0.7684190447138575,0.7685052660330274,-1,True,0.20242071032459213,0.0699250106770122,0.06370835908473574,0.8626957111827421
2.98976,24,1982,2.989764102564102,16,True,2000,True,2000,False,False,0.7690483630681411,0.7749592414357707,-1,True,0.2601209603152402,0.09906227146115598,0.09413486950951344,0.8541450635006249
2.98976,25,1992,2.989764102564102,16,True,2000,True,2000,False,False,0.7686068581398161,0.7699709032225979,-1,True,0.2818236291946006,0.04214868518163295,0.12218093193282474,0.8341848571091932
2.98976,26,2002,2.989764102564102,16,True,2000,True,2000,False,False,0.7684604801175787,0.7691621090958427,-1,True,0.25508678597446155,0.02972833830086993,0.10238870808737098,0.855721594849707
2.98976,27,2012,2.989764102564102,16,True,2000,True,2000,False,False,0.7684233158217885,0.7791266446797901,-1,True,0.17927005565712648,0.03779098168682326,0.07480745978855241,0.851744242091147
2.98976,28,2022,2.989764102564102,16,True,2000,True,2000,False,False,0.7689003529870028,0.7739197280192139,-1,True,0.17121661979500943,0.0499057810851988,0.06133836899348352,0.8324987009088815
2.98976,29,2032,2.989764102564102,16,True,2000,True,2000,False,False,0.768753322862914,0.7705271986538026,-1,True,0.2942252530946347,0.08849232625957802,0.07777032291721497,0.8665212355820651
2.98976,30,2042,2.989764102564102,16,True,2000,True,2000,False,False,0.7686441595642749,0.7686441595642749,-1,True,0.2713530889241538,0.062110776188578604,0.10351538692139917,0.8608524421832131
2.98976,31,2052,2.989764102564102,16,True,2000,True,2000,False,False,0.7685258201890636,0.7685258201890636,-1,True,0.23667386664797124,0.05023670222715491,0.06688007514020533,0.8316443396489412
2.98976,32,2062,2.989764102564102,16,True,2000,True,2000,False,False,0.7689941197386501,0.7689941197386501,-1,True,0.20124998285848358,0.07322435156360166,0.10351825419820654,0.84946776845221
2.98976,33,2072,2.989764102564102,16,True,2000,True,2000,False,False,0.7686895852695513,0.7697793689895434,-1,True,0.24627679893257912,0.017929290244041097,0.06869913413375126,0.8458645324920843
2.98976,34,2082,2.989764102564102,16,True,2000,True,2000,False,False,0.7686503177644993,0.7691006232806338,-1,True,0.24759702401367278,0.07567302488735178,0.06609834725713686,0.8752272158686061
2.98976,35,2092,2.989764102564102,16,True,2000,True,2000,False,False,0.7684702786268981,0.7684702786268981,-1,True,0.23618119627529538,0.06304053164514302,0.10947045808285727,0.8508708136716585
2.98976,36,2102,2.989764102564102,16,True,2000,True,2000,False,False,0.7684269846968016,0.7684813620517078,-1,True,0.21452305250434334,0.06345160832564764,0.11149136477901898,0.8651737551245997
2.98976,37,2112,2.989764102564102,16,True,2000,True,2000,False,False,0.7685729121851315,0.7708449084378235,-1,True,0.18141305334463131,0.01488852932982503,0.1057969903403933,0.8610144843162731
2.98976,38,2122,2.989764102564102,16,True,2000,True,2000,False,False,0.7690063670081967,0.7704648702798843,-1,True,0.296767874522448,0.07250983823365212,0.10545762292956233,0.838852467068411
2.98976,39,2132,2.989764102564102,16,True,2000,True,2000,False,False,0.7688131961525105,0.7740559512653264,-1,True,0.29982805285536435,0.058133451933196904,0.12038831458548344,0.8491698803528378
2.98976,40,2142,2.989764102564102,16,True,2000,True,2000,False,False,0.7688767686602397,0.7691736449555571,-1,True,0.17819866746093227,0.08528513557084967,0.10905771089195238,0.8330024917820471
2.98976,41,2152,2.989764102564102,16,False,12,False,12,True,False,-23.05298093182538,-23.05298093182538,10,False,0.29080979903753945,0.0025069312285918802,0.12337365140518253,0.8768820327712984
2.98976,42,2162,2.989764102564102,16,True,2000,True,2000,False,False,0.7685237225508245,0.7686705492152262,-1,True,0.25797547382314845,0.09934838666225251,0.08715982697155009,0.8704113439601784
2.98976,43,2172,2.989764102564102,16,True,2000,True,2000,False,False,0.768473358403388,0.7694315493328372,-1,True,0.220418576228043,0.014960282015380622,0.1295346408065825,0.8470230120281779
2.98976,44,2182,2.989764102564102,16,False,10,False,10,True,False,-1.1376009982010187,-1.1376009982010187,9,False,0.2335594961474325,0.08067139689100458,0.1449514601101316,0.8794881653680796
2.98976,45,2192,2.989764102564102,16,True,2000,True,2000,False,False,0.7701875775244506,0.7752540504858046,-1,True,0.1818204077377064,0.07976913455453755,0.11567035648916117,0.8337994668045211
2.98976,46,2202,2.989764102564102,16,True,2000,True,2000,False,False,0.7684558368725719,0.7684558368725719,-1,True,0.23658351869798988,0.00821541332642337,0.10913522597256255,0.8351052878816935
2.98976,47,2212,2.989764102564102,16,True,2000,True,2000,False,False,0.7684591571159468,0.769991460166578,-1,True,0.27933239379589336,0.042100347210082226,0.07832306774371196,0.8379765402211272
2.98976,48,2222,2.989764102564102,16,False,15,False,15,True,False,-0.010664198377864587,-0.010664198377864587,14,False,0.2645360233535613,0.028898548547808135,0.13495883093173805,0.8663530403621683
2.98976,49,2232,2.989764102564102,16,False,15,False,15,True,False,-1.804146513106981,-1.804146513106981,14,False,0.2126518648220871,0.0390628731889893,0.12105739497916967,0.8709300660093188
2.98977,0,1842,2.989774358974359,17,False,11,False,11,True,False,-0.5847739402383545,-0.5847739402383545,10,False,0.2913653926348278,0.037116400277670734,0.14792122491364518,0.8696271563420245
2.98977,1,1852,2.989774358974359,17,True,2000,True,2000,False,False,0.7671195091143573,0.7862661968175866,-1,True,0.21716961162825932,0.030203219949610383,0.05271473962151353,0.8619482845353963
2.98977,2,1862,2.989774358974359,17,True,2000,True,2000,False,False,0.7679546955876082,0.7753645824114634,-1,True,0.17425210929424978,0.0018445263135249636,0.0653206984390764,0.8708152311781062
2.98977,3,1872,2.989774358974359,17,True,2000,True,2000,False,False,0.7675236541660971,0.7678081037352373,-1,True,0.22717779280431022,0.04546589582524322,0.10456344636571191,0.8343421958502946
2.98977,4,1882,2.989774358974359,17,True,2000,True,2000,False,False,0.7671793316699769,0.7727480259658436,-1,True,0.26225899905572175,0.08069386802856816,0.13126435629041233,0.832504232270336
2.98977,5,1892,2.989774358974359,17,True,2000,True,2000,False,False,0.7672366666255628,0.7672366666255628,-1,True,0.21758670649259693,0.03640805261476351,0.1337166208189094,0.848132639769534
2.98977,6,1902,2.989774358974359,17,True,2000,True,2000,False,False,0.7671414073158798,0.7771204224792578,-1,True,0.1837319076852576,0.04993419815637051,0.10544958006506096,0.8416917405056489
2.98977,7,1912,2.989774358974359,17,True,2000,True,2000,False,False,0.7674624831706465,0.7695410994911683,-1,True,0.17357011404700023,0.011732479025489274,0.10170323728539016,0.8576547055121367
2.98977,8,1922,2.989774358974359,17,True,2000,True,2000,False,False,0.7681455887011495,0.7757713580648437,-1,True,0.2661501699787825,0.010657715884355323,0.08065401071504351,0.8571662647469754
2.98977,9,1932,2.989774358974359,17,False,11,False,11,True,False,-1.477986622432701,-1.477986622432701,10,False,0.2593683436869607,0.025671871572491203,0.1327867071553737,0.8782424830573718
2.98977,10,1942,2.989774358974359,17,True,2000,True,2000,False,False,0.7674743007803536,0.7674743007803536,-1,True,0.24551378556823555,0.016006667673280153,0.08885531368646987,0.8383134660532122
2.98977,11,1952,2.989774358974359,17,False,13,False,13,True,False,-0.0015768263934074767,-0.0015768263934074767,12,False,0.18956524396912755,0.04308348014577236,0.10168354540671569,0.8775807010155156
2.98977,12,1962,2.989774358974359,17,False,15,False,15,True,False,-0.17667087430424375,-0.17667087430424375,14,False,0.19105729156786927,0.009714830987800894,0.11430683661858017,0.8715218087945714
2.98977,13,1972,2.989774358974359,17,True,2000,True,2000,False,False,0.7670824614711848,0.7673227740750802,-1,True,0.20242071032459213,0.0699250106770122,0.06370835908473574,0.8626957111827421
2.98977,14,1982,2.989774358974359,17,True,2000,True,2000,False,False,0.7670818237119406,0.7743466244990131,-1,True,0.2601209603152402,0.09906227146115598,0.09413486950951344,0.8541450635006249
2.98977,15,1992,2.989774358974359,17,True,2000,True,2000,False,False,0.7674620882672613,0.7674620882672613,-1,True,0.2818236291946006,0.04214868518163295,0.12218093193282474,0.8341848571091932
2.98977,16,2002,2.989774358974359,17,True,2000,True,2000,False,False,0.7678454328808496,0.768338511188549,-1,True,0.25508678597446155,0.02972833830086993,0.10238870808737098,0.855721594849707
2.98977,17,2012,2.989774358974359,17,True,2000,True,2000,False,False,0.7671223556297048,0.7771191435226481,-1,True,0.17927005565712648,0.03779098168682326,0.07480745978855241,0.851744242091147
2.98977,18,2022,2.989774358974359,17,True,2000,True,2000,False,False,0.767129306427889,0.7708087236256272,-1,True,0.17121661979500943,0.0499057810851988,0.06133836899348352,0.8324987009088815
2.98977,19,2032,2.989774358974359,17,True,2000,True,2000,False,False,0.7671974615449352,0.7689623563322989,-1,True,0.2942252530946347,0.08849232625957802,0.07777032291721497,0.8665212355820651
2.98977,20,2042,2.989774358974359,17,True,2000,True,2000,False,False,0.7670956922152692,0.7670956922152692,-1,True,0.2713530889241538,0.062110776188578604,0.10351538692139917,0.8608524421832131
2.98977,21,2052,2.989774358974359,17,True,2000,True,2000,False,False,0.7671755443276687,0.7683619644555594,-1,True,0.23667386664797124,0.05023670222715491,0.06688007514020533,0.8316443396489412
2.98977,22,2062,2.989774358974359,17,True,2000,True,2000,False,False,0.7671358549054131,0.7681735591095323,-1,True,0.20124998285848358,0.07322435156360166,0.10351825419820654,0.84946776845221
2.98977,23,2072,2.989774358974359,17,True,2000,True,2000,False,False,0.7672024897330468,0.7681678319513375,-1,True,0.24627679893257912,0.017929290244041097,0.06869913413375126,0.8458645324920843
2.98977,24,2082,2.989774358974359,17,True,2000,True,2000,False,False,0.7671501666508573,0.7723606134709412,-1,True,0.24759702401367278,0.07567302488735178,0.06609834725713686,0.8752272158686061
2.98977,25,2092,2.989774358974359,17,True,2000,True,2000,False,False,0.7674012490861737,0.7674012490861737,-1,True,0.23618119627529538,0.06304053164514302,0.10947045808285727,0.8508708136716585
2.98977,26,2102,2.989774358974359,17,True,2000,True,2000,False,False,0.7670684370695414,0.7670684370695414,-1,True,0.21452305250434334,0.06345160832564764,0.11149136477901898,0.8651737551245997
2.98977,27,2112,2.989774358974359,17,True,2000,True,2000,False,False,0.7682307896867742,0.7682307896867742,-1,True,0.18141305334463131,0.01488852932982503,0.1057969903403933,0.8610144843162731
2.98977,28,2122,2.989774358974359,17,True,2000,True,2000,False,False,0.7695530061441636,0.7695530061441636,-1,True,0.296767874522448,0.07250983823365212,0.10545762292956233,0.838852467068411
2.98977,29,2132,2.989774358974359,17,True,2000,True,2000,False,False,0.7670555344695783,0.7740074983290237,-1,True,0.29982805285536435,0.058133451933196904,0.12038831458548344,0.8491698803528378
2.98977,30,2142,2.989774358974359,17,True,2000,True,2000,False,False,0.7672911318233362,0.7682396333650741,-1,True,0.17819866746093227,0.08528513557084967,0.10905771089195238,0.8330024917820471
2.98977,31,2152,2.989774358974359,17,False,12,False,12,True,False,-26.80973060875265,-26.80973060875265,10,False,0.29080979903753945,0.0025069312285918802,0.12337365140518253,0.8768820327712984
2.98977,32,2162,2.989774358974359,17,True,2000,True,2000,False,False,0.7670804729716393,0.7686501386004196,-1,True,0.25797547382314845,0.09934838666225251,0.08715982697155009,0.8704113439601784
2.98977,33,2172,2.989774358974359,17,True,2000,True,2000,False,False,0.7672338052988649,0.7672338052988649,-1,True,0.220418576228043,0.014960282015380622,0.1295346408065825,0.8470230120281779
2.98977,34,2182,2.989774358974359,17,False,10,False,10,True,False,-1.1460999777320673,-1.1460999777320673,9,False,0.2335594961474325,0.08067139689100458,0.1449514601101316,0.8794881653680796
2.98977,35,2192,2.989774358974359,17,True,2000,True,2000,False,False,0.7676753818786454,0.7743034014061183,-1,True,0.1818204077377064,0.07976913455453755,0.11567035648916117,0.8337994668045211
2.98977,36,2202,2.989774358974359,17,True,2000,True,2000,False,False,0.7671188035701471,0.7680785790007412,-1,True,0.23658351869798988,0.00821541332642337,0.10913522597256255,0.8351052878816935
2.98977,37,2212,2.989774358974359,17,True,2000,True,2000,False,False,0.7680202422126875,0.7684737124448908,-1,True,0.27933239379589336,0.042100347210082226,0.07832306774371196,0.8379765402211272
2.98977,38,2222,2.989774358974359,17,False,15,False,15,True,False,-0.02461007970339775,-0.02461007970339775,14,False,0.2645360233535613,0.028898548547808135,0.13495883093173805,0.8663530403621683
2.98977,39,2232,2.989774358974359,17,False,15,False,15,True,False,-1.8441730830948897,-1.8441730830948897,14,False,0.2126518648220871,0.0390628731889893,0.12105739497916967,0.8709300660093188
2.98977,40,2242,2.989774358974359,17,True,2000,True,2000,False,False,0.7671003601927907,0.7766503458329781,-1,True,0.24372171077797372,0.08808198126373239,0.07403822788884083,0.8463516170094968
2.98977,41,2252,2.989774358974359,17,True,2000,True,2000,False,False,0.7671499290541895,0.7671499290541895,-1,True,0.2044213356765714,0.07043012050719293,0.12435261585947362,0.863816662654641
2.98977,42,2262,2.989774358974359,17,True,2000,True,2000,False,False,0.7670739948386576,0.7726658302529271,-1,True,0.2695411440358829,0.08506415069797103,0.06660881043132497,0.834573531859534
2.98977,43,2272,2.989774358974359,17,True,2000,True,2000,False,False,0.7671119839991692,0.7744516269144824,-1,True,0.19044500343810106,0.028120778773346535,0.07860412896662787,0.8348684858823624
2.98977,44,2282,2.989774358974359,17,True,2000,True,2000,False,False,0.7680671235116735,0.7680671235116735,-1,True,0.2276373356521586,0.08096874593665157,0.13345207221918495,0.8531040744444648
2.98977,45,2292,2.989774358974359,17,True,2000,True,2000,False,False,0.7671947696772412,0.7681872719270008,-1,True,0.17535871774416584,0.07168673570617544,0.12575030615428526,0.8477871331949579
2.98977,46,2302,2.989774358974359,17,True,2000,True,2000,False,False,0.7680127453514487,0.7753113990718996,-1,True,0.22864413902011188,0.09806787203711825,0.0825383363059084,0.8551014024148339
2.98977,47,2312,2.989774358974359,17,True,2000,True,2000,False,False,0.7671239336393227,0.7702631323769279,-1,True,0.2512065010543867,0.08519496731734766,0.05264089791352079,0.840502604160587
2.98977,48,2322,2.989774358974359,17,True,2000,True,2000,False,False,0.7673507613089906,0.7742092962078138,-1,True,0.19567169484927008,0.013280784754750386,0.13716941348360945,0.8495074083945449
2.98977,49,2332,2.989774358974359,17,True,2000,True,2000,False,False,0.76719854110586,0.767628469261082,-1,True,0.23438022889507953,0.02541883460053649,0.1319101459304037,0.8412989514237285
2.98978,0,1942,2.9897846153846155,18,True,2000,True,2000,False,False,0.7658521568293957,0.768110140270088,-1,True,0.24551378556823555,0.016006667673280153,0.08885531368646987,0.8383134660532122
2.98978,1,1952,2.9897846153846155,18,False,13,False,13,True,False,-0.0063766147611566265,-0.0063766147611566265,12,False,0.18956524396912755,0.04308348014577236,0.10168354540671569,0.8775807010155156
2.98978,2,1962,2.9897846153846155,18,False,15,False,15,True,False,-0.18920834856330074,-0.18920834856330074,14,False,0.19105729156786927,0.009714830987800894,0.11430683661858017,0.8715218087945714
2.98978,3,1972,2.9897846153846155,18,True,2000,True,2000,False,False,0.7661193764949359,0.7666868009932449,-1,True,0.20242071032459213,0.0699250106770122,0.06370835908473574,0.8626957111827421
2.98978,4,1982,2.9897846153846155,18,True,2000,True,2000,False,False,0.7656796486855939,0.7727556205466367,-1,True,0.2601209603152402,0.09906227146115598,0.09413486950951344,0.8541450635006249
2.98978,5,1992,2.9897846153846155,18,True,2000,True,2000,False,False,0.7656740794412003,0.7656740794412003,-1,True,0.2818236291946006,0.04214868518163295,0.12218093193282474,0.8341848571091932
2.98978,6,2002,2.9897846153846155,18,True,2000,True,2000,False,False,0.7677776858210681,0.7677776858210681,-1,True,0.25508678597446155,0.02972833830086993,0.10238870808737098,0.855721594849707
2.98978,7,2012,2.9897846153846155,18,True,2000,True,2000,False,False,0.7659258338459638,0.774800900561854,-1,True,0.17927005565712648,0.03779098168682326,0.07480745978855241,0.851744242091147
2.98978,8,2022,2.9897846153846155,18,True,2000,True,2000,False,False,0.766447327058654,0.7683788268903431,-1,True,0.17121661979500943,0.0499057810851988,0.06133836899348352,0.8324987009088815
2.98978,9,2032,2.9897846153846155,18,True,2000,True,2000,False,False,0.7656389120149923,0.7668799162594905,-1,True,0.2942252530946347,0.08849232625957802,0.07777032291721497,0.8665212355820651
2.98978,10,2042,2.9897846153846155,18,True,2000,True,2000,False,False,0.7655646637518192,0.7655646637518192,-1,True,0.2713530889241538,0.062110776188578604,0.10351538692139917,0.8608524421832131
2.98978,11,2052,2.9897846153846155,18,True,2000,True,2000,False,False,0.7658449229708301,0.7662732531540275,-1,True,0.23667386664797124,0.05023670222715491,0.06688007514020533,0.8316443396489412
2.98978,12,2062,2.9897846153846155,18,True,2000,True,2000,False,False,0.7668512635234281,0.7675273519150814,-1,True,0.20124998285848358,0.07322435156360166,0.10351825419820654,0.84946776845221
2.98978,13,2072,2.9897846153846155,18,True,2000,True,2000,False,False,0.7655254360399167,0.7663051776770381,-1,True,0.24627679893257912,0.017929290244041097,0.06869913413375126,0.8458645324920843
2.98978,14,2082,2.9897846153846155,18,True,2000,True,2000,False,False,0.7666031179936993,0.7668909779927989,-1,True,0.24759702401367278,0.07567302488735178,0.06609834725713686,0.8752272158686061
2.98978,15,2092,2.9897846153846155,18,True,2000,True,2000,False,False,0.7655508430062732,0.7662589851542095,-1,True,0.23618119627529538,0.06304053164514302,0.10947045808285727,0.8508708136716585
2.98978,16,2102,2.9897846153846155,18,True,2000,True,2000,False,False,0.7656510215309161,0.7656510215309161,-1,True,0.21452305250434334,0.06345160832564764,0.11149136477901898,0.8651737551245997
2.98978,17,2112,2.9897846153846155,18,True,2000,True,2000,False,False,0.7658000621559731,0.7674973155752399,-1,True,0.18141305334463131,0.01488852932982503,0.1057969903403933,0.8610144843162731
2.98978,18,2122,2.9897846153846155,18,True,2000,True,2000,False,False,0.7656239020543851,0.7656239020543851,-1,True,0.296767874522448,0.07250983823365212,0.10545762292956233,0.838852467068411
2.98978,19,2132,2.9897846153846155,18,True,2000,True,2000,False,False,0.765579541864934,0.7799130540940027,-1,True,0.29982805285536435,0.058133451933196904,0.12038831458548344,0.8491698803528378
2.98978,20,2142,2.9897846153846155,18,True,2000,True,2000,False,False,0.765506050070582,0.7670749063889662,-1,True,0.17819866746093227,0.08528513557084967,0.10905771089195238,0.8330024917820471
2.98978,21,2152,2.9897846153846155,18,False,12,False,12,True,False,-32.09287747126746,-32.09287747126746,10,False,0.29080979903753945,0.0025069312285918802,0.12337365140518253,0.8768820327712984
2.98978,22,2162,2.9897846153846155,18,True,2000,True,2000,False,False,0.7656170471523402,0.7752327927998479,-1,True,0.25797547382314845,0.09934838666225251,0.08715982697155009,0.8704113439601784
2.98978,23,2172,2.9897846153846155,18,True,2000,True,2000,False,False,0.7656379926549243,0.7656523754667384,-1,True,0.220418576228043,0.014960282015380622,0.1295346408065825,0.8470230120281779
2.98978,24,2182,2.9897846153846155,18,False,10,False,10,True,False,-1.1548344808196305,-1.1548344808196305,9,False,0.2335594961474325,0.08067139689100458,0.1449514601101316,0.8794881653680796
2.98978,25,2192,2.9897846153846155,18,True,2000,True,2000,False,False,0.7655707338506558,0.7657103547130824,-1,True,0.1818204077377064,0.07976913455453755,0.11567035648916117,0.8337994668045211
2.98978,26,2202,2.9897846153846155,18,True,2000,True,2000,False,False,0.7656566823164681,0.769298022809736,-1,True,0.23658351869798988,0.00821541332642337,0.10913522597256255,0.8351052878816935
2.98978,27,2212,2.9897846153846155,18,True,2000,True,2000,False,False,0.7657473152468738,0.7668610836052542,-1,True,0.27933239379589336,0.042100347210082226,0.07832306774371196,0.8379765402211272
2.98978,28,2222,2.9897846153846155,18,False,15,False,15,True,False,-0.03853754890957356,-0.03853754890957356,14,False,0.2645360233535613,0.028898548547808135,0.13495883093173805,0.8663530403621683
2.98978,29,2232,2.9897846153846155,18,False,15,False,15,True,False,-1.886747576448725,-1.886747576448725,14,False,0.2126518648220871,0.0390628731889893,0.12105739497916967,0.8709300660093188
2.98978,30,2242,2.9897846153846155,18,True,2000,True,2000,False,False,0.7657627209954337,0.7719901846846958,-1,True,0.24372171077797372,0.08808198126373239,0.07403822788884083,0.8463516170094968
2.98978,31,2252,2.9897846153846155,18,True,2000,True,2000,False,False,0.7678694718561321,0.7678694718561321,-1,True,0.2044213356765714,0.07043012050719293,0.12435261585947362,0.863816662654641
2.98978,32,2262,2.9897846153846155,18,True,2000,True,2000,False,False,0.7655532763542057,0.7684524111915929,-1,True,0.2695411440358829,0.08506415069797103,0.06660881043132497,0.834573531859534
2.98978,33,2272,2.9897846153846155,18,True,2000,True,2000,False,False,0.7655490045482504,0.7715294093989987,-1,True,0.19044500343810106,0.028120778773346535,0.07860412896662787,0.8348684858823624
2.98978,34,2282,2.9897846153846155,18,True,2000,True,2000,False,False,0.7666812607027469,0.7678376448912055,-1,True,0.2276373356521586,0.08096874593665157,0.13345207221918495,0.8531040744444648
2.98978,35,2292,2.9897846153846155,18,True,2000,True,2000,False,False,0.7656242186334373,0.7675630160474508,-1,True,0.17535871774416584,0.07168673570617544,0.12575030615428526,0.8477871331949579
2.98978,36,2302,2.9897846153846155,18,True,2000,True,2000,False,False,0.765905782879645,0.7719236885062472,-1,True,0.22864413902011188,0.09806787203711825,0.0825383363059084,0.8551014024148339
2.98978,37,2312,2.9897846153846155,18,True,2000,True,2000,False,False,0.7658849958530235,0.7693458974453877,-1,True,0.2512065010543867,0.08519496731734766,0.05264089791352079,0.840502604160587
2.98978,38,2322,2.9897846153846155,18,True,2000,True,2000,False,False,0.7669292387705311,0.7670723204227073,-1,True,0.19567169484927008,0.013280784754750386,0.13716941348360945,0.8495074083945449
2.98978,39,2332,2.9897846153846155,18,True,2000,True,2000,False,False,0.7656289255969779,0.7748084869625225,-1,True,0.23438022889507953,0.02541883460053649,0.1319101459304037,0.8412989514237285
2.98978,40,2342,2.9897846153846155,18,True,2000,True,2000,False,False,0.765533919659069,0.765533919659069,-1,True,0.21585947604611866,0.024368066071005647,0.11638693780556815,0.8513880727265207
2.98978,41,2352,2.9897846153846155,18,True,2000,True,2000,False,False,0.765896306679001,0.7850059925063062,-1,True,0.20329683440775642,0.08629786828397062,0.07423075070519337,0.8541401928078621
2.98978,42,2362,2.9897846153846155,18,True,2000,True,2000,False,False,0.7657121978460458,0.7657121978460458,-1,True,0.29138549581988865,0.08825319800507081,0.12747083563593725,0.8302965159422939
2.98978,43,2372,2.9897846153846155,18,True,2000,True,2000,False,False,0.7656039352227088,0.7686600687397157,-1,True,0.17617175237752836,0.030823341803499882,0.05376399680307619,0.8672365028437036
2.98978,44,2382,2.9897846153846155,18,True,2000,True,2000,False,False,0.7679985228904402,0.7693908530982944,-1,True,0.2105586706352694,0.0588842541921058,0.11859252959466139,0.8332262820511506
2.98978,45,2392,2.9897846153846155,18,False,16,False,16,True,False,-1.5117858478352744,-1.5117858478352744,15,False,0.2370989921109208,0.07907319583178128,0.0924746805675826,0.8761341545185353
2.98978,46,2402,2.9897846153846155,18,True,2000,True,2000,False,False,0.7658435917480952,0.769425528040986,-1,True,0.22867182310770992,0.07243027720235873,0.13880740847497391,0.8407952737987979
2.98978,47,2412,2.9897846153846155,18,True,2000,True,2000,False,False,0.7655318302440484,0.7721037730621697,-1,True,0.2747202215148596,0.05327903086289672,0.09074134269833985,0.8358831983297069
2.98978,48,2422,2.9897846153846155,18,True,2000,True,2000,False,False,0.7673204504439378,0.7673204504439378,-1,True,0.21009425484658836,0.01823742938608478,0.06646517573981152,0.8752983191580123
2.98978,49,2432,2.9897846153846155,18,True,2000,True,2000,False,False,0.765839111180923,0.7695338995704668,-1,True,0.174734042268098,0.09065575337455674,0.12184437473198335,0.8420443056006001
2.98979,0,2042,2.9897948717948717,19,True,2000,True,2000,False,False,0.7638263854995951,0.7638263854995951,-1,True,0.2713530889241538,0.062110776188578604,0.10351538692139917,0.8608524421832131
2.98979,1,2052,2.9897948717948717,19,True,2000,True,2000,False,False,0.7644508702181199,0.7650949474824165,-1,True,0.23667386664797124,0.05023670222715491,0.06688007514020533,0.8316443396489412
2.98979,2,2062,2.9897948717948717,19,True,2000,True,2000,False,False,0.7640486574241661,0.766793995340819,-1,True,0.20124998285848358,0.07322435156360166,0.10351825419820654,0.84946776845221
2.98979,3,2072,2.9897948717948717,19,True,2000,True,2000,False,False,0.7641859949907126,0.7641859949907126,-1,True,0.24627679893257912,0.017929290244041097,0.06869913413375126,0.8458645324920843
2.98979,4,2082,2.9897948717948717,19,True,2000,True,2000,False,False,0.76365241430678,0.7720832101764435,-1,True,0.24759702401367278,0.07567302488735178,0.06609834725713686,0.8752272158686061
2.98979,5,2092,2.9897948717948717,19,True,2000,True,2000,False,False,0.7640740233928973,0.7650504693037015,-1,True,0.23618119627529538,0.06304053164514302,0.10947045808285727,0.8508708136716585
2.98979,6,2102,2.9897948717948717,19,True,2000,True,2000,False,False,0.7637924611019984,0.7637924611019984,-1,True,0.21452305250434334,0.06345160832564764,0.11149136477901898,0.8651737551245997
2.98979,7,2112,2.9897948717948717,19,True,2000,True,2000,False,False,0.763628919280103,0.7717955308831672,-1,True,0.18141305334463131,0.01488852932982503,0.1057969903403933,0.8610144843162731
2.98979,8,2122,2.9897948717948717,19,True,2000,True,2000,False,False,0.7662708607578128,0.7662708607578128,-1,True,0.296767874522448,0.07250983823365212,0.10545762292956233,0.838852467068411
2.98979,9,2132,2.9897948717948717,19,True,2000,True,2000,False,False,0.7657173998741709,0.7761596726268656,-1,True,0.29982805285536435,0.058133451933196904,0.12038831458548344,0.8491698803528378
2.98979,10,2142,2.9897948717948717,19,True,2000,True,2000,False,False,0.7641242052498204,0.7657732091440703,-1,True,0.17819866746093227,0.08528513557084967,0.10905771089195238,0.8330024917820471
2.98979,11,2152,2.9897948717948717,19,False,12,False,12,True,False,-39.7540323961295,-39.7540323961295,10,False,0.29080979903753945,0.0025069312285918802,0.12337365140518253,0.8768820327712984
2.98979,12,2162,2.9897948717948717,19,True,2000,True,2000,False,False,0.7636576438044775,0.776359103904719,-1,True,0.25797547382314845,0.09934838666225251,0.08715982697155009,0.8704113439601784
2.98979,13,2172,2.9897948717948717,19,True,2000,True,2000,False,False,0.7646935808620031,0.7646935808620031,-1,True,0.220418576228043,0.014960282015380622,0.1295346408065825,0.8470230120281779
2.98979,14,2182,2.9897948717948717,19,False,10,False,10,True,False,-1.1638112619444734,-1.1638112619444734,9,False,0.2335594961474325,0.08067139689100458,0.1449514601101316,0.8794881653680796
2.98979,15,2192,2.9897948717948717,19,True,2000,True,2000,False,False,0.7641003185915676,0.7720577493128976,-1,True,0.1818204077377064,0.07976913455453755,0.11567035648916117,0.8337994668045211
2.98979,16,2202,2.9897948717948717,19,True,2000,True,2000,False,False,0.763683698215008,0.7669352472060564,-1,True,0.23658351869798988,0.00821541332642337,0.10913522597256255,0.8351052878816935
2.98979,17,2212,2.9897948717948717,19,True,2000,True,2000,False,False,0.7648787557211411,0.7648787557211411,-1,True,0.27933239379589336,0.042100347210082226,0.07832306774371196,0.8379765402211272
2.98979,18,2222,2.9897948717948717,19,False,15,False,15,True,False,-0.05251393774424776,-0.05251393774424776,14,False,0.2645360233535613,0.028898548547808135,0.13495883093173805,0.8663530403621683
2.98979,19,2232,2.9897948717948717,19,False,15,False,15,True,False,-1.9338598590832232,-1.9338598590832232,14,False,0.2126518648220871,0.0390628731889893,0.12105739497916967,0.8709300660093188
2.98979,20,2242,2.9897948717948717,19,True,2000,True,2000,False,False,0.7646826133931686,0.7646826133931686,-1,True,0.24372171077797372,0.08808198126373239,0.07403822788884083,0.8463516170094968
2.98979,21,2252,2.9897948717948717,19,True,2000,True,2000,False,False,0.7637904431637551,0.7637904431637551,-1,True,0.2044213356765714,0.07043012050719293,0.12435261585947362,0.863816662654641
2.98979,22,2262,2.9897948717948717,19,True,2000,True,2000,False,False,0.7680793598167661,0.7680793598167661,-1,True,0.2695411440358829,0.08506415069797103,0.06660881043132497,0.834573531859534
2.98979,23,2272,2.9897948717948717,19,True,2000,True,2000,False,False,0.7637436364276741,0.7681270647512322,-1,True,0.19044500343810106,0.028120778773346535,0.07860412896662787,0.8348684858823624
2.98979,24,2282,2.9897948717948717,19,True,2000,True,2000,False,False,0.7637123851114905,0.7646186912720585,-1,True,0.2276373356521586,0.08096874593665157,0.13345207221918495,0.8531040744444648
2.98979,25,2292,2.9897948717948717,19,True,2000,True,2000,False,False,0.7642109559487802,0.7668775856849169,-1,True,0.17535871774416584,0.07168673570617544,0.12575030615428526,0.8477871331949579
2.98979,26,2302,2.9897948717948717,19,True,2000,True,2000,False,False,0.7637712107916358,0.7679969634995926,-1,True,0.22864413902011188,0.09806787203711825,0.0825383363059084,0.8551014024148339
2.98979,27,2312,2.9897948717948717,19,True,2000,True,2000,False,False,0.7636979790067739,0.765124188171893,-1,True,0.2512065010543867,0.08519496731734766,0.05264089791352079,0.840502604160587
2.98979,28,2322,2.9897948717948717,19,True,2000,True,2000,False,False,0.7646240161418274,0.7646240161418274,-1,True,0.19567169484927008,0.013280784754750386,0.13716941348360945,0.8495074083945449
2.98979,29,2332,2.9897948717948717,19,True,2000,True,2000,False,False,0.7653465187046677,0.7688998917970326,-1,True,0.23438022889507953,0.02541883460053649,0.1319101459304037,0.8412989514237285
2.98979,30,2342,2.9897948717948717,19,True,2000,True,2000,False,False,0.7637803338064418,0.7639443711024512,-1,True,0.21585947604611866,0.024368066071005647,0.11638693780556815,0.8513880727265207
2.98979,31,2352,2.9897948717948717,19,True,2000,True,2000,False,False,0.7644650484984674,0.7842389896563888,-1,True,0.20329683440775642,0.08629786828397062,0.07423075070519337,0.8541401928078621
2.98979,32,2362,2.9897948717948717,19,True,2000,True,2000,False,False,0.763966925451389,0.763966925451389,-1,True,0.29138549581988865,0.08825319800507081,0.12747083563593725,0.8302965159422939
2.98979,33,2372,2.9897948717948717,19,True,2000,True,2000,False,False,0.7637877943615969,0.7751322806899116,-1,True,0.17617175237752836,0.030823341803499882,0.05376399680307619,0.8672365028437036
2.98979,34,2382,2.9897948717948717,19,True,2000,True,2000,False,False,0.76528371087108,0.7802734492583462,-1,True,0.2105586706352694,0.0588842541921058,0.11859252959466139,0.8332262820511506
2.98979,35,2392,2.9897948717948717,19,False,16,False,16,True,False,-1.5861012560165,-1.5861012560165,15,False,0.2370989921109208,0.07907319583178128,0.0924746805675826,0.8761341545185353
2.98979,36,2402,2.9897948717948717,19,True,2000,True,2000,False,False,0.7637964377734734,0.7767950515056811,-1,True,0.22867182310770992,0.07243027720235873,0.13880740847497391,0.8407952737987979
2.98979,37,2412,2.9897948717948717,19,True,2000,True,2000,False,False,0.7652015080807918,0.7720300281455256,-1,True,0.2747202215148596,0.05327903086289672,0.09074134269833985,0.8358831983297069
2.98979,38,2422,2.9897948717948717,19,True,2000,True,2000,False,False,0.7639740662259632,0.7639740662259632,-1,True,0.21009425484658836,0.01823742938608478,0.06646517573981152,0.8752983191580123
2.98979,39,2432,2.9897948717948717,19,True,2000,True,2000,False,False,0.7636271664109744,0.7637385989101808,-1,True,0.174734042268098,0.09065575337455674,0.12184437473198335,0.8420443056006001
2.98979,40,2442,2.9897948717948717,19,False,16,False,16,True,False,-0.8402476664823754,-0.8402476664823754,15,False,0.23210692891429982,0.01391258907194456,0.07937889058443913,0.8793808769067827
2.98979,41,2452,2.9897948717948717,19,False,23,False,23,True,False,-0.8044330808650718,-0.8044330808650718,22,False,0.18430709541109702,0.011805048931920338,0.05511295472872844,0.8766258012206128
2.98979,42,2462,2.9897948717948717,19,True,2000,True,2000,False,False,0.7718698938936928,0.7721042367049349,-1,True,0.18723186340168735,0.07846922330448229,0.08928608304449882,0.8540593452961611
2.98979,43,2472,2.9897948717948717,19,True,2000,True,2000,False,False,0.7637155541972405,0.7637514233453223,-1,True,0.18110680668567422,0.050142629603730005,0.09978589345602883,0.8439987109727224
2.98979,44,2482,2.9897948717948717,19,True,2000,True,2000,False,False,0.7637666834551982,0.7637666834551982,-1,True,0.22542693363780936,0.03319881402238963,0.08910016895577315,0.8400247865898298
2.98979,45,2492,2.9897948717948717,19,True,2000,True,2000,False,False,0.763836860429006,0.763836860429006,-1,True,0.19077461228423168,0.07647395407732069,0.1280178640976025,0.8389418472643845
2.98979,46,2502,2.9897948717948717,19,True,2000,True,2000,False,False,0.7659893499478525,0.7691309958441747,-1,True,0.2704045955430242,0.09742029480157105,0.05906829521108301,0.8371107931527414
2.98979,47,2512,2.9897948717948717,19,True,2000,True,2000,False,False,0.763630311721093,0.7731633318702282,-1,True,0.24341475779382776,0.0009220805484168482,0.12311694645386323,0.850968575439462
2.98979,48,2522,2.9897948717948717,19,True,2000,True,2000,False,False,0.7658882995784378,0.7752325830206234,-1,True,0.208185449578632,0.08368478444140172,0.10442993287402105,0.8382960910767288
2.98979,49,2532,2.9897948717948717,19,True,2000,True,2000,False,False,0.7637772909079201,0.7770021574538583,-1,True,0.19318832223945084,0.07437386445563259,0.11941250229127166,0.8405395918979368
2.9898,0,2042,2.9897948717948717,19,True,2000,True,2000,False,False,0.7612905443806006,0.7617657343221398,-1,True,0.2713530889241538,0.062110776188578604,0.10351538692139917,0.8608524421832131
2.9898,1,2052,2.9897948717948717,19,True,2000,True,2000,False,False,0.7612903498012158,0.7612903498012158,-1,True,0.23667386664797124,0.05023670222715491,0.06688007514020533,0.8316443396489412
2.9898,2,2062,2.9897948717948717,19,True,2000,True,2000,False,False,0.7613808246282833,0.7661717040414868,-1,True,0.20124998285848358,0.07322435156360166,0.10351825419820654,0.84946776845221
2.9898,3,2072,2.9897948717948717,19,True,2000,True,2000,False,False,0.7613149109499004,0.7614547038613142,-1,True,0.24627679893257912,0.017929290244041097,0.06869913413375126,0.8458645324920843
2.9898,4,2082,2.9897948717948717,19,True,2000,True,2000,False,False,0.7613890239193416,0.7687053689795992,-1,True,0.24759702401367278,0.07567302488735178,0.06609834725713686,0.8752272158686061
2.9898,5,2092,2.9897948717948717,19,True,2000,True,2000,False,False,0.761311162307642,0.7618276706218637,-1,True,0.23618119627529538,0.06304053164514302,0.10947045808285727,0.8508708136716585
2.9898,6,2102,2.9897948717948717,19,True,2000,True,2000,False,False,0.7613965772510897,0.7614733213177252,-1,True,0.21452305250434334,0.06345160832564764,0.11149136477901898,0.8651737551245997
2.9898,7,2112,2.9897948717948717,19,True,2000,True,2000,False,False,0.7612703986497645,0.7664098155091225,-1,True,0.18141305334463131,0.01488852932982503,0.1057969903403933,0.8610144843162731
2.9898,8,2122,2.9897948717948717,19,True,2000,True,2000,False,False,0.7612628542580545,0.7650030278717315,-1,True,0.296767874522448,0.07250983823365212,0.10545762292956233,0.838852467068411
2.9898,9,2132,2.9897948717948717,19,True,2000,True,2000,False,False,0.7612869855259009,0.7639803125476539,-1,True,0.29982805285536435,0.058133451933196904,0.12038831458548344,0.8491698803528378
2.9898,10,2142,2.9897948717948717,19,True,2000,True,2000,False,False,0.761297239860468,0.7615821770969115,-1,True,0.17819866746093227,0.08528513557084967,0.10905771089195238,0.8330024917820471
2.9898,11,2152,2.9897948717948717,19,False,12,False,12,True,False,-52.32115003456928,-52.32115003456928,10,False,0.29080979903753945,0.0025069312285918802,0.12337365140518253,0.8768820327712984
2.9898,12,2162,2.9897948717948717,19,True,2000,True,2000,False,False,0.7649300740773631,0.7673010188766491,-1,True,0.25797547382314845,0.09934838666225251,0.08715982697155009,0.8704113439601784
2.9898,13,2172,2.9897948717948717,19,True,2000,True,2000,False,False,0.7650723244123819,0.7650723244123819,-1,True,0.220418576228043,0.014960282015380622,0.1295346408065825,0.8470230120281779
2.9898,14,2182,2.9897948717948717,19,False,10,False,10,True,False,-1.1730369401112553,-1.1730369401112553,9,False,0.2335594961474325,0.08067139689100458,0.1449514601101316,0.8794881653680796
2.9898,15,2192,2.9897948717948717,19,True,2000,True,2000,False,False,0.7613711962256048,0.7621126984913638,-1,True,0.1818204077377064,0.07976913455453755,0.11567035648916117,0.8337994668045211
2.9898,16,2202,2.9897948717948717,19,True,2000,True,2000,False,False,0.7612777779565857,0.7621219295828006,-1,True,0.23658351869798988,0.00821541332642337,0.10913522597256255,0.8351052878816935
2.9898,17,2212,2.9897948717948717,19,True,2000,True,2000,False,False,0.7613345211022348,0.7617261584195495,-1,True,0.27933239379589336,0.042100347210082226,0.07832306774371196,0.8379765402211272
2.9898,18,2222,2.9897948717948717,19,False,15,False,15,True,False,-0.06660903931910708,-0.06660903931910708,14,False,0.2645360233535613,0.028898548547808135,0.13495883093173805,0.8663530403621683
2.9898,19,2232,2.9897948717948717,19,False,15,False,15,True,False,-1.9882974255174064,-1.9882974255174064,14,False,0.2126518648220871,0.0390628731889893,0.12105739497916967,0.8709300660093188
2.9898,20,2242,2.9897948717948717,19,True,2000,True,2000,False,False,0.7614111552932661,0.7785667687778137,-1,True,0.24372171077797372,0.08808198126373239,0.07403822788884083,0.8463516170094968
2.9898,21,2252,2.9897948717948717,19,True,2000,True,2000,False,False,0.7612845416072702,0.7637063994168348,-1,True,0.2044213356765714,0.07043012050719293,0.12435261585947362,0.863816662654641
2.9898,22,2262,2.9897948717948717,19,True,2000,True,2000,False,False,0.7613854611297876,0.7690653784594393,-1,True,0.2695411440358829,0.08506415069797103,0.06660881043132497,0.834573531859534
2.9898,23,2272,2.9897948717948717,19,True,2000,True,2000,False,False,0.7613237535612553,0.7678297330196673,-1,True,0.19044500343810106,0.028120778773346535,0.07860412896662787,0.8348684858823624
2.9898,24,2282,2.9897948717948717,19,True,2000,True,2000,False,False,0.7612554828405124,0.7613914402659204,-1,True,0.2276373356521586,0.08096874593665157,0.13345207221918495,0.8531040744444648
2.9898,25,2292,2.9897948717948717,19,True,2000,True,2000,False,False,0.7613828995491032,0.7616588177039549,-1,True,0.17535871774416584,0.07168673570617544,0.12575030615428526,0.8477871331949579
2.9898,26,2302,2.9897948717948717,19,True,2000,True,2000,False,False,0.7612833199508265,0.7634273822864303,-1,True,0.22864413902011188,0.09806787203711825,0.0825383363059084,0.8551014024148339
2.9898,27,2312,2.9897948717948717,19,True,2000,True,2000,False,False,0.7614781550357042,0.7675799483431857,-1,True,0.2512065010543867,0.08519496731734766,0.05264089791352079,0.840502604160587
2.9898,28,2322,2.9897948717948717,19,True,2000,True,2000,False,False,0.7613414510805454,0.7613414510805454,-1,True,0.19567169484927008,0.013280784754750386,0.13716941348360945,0.8495074083945449
2.9898,29,2332,2.9897948717948717,19,True,2000,True,2000,False,False,0.7612993121097702,0.7621257066665076,-1,True,0.23438022889507953,0.02541883460053649,0.1319101459304037,0.8412989514237285
2.9898,30,2342,2.9897948717948717,19,True,2000,True,2000,False,False,0.7613183607350856,0.7618946158146652,-1,True,0.21585947604611866,0.024368066071005647,0.11638693780556815,0.8513880727265207
2.9898,31,2352,2.9897948717948717,19,True,2000,True,2000,False,False,0.7644525569528108,0.7833729446374957,-1,True,0.20329683440775642,0.08629786828397062,0.07423075070519337,0.8541401928078621
2.9898,32,2362,2.9897948717948717,19,True,2000,True,2000,False,False,0.7613064710428405,0.7613470521220485,-1,True,0.29138549581988865,0.08825319800507081,0.12747083563593725,0.8302965159422939
2.9898,33,2372,2.9897948717948717,19,True,2000,True,2000,False,False,0.7613261891119154,0.7615596941751466,-1,True,0.17617175237752836,0.030823341803499882,0.05376399680307619,0.8672365028437036
2.9898,34,2382,2.9897948717948717,19,True,2000,True,2000,False,False,0.761312259689159,0.7701337285900465,-1,True,0.2105586706352694,0.0588842541921058,0.11859252959466139,0.8332262820511506
2.9898,35,2392,2.9897948717948717,19,False,16,False,16,True,False,-1.6530314123665402,-1.6530314123665402,15,False,0.2370989921109208,0.07907319583178128,0.0924746805675826,0.8761341545185353
2.9898,36,2402,2.9897948717948717,19,True,2000,True,2000,False,False,0.7613911764765026,0.770857794781161,-1,True,0.22867182310770992,0.07243027720235873,0.13880740847497391,0.8407952737987979
2.9898,37,2412,2.9897948717948717,19,True,2000,True,2000,False,False,0.7613223212184086,0.7720817902475063,-1,True,0.2747202215148596,0.05327903086289672,0.09074134269833985,0.8358831983297069
2.9898,38,2422,2.9897948717948717,19,True,2000,True,2000,False,False,0.7613515842938429,0.7655676846685746,-1,True,0.21009425484658836,0.01823742938608478,0.06646517573981152,0.8752983191580123
2.9898,39,2432,2.9897948717948717,19,True,2000,True,2000,False,False,0.7612696443493742,0.7676012766100332,-1,True,0.174734042268098,0.09065575337455674,0.12184437473198335,0.8420443056006001
2.9898,40,2442,2.9897948717948717,19,False,16,False,16,True,False,-0.8534141906373102,-0.8534141906373102,15,False,0.23210692891429982,0.01391258907194456,0.07937889058443913,0.8793808769067827
2.9898,41,2452,2.9897948717948717,19,False,23,False,23,True,False,-0.8832808092249361,-0.8832808092249361,22,False,0.18430709541109702,0.011805048931920338,0.05511295472872844,0.8766258012206128
2.9898,42,2462,2.9897948717948717,19,True,2000,True,2000,False,False,0.7614162318065534,0.7686862533527734,-1,True,0.18723186340168735,0.07846922330448229,0.08928608304449882,0.8540593452961611
2.9898,43,2472,2.9897948717948717,19,True,2000,True,2000,False,False,0.7613610529469415,0.761781281621762,-1,True,0.18110680668567422,0.050142629603730005,0.09978589345602883,0.8439987109727224
2.9898,44,2482,2.9897948717948717,19,True,2000,True,2000,False,False,0.7660443844082286,0.7752272158379963,-1,True,0.22542693363780936,0.03319881402238963,0.08910016895577315,0.8400247865898298
2.9898,45,2492,2.9897948717948717,19,True,2000,True,2000,False,False,0.7613566077087085,0.7657138854005338,-1,True,0.19077461228423168,0.07647395407732069,0.1280178640976025,0.8389418472643845
2.9898,46,2502,2.9897948717948717,19,True,2000,True,2000,False,False,0.7613400685487255,0.7636002886855514,-1,True,0.2704045955430242,0.09742029480157105,0.05906829521108301,0.8371107931527414
2.9898,47,2512,2.9897948717948717,19,True,2000,True,2000,False,False,0.7614069394333787,0.7670542721257634,-1,True,0.24341475779382776,0.0009220805484168482,0.12311694645386323,0.850968575439462
2.9898,48,2522,2.9897948717948717,19,True,2000,True,2000,False,False,0.7613809705480331,0.7615765780726234,-1,True,0.208185449578632,0.08368478444140172,0.10442993287402105,0.8382960910767288
2.9898,49,2532,2.9897948717948717,19,True,2000,True,2000,False,False,0.7613490836478359,0.7627818402262757,-1,True,0.19318832223945084,0.07437386445563259,0.11941250229127166,0.8405395918979368
2.98981,0,2142,2.9898051282051283,20,True,2000,True,2000,False,False,0.7579594772384975,0.7579594772384975,-1,True,0.17819866746093227,0.08528513557084967,0.10905771089195238,0.8330024917820471
2.98981,1,2152,2.9898051282051283,20,False,12,False,12,True,False,-76.38261215621417,-76.38261215621417,10,False,0.29080979903753945,0.0025069312285918802,0.12337365140518253,0.8768820327712984
2.98981,2,2162,2.9898051282051283,20,True,2000,True,2000,False,False,0.7580929163026042,0.7580929163026042,-1,True,0.25797547382314845,0.09934838666225251,0.08715982697155009,0.8704113439601784
2.98981,3,2172,2.9898051282051283,20,True,2000,True,2000,False,False,0.7592062005195902,0.7668028898149339,-1,True,0.220418576228043,0.014960282015380622,0.1295346408065825,0.8470230120281779
2.98981,4,2182,2.9898051282051283,20,False,10,False,10,True,False,-1.182517807575061,-1.182517807575061,9,False,0.2335594961474325,0.08067139689100458,0.1449514601101316,0.8794881653680796
2.98981,5,2192,2.9898051282051283,20,True,2000,True,2000,False,False,0.7586617691109404,0.7672596210338284,-1,True,0.1818204077377064,0.07976913455453755,0.11567035648916117,0.8337994668045211
2.98981,6,2202,2.9898051282051283,20,True,2000,True,2000,False,False,0.758056996843436,0.7600151910466288,-1,True,0.23658351869798988,0.00821541332642337,0.10913522597256255,0.8351052878816935
2.98981,7,2212,2.9898051282051283,20,True,2000,True,2000,False,False,0.7591946739631468,0.7591946739631468,-1,True,0.27933239379589336,0.042100347210082226,0.07832306774371196,0.8379765402211272
2.98981,8,2222,2.9898051282051283,20,False,15,False,15,True,False,-0.0808956886041636,-0.0808956886041636,14,False,0.2645360233535613,0.028898548547808135,0.13495883093173805,0.8663530403621683
2.98981,9,2232,2.9898051282051283,20,False,15,False,15,True,False,-2.054168056905085,-2.054168056905085,14,False,0.2126518648220871,0.0390628731889893,0.12105739497916967,0.8709300660093188
2.98981,10,2242,2.9898051282051283,20,True,2000,True,2000,False,False,0.7600112432297955,0.7760769431800797,-1,True,0.24372171077797372,0.08808198126373239,0.07403822788884083,0.8463516170094968
2.98981,11,2252,2.9898051282051283,20,True,2000,True,2000,False,False,0.7580131953276243,0.760756394629434,-1,True,0.2044213356765714,0.07043012050719293,0.12435261585947362,0.863816662654641
2.98981,12,2262,2.9898051282051283,20,True,2000,True,2000,False,False,0.7581090630310333,0.767712110088858,-1,True,0.2695411440358829,0.08506415069797103,0.06660881043132497,0.834573531859534
2.98981,13,2272,2.9898051282051283,20,True,2000,True,2000,False,False,0.7580537859557657,0.7583657421090471,-1,True,0.19044500343810106,0.028120778773346535,0.07860412896662787,0.8348684858823624
2.98981,14,2282,2.9898051282051283,20,True,2000,True,2000,False,False,0.7590113295137899,0.7590113295137899,-1,True,0.2276373356521586,0.08096874593665157,0.13345207221918495,0.8531040744444648
2.98981,15,2292,2.9898051282051283,20,True,2000,True,2000,False,False,0.7582184253504872,0.7662343630355738,-1,True,0.17535871774416584,0.07168673570617544,0.12575030615428526,0.8477871331949579
2.98981,16,2302,2.9898051282051283,20,True,2000,True,2000,False,False,0.7581782618510111,0.7581782618510111,-1,True,0.22864413902011188,0.09806787203711825,0.0825383363059084,0.8551014024148339
2.98981,17,2312,2.9898051282051283,20,True,2000,True,2000,False,False,0.7580160686670553,0.759968962409822,-1,True,0.2512065010543867,0.08519496731734766,0.05264089791352079,0.840502604160587
2.98981,18,2322,2.9898051282051283,20,True,2000,True,2000,False,False,0.7583884752734873,0.7633264777608986,-1,True,0.19567169484927008,0.013280784754750386,0.13716941348360945,0.8495074083945449
2.98981,19,2332,2.9898051282051283,20,True,2000,True,2000,False,False,0.7583720139754461,0.7601474056415668,-1,True,0.23438022889507953,0.02541883460053649,0.1319101459304037,0.8412989514237285
2.98981,20,2342,2.9898051282051283,20,True,2000,True,2000,False,False,0.7589224601782388,0.7589224601782388,-1,True,0.21585947604611866,0.024368066071005647,0.11638693780556815,0.8513880727265207
2.98981,21,2352,2.9898051282051283,20,True,2000,True,2000,False,False,0.7597727445519044,0.7824682584100563,-1,True,0.20329683440775642,0.08629786828397062,0.07423075070519337,0.8541401928078621
2.98981,22,2362,2.9898051282051283,20,True,2000,True,2000,False,False,0.7581663878010345,0.7589512230312824,-1,True,0.29138549581988865,0.08825319800507081,0.12747083563593725,0.8302965159422939
2.98981,23,2372,2.9898051282051283,20,True,2000,True,2000,False,False,0.7579886509163223,0.7659752138522774,-1,True,0.17617175237752836,0.030823341803499882,0.05376399680307619,0.8672365028437036
2.98981,24,2382,2.9898051282051283,20,True,2000,True,2000,False,False,0.7580640751064923,0.7734226125641669,-1,True,0.2105586706352694,0.0588842541921058,0.11859252959466139,0.8332262820511506
2.98981,25,2392,2.9898051282051283,20,False,16,False,16,True,False,-1.7107122027197825,-1.7107122027197825,15,False,0.2370989921109208,0.07907319583178128,0.0924746805675826,0.8761341545185353
2.98981,26,2402,2.9898051282051283,20,True,2000,True,2000,False,False,0.7580256860723452,0.7747957300324371,-1,True,0.22867182310770992,0.07243027720235873,0.13880740847497391,0.8407952737987979
2.98981,27,2412,2.9898051282051283,20,True,2000,True,2000,False,False,0.7580539503607155,0.7722598794248421,-1,True,0.2747202215148596,0.05327903086289672,0.09074134269833985,0.8358831983297069
2.98981,28,2422,2.9898051282051283,20,True,2000,True,2000,False,False,0.7586104011346053,0.7586104011346053,-1,True,0.21009425484658836,0.01823742938608478,0.06646517573981152,0.8752983191580123
2.98981,29,2432,2.9898051282051283,20,True,2000,True,2000,False,False,0.7586306864711022,0.7765770282459826,-1,True,0.174734042268098,0.09065575337455674,0.12184437473198335,0.8420443056006001
2.98981,30,2442,2.9898051282051283,20,False,16,False,16,True,False,-0.8668945775155337,-0.8668945775155337,15,False,0.23210692891429982,0.01391258907194456,0.07937889058443913,0.8793808769067827
2.98981,31,2452,2.9898051282051283,20,False,23,False,23,True,False,-0.9799369500157338,-0.9799369500157338,22,False,0.18430709541109702,0.011805048931920338,0.05511295472872844,0.8766258012206128
2.98981,32,2462,2.9898051282051283,20,True,2000,True,2000,False,False,0.758540787118566,0.7617535902737977,-1,True,0.18723186340168735,0.07846922330448229,0.08928608304449882,0.8540593452961611
2.98981,33,2472,2.9898051282051283,20,True,2000,True,2000,False,False,0.7580638716268334,0.7682518932965086,-1,True,0.18110680668567422,0.050142629603730005,0.09978589345602883,0.8439987109727224
2.98981,34,2482,2.9898051282051283,20,True,2000,True,2000,False,False,0.7580822656059201,0.7685184870574876,-1,True,0.22542693363780936,0.03319881402238963,0.08910016895577315,0.8400247865898298
2.98981,35,2492,2.9898051282051283,20,True,2000,True,2000,False,False,0.7579810303755331,0.7582689841729379,-1,True,0.19077461228423168,0.07647395407732069,0.1280178640976025,0.8389418472643845
2.98981,36,2502,2.9898051282051283,20,True,2000,True,2000,False,False,0.7586124004476416,0.7686840474781251,-1,True,0.2704045955430242,0.09742029480157105,0.05906829521108301,0.8371107931527414
2.98981,37,2512,2.9898051282051283,20,True,2000,True,2000,False,False,0.7591084408880758,0.7799914238549727,-1,True,0.24341475779382776,0.0009220805484168482,0.12311694645386323,0.850968575439462
2.98981,38,2522,2.9898051282051283,20,True,2000,True,2000,False,False,0.7579988181509485,0.7784003115597801,-1,True,0.208185449578632,0.08368478444140172,0.10442993287402105,0.8382960910767288
2.98981,39,2532,2.9898051282051283,20,True,2000,True,2000,False,False,0.758189821844434,0.7711445775728127,-1,True,0.19318832223945084,0.07437386445563259,0.11941250229127166,0.8405395918979368
2.98981,40,2542,2.9898051282051283,20,True,2000,True,2000,False,False,0.7585180836535006,0.7734067634902332,-1,True,0.2841671458430727,0.0514088321441629,0.10028914996277638,0.8599165683256276
2.98981,41,2552,2.9898051282051283,20,True,2000,True,2000,False,False,0.758227949045718,0.7587414241331243,-1,True,0.220597757557483,0.02388807077173091,0.09001370285442403,0.8319478870655649
2.98981,42,2562,2.9898051282051283,20,True,2000,True,2000,False,False,0.7582152640860279,0.7582152640860279,-1,True,0.22657677882791696,0.04797501605106343,0.08020906973928262,0.8650283090389012
2.98981,43,2572,2.9898051282051283,20,False,14,False,14,True,False,-3.0605581971951907,-3.0605581971951907,12,False,0.23679808340196512,0.030308109395275395,0.10148921131372912,0.8781571023347132
2.98981,44,2582,2.9898051282051283,20,True,2000,True,2000,False,False,0.7581399038409674,0.7590369784689169,-1,True,0.25052461331568987,0.06864062158444774,0.11100687967593742,0.8409994392178443
2.98981,45,2592,2.9898051282051283,20,True,2000,True,2000,False,False,0.7592044549538246,0.7726041817361817,-1,True,0.29443413775863747,0.07202525828312147,0.10481723038243398,0.865342145483697
2.98981,46,2602,2.9898051282051283,20,True,2000,True,2000,False,False,0.7581851785320182,0.7581851785320182,-1,True,0.2584969147071452,0.045253777696605914,0.09446197233746127,0.8498628150013763
2.98981,47,2612,2.9898051282051283,20,True,2000,True,2000,False,False,0.758007143426176,0.7584712732846498,-1,True,0.18167874527041158,0.04693997948916787,0.14946836737018526,0.8310432725121143
2.98981,48,2622,2.9898051282051283,20,True,2000,True,2000,False,False,0.7581698037081502,0.7587068494003993,-1,True,0.1998363405274743,0.0805817398145705,0.14612133516743137,0.834780171640262
2.98981,49,2632,2.9898051282051283,20,False,13,False,13,True,False,-0.7217124856220924,-0.7217124856220924,12,False,0.28600218875975963,0.027134703265471807,0.11916116638092368,0.873619420764454
2.98982,0,2242,2.9898153846153845,21,True,2000,True,2000,False,False,0.7679543513743997,0.7679543513743997,-1,True,0.24372171077797372,0.08808198126373239,0.07403822788884083,0.8463516170094968
2.98982,1,2252,2.9898153846153845,21,True,2000,True,2000,False,False,0.7534674308570716,0.7589792538134682,-1,True,0.2044213356765714,0.07043012050719293,0.12435261585947362,0.863816662654641
2.98982,2,2262,2.9898153846153845,21,True,2000,True,2000,False,False,0.752370010464353,0.7601093395194971,-1,True,0.2695411440358829,0.08506415069797103,0.06660881043132497,0.834573531859534
2.98982,3,2272,2.9898153846153845,21,True,2000,True,2000,False,False,0.7521141687699678,0.7521141687699678,-1,True,0.19044500343810106,0.028120778773346535,0.07860412896662787,0.8348684858823624
2.98982,4,2282,2.9898153846153845,21,True,2000,True,2000,False,False,0.7551928593164616,0.7590459936416709,-1,True,0.2276373356521586,0.08096874593665157,0.13345207221918495,0.8531040744444648
2.98982,5,2292,2.9898153846153845,21,True,2000,True,2000,False,False,0.7520413035198193,0.7662514398159802,-1,True,0.17535871774416584,0.07168673570617544,0.12575030615428526,0.8477871331949579
2.98982,6,2302,2.9898153846153845,21,True,2000,True,2000,False,False,0.7524682490406743,0.7542311477993082,-1,True,0.22864413902011188,0.09806787203711825,0.0825383363059084,0.8551014024148339
2.98982,7,2312,2.9898153846153845,21,True,2000,True,2000,False,False,0.7522674601307136,0.7573728824995262,-1,True,0.2512065010543867,0.08519496731734766,0.05264089791352079,0.840502604160587
2.98982,8,2322,2.9898153846153845,21,True,2000,True,2000,False,False,0.7521371097775739,0.7521371097775739,-1,True,0.19567169484927008,0.013280784754750386,0.13716941348360945,0.8495074083945449
2.98982,9,2332,2.9898153846153845,21,True,2000,True,2000,False,False,0.7539229741546369,0.7673333514094921,-1,True,0.23438022889507953,0.02541883460053649,0.1319101459304037,0.8412989514237285
2.98982,10,2342,2.9898153846153845,21,True,2000,True,2000,False,False,0.7521291659516997,0.759143984736631,-1,True,0.21585947604611866,0.024368066071005647,0.11638693780556815,0.8513880727265207
2.98982,11,2352,2.9898153846153845,21,True,2000,True,2000,False,False,0.7527256241620052,0.7815252404347537,-1,True,0.20329683440775642,0.08629786828397062,0.07423075070519337,0.8541401928078621
2.98982,12,2362,2.9898153846153845,21,True,2000,True,2000,False,False,0.7520897585218922,0.7545963029524848,-1,True,0.29138549581988865,0.08825319800507081,0.12747083563593725,0.8302965159422939
2.98982,13,2372,2.9898153846153845,21,True,2000,True,2000,False,False,0.7520782204218757,0.7582934840345672,-1,True,0.17617175237752836,0.030823341803499882,0.05376399680307619,0.8672365028437036
2.98982,14,2382,2.9898153846153845,21,True,2000,True,2000,False,False,0.7554646207040147,0.7554646207040147,-1,True,0.2105586706352694,0.0588842541921058,0.11859252959466139,0.8332262820511506
2.98982,15,2392,2.9898153846153845,21,False,16,False,16,True,False,-1.763329550270157,-1.763329550270157,15,False,0.2370989921109208,0.07907319583178128,0.0924746805675826,0.8761341545185353
2.98982,16,2402,2.9898153846153845,21,True,2000,True,2000,False,False,0.7522548357615735,0.7736418437054589,-1,True,0.22867182310770992,0.07243027720235873,0.13880740847497391,0.8407952737987979
2.98982,17,2412,2.9898153846153845,21,True,2000,True,2000,False,False,0.7569366311350859,0.7693796093395531,-1,True,0.2747202215148596,0.05327903086289672,0.09074134269833985,0.8358831983297069
2.98982,18,2422,2.9898153846153845,21,True,2000,True,2000,False,False,0.7520860875422001,0.7550732715113437,-1,True,0.21009425484658836,0.01823742938608478,0.06646517573981152,0.8752983191580123
2.98982,19,2432,2.9898153846153845,21,True,2000,True,2000,False,False,0.7584629305315495,0.7584629305315495,-1,True,0.174734042268098,0.09065575337455674,0.12184437473198335,0.8420443056006001
2.98982,20,2442,2.9898153846153845,21,False,16,False,16,True,False,-0.8808058042506393,-0.8808058042506393,15,False,0.23210692891429982,0.01391258907194456,0.07937889058443913,0.8793808769067827
2.98982,21,2452,2.9898153846153845,21,False,23,False,23,True,False,-1.1500272007519576,-1.1500272007519576,22,False,0.18430709541109702,0.011805048931920338,0.05511295472872844,0.8766258012206128
2.98982,22,2462,2.9898153846153845,21,True,2000,True,2000,False,False,0.7535979087005773,0.7581971532534844,-1,True,0.18723186340168735,0.07846922330448229,0.08928608304449882,0.8540593452961611
2.98982,23,2472,2.9898153846153845,21,True,2000,True,2000,False,False,0.7584486997748373,0.7741469572986844,-1,True,0.18110680668567422,0.050142629603730005,0.09978589345602883,0.8439987109727224
2.98982,24,2482,2.9898153846153845,21,True,2000,True,2000,False,False,0.7520804207882951,0.7589104284773946,-1,True,0.22542693363780936,0.03319881402238963,0.08910016895577315,0.8400247865898298
2.98982,25,2492,2.9898153846153845,21,True,2000,True,2000,False,False,0.7548424071383679,0.7560740593916984,-1,True,0.19077461228423168,0.07647395407732069,0.1280178640976025,0.8389418472643845
2.98982,26,2502,2.9898153846153845,21,True,2000,True,2000,False,False,0.7531991192923247,0.7531991192923247,-1,True,0.2704045955430242,0.09742029480157105,0.05906829521108301,0.8371107931527414
2.98982,27,2512,2.9898153846153845,21,True,2000,True,2000,False,False,0.7526009004726181,0.7693428362885518,-1,True,0.24341475779382776,0.0009220805484168482,0.12311694645386323,0.850968575439462
2.98982,28,2522,2.9898153846153845,21,True,2000,True,2000,False,False,0.7544432799874949,0.7889137216453357,-1,True,0.208185449578632,0.08368478444140172,0.10442993287402105,0.8382960910767288
2.98982,29,2532,2.9898153846153845,21,True,2000,True,2000,False,False,0.7523899271692369,0.7583410765351866,-1,True,0.19318832223945084,0.07437386445563259,0.11941250229127166,0.8405395918979368
2.98982,30,2542,2.9898153846153845,21,True,2000,True,2000,False,False,0.7526904596912306,0.7731305315937099,-1,True,0.2841671458430727,0.0514088321441629,0.10028914996277638,0.8599165683256276
2.98982,31,2552,2.9898153846153845,21,True,2000,True,2000,False,False,0.7528010727595329,0.7528010727595329,-1,True,0.220597757557483,0.02388807077173091,0.09001370285442403,0.8319478870655649
2.98982,32,2562,2.9898153846153845,21,True,2000,True,2000,False,False,0.7522501204724698,0.7522501204724698,-1,True,0.22657677882791696,0.04797501605106343,0.08020906973928262,0.8650283090389012
2.98982,33,2572,2.9898153846153845,21,False,14,False,14,True,False,-3.1808492020065264,-3.1808492020065264,12,False,0.23679808340196512,0.030308109395275395,0.10148921131372912,0.8781571023347132
2.98982,34,2582,2.9898153846153845,21,True,2000,True,2000,False,False,0.7531376440959108,0.75876783023253,-1,True,0.25052461331568987,0.06864062158444774,0.11100687967593742,0.8409994392178443
2.98982,35,2592,2.9898153846153845,21,True,2000,True,2000,False,False,0.7521277095201401,0.7737375774741408,-1,True,0.29443413775863747,0.07202525828312147,0.10481723038243398,0.865342145483697
2.98982,36,2602,2.9898153846153845,21,True,2000,True,2000,False,False,0.7524337302823894,0.7572931154399126,-1,True,0.2584969147071452,0.045253777696605914,0.09446197233746127,0.8498628150013763
2.98982,37,2612,2.9898153846153845,21,True,2000,True,2000,False,False,0.7520824272051496,0.7520824272051496,-1,True,0.18167874527041158,0.04693997948916787,0.14946836737018526,0.8310432725121143
2.98982,38,2622,2.9898153846153845,21,True,2000,True,2000,False,False,0.7543644107256224,0.7543644107256224,-1,True,0.1998363405274743,0.0805817398145705,0.14612133516743137,0.834780171640262
2.98982,39,2632,2.9898153846153845,21,False,13,False,13,True,False,-0.7299643198143052,-0.7299643198143052,12,False,0.28600218875975963,0.027134703265471807,0.11916116638092368,0.873619420764454
2.98982,40,2642,2.9898153846153845,21,True,2000,True,2000,False,False,0.7530264021708118,0.7599569418931442,-1,True,0.23699868864882237,0.0598585755944976,0.05228521491049518,0.839019160438378
2.98982,41,2652,2.9898153846153845,21,True,2000,True,2000,False,False,0.7564423281248042,0.7584017538941816,-1,True,0.18474307828954722,0.017551465893188047,0.07874595149839318,0.8522776455891029
2.98982,42,2662,2.9898153846153845,21,True,2000,True,2000,False,False,0.7521705872671857,0.7547166934871631,-1,True,0.24076283040411084,0.09525166212436609,0.14686821563600516,0.8368303765607055
2.98982,43,2672,2.9898153846153845,21,True,2000,True,2000,False,False,0.7531552020889999,0.7564745362157307,-1,True,0.22592958760714626,0.055286392803922516,0.0665264288793907,0.8663894601659125
2.98982,44,2682,2.9898153846153845,21,False,11,False,11,True,False,0.025141968926337188,0.025141968926337188,10,False,0.28122251196370934,0.08268437572909647,0.1356096009662211,0.8722123613530158
2.98982,45,2692,2.9898153846153845,21,True,2000,True,2000,False,False,0.7522054800152068,0.7522054800152068,-1,True,0.2900873671708273,0.0430357181488597,0.0932351122369877,0.8420334580184777
2.98982,46,2702,2.9898153846153845,21,True,2000,True,2000,False,False,0.752228500271649,0.752228500271649,-1,True,0.20489379144871214,0.07057700490646866,0.14317399113157872,0.8337243434935305
2.98982,47,2712,2.9898153846153845,21,True,2000,True,2000,False,False,0.7590398360438914,0.7743324112200288,-1,True,0.24305036213916859,0.09913690562264066,0.07501335483917854,0.843584630843486
2.98982,48,2722,2.9898153846153845,21,True,2000,True,2000,False,False,0.755884714172782,0.755884714172782,-1,True,0.20194990380541783,0.011074744751601685,0.0936749717780049,0.8414771475710798
2.98982,49,2732,2.9898153846153845,21,True,2000,True,2000,False,False,0.7532942625360078,0.7532942625360078,-1,True,0.29550638224242,0.027119963652071633,0.12779731930016358,0.8575741116017603
2.98983,0,2342,2.989825641025641,22,False,846,False,846,True,False,-1.43445367400964,0.7577963054610602,845,True,0.21585947604611866,0.024368066071005647,0.11638693780556815,0.8513880727265207
2.98983,1,2352,2.989825641025641,22,False,1437,False,1437,True,False,-1.8633151342418535,0.7805413697172049,1436,True,0.20329683440775642,0.08629786828397062,0.07423075070519337,0.8541401928078621
2.98983,2,2362,2.989825641025641,22,False,121,False,121,True,False,-1.6382957904471567,-1.6382957904471567,120,False,0.29138549581988865,0.08825319800507081,0.12747083563593725,0.8302965159422939
2.98983,3,2372,2.989825641025641,22,False,254,False,254,True,False,-0.8095876909554006,-0.8095876909554006,253,False,0.17617175237752836,0.030823341803499882,0.05376399680307619,0.8672365028437036
2.98983,4,2382,2.989825641025641,22,False,1645,False,1645,True,False,-0.10377770073006756,0.7362857008921928,1644,True,0.2105586706352694,0.0588842541921058,0.11859252959466139,0.8332262820511506
2.98983,5,2392,2.989825641025641,22,False,16,False,16,True,False,-1.8137719648456672,-1.8137719648456672,15,False,0.2370989921109208,0.07907319583178128,0.0924746805675826,0.8761341545185353
2.98983,6,2402,2.989825641025641,22,False,587,False,587,True,False,-0.7814724032223304,0.7633914657330673,586,False,0.22867182310770992,0.07243027720235873,0.13880740847497391,0.8407952737987979
2.98983,7,2412,2.989825641025641,22,False,1669,False,1669,True,False,-0.19810592829298965,0.769854073089328,1668,True,0.2747202215148596,0.05327903086289672,0.09074134269833985,0.8358831983297069
2.98983,8,2422,2.989825641025641,22,False,174,False,174,True,False,-0.0692099896275705,-0.0692099896275705,173,False,0.21009425484658836,0.01823742938608478,0.06646517573981152,0.8752983191580123
2.98983,9,2432,2.989825641025641,22,False,500,False,500,True,False,-3.5967183008972237,-3.5967183008972237,498,False,0.174734042268098,0.09065575337455674,0.12184437473198335,0.8420443056006001
2.98983,10,2442,2.989825641025641,22,False,16,False,16,True,False,-0.8953048693063087,-0.8953048693063087,15,False,0.23210692891429982,0.01391258907194456,0.07937889058443913,0.8793808769067827
2.98983,11,2452,2.989825641025641,22,False,23,False,23,True,False,-1.5255038853575793,-1.5255038853575793,22,False,0.18430709541109702,0.011805048931920338,0.05511295472872844,0.8766258012206128
2.98983,12,2462,2.989825641025641,22,False,393,False,393,True,False,-0.11125360435895874,-0.11125360435895874,392,False,0.18723186340168735,0.07846922330448229,0.08928608304449882,0.8540593452961611
2.98983,13,2472,2.989825641025641,22,False,1739,False,1739,True,False,-0.6870996966135139,0.7798729072347005,1738,True,0.18110680668567422,0.050142629603730005,0.09978589345602883,0.8439987109727224
2.98983,14,2482,2.989825641025641,22,False,829,False,829,True,False,-0.13353974569981847,0.7581144284442572,828,True,0.22542693363780936,0.03319881402238963,0.08910016895577315,0.8400247865898298
2.98983,15,2492,2.989825641025641,22,False,965,False,965,True,False,-4.826917220550305,0.7541113574373974,963,True,0.19077461228423168,0.07647395407732069,0.1280178640976025,0.8389418472643845
2.98983,16,2502,2.989825641025641,22,False,904,False,904,True,False,-1.1106290004621115,0.7719340122859962,903,True,0.2704045955430242,0.09742029480157105,0.05906829521108301,0.8371107931527414
2.98983,17,2512,2.989825641025641,22,False,369,False,369,True,False,-2.7227880086905816,-2.7227880086905816,367,False,0.24341475779382776,0.0009220805484168482,0.12311694645386323,0.850968575439462
2.98983,18,2522,2.989825641025641,22,True,2000,True,2000,False,False,0.7426496059233082,0.7643043587483515,-1,True,0.208185449578632,0.08368478444140172,0.10442993287402105,0.8382960910767288
2.98983,19,2532,2.989825641025641,22,False,642,False,642,True,False,-0.3397931226440369,0.7700529882334043,641,False,0.19318832223945084,0.07437386445563259,0.11941250229127166,0.8405395918979368
2.98983,20,2542,2.989825641025641,22,False,1452,False,1452,True,False,-0.13199509266798634,0.7687849989802753,1451,True,0.2841671458430727,0.0514088321441629,0.10028914996277638,0.8599165683256276
2.98983,21,2552,2.989825641025641,22,False,210,False,210,True,False,-0.2226373670468771,-0.2226373670468771,209,False,0.220597757557483,0.02388807077173091,0.09001370285442403,0.8319478870655649
2.98983,22,2562,2.989825641025641,22,False,209,False,209,True,False,-4.601908207075779,-4.601908207075779,207,False,0.22657677882791696,0.04797501605106343,0.08020906973928262,0.8650283090389012
2.98983,23,2572,2.989825641025641,22,False,14,False,14,True,False,-3.3231816401238095,-3.3231816401238095,12,False,0.23679808340196512,0.030308109395275395,0.10148921131372912,0.8781571023347132
2.98983,24,2582,2.989825641025641,22,False,552,False,552,True,False,-2.602820533176722,0.7618588244754668,550,False,0.25052461331568987,0.06864062158444774,0.11100687967593742,0.8409994392178443
2.98983,25,2592,2.989825641025641,22,False,1488,False,1488,True,False,-3.4624002323381364,0.7553757434348186,1486,True,0.29443413775863747,0.07202525828312147,0.10481723038243398,0.865342145483697
2.98983,26,2602,2.989825641025641,22,False,1014,False,1014,True,False,-0.05627825091008637,0.7734824018876115,1013,True,0.2584969147071452,0.045253777696605914,0.09446197233746127,0.8498628150013763
2.98983,27,2612,2.989825641025641,22,False,211,False,211,True,False,-1.1529951470030644,-1.1529951470030644,210,False,0.18167874527041158,0.04693997948916787,0.14946836737018526,0.8310432725121143
2.98983,28,2622,2.989825641025641,22,False,348,False,348,True,False,-32.164430769212686,-32.164430769212686,346,False,0.1998363405274743,0.0805817398145705,0.14612133516743137,0.834780171640262
2.98983,29,2632,2.989825641025641,22,False,13,False,13,True,False,-0.7380440038894647,-0.7380440038894647,12,False,0.28600218875975963,0.027134703265471807,0.11916116638092368,0.873619420764454
2.98983,30,2642,2.989825641025641,22,True,2000,True,2000,False,False,0.7515986116105714,0.7524921691743914,-1,True,0.23699868864882237,0.0598585755944976,0.05228521491049518,0.839019160438378
2.98983,31,2652,2.989825641025641,22,False,1416,False,1416,True,False,-0.3341581116293826,0.7519133614327883,1415,True,0.18474307828954722,0.017551465893188047,0.07874595149839318,0.8522776455891029
2.98983,32,2662,2.989825641025641,22,True,2000,True,2000,False,False,0.7507137125788129,0.7526844118886052,-1,True,0.24076283040411084,0.09525166212436609,0.14686821563600516,0.8368303765607055
2.98983,33,2672,2.989825641025641,22,True,2000,True,2000,False,False,0.75140320186624,0.7685628358307214,-1,True,0.22592958760714626,0.055286392803922516,0.0665264288793907,0.8663894601659125
2.98983,34,2682,2.989825641025641,22,False,11,False,11,True,False,0.02142537724683008,0.02142537724683008,10,False,0.28122251196370934,0.08268437572909647,0.1356096009662211,0.8722123613530158
2.98983,35,2692,2.989825641025641,22,False,635,False,635,True,False,-9.164088480381057,0.7493100527533766,633,False,0.2900873671708273,0.0430357181488597,0.0932351122369877,0.8420334580184777
2.98983,36,2702,2.989825641025641,22,False,1565,False,1565,True,False,-4.9868353622121315,0.777564882990095,1563,True,0.20489379144871214,0.07057700490646866,0.14317399113157872,0.8337243434935305
2.98983,37,2712,2.989825641025641,22,True,2000,True,2000,False,False,0.7514299344554595,0.7738876210124435,-1,True,0.24305036213916859,0.09913690562264066,0.07501335483917854,0.843584630843486
2.98983,38,2722,2.989825641025641,22,False,472,False,472,True,False,0.03067041175772288,0.03067041175772288,471,False,0.20194990380541783,0.011074744751601685,0.0936749717780049,0.8414771475710798
2.98983,39,2732,2.989825641025641,22,False,842,False,842,True,False,-0.5436921550126471,0.7516303901643268,841,True,0.29550638224242,0.027119963652071633,0.12779731930016358,0.8575741116017603
2.98983,40,2742,2.989825641025641,22,False,619,False,619,True,False,-0.13939822104057104,0.767972583339615,618,False,0.2913423533103104,0.001214446645421652,0.12510749121516868,0.8657568682171896
2.98983,41,2752,2.989825641025641,22,False,706,False,706,True,False,-1.0845172584925045,0.7528967638056818,705,True,0.26406644342460783,0.012649302002006181,0.0507074342521094,0.8349469053592359
2.98983,42,2762,2.989825641025641,22,False,483,False,483,True,False,-0.22636832273495117,-0.22636832273495117,482,False,0.2676571890249379,0.05175433825508995,0.11496921361740242,0.8472108149912467
2.98983,43,2772,2.989825641025641,22,True,2000,True,2000,False,False,0.7475434009534914,0.7530544647295111,-1,True,0.277407103263405,0.042880158497388604,0.0972522514520988,0.8393361407229301
2.98983,44,2782,2.989825641025641,22,False,17,False,17,True,False,-1.0390025805922618,-1.0390025805922618,16,False,0.29818564924605884,0.0370613855171296,0.13574717685402168,0.8632624320827403
2.98983,45,2792,2.989825641025641,22,False,15,False,15,True,False,0.021572814610546456,0.021572814610546456,14,False,0.28550983048498324,0.06824482268771592,0.11929692886689269,0.8692158754258688
2.98983,46,2802,2.989825641025641,22,False,394,False,394,True,False,-0.1160182019871685,-0.1160182019871685,393,False,0.2781513553652134,0.0811386851520054,0.11769201313042975,0.8589704113994525
2.98983,47,2812,2.989825641025641,22,False,969,False,969,True,False,-2.1047975278671487,0.7731647990201597,968,True,0.27475267681321924,0.041154029414000974,0.09739490221036713,0.8363679090094491
2.98983,48,2822,2.989825641025641,22,True,2000,True,2000,False,False,0.7454943919658978,0.7519178309721228,-1,True,0.2648540558464343,0.027242598005096177,0.10903781262848392,0.8508025652093095
2.98983,49,2832,2.989825641025641,22,False,1168,False,1168,True,False,-1.6386473745977528,0.7536740623434646,1167,True,0.26507865868619473,0.008205087318241811,0.10323992750010287,0.8574427684456053
2.98984,0,2442,2.9898358974358974,23,False,16,False,16,True,False,-0.9105582032269728,-0.9105582032269728,15,False,0.23210692891429982,0.01391258907194456,0.07937889058443913,0.8793808769067827
2.98984,1,2452,2.9898358974358974,23,False,23,False,23,True,False,-1.8437269613531109,-1.8437269613531109,22,False,0.18430709541109702,0.011805048931920338,0.05511295472872844,0.8766258012206128
2.98984,2,2462,2.9898358974358974,23,False,388,False,388,True,False,-0.04791539325971855,-0.04791539325971855,387,False,0.18723186340168735,0.07846922330448229,0.08928608304449882,0.8540593452961611
2.98984,3,2472,2.9898358974358974,23,False,453,False,453,True,False,-0.5282111383453509,-0.5282111383453509,452,False,0.18110680668567422,0.050142629603730005,0.09978589345602883,0.8439987109727224
2.98984,4,2482,2.9898358974358974,23,False,300,False,300,True,False,-0.07637470559077272,-0.07637470559077272,299,False,0.22542693363780936,0.03319881402238963,0.08910016895577315,0.8400247865898298
2.98984,5,2492,2.9898358974358974,23,False,198,False,198,True,False,-1.5630345012934195,-1.5630345012934195,197,False,0.19077461228423168,0.07647395407732069,0.1280178640976025,0.8389418472643845
2.98984,6,2502,2.9898358974358974,23,False,768,False,768,True,False,-0.28115480957166783,0.7643596304877616,767,True,0.2704045955430242,0.09742029480157105,0.05906829521108301,0.8371107931527414
2.98984,7,2512,2.9898358974358974,23,False,1513,False,1513,True,False,-17.55762089887283,0.7659357126415903,1511,True,0.24341475779382776,0.0009220805484168482,0.12311694645386323,0.850968575439462
2.98984,8,2522,2.9898358974358974,23,False,855,False,855,True,False,-5.2108924102521685,0.7646473675929674,853,True,0.208185449578632,0.08368478444140172,0.10442993287402105,0.8382960910767288
2.98984,9,2532,2.9898358974358974,23,False,1092,False,1092,True,False,-0.7462837898707759,0.7527433958797963,1091,True,0.19318832223945084,0.07437386445563259,0.11941250229127166,0.8405395918979368
2.98984,10,2542,2.9898358974358974,23,False,724,False,724,True,False,-1.8827906396710374,0.7681455878535078,723,True,0.2841671458430727,0.0514088321441629,0.10028914996277638,0.8599165683256276
2.98984,11,2552,2.9898358974358974,23,False,207,False,207,True,False,-0.38276475560387174,-0.38276475560387174,206,False,0.220597757557483,0.02388807077173091,0.09001370285442403,0.8319478870655649
2.98984,12,2562,2.9898358974358974,23,False,206,False,206,True,False,-13.463334321615235,-13.463334321615235,204,False,0.22657677882791696,0.04797501605106343,0.08020906973928262,0.8650283090389012
2.98984,13,2572,2.9898358974358974,23,False,14,False,14,True,False,-3.477564179331743,-3.477564179331743,12,False,0.23679808340196512,0.030308109395275395,0.10148921131372912,0.8781571023347132
2.98984,14,2582,2.9898358974358974,23,False,925,False,925,True,False,-0.8772474371463496,0.7674854238593347,924,True,0.25052461331568987,0.06864062158444774,0.11100687967593742,0.8409994392178443
2.98984,15,2592,2.9898358974358974,23,False,372,False,372,True,False,-0.3480623715507404,-0.3480623715507404,371,False,0.29443413775863747,0.07202525828312147,0.10481723038243398,0.865342145483697
2.98984,16,2602,2.9898358974358974,23,False,664,False,664,True,False,-0.22132434140925583,0.7750280305705337,663,False,0.2584969147071452,0.045253777696605914,0.09446197233746127,0.8498628150013763
2.98984,17,2612,2.9898358974358974,23,False,208,False,208,True,False,-0.6247895074023696,-0.6247895074023696,207,False,0.18167874527041158,0.04693997948916787,0.14946836737018526,0.8310432725121143
2.98984,18,2622,2.9898358974358974,23,False,345,False,345,True,False,-1.5938141784218953,-1.5938141784218953,344,False,0.1998363405274743,0.0805817398145705,0.14612133516743137,0.834780171640262
2.98984,19,2632,2.9898358974358974,23,False,13,False,13,True,False,-0.7459691238062537,-0.7459691238062537,12,False,0.28600218875975963,0.027134703265471807,0.11916116638092368,0.873619420764454
2.98984,20,2642,2.9898358974358974,23,False,585,False,585,True,False,-2.2585617943759306,0.7721488095003528,584,False,0.23699868864882237,0.0598585755944976,0.05228521491049518,0.839019160438378
2.98984,21,2652,2.9898358974358974,23,False,434,False,434,True,False,-0.48159405998826943,-0.48159405998826943,433,False,0.18474307828954722,0.017551465893188047,0.07874595149839318,0.8522776455891029
2.98984,22,2662,2.9898358974358974,23,False,1799,False,1799,True,False,-6.0375111095648135,0.7741864289009041,1797,True,0.24076283040411084,0.09525166212436609,0.14686821563600516,0.8368303765607055
2.98984,23,2672,2.9898358974358974,23,False,616,False,616,True,False,-2.8390535621520003,0.7650574332053441,614,False,0.22592958760714626,0.055286392803922516,0.0665264288793907,0.8663894601659125
2.98984,24,2682,2.9898358974358974,23,False,11,False,11,True,False,0.017722068588122503,0.017722068588122503,10,False,0.28122251196370934,0.08268437572909647,0.1356096009662211,0.8722123613530158
2.98984,25,2692,2.9898358974358974,23,False,623,False,623,True,False,-0.8623204529409739,0.7540878912507729,622,False,0.2900873671708273,0.0430357181488597,0.0932351122369877,0.8420334580184777
2.98984,26,2702,2.9898358974358974,23,False,688,False,688,True,False,-0.2219151808394056,0.789206336077955,687,False,0.20489379144871214,0.07057700490646866,0.14317399113157872,0.8337243434935305
2.98984,27,2712,2.9898358974358974,23,False,540,False,540,True,False,-0.36954894115330933,0.7720253939689584,539,False,0.24305036213916859,0.09913690562264066,0.07501335483917854,0.843584630843486
2.98984,28,2722,2.9898358974358974,23,False,266,False,266,True,False,-0.6826058961086975,-0.6826058961086975,265,False,0.20194990380541783,0.011074744751601685,0.0936749717780049,0.8414771475710798
2.98984,29,2732,2.9898358974358974,23,False,1301,False,1301,True,False,0.033676314373736596,0.7571705291502648,1300,True,0.29550638224242,0.027119963652071633,0.12779731930016358,0.8575741116017603
2.98984,30,2742,2.9898358974358974,23,False,138,False,138,True,False,-0.9950546622830262,-0.9950546622830262,137,False,0.2913423533103104,0.001214446645421652,0.12510749121516868,0.8657568682171896
2.98984,31,2752,2.9898358974358974,23,False,282,False,282,True,False,-6.876778335252226,-6.876778335252226,280,False,0.26406644342460783,0.012649302002006181,0.0507074342521094,0.8349469053592359
2.98984,32,2762,2.9898358974358974,23,False,199,False,199,True,False,-9.29753314511871,-9.29753314511871,197,False,0.2676571890249379,0.05175433825508995,0.11496921361740242,0.8472108149912467
2.98984,33,2772,2.9898358974358974,23,False,345,False,345,True,False,-0.2483978653483459,-0.2483978653483459,344,False,0.277407103263405,0.042880158497388604,0.0972522514520988,0.8393361407229301
2.98984,34,2782,2.9898358974358974,23,False,17,False,17,True,False,-1.1301404507381068,-1.1301404507381068,16,False,0.29818564924605884,0.0370613855171296,0.13574717685402168,0.8632624320827403
2.98984,35,2792,2.9898358974358974,23,False,15,False,15,True,False,0.007173759979292843,0.007173759979292843,14,False,0.28550983048498324,0.06824482268771592,0.11929692886689269,0.8692158754258688
2.98984,36,2802,2.9898358974358974,23,True,2000,True,2000,False,False,0.7549389332053318,0.7722655837621996,-1,True,0.2781513553652134,0.0811386851520054,0.11769201313042975,0.8589704113994525
2.98984,37,2812,2.9898358974358974,23,False,622,False,622,True,False,-1.8826902554598988,0.7735658530027374,621,False,0.27475267681321924,0.041154029414000974,0.09739490221036713,0.8363679090094491
2.98984,38,2822,2.9898358974358974,23,False,232,False,232,True,False,-1.7013833223159494,-1.7013833223159494,231,False,0.2648540558464343,0.027242598005096177,0.10903781262848392,0.8508025652093095
2.98984,39,2832,2.9898358974358974,23,False,228,False,228,True,False,-0.5234854351180385,-0.5234854351180385,227,False,0.26507865868619473,0.008205087318241811,0.10323992750010287,0.8574427684456053
2.98984,40,2842,2.9898358974358974,23,False,986,False,986,True,False,-1.000709261395894,0.7584514001056494,985,True,0.18717965045374124,0.030028709470699133,0.09651996059574307,0.8641908348407435
2.98984,41,2852,2.9898358974358974,23,False,841,False,841,True,False,-1.0062783380922757,0.7561863565560885,840,True,0.2574166002023003,0.007445386603746862,0.13170318948501686,0.8569337796280356
2.98984,42,2862,2.9898358974358974,23,False,12,False,12,True,False,-0.0874999159361322,-0.0874999159361322,11,False,0.24754254763009836,0.06164831205870869,0.10678797405041437,0.8794573042851854
2.98984,43,2872,2.9898358974358974,23,False,314,False,314,True,False,-1.06874929448149,-1.06874929448149,313,False,0.21659503611842107,0.06643668523449281,0.07629197575060451,0.8334194701911948
2.98984,44,2882,2.9898358974358974,23,False,455,False,455,True,False,-10.373292474714999,-10.373292474714999,453,False,0.18402872697097203,0.03811748513894697,0.07719008401279402,0.8511180761250688
2.98984,45,2892,2.9898358974358974,23,False,208,False,208,True,False,-0.7364496855684959,-0.7364496855684959,207,False,0.26572220596765506,0.04483693858417424,0.114460407024019,0.8676413043650081
2.98984,46,2902,2.9898358974358974,23,True,2000,True,2000,False,False,0.7557129899571232,0.7695371572482187,-1,True,0.25854375610927016,0.018291485053844814,0.13616706614508223,0.8584253120135542
2.98984,47,2912,2.9898358974358974,23,False,702,False,702,True,False,-2.6431677198357413,0.743846242013472,700,True,0.25300525969725435,0.07963898017215232,0.0534551713227722,0.8414909827416652
2.98984,48,2922,2.9898358974358974,23,False,481,False,481,True,False,-0.8316928797534545,-0.8316928797534545,480,False,0.28085256818284926,0.09681349438532756,0.06566414716038892,0.8426961690084218
2.98984,49,2932,2.9898358974358974,23,False,351,False,351,True,False,-0.2594131015695895,-0.2594131015695895,350,False,0.22723170471012322,0.0196974927965222,0.07638346641372948,0.8366812989323996
2.98985,0,2542,2.989846153846154,24,False,350,False,350,True,False,-4.168695705565052,-4.168695705565052,348,False,0.2841671458430727,0.0514088321441629,0.10028914996277638,0.8599165683256276
2.98985,1,2552,2.989846153846154,24,False,206,False,206,True,False,-0.8762475450760476,-0.8762475450760476,205,False,0.220597757557483,0.02388807077173091,0.09001370285442403,0.8319478870655649
2.98985,2,2562,2.989846153846154,24,False,205,False,205,True,False,-3.6816068202980263,-3.6816068202980263,203,False,0.22657677882791696,0.04797501605106343,0.08020906973928262,0.8650283090389012
2.98985,3,2572,2.989846153846154,24,False,14,False,14,True,False,-3.6190097028455246,-3.6190097028455246,12,False,0.23679808340196512,0.030308109395275395,0.10148921131372912,0.8781571023347132
2.98985,4,2582,2.989846153846154,24,False,853,False,853,True,False,-1.7219939386349918,0.7673976486481975,852,True,0.25052461331568987,0.06864062158444774,0.11100687967593742,0.8409994392178443
2.98985,5,2592,2.989846153846154,24,False,473,False,473,True,False,-0.9985471518035831,-0.9985471518035831,472,False,0.29443413775863747,0.07202525828312147,0.10481723038243398,0.865342145483697
2.98985,6,2602,2.989846153846154,24,False,562,False,562,True,False,-1.2167205100017557,0.76134839662775,561,False,0.2584969147071452,0.045253777696605914,0.09446197233746127,0.8498628150013763
2.98985,7,2612,2.989846153846154,24,False,208,False,208,True,False,-3.371518591085446,-3.371518591085446,206,False,0.18167874527041158,0.04693997948916787,0.14946836737018526,0.8310432725121143
2.98985,8,2622,2.989846153846154,24,False,866,False,866,True,False,-1.2194895803822174,0.7543044191805436,865,True,0.1998363405274743,0.0805817398145705,0.14612133516743137,0.834780171640262
2.98985,9,2632,2.989846153846154,24,False,13,False,13,True,False,-0.7537572684622955,-0.7537572684622955,12,False,0.28600218875975963,0.027134703265471807,0.11916116638092368,0.873619420764454
2.98985,10,2642,2.989846153846154,24,True,2000,True,2000,False,False,0.7663346993627043,0.7735347890150363,-1,True,0.23699868864882237,0.0598585755944976,0.05228521491049518,0.839019160438378
2.98985,11,2652,2.989846153846154,24,False,431,False,431,True,False,-0.039924559060490264,-0.039924559060490264,430,False,0.18474307828954722,0.017551465893188047,0.07874595149839318,0.8522776455891029
2.98985,12,2662,2.989846153846154,24,False,971,False,971,True,False,-3.6133590321939812,0.7730332109417872,969,True,0.24076283040411084,0.09525166212436609,0.14686821563600516,0.8368303765607055
2.98985,13,2672,2.989846153846154,24,False,1343,False,1343,True,False,-0.6780769036300666,0.7755372565684616,1342,True,0.22592958760714626,0.055286392803922516,0.0665264288793907,0.8663894601659125
2.98985,14,2682,2.989846153846154,24,False,11,False,11,True,False,0.014030733583703575,0.014030733583703575,10,False,0.28122251196370934,0.08268437572909647,0.1356096009662211,0.8722123613530158
2.98985,15,2692,2.989846153846154,24,True,2000,True,2000,False,False,0.7671740544774753,0.7680648770357563,-1,True,0.2900873671708273,0.0430357181488597,0.0932351122369877,0.8420334580184777
2.98985,16,2702,2.989846153846154,24,False,410,False,410,True,False,-2.6331111291109064,-2.6331111291109064,408,False,0.20489379144871214,0.07057700490646866,0.14317399113157872,0.8337243434935305
2.98985,17,2712,2.989846153846154,24,False,714,False,714,True,False,-0.02471240581306373,0.7689999221106316,713,True,0.24305036213916859,0.09913690562264066,0.07501335483917854,0.843584630843486
2.98985,18,2722,2.989846153846154,24,False,257,False,257,True,False,-0.32970716621949375,-0.32970716621949375,256,False,0.20194990380541783,0.011074744751601685,0.0936749717780049,0.8414771475710798
2.98985,19,2732,2.989846153846154,24,False,1136,False,1136,True,False,-0.8234456556968908,0.7568640256476358,1135,True,0.29550638224242,0.027119963652071633,0.12779731930016358,0.8575741116017603
2.98985,20,2742,2.989846153846154,24,False,413,False,413,True,False,-0.1357115163312419,-0.1357115163312419,412,False,0.2913423533103104,0.001214446645421652,0.12510749121516868,0.8657568682171896
2.98985,21,2752,2.989846153846154,24,False,281,False,281,True,False,-0.9533882821259595,-0.9533882821259595,280,False,0.26406644342460783,0.012649302002006181,0.0507074342521094,0.8349469053592359
2.98985,22,2762,2.989846153846154,24,False,197,False,197,True,False,-4.933107035553255,-4.933107035553255,195,False,0.2676571890249379,0.05175433825508995,0.11496921361740242,0.8472108149912467
2.98985,23,2772,2.989846153846154,24,False,1168,False,1168,True,False,-0.1090069422370728,0.7689508547314098,1167,True,0.277407103263405,0.042880158497388604,0.0972522514520988,0.8393361407229301
2.98985,24,2782,2.989846153846154,24,False,17,False,17,True,False,-1.267920072768398,-1.267920072768398,16,False,0.29818564924605884,0.0370613855171296,0.13574717685402168,0.8632624320827403
2.98985,25,2792,2.989846153846154,24,False,15,False,15,True,False,-0.007056828725984482,-0.007056828725984482,14,False,0.28550983048498324,0.06824482268771592,0.11929692886689269,0.8692158754258688
2.98985,26,2802,2.989846153846154,24,False,354,False,354,True,False,-1.4941423153458178,-1.4941423153458178,353,False,0.2781513553652134,0.0811386851520054,0.11769201313042975,0.8589704113994525
2.98985,27,2812,2.989846153846154,24,False,908,False,908,True,False,-0.7262469075731088,0.7504097968809841,907,True,0.27475267681321924,0.041154029414000974,0.09739490221036713,0.8363679090094491
2.98985,28,2822,2.989846153846154,24,False,226,False,226,True,False,-0.18502879612073406,-0.18502879612073406,225,False,0.2648540558464343,0.027242598005096177,0.10903781262848392,0.8508025652093095
2.98985,29,2832,2.989846153846154,24,False,226,False,226,True,False,-9.817085501859152,-9.817085501859152,224,False,0.26507865868619473,0.008205087318241811,0.10323992750010287,0.8574427684456053
2.98985,30,2842,2.989846153846154,24,False,807,False,807,True,False,-2.932280800199262,0.7694471384847923,805,True,0.18717965045374124,0.030028709470699133,0.09651996059574307,0.8641908348407435
2.98985,31,2852,2.989846153846154,24,False,354,False,354,True,False,-0.27944945161874435,-0.27944945161874435,353,False,0.2574166002023003,0.007445386603746862,0.13170318948501686,0.8569337796280356
2.98985,32,2862,2.989846153846154,24,False,12,False,12,True,False,-0.09186272793623423,-0.09186272793623423,11,False,0.24754254763009836,0.06164831205870869,0.10678797405041437,0.8794573042851854
2.98985,33,2872,2.989846153846154,24,False,900,False,900,True,False,-10.501137206003474,0.7551822767396111,898,True,0.21659503611842107,0.06643668523449281,0.07629197575060451,0.8334194701911948
2.98985,34,2882,2.989846153846154,24,False,450,False,450,True,False,-0.008528260026364143,-0.008528260026364143,449,False,0.18402872697097203,0.03811748513894697,0.07719008401279402,0.8511180761250688
2.98985,35,2892,2.989846153846154,24,False,306,False,306,True,False,-1.0178209255493618,-1.0178209255493618,305,False,0.26572220596765506,0.04483693858417424,0.114460407024019,0.8676413043650081
2.98985,36,2902,2.989846153846154,24,False,296,False,296,True,False,-12.199172707623202,-12.199172707623202,294,False,0.25854375610927016,0.018291485053844814,0.13616706614508223,0.8584253120135542
2.98985,37,2912,2.989846153846154,24,False,136,False,136,True,False,-0.31021525211860046,-0.31021525211860046,135,False,0.25300525969725435,0.07963898017215232,0.0534551713227722,0.8414909827416652
2.98985,38,2922,2.989846153846154,24,False,1180,False,1180,True,False,-0.18827657934897998,0.756200757652372,1179,True,0.28085256818284926,0.09681349438532756,0.06566414716038892,0.8426961690084218
2.98985,39,2932,2.989846153846154,24,False,622,False,622,True,False,-1.6137487685873853,0.7529128145486776,621,False,0.22723170471012322,0.0196974927965222,0.07638346641372948,0.8366812989323996
2.98985,40,2942,2.989846153846154,24,False,190,False,190,True,False,-5.818848234510063,-5.818848234510063,188,False,0.17800028964637107,0.002390062762283629,0.0693269571855151,0.8420466809452264
2.98985,41,2952,2.989846153846154,24,False,138,False,138,True,False,-0.7402709115973278,-0.7402709115973278,137,False,0.2778337756156798,0.09030566119670119,0.10953429905896363,0.8374693597789878
2.98985,42,2962,2.989846153846154,24,False,20,False,20,True,False,-0.6919221983923451,-0.6919221983923451,19,False,0.20554024600626447,0.020425218659039058,0.0705999720050618,0.87654469910193
2.98985,43,2972,2.989846153846154,24,False,941,False,941,True,False,-0.01391902819132268,0.7735521890695886,940,True,0.22525409244707606,0.010003119668720384,0.11278970834694584,0.8460976004531497
2.98985,44,2982,2.989846153846154,24,False,379,False,379,True,False,-1.638353443568896,-1.638353443568896,378,False,0.22478549337121212,0.05906613103929257,0.13037179038885965,0.8507582180858746
2.98985,45,2992,2.989846153846154,24,False,465,False,465,True,False,-0.9735189358089303,-0.9735189358089303,464,False,0.18933988143966468,0.09708017409665964,0.06100028292660362,0.85243973344084
2.98985,46,3002,2.989846153846154,24,False,541,False,541,True,False,-8.136415592632702,0.7758943593792805,539,False,0.18605720966822598,0.056647294974903506,0.1124512595749913,0.8363275690315686
2.98985,47,3012,2.989846153846154,24,False,11,False,11,True,False,-0.803497544842971,-0.803497544842971,10,False,0.28834424369461126,0.03826759034060831,0.12632217986287583,0.8773398190347064
2.98985,48,3022,2.989846153846154,24,False,13,False,13,True,False,-0.21496879948289094,-0.21496879948289094,12,False,0.2832389323050186,0.054180075693883105,0.13463220295003808,0.8681297859850499
2.98985,49,3032,2.989846153846154,24,False,13,False,13,True,False,-1.8642235857498437,-1.8642235857498437,12,False,0.2191969772708669,0.040376773301132554,0.11839400838105921,0.8758113405220133
2.9898599999999997,0,2642,2.9898564102564102,25,False,587,False,587,True,False,-0.00558685749064422,0.7599002312557106,586,False,0.23699868864882237,0.0598585755944976,0.05228521491049518,0.839019160438378
2.9898599999999997,1,2652,2.9898564102564102,25,False,430,False,430,True,False,-0.5263360395364846,-0.5263360395364846,429,False,0.18474307828954722,0.017551465893188047,0.07874595149839318,0.8522776455891029
2.9898599999999997,2,2662,2.9898564102564102,25,False,483,False,483,True,False,-1.8211524772172087,-1.8211524772172087,482,False,0.24076283040411084,0.09525166212436609,0.14686821563600516,0.8368303765607055
2.9898599999999997,3,2672,2.9898564102564102,25,False,370,False,370,True,False,-0.21061470801106622,-0.21061470801106622,369,False,0.22592958760714626,0.055286392803922516,0.0665264288793907,0.8663894601659125
2.9898599999999997,4,2682,2.9898564102564102,25,False,11,False,11,True,False,0.010350167015530876,0.010350167015530876,10,False,0.28122251196370934,0.08268437572909647,0.1356096009662211,0.8722123613530158
2.9898599999999997,5,2692,2.9898564102564102,25,False,478,False,478,True,False,-2.534484452115284,-2.534484452115284,477,False,0.2900873671708273,0.0430357181488597,0.0932351122369877,0.8420334580184777
2.9898599999999997,6,2702,2.9898564102564102,25,False,618,False,618,True,False,-1.1439026710746458,0.7714128967526462,617,False,0.20489379144871214,0.07057700490646866,0.14317399113157872,0.8337243434935305
2.9898599999999997,7,2712,2.9898564102564102,25,False,339,False,339,True,False,-0.7825946918669374,-0.7825946918669374,338,False,0.24305036213916859,0.09913690562264066,0.07501335483917854,0.843584630843486
2.9898599999999997,8,2722,2.9898564102564102,25,False,256,False,256,True,False,-1.5130391377976502,-1.5130391377976502,255,False,0.20194990380541783,0.011074744751601685,0.0936749717780049,0.8414771475710798
2.9898599999999997,9,2732,2.9898564102564102,25,False,928,False,928,True,False,-3.549444151155601,0.7562388695041924,926,True,0.29550638224242,0.027119963652071633,0.12779731930016358,0.8575741116017603
2.9898599999999997,10,2742,2.9898564102564102,25,False,31,False,31,True,False,-1.0071682890925542,-1.0071682890925542,30,False,0.2913423533103104,0.001214446645421652,0.12510749121516868,0.8657568682171896
2.9898599999999997,11,2752,2.9898564102564102,25,False,384,False,384,True,False,-0.07909089500521169,-0.07909089500521169,383,False,0.26406644342460783,0.012649302002006181,0.0507074342521094,0.8349469053592359
2.9898599999999997,12,2762,2.9898564102564102,25,False,196,False,196,True,False,-4.120430917375627,-4.120430917375627,194,False,0.2676571890249379,0.05175433825508995,0.11496921361740242,0.8472108149912467
2.9898599999999997,13,2772,2.9898564102564102,25,False,896,False,896,True,False,-1.001093402022292,0.772120246060375,895,True,0.277407103263405,0.042880158497388604,0.0972522514520988,0.8393361407229301
2.9898599999999997,14,2782,2.9898564102564102,25,False,17,False,17,True,False,-1.4611181810202982,-1.4611181810202982,16,False,0.29818564924605884,0.0370613855171296,0.13574717685402168,0.8632624320827403
2.9898599999999997,15,2792,2.9898564102564102,25,False,15,False,15,True,False,-0.021185262015544187,-0.021185262015544187,14,False,0.28550983048498324,0.06824482268771592,0.11929692886689269,0.8692158754258688
2.9898599999999997,16,2802,2.9898564102564102,25,False,503,False,503,True,False,-0.3582014015943235,0.697273757714037,502,False,0.2781513553652134,0.0811386851520054,0.11769201313042975,0.8589704113994525
2.9898599999999997,17,2812,2.9898564102564102,25,False,688,False,688,True,False,-4.211846113651988,0.7726458437232808,686,False,0.27475267681321924,0.041154029414000974,0.09739490221036713,0.8363679090094491
2.9898599999999997,18,2822,2.9898564102564102,25,False,225,False,225,True,False,-0.9241687885625878,-0.9241687885625878,224,False,0.2648540558464343,0.027242598005096177,0.10903781262848392,0.8508025652093095
2.9898599999999997,19,2832,2.9898564102564102,25,False,224,False,224,True,False,0.013261364611732482,0.013261364611732482,223,False,0.26507865868619473,0.008205087318241811,0.10323992750010287,0.8574427684456053
2.9898599999999997,20,2842,2.9898564102564102,25,False,428,False,428,True,False,-0.08961772461590292,-0.08961772461590292,427,False,0.18717965045374124,0.030028709470699133,0.09651996059574307,0.8641908348407435
2.9898599999999997,21,2852,2.9898564102564102,25,False,905,False,905,True,False,-1.0975472042247245,0.779575848260876,904,True,0.2574166002023003,0.007445386603746862,0.13170318948501686,0.8569337796280356
2.9898599999999997,22,2862,2.9898564102564102,25,False,12,False,12,True,False,-0.09625716092607627,-0.09625716092607627,11,False,0.24754254763009836,0.06164831205870869,0.10678797405041437,0.8794573042851854
2.9898599999999997,23,2872,2.9898564102564102,25,False,210,False,210,True,False,-10.34673413576038,-10.34673413576038,208,False,0.21659503611842107,0.06643668523449281,0.07629197575060451,0.8334194701911948
2.9898599999999997,24,2882,2.9898564102564102,25,False,449,False,449,True,False,-0.7716089576472758,-0.7716089576472758,448,False,0.18402872697097203,0.03811748513894697,0.07719008401279402,0.8511180761250688
2.9898599999999997,25,2892,2.9898564102564102,25,False,377,False,377,True,False,-0.9019465348652987,-0.9019465348652987,376,False,0.26572220596765506,0.04483693858417424,0.114460407024019,0.8676413043650081
2.9898599999999997,26,2902,2.9898564102564102,25,False,577,False,577,True,False,-0.18923418906133482,0.7581912822560466,576,False,0.25854375610927016,0.018291485053844814,0.13616706614508223,0.8584253120135542
2.9898599999999997,27,2912,2.9898564102564102,25,False,134,False,134,True,False,-0.03363007471758693,-0.03363007471758693,133,False,0.25300525969725435,0.07963898017215232,0.0534551713227722,0.8414909827416652
2.9898599999999997,28,2922,2.9898564102564102,25,False,272,False,272,True,False,-0.5347510733650371,-0.5347510733650371,271,False,0.28085256818284926,0.09681349438532756,0.06566414716038892,0.8426961690084218
2.9898599999999997,29,2932,2.9898564102564102,25,False,138,False,138,True,False,-0.8599277722687897,-0.8599277722687897,137,False,0.22723170471012322,0.0196974927965222,0.07638346641372948,0.8366812989323996
2.9898599999999997,30,2942,2.9898564102564102,25,False,188,False,188,True,False,-0.1720735055581374,-0.1720735055581374,187,False,0.17800028964637107,0.002390062762283629,0.0693269571855151,0.8420466809452264
2.9898599999999997,31,2952,2.9898564102564102,25,False,137,False,137,True,False,-1.5544998399106456,-1.5544998399106456,136,False,0.2778337756156798,0.09030566119670119,0.10953429905896363,0.8374693597789878
2.9898599999999997,32,2962,2.9898564102564102,25,False,20,False,20,True,False,-0.7370778679713774,-0.7370778679713774,19,False,0.20554024600626447,0.020425218659039058,0.0705999720050618,0.87654469910193
2.9898599999999997,33,2972,2.9898564102564102,25,False,1744,False,1744,True,False,-0.6182893842469679,0.7513010926471781,1743,True,0.22525409244707606,0.010003119668720384,0.11278970834694584,0.8460976004531497
2.9898599999999997,34,2982,2.9898564102564102,25,False,510,False,510,True,False,-0.1724818840523815,0.7695585958628797,509,False,0.22478549337121212,0.05906613103929257,0.13037179038885965,0.8507582180858746
2.9898599999999997,35,2992,2.9898564102564102,25,False,461,False,461,True,False,-0.1382904694634427,-0.1382904694634427,460,False,0.18933988143966468,0.09708017409665964,0.06100028292660362,0.85243973344084
2.9898599999999997,36,3002,2.9898564102564102,25,False,401,False,401,True,False,-0.5243511484304582,-0.5243511484304582,400,False,0.18605720966822598,0.056647294974903506,0.1124512595749913,0.8363275690315686
2.9898599999999997,37,3012,2.9898564102564102,25,False,11,False,11,True,False,-0.8071663888112708,-0.8071663888112708,10,False,0.28834424369461126,0.03826759034060831,0.12632217986287583,0.8773398190347064
2.9898599999999997,38,3022,2.9898564102564102,25,False,13,False,13,True,False,-0.2257026690654143,-0.2257026690654143,12,False,0.2832389323050186,0.054180075693883105,0.13463220295003808,0.8681297859850499
2.9898599999999997,39,3032,2.9898564102564102,25,False,13,False,13,True,False,-1.8867875361847384,-1.8867875361847384,12,False,0.2191969772708669,0.040376773301132554,0.11839400838105921,0.8758113405220133
2.9898599999999997,40,3042,2.9898564102564102,25,False,299,False,299,True,False,-1.0809095124369288,-1.0809095124369288,298,False,0.22024321540535038,0.0230090806038348,0.06693950056101816,0.8428805411740151
2.9898599999999997,41,3052,2.9898564102564102,25,False,659,False,659,True,False,-1.8776197987104535,0.7949505595602416,658,False,0.19917993134461875,0.07291343888167078,0.06429268255471728,0.8575461796879096
2.9898599999999997,42,3062,2.9898564102564102,25,False,321,False,321,True,False,-1.3591693935196594,-1.3591693935196594,320,False,0.24113830365117728,0.048642629120237584,0.11324314412389345,0.8605999487464776
2.9898599999999997,43,3072,2.9898564102564102,25,False,538,False,538,True,False,-2.4662983791025934,0.7700262107514131,537,False,0.28338305708608863,0.04130314557601002,0.12791921499016434,0.8595431598788706
2.9898599999999997,44,3082,2.9898564102564102,25,False,546,False,546,True,False,-4.29337900950751,0.7356749397240008,544,False,0.18533299607138384,0.04790323637758163,0.09469964597767769,0.8408717680241243
2.9898599999999997,45,3092,2.9898564102564102,25,False,814,False,814,True,False,-0.1249071154263183,0.7739327926775929,813,True,0.21314947465968698,0.05244915188066497,0.12081248714113313,0.8516944168864802
2.9898599999999997,46,3102,2.9898564102564102,25,False,164,False,164,True,False,-1.1724245392044756,-1.1724245392044756,163,False,0.25785737435161704,0.05264994852746903,0.1024736688355966,0.8407690746968024
2.9898599999999997,47,3112,2.9898564102564102,25,False,324,False,324,True,False,-1.7962805696065773,-1.7962805696065773,323,False,0.18895203166133034,0.07491306805107549,0.0688263008322667,0.8683789525914082
2.9898599999999997,48,3122,2.9898564102564102,25,False,198,False,198,True,False,-5.794726118460824,-5.794726118460824,196,False,0.23579927749069318,0.06945614282139698,0.1199998213230606,0.8423235411471104
2.9898599999999997,49,3132,2.9898564102564102,25,False,1084,False,1084,True,False,-5.151455181299315,0.752489314931326,1082,True,0.2749624472432121,0.08857042426688459,0.14329911047843785,0.8473076771468359
2.98987,0,2742,2.989866666666667,26,False,28,False,28,True,False,-0.3271996664935327,-0.3271996664935327,27,False,0.2913423533103104,0.001214446645421652,0.12510749121516868,0.8657568682171896
2.98987,1,2752,2.989866666666667,26,False,558,False,558,True,False,-2.782461055731178,0.7690143445993335,556,False,0.26406644342460783,0.012649302002006181,0.0507074342521094,0.8349469053592359
2.98987,2,2762,2.989866666666667,26,False,195,False,195,True,False,-0.8536914902518593,-0.8536914902518593,194,False,0.2676571890249379,0.05175433825508995,0.11496921361740242,0.8472108149912467
2.98987,3,2772,2.989866666666667,26,False,385,False,385,True,False,-0.7532004529017768,-0.7532004529017768,384,False,0.277407103263405,0.042880158497388604,0.0972522514520988,0.8393361407229301
2.98987,4,2782,2.989866666666667,26,False,17,False,17,True,False,-1.6452115306900315,-1.6452115306900315,16,False,0.29818564924605884,0.0370613855171296,0.13574717685402168,0.8632624320827403
2.98987,5,2792,2.989866666666667,26,False,15,False,15,True,False,-0.03527992216612513,-0.03527992216612513,14,False,0.28550983048498324,0.06824482268771592,0.11929692886689269,0.8692158754258688
2.98987,6,2802,2.989866666666667,26,False,456,False,456,True,False,-0.8194865579003773,-0.8194865579003773,455,False,0.2781513553652134,0.0811386851520054,0.11769201313042975,0.8589704113994525
2.98987,7,2812,2.989866666666667,26,False,758,False,758,True,False,-0.27655280864166276,0.7727579112322858,757,True,0.27475267681321924,0.041154029414000974,0.09739490221036713,0.8363679090094491
2.98987,8,2822,2.989866666666667,26,False,224,False,224,True,False,-0.31963782074034663,-0.31963782074034663,223,False,0.2648540558464343,0.027242598005096177,0.10903781262848392,0.8508025652093095
2.98987,9,2832,2.989866666666667,26,False,224,False,224,True,False,-1.1639280279568371,-1.1639280279568371,223,False,0.26507865868619473,0.008205087318241811,0.10323992750010287,0.8574427684456053
2.98987,10,2842,2.989866666666667,26,False,255,False,255,True,False,-0.9297598165507815,-0.9297598165507815,254,False,0.18717965045374124,0.030028709470699133,0.09651996059574307,0.8641908348407435
2.98987,11,2852,2.989866666666667,26,False,1191,False,1191,True,False,-0.5485040909190175,0.7698766072043024,1190,True,0.2574166002023003,0.007445386603746862,0.13170318948501686,0.8569337796280356
2.98987,12,2862,2.989866666666667,26,False,12,False,12,True,False,-0.10068527969114885,-0.10068527969114885,11,False,0.24754254763009836,0.06164831205870869,0.10678797405041437,0.8794573042851854
2.98987,13,2872,2.989866666666667,26,False,206,False,206,True,False,-0.6304357934185348,-0.6304357934185348,205,False,0.21659503611842107,0.06643668523449281,0.07629197575060451,0.8334194701911948
2.98987,14,2882,2.989866666666667,26,False,448,False,448,True,False,-0.3834907132836119,-0.3834907132836119,447,False,0.18402872697097203,0.03811748513894697,0.07719008401279402,0.8511180761250688
2.98987,15,2892,2.989866666666667,26,False,342,False,342,True,False,-0.7887205994381024,-0.7887205994381024,341,False,0.26572220596765506,0.04483693858417424,0.114460407024019,0.8676413043650081
2.98987,16,2902,2.989866666666667,26,False,327,False,327,True,False,-0.4985240859289646,-0.4985240859289646,326,False,0.25854375610927016,0.018291485053844814,0.13616706614508223,0.8584253120135542
2.98987,17,2912,2.989866666666667,26,False,133,False,133,True,False,-0.04520028897388226,-0.04520028897388226,132,False,0.25300525969725435,0.07963898017215232,0.0534551713227722,0.8414909827416652
2.98987,18,2922,2.989866666666667,26,False,270,False,270,True,False,-0.23028241871765948,-0.23028241871765948,269,False,0.28085256818284926,0.09681349438532756,0.06566414716038892,0.8426961690084218
2.98987,19,2932,2.989866666666667,26,False,135,False,135,True,False,-0.6414454373994123,-0.6414454373994123,134,False,0.22723170471012322,0.0196974927965222,0.07638346641372948,0.8366812989323996
2.98987,20,2942,2.989866666666667,26,False,188,False,188,True,False,-28.273877760932816,-28.273877760932816,186,False,0.17800028964637107,0.002390062762283629,0.0693269571855151,0.8420466809452264
2.98987,21,2952,2.989866666666667,26,False,136,False,136,True,False,-0.8512062742325609,-0.8512062742325609,135,False,0.2778337756156798,0.09030566119670119,0.10953429905896363,0.8374693597789878
2.98987,22,2962,2.989866666666667,26,False,20,False,20,True,False,-0.7771858371971956,-0.7771858371971956,19,False,0.20554024600626447,0.020425218659039058,0.0705999720050618,0.87654469910193
2.98987,23,2972,2.989866666666667,26,False,387,False,387,True,False,-7.102746102455257,-7.102746102455257,385,False,0.22525409244707606,0.010003119668720384,0.11278970834694584,0.8460976004531497
2.98987,24,2982,2.989866666666667,26,False,614,False,614,True,False,-0.7956753289638516,0.7689708115361249,613,False,0.22478549337121212,0.05906613103929257,0.13037179038885965,0.8507582180858746
2.98987,25,2992,2.989866666666667,26,False,460,False,460,True,False,-0.0640215531677571,-0.0640215531677571,459,False,0.18933988143966468,0.09708017409665964,0.06100028292660362,0.85243973344084
2.98987,26,3002,2.989866666666667,26,False,507,False,507,True,False,-1.5489801976389632,0.7463148404934926,506,False,0.18605720966822598,0.056647294974903506,0.1124512595749913,0.8363275690315686
2.98987,27,3012,2.989866666666667,26,False,11,False,11,True,False,-0.8108465168478802,-0.8108465168478802,10,False,0.28834424369461126,0.03826759034060831,0.12632217986287583,0.8773398190347064
2.98987,28,3022,2.989866666666667,26,False,13,False,13,True,False,-0.23674719159935556,-0.23674719159935556,12,False,0.2832389323050186,0.054180075693883105,0.13463220295003808,0.8681297859850499
2.98987,29,3032,2.989866666666667,26,False,13,False,13,True,False,-1.9109018400257343,-1.9109018400257343,12,False,0.2191969772708669,0.040376773301132554,0.11839400838105921,0.8758113405220133
2.98987,30,3042,2.989866666666667,26,False,297,False,297,True,False,-5.872305459985129,-5.872305459985129,295,False,0.22024321540535038,0.0230090806038348,0.06693950056101816,0.8428805411740151
2.98987,31,3052,2.989866666666667,26,False,1244,False,1244,True,False,-1.0949804271146886,0.7935311655620217,1243,True,0.19917993134461875,0.07291343888167078,0.06429268255471728,0.8575461796879096
2.98987,32,3062,2.989866666666667,26,False,496,False,496,True,False,-0.15531135494432885,-0.15531135494432885,495,False,0.24113830365117728,0.048642629120237584,0.11324314412389345,0.8605999487464776
2.98987,33,3072,2.989866666666667,26,False,327,False,327,True,False,-3.361282958403242,-3.361282958403242,325,False,0.28338305708608863,0.04130314557601002,0.12791921499016434,0.8595431598788706
2.98987,34,3082,2.989866666666667,26,False,289,False,289,True,False,-0.04999934583372054,-0.04999934583372054,288,False,0.18533299607138384,0.04790323637758163,0.09469964597767769,0.8408717680241243
2.98987,35,3092,2.989866666666667,26,False,1062,False,1062,True,False,-7.833697177254039,0.7579068723854989,1060,True,0.21314947465968698,0.05244915188066497,0.12081248714113313,0.8516944168864802
2.98987,36,3102,2.989866666666667,26,False,163,False,163,True,False,-0.7030390498980853,-0.7030390498980853,162,False,0.25785737435161704,0.05264994852746903,0.1024736688355966,0.8407690746968024
2.98987,37,3112,2.989866666666667,26,False,392,False,392,True,False,-0.14732242617438954,-0.14732242617438954,391,False,0.18895203166133034,0.07491306805107549,0.0688263008322667,0.8683789525914082
2.98987,38,3122,2.989866666666667,26,False,196,False,196,True,False,-0.6749401387779539,-0.6749401387779539,195,False,0.23579927749069318,0.06945614282139698,0.1199998213230606,0.8423235411471104
2.98987,39,3132,2.989866666666667,26,False,488,False,488,True,False,-0.07998262902445413,-0.07998262902445413,487,False,0.2749624472432121,0.08857042426688459,0.14329911047843785,0.8473076771468359
2.98987,40,3142,2.989866666666667,26,False,288,False,288,True,False,-0.10399642784379745,-0.10399642784379745,287,False,0.2587655289849764,0.053329356382117256,0.08070582900601303,0.8482171910175464
2.98987,41,3152,2.989866666666667,26,False,12,False,12,True,False,-0.14563796178662092,-0.14563796178662092,11,False,0.2341505173767247,0.05961786340852158,0.14589278777205023,0.868466392140451
2.98987,42,3162,2.989866666666667,26,False,259,False,259,True,False,-0.2180825716018164,-0.2180825716018164,258,False,0.23958127443917973,0.054001896087628454,0.09418180454425212,0.8683368499862737
2.98987,43,3172,2.989866666666667,26,False,12,False,12,True,False,-0.8094120045167015,-0.8094120045167015,11,False,0.179825701873395,0.01465345179463824,0.12440469326263168,0.8761677351466335
2.98987,44,3182,2.989866666666667,26,False,695,False,695,True,False,-1.694245139941702,0.7664463865354716,694,False,0.26526817679881126,0.036230808482442554,0.0638174823698875,0.8327989572631895
2.98987,45,3192,2.989866666666667,26,False,176,False,176,True,False,-3.5039667783637967,-3.5039667783637967,174,False,0.2789078744084664,0.04250774252511535,0.13952884931485512,0.832836320266963
2.98987,46,3202,2.989866666666667,26,False,706,False,706,True,False,-0.31060972749368015,0.7689883281544622,705,True,0.25452422442085354,0.030136346888865753,0.09014635129965892,0.8686258187326394
2.98987,47,3212,2.989866666666667,26,False,246,False,246,True,False,-0.21164574666689806,-0.21164574666689806,245,False,0.2532709514851439,0.06854648628239916,0.05978642110093631,0.8528493482075294
2.98987,48,3222,2.989866666666667,26,False,459,False,459,True,False,-0.09250584218338678,-0.09250584218338678,458,False,0.2535245500822832,0.0720143312960611,0.10302152717027102,0.8542662950573944
2.98987,49,3232,2.989866666666667,26,False,410,False,410,True,False,-0.908346713677889,-0.908346713677889,409,False,0.19277413672354393,0.06665607897860512,0.09224082789962974,0.8321135218415261
2.98988,0,2842,2.989876923076923,27,False,253,False,253,True,False,-0.09259677289050619,-0.09259677289050619,252,False,0.18717965045374124,0.030028709470699133,0.09651996059574307,0.8641908348407435
2.98988,1,2852,2.989876923076923,27,False,318,False,318,True,False,-0.35559413411908575,-0.35559413411908575,317,False,0.2574166002023003,0.007445386603746862,0.13170318948501686,0.8569337796280356
2.98988,2,2862,2.989876923076923,27,False,12,False,12,True,False,-0.1051491874076764,-0.1051491874076764,11,False,0.24754254763009836,0.06164831205870869,0.10678797405041437,0.8794573042851854
2.98988,3,2872,2.989876923076923,27,False,205,False,205,True,False,-1.7278258062618428,-1.7278258062618428,204,False,0.21659503611842107,0.06643668523449281,0.07629197575060451,0.8334194701911948
2.98988,4,2882,2.989876923076923,27,False,448,False,448,True,False,-4.2161830825765705,-4.2161830825765705,446,False,0.18402872697097203,0.03811748513894697,0.07719008401279402,0.8511180761250688
2.98988,5,2892,2.989876923076923,27,False,268,False,268,True,False,-0.5318261397124149,-0.5318261397124149,267,False,0.26572220596765506,0.04483693858417424,0.114460407024019,0.8676413043650081
2.98988,6,2902,2.989876923076923,27,False,267,False,267,True,False,-0.9024370196605308,-0.9024370196605308,266,False,0.25854375610927016,0.018291485053844814,0.13616706614508223,0.8584253120135542
2.98988,7,2912,2.989876923076923,27,False,133,False,133,True,False,-2.0546004290780973,-2.0546004290780973,132,False,0.25300525969725435,0.07963898017215232,0.0534551713227722,0.8414909827416652
2.98988,8,2922,2.989876923076923,27,False,273,False,273,True,False,-2.0226187884562052,-2.0226187884562052,272,False,0.28085256818284926,0.09681349438532756,0.06566414716038892,0.8426961690084218
2.98988,9,2932,2.989876923076923,27,False,134,False,134,True,False,-1.2801302869058298,-1.2801302869058298,133,False,0.22723170471012322,0.0196974927965222,0.07638346641372948,0.8366812989323996
2.98988,10,2942,2.989876923076923,27,False,187,False,187,True,False,-0.938404676923655,-0.938404676923655,186,False,0.17800028964637107,0.002390062762283629,0.0693269571855151,0.8420466809452264
2.98988,11,2952,2.989876923076923,27,False,135,False,135,True,False,-0.07167671648912569,-0.07167671648912569,134,False,0.2778337756156798,0.09030566119670119,0.10953429905896363,0.8374693597789878
2.98988,12,2962,2.989876923076923,27,False,20,False,20,True,False,-0.8142943701894199,-0.8142943701894199,19,False,0.20554024600626447,0.020425218659039058,0.0705999720050618,0.87654469910193
2.98988,13,2972,2.989876923076923,27,False,390,False,390,True,False,-8.382346467842584,-8.382346467842584,388,False,0.22525409244707606,0.010003119668720384,0.11278970834694584,0.8460976004531497
2.98988,14,2982,2.989876923076923,27,False,304,False,304,True,False,-0.8608765611076664,-0.8608765611076664,303,False,0.22478549337121212,0.05906613103929257,0.13037179038885965,0.8507582180858746
2.98988,15,2992,2.989876923076923,27,False,460,False,460,True,False,-0.2419511720917634,-0.2419511720917634,459,False,0.18933988143966468,0.09708017409665964,0.06100028292660362,0.85243973344084
2.98988,16,3002,2.989876923076923,27,False,573,False,573,True,False,-0.19289870232915585,0.7623828662941063,572,False,0.18605720966822598,0.056647294974903506,0.1124512595749913,0.8363275690315686
2.98988,17,3012,2.989876923076923,27,False,11,False,11,True,False,-0.8145403889062861,-0.8145403889062861,10,False,0.28834424369461126,0.03826759034060831,0.12632217986287583,0.8773398190347064
2.98988,18,3022,2.989876923076923,27,False,13,False,13,True,False,-0.24811723565125018,-0.24811723565125018,12,False,0.2832389323050186,0.054180075693883105,0.13463220295003808,0.8681297859850499
2.98988,19,3032,2.989876923076923,27,False,13,False,13,True,False,-1.9367359457036795,-1.9367359457036795,12,False,0.2191969772708669,0.040376773301132554,0.11839400838105921,0.8758113405220133
2.98988,20,3042,2.989876923076923,27,False,300,False,300,True,False,-0.22230671581540987,-0.22230671581540987,299,False,0.22024321540535038,0.0230090806038348,0.06693950056101816,0.8428805411740151
2.98988,21,3052,2.989876923076923,27,False,687,False,687,True,False,-0.22210407411617367,0.7922302412944668,686,False,0.19917993134461875,0.07291343888167078,0.06429268255471728,0.8575461796879096
2.98988,22,3062,2.989876923076923,27,False,977,False,977,True,False,-1.432056987223863,0.7544009820259988,976,True,0.24113830365117728,0.048642629120237584,0.11324314412389345,0.8605999487464776
2.98988,23,3072,2.989876923076923,27,False,265,False,265,True,False,-0.9772378380951214,-0.9772378380951214,264,False,0.28338305708608863,0.04130314557601002,0.12791921499016434,0.8595431598788706
2.98988,24,3082,2.989876923076923,27,False,288,False,288,True,False,-1.324198310986679,-1.324198310986679,287,False,0.18533299607138384,0.04790323637758163,0.09469964597767769,0.8408717680241243
2.98988,25,3092,2.989876923076923,27,False,605,False,605,True,False,-0.16531880888638684,0.7681484920252282,604,False,0.21314947465968698,0.05244915188066497,0.12081248714113313,0.8516944168864802
2.98988,26,3102,2.989876923076923,27,False,163,False,163,True,False,-28.060444745376653,-28.060444745376653,161,False,0.25785737435161704,0.05264994852746903,0.1024736688355966,0.8407690746968024
2.98988,27,3112,2.989876923076923,27,False,361,False,361,True,False,-1.198716870799699,-1.198716870799699,360,False,0.18895203166133034,0.07491306805107549,0.0688263008322667,0.8683789525914082
2.98988,28,3122,2.989876923076923,27,False,195,False,195,True,False,-0.2659127757019135,-0.2659127757019135,194,False,0.23579927749069318,0.06945614282139698,0.1199998213230606,0.8423235411471104
2.98988,29,3132,2.989876923076923,27,False,702,False,702,True,False,-0.4538984586879954,0.7507891128073799,701,True,0.2749624472432121,0.08857042426688459,0.14329911047843785,0.8473076771468359
2.98988,30,3142,2.989876923076923,27,False,288,False,288,True,False,-4.780498371314043,-4.780498371314043,286,False,0.2587655289849764,0.053329356382117256,0.08070582900601303,0.8482171910175464
2.98988,31,3152,2.989876923076923,27,False,12,False,12,True,False,-0.15136535885921865,-0.15136535885921865,11,False,0.2341505173767247,0.05961786340852158,0.14589278777205023,0.868466392140451
2.98988,32,3162,2.989876923076923,27,False,604,False,604,True,False,-0.11999453722832745,0.769229453097813,603,False,0.23958127443917973,0.054001896087628454,0.09418180454425212,0.8683368499862737
2.98988,33,3172,2.989876923076923,27,False,12,False,12,True,False,-0.8134220746631866,-0.8134220746631866,11,False,0.179825701873395,0.01465345179463824,0.12440469326263168,0.8761677351466335
2.98988,34,3182,2.989876923076923,27,False,417,False,417,True,False,-1.3645801023167463,-1.3645801023167463,416,False,0.26526817679881126,0.036230808482442554,0.0638174823698875,0.8327989572631895
2.98988,35,3192,2.989876923076923,27,False,175,False,175,True,False,-1.198043713662592,-1.198043713662592,174,False,0.2789078744084664,0.04250774252511535,0.13952884931485512,0.832836320266963
2.98988,36,3202,2.989876923076923,27,False,329,False,329,True,False,-4.900873797262121,-4.900873797262121,327,False,0.25452422442085354,0.030136346888865753,0.09014635129965892,0.8686258187326394
2.98988,37,3212,2.989876923076923,27,False,245,False,245,True,False,-0.06101590707796655,-0.06101590707796655,244,False,0.2532709514851439,0.06854648628239916,0.05978642110093631,0.8528493482075294
2.98988,38,3222,2.989876923076923,27,False,495,False,495,True,False,-0.9003385793231715,-0.9003385793231715,494,False,0.2535245500822832,0.0720143312960611,0.10302152717027102,0.8542662950573944
2.98988,39,3232,2.989876923076923,27,False,240,False,240,True,False,-0.8357736685554921,-0.8357736685554921,239,False,0.19277413672354393,0.06665607897860512,0.09224082789962974,0.8321135218415261
2.98988,40,3242,2.989876923076923,27,False,13,False,13,True,False,0.02794845806795493,0.02794845806795493,12,False,0.25688587552015524,0.04063686617599041,0.1123163896262297,0.8753556861368094
2.98988,41,3252,2.989876923076923,27,False,278,False,278,True,False,-5.878281879894937,-5.878281879894937,276,False,0.2640727048202519,0.08062568709113288,0.12550722156610047,0.8537646319373545
2.98988,42,3262,2.989876923076923,27,False,14,False,14,True,False,-1.572055219566452,-1.572055219566452,13,False,0.17650557430523311,0.08476018744672292,0.09737646758448998,0.8766490105966994
2.98988,43,3272,2.989876923076923,27,False,558,False,558,True,False,-1.7745910271813896,0.778190837983664,557,False,0.20485202460301313,0.07398385233643762,0.061387316004987924,0.8589637282711549
2.98988,44,3282,2.989876923076923,27,False,15,False,15,True,False,-0.0635768265773729,-0.0635768265773729,14,False,0.2764883368801303,0.04050040386982086,0.08394374983053572,0.8788734164233797
2.98988,45,3292,2.989876923076923,27,False,224,False,224,True,False,-0.8339668110966012,-0.8339668110966012,223,False,0.2109291477491504,0.054248548584400695,0.09063989321401963,0.8669211758285866
2.98988,46,3302,2.989876923076923,27,False,18,False,18,True,False,-0.5727271164156789,-0.5727271164156789,17,False,0.28775159554017904,0.030583762174172326,0.14427441716664785,0.8607558468518838
2.98988,47,3312,2.989876923076923,27,False,593,False,593,True,False,-1.6258527291361873,0.792541342781145,592,False,0.23797854976006944,0.05940661630635269,0.05032762724775667,0.8583424037180493
2.98988,48,3322,2.989876923076923,27,False,15,False,15,True,False,-3.737652027504711,-3.737652027504711,13,False,0.26907269014378826,0.04935376920862933,0.13323649158841505,0.8671475087114928
2.98988,49,3332,2.989876923076923,27,False,185,False,185,True,False,-1.0624947264456792,-1.0624947264456792,184,False,0.18337254999366423,0.08981994153673704,0.10594049718761622,0.8617083281171307
2.98989,0,2942,2.9898871794871797,28,False,186,False,186,True,False,0.02474054631383013,0.02474054631383013,185,False,0.17800028964637107,0.002390062762283629,0.0693269571855151,0.8420466809452264
2.98989,1,2952,2.9898871794871797,28,False,135,False,135,True,False,-0.9336293996361111,-0.9336293996361111,134,False,0.2778337756156798,0.09030566119670119,0.10953429905896363,0.8374693597789878
2.98989,2,2962,2.9898871794871797,28,False,20,False,20,True,False,-0.8511745784013427,-0.8511745784013427,19,False,0.20554024600626447,0.020425218659039058,0.0705999720050618,0.87654469910193
2.98989,3,2972,2.9898871794871797,28,False,1114,False,1114,True,False,-4.540551756568211,0.7732383777653059,1112,True,0.22525409244707606,0.010003119668720384,0.11278970834694584,0.8460976004531497
2.98989,4,2982,2.9898871794871797,28,False,303,False,303,True,False,-1.7449818086902131,-1.7449818086902131,302,False,0.22478549337121212,0.05906613103929257,0.13037179038885965,0.8507582180858746
2.98989,5,2992,2.9898871794871797,28,False,461,False,461,True,False,-0.9186405591525661,-0.9186405591525661,460,False,0.18933988143966468,0.09708017409665964,0.06100028292660362,0.85243973344084
2.98989,6,3002,2.9898871794871797,28,False,438,False,438,True,False,-12.657464506113955,-12.657464506113955,436,False,0.18605720966822598,0.056647294974903506,0.1124512595749913,0.8363275690315686
2.98989,7,3012,2.9898871794871797,28,False,11,False,11,True,False,-0.8182531452797897,-0.8182531452797897,10,False,0.28834424369461126,0.03826759034060831,0.12632217986287583,0.8773398190347064
2.98989,8,3022,2.9898871794871797,28,False,13,False,13,True,False,-0.259821348607268,-0.259821348607268,12,False,0.2832389323050186,0.054180075693883105,0.13463220295003808,0.8681297859850499
2.98989,9,3032,2.9898871794871797,28,False,13,False,13,True,False,-1.9647918479533382,-1.9647918479533382,12,False,0.2191969772708669,0.040376773301132554,0.11839400838105921,0.8758113405220133
2.98989,10,3042,2.9898871794871797,28,False,1158,False,1158,True,False,-0.19052204947140366,0.7719277970029629,1157,True,0.22024321540535038,0.0230090806038348,0.06693950056101816,0.8428805411740151
2.98989,11,3052,2.9898871794871797,28,False,724,False,724,True,False,-5.908348628677172,0.7905509680098247,722,True,0.19917993134461875,0.07291343888167078,0.06429268255471728,0.8575461796879096
2.98989,12,3062,2.9898871794871797,28,False,249,False,249,True,False,-12.976363233415267,-12.976363233415267,247,False,0.24113830365117728,0.048642629120237584,0.11324314412389345,0.8605999487464776
2.98989,13,3072,2.9898871794871797,28,False,406,False,406,True,False,-0.09178088917368007,-0.09178088917368007,405,False,0.28338305708608863,0.04130314557601002,0.12791921499016434,0.8595431598788706
2.98989,14,3082,2.9898871794871797,28,False,287,False,287,True,False,-0.8770329349881052,-0.8770329349881052,286,False,0.18533299607138384,0.04790323637758163,0.09469964597767769,0.8408717680241243
2.98989,15,3092,2.9898871794871797,28,False,363,False,363,True,False,-1.3309929065787904,-1.3309929065787904,362,False,0.21314947465968698,0.05244915188066497,0.12081248714113313,0.8516944168864802
2.98989,16,3102,2.9898871794871797,28,False,162,False,162,True,False,-0.7131552573891237,-0.7131552573891237,161,False,0.25785737435161704,0.05264994852746903,0.1024736688355966,0.8407690746968024
2.98989,17,3112,2.9898871794871797,28,False,254,False,254,True,False,-0.734069304906238,-0.734069304906238,253,False,0.18895203166133034,0.07491306805107549,0.0688263008322667,0.8683789525914082
2.98989,18,3122,2.9898871794871797,28,False,195,False,195,True,False,-2.2681484608524762,-2.2681484608524762,194,False,0.23579927749069318,0.06945614282139698,0.1199998213230606,0.8423235411471104
2.98989,19,3132,2.9898871794871797,28,False,281,False,281,True,False,-13.059440084196074,-13.059440084196074,279,False,0.2749624472432121,0.08857042426688459,0.14329911047843785,0.8473076771468359
2.98989,20,3142,2.9898871794871797,28,False,287,False,287,True,False,-0.6095250448030126,-0.6095250448030126,286,False,0.2587655289849764,0.053329356382117256,0.08070582900601303,0.8482171910175464
2.98989,21,3152,2.9898871794871797,28,False,12,False,12,True,False,-0.15717404177505961,-0.15717404177505961,11,False,0.2341505173767247,0.05961786340852158,0.14589278777205023,0.868466392140451
2.98989,22,3162,2.9898871794871797,28,False,328,False,328,True,False,-1.9445901404180075,-1.9445901404180075,327,False,0.23958127443917973,0.054001896087628454,0.09418180454425212,0.8683368499862737
2.98989,23,3172,2.9898871794871797,28,False,12,False,12,True,False,-0.817449003505466,-0.817449003505466,11,False,0.179825701873395,0.01465345179463824,0.12440469326263168,0.8761677351466335
2.98989,24,3182,2.9898871794871797,28,False,347,False,347,True,False,-0.0003421213472781792,-0.0003421213472781792,346,False,0.26526817679881126,0.036230808482442554,0.0638174823698875,0.8327989572631895
2.98989,25,3192,2.9898871794871797,28,False,174,False,174,True,False,-0.131832031841373,-0.131832031841373,173,False,0.2789078744084664,0.04250774252511535,0.13952884931485512,0.832836320266963
2.98989,26,3202,2.9898871794871797,28,False,222,False,222,True,False,-0.8848941099745941,-0.8848941099745941,221,False,0.25452422442085354,0.030136346888865753,0.09014635129965892,0.8686258187326394
2.98989,27,3212,2.9898871794871797,28,False,245,False,245,True,False,-1.4540376607260004,-1.4540376607260004,244,False,0.2532709514851439,0.06854648628239916,0.05978642110093631,0.8528493482075294
2.98989,28,3222,2.9898871794871797,28,False,424,False,424,True,False,-1.2410627511056196,-1.2410627511056196,423,False,0.2535245500822832,0.0720143312960611,0.10302152717027102,0.8542662950573944
2.98989,29,3232,2.9898871794871797,28,False,237,False,237,True,False,-0.1490050206325262,-0.1490050206325262,236,False,0.19277413672354393,0.06665607897860512,0.09224082789962974,0.8321135218415261
2.98989,30,3242,2.9898871794871797,28,False,13,False,13,True,False,0.02176539955842846,0.02176539955842846,12,False,0.25688587552015524,0.04063686617599041,0.1123163896262297,0.8753556861368094
2.98989,31,3252,2.9898871794871797,28,False,974,False,974,True,False,-3.7092796702728497,0.7684863746793686,972,True,0.2640727048202519,0.08062568709113288,0.12550722156610047,0.8537646319373545
2.98989,32,3262,2.9898871794871797,28,False,14,False,14,True,False,-1.60379805543882,-1.60379805543882,13,False,0.17650557430523311,0.08476018744672292,0.09737646758448998,0.8766490105966994
2.98989,33,3272,2.9898871794871797,28,False,627,False,627,True,False,-32.846378997085225,0.7745232173906701,625,False,0.20485202460301313,0.07398385233643762,0.061387316004987924,0.8589637282711549
2.98989,34,3282,2.9898871794871797,28,False,15,False,15,True,False,-0.07466103458225071,-0.07466103458225071,14,False,0.2764883368801303,0.04050040386982086,0.08394374983053572,0.8788734164233797
2.98989,35,3292,2.9898871794871797,28,False,226,False,226,True,False,-2.427663417868265,-2.427663417868265,225,False,0.2109291477491504,0.054248548584400695,0.09063989321401963,0.8669211758285866
2.98989,36,3302,2.9898871794871797,28,False,18,False,18,True,False,-0.660183859607156,-0.660183859607156,17,False,0.28775159554017904,0.030583762174172326,0.14427441716664785,0.8607558468518838
2.98989,37,3312,2.9898871794871797,28,False,630,False,630,True,False,-1.7727888143554673,0.7894797818314632,629,False,0.23797854976006944,0.05940661630635269,0.05032762724775667,0.8583424037180493
2.98989,38,3322,2.9898871794871797,28,False,15,False,15,True,False,-3.9832046509976498,-3.9832046509976498,13,False,0.26907269014378826,0.04935376920862933,0.13323649158841505,0.8671475087114928
2.98989,39,3332,2.9898871794871797,28,False,184,False,184,True,False,-0.595144614806361,-0.595144614806361,183,False,0.18337254999366423,0.08981994153673704,0.10594049718761622,0.8617083281171307
2.98989,40,3342,2.9898871794871797,28,False,1048,False,1048,True,False,-1.6747930928498218,0.7541847083468599,1047,True,0.2802067746622574,0.08709872623528968,0.08277367045002476,0.8538833690893208
2.98989,41,3352,2.9898871794871797,28,False,194,False,194,True,False,-0.8365364743899917,-0.8365364743899917,193,False,0.2056069784003149,0.06341637258714997,0.1348836088035352,0.8448386471589864
2.98989,42,3362,2.9898871794871797,28,False,371,False,371,True,False,-0.2726390123125939,-0.2726390123125939,370,False,0.18719739991214912,0.05471406855498683,0.11704618851732683,0.8319588646405759
2.98989,43,3372,2.9898871794871797,28,False,115,False,115,True,False,-0.26355090692041283,-0.26355090692041283,114,False,0.23114201275937193,0.0147399284844152,0.14478090182328135,0.8543776631124764
2.98989,44,3382,2.9898871794871797,28,False,10,False,10,True,False,-0.46788846862785893,-0.46788846862785893,9,False,0.21611652014226865,0.023889334433305588,0.14890022352031934,0.877334391170983
2.98989,45,3392,2.9898871794871797,28,False,372,False,372,True,False,-1.3136424962931583,-1.3136424962931583,371,False,0.19878669853107087,0.03885533321265884,0.09391791737543882,0.8558957601031902
2.98989,46,3402,2.9898871794871797,28,False,239,False,239,True,False,-1.8652673670461484,-1.8652673670461484,238,False,0.1806218518681854,0.09489504014644944,0.08662706369907511,0.8317338660393074
2.98989,47,3412,2.9898871794871797,28,False,14,False,14,True,False,-0.5963118278592924,-0.5963118278592924,13,False,0.19781942012418394,0.041646020924631044,0.13168586987542685,0.8686159418123031
2.98989,48,3422,2.9898871794871797,28,False,524,False,524,True,False,-11.624600050679172,0.7841332179618743,522,False,0.28042312199422703,0.047761837808593915,0.07516980806554086,0.8531092633661714
2.98989,49,3432,2.9898871794871797,28,False,240,False,240,True,False,-1.0351724096842148,-1.0351724096842148,239,False,0.22841613841044203,0.038503838589388655,0.050349928370265376,0.8536911101430291
2.9899,0,3042,2.989897435897436,29,False,370,False,370,True,False,-0.6221573084964174,-0.6221573084964174,369,False,0.22024321540535038,0.0230090806038348,0.06693950056101816,0.8428805411740151
2.9899,1,3052,2.989897435897436,29,False,524,False,524,True,False,-0.8370713877775977,0.7888709533001477,523,False,0.19917993134461875,0.07291343888167078,0.06429268255471728,0.8575461796879096
2.9899,2,3062,2.989897435897436,29,False,805,False,805,True,False,-1.7620067353266307,0.7495349700537437,804,True,0.24113830365117728,0.048642629120237584,0.11324314412389345,0.8605999487464776
2.9899,3,3072,2.989897435897436,29,False,155,False,155,True,False,0.01842024608870735,0.01842024608870735,154,False,0.28338305708608863,0.04130314557601002,0.12791921499016434,0.8595431598788706
2.9899,4,3082,2.989897435897436,29,False,286,False,286,True,False,-0.034256813775003364,-0.034256813775003364,285,False,0.18533299607138384,0.04790323637758163,0.09469964597767769,0.8408717680241243
2.9899,5,3092,2.989897435897436,29,False,366,False,366,True,False,-0.18329653410707428,-0.18329653410707428,365,False,0.21314947465968698,0.05244915188066497,0.12081248714113313,0.8516944168864802
2.9899,6,3102,2.989897435897436,29,False,162,False,162,True,False,-2.14719489476837,-2.14719489476837,161,False,0.25785737435161704,0.05264994852746903,0.1024736688355966,0.8407690746968024
2.9899,7,3112,2.989897435897436,29,False,255,False,255,True,False,-1.0725989985214666,-1.0725989985214666,254,False,0.18895203166133034,0.07491306805107549,0.0688263008322667,0.8683789525914082
2.9899,8,3122,2.989897435897436,29,False,194,False,194,True,False,-0.17829038599349803,-0.17829038599349803,193,False,0.23579927749069318,0.06945614282139698,0.1199998213230606,0.8423235411471104
2.9899,9,3132,2.989897435897436,29,False,281,False,281,True,False,-0.9019678908259917,-0.9019678908259917,280,False,0.2749624472432121,0.08857042426688459,0.14329911047843785,0.8473076771468359
2.9899,10,3142,2.989897435897436,29,False,287,False,287,True,False,-1.4049845025040675,-1.4049845025040675,286,False,0.2587655289849764,0.053329356382117256,0.08070582900601303,0.8482171910175464
2.9899,11,3152,2.989897435897436,29,False,12,False,12,True,False,-0.16306768982009262,-0.16306768982009262,11,False,0.2341505173767247,0.05961786340852158,0.14589278777205023,0.868466392140451
2.9899,12,3162,2.989897435897436,29,False,708,False,708,True,False,-11.725338754007451,0.7784559814375939,706,True,0.23958127443917973,0.054001896087628454,0.09418180454425212,0.8683368499862737
2.9899,13,3172,2.989897435897436,29,False,12,False,12,True,False,-0.8214957884238814,-0.8214957884238814,11,False,0.179825701873395,0.01465345179463824,0.12440469326263168,0.8761677351466335
2.9899,14,3182,2.989897435897436,29,False,418,False,418,True,False,-2.7720520202054066,-2.7720520202054066,416,False,0.26526817679881126,0.036230808482442554,0.0638174823698875,0.8327989572631895
2.9899,15,3192,2.989897435897436,29,False,174,False,174,True,False,-0.7976925907508458,-0.7976925907508458,173,False,0.2789078744084664,0.04250774252511535,0.13952884931485512,0.832836320266963
2.9899,16,3202,2.989897435897436,29,False,678,False,678,True,False,-0.12228876114136514,0.7545077231146047,677,False,0.25452422442085354,0.030136346888865753,0.09014635129965892,0.8686258187326394
2.9899,17,3212,2.989897435897436,29,False,244,False,244,True,False,-0.10349070076997657,-0.10349070076997657,243,False,0.2532709514851439,0.06854648628239916,0.05978642110093631,0.8528493482075294
2.9899,18,3222,2.989897435897436,29,False,737,False,737,True,False,-1.2849981603914717,0.7747469306508625,736,True,0.2535245500822832,0.0720143312960611,0.10302152717027102,0.8542662950573944
2.9899,19,3232,2.989897435897436,29,False,245,False,245,True,False,-0.7977258201614927,-0.7977258201614927,244,False,0.19277413672354393,0.06665607897860512,0.09224082789962974,0.8321135218415261
2.9899,20,3242,2.989897435897436,29,False,13,False,13,True,False,0.015616915357028027,0.015616915357028027,12,False,0.25688587552015524,0.04063686617599041,0.1123163896262297,0.8753556861368094
2.9899,21,3252,2.989897435897436,29,False,522,False,522,True,False,-0.8504689233493122,0.7694467281140225,521,False,0.2640727048202519,0.08062568709113288,0.12550722156610047,0.8537646319373545
2.9899,22,3262,2.989897435897436,29,False,14,False,14,True,False,-1.633707183520514,-1.633707183520514,13,False,0.17650557430523311,0.08476018744672292,0.09737646758448998,0.8766490105966994
2.9899,23,3272,2.989897435897436,29,False,593,False,593,True,False,-13.66254117723579,0.7697729768427604,591,False,0.20485202460301313,0.07398385233643762,0.061387316004987924,0.8589637282711549
2.9899,24,3282,2.989897435897436,29,False,15,False,15,True,False,-0.08590027645802242,-0.08590027645802242,14,False,0.2764883368801303,0.04050040386982086,0.08394374983053572,0.8788734164233797
2.9899,25,3292,2.989897435897436,29,False,126,False,126,True,False,-0.9709970107886514,-0.9709970107886514,125,False,0.2109291477491504,0.054248548584400695,0.09063989321401963,0.8669211758285866
2.9899,26,3302,2.989897435897436,29,False,18,False,18,True,False,-0.7306773288524313,-0.7306773288524313,17,False,0.28775159554017904,0.030583762174172326,0.14427441716664785,0.8607558468518838
2.9899,27,3312,2.989897435897436,29,False,522,False,522,True,False,-23.86309600980238,0.7860811254250829,520,False,0.23797854976006944,0.05940661630635269,0.05032762724775667,0.8583424037180493
2.9899,28,3322,2.989897435897436,29,False,15,False,15,True,False,-4.358809526221219,-4.358809526221219,13,False,0.26907269014378826,0.04935376920862933,0.13323649158841505,0.8671475087114928
2.9899,29,3332,2.989897435897436,29,False,184,False,184,True,False,-1.0112449657959557,-1.0112449657959557,183,False,0.18337254999366423,0.08981994153673704,0.10594049718761622,0.8617083281171307
2.9899,30,3342,2.989897435897436,29,False,386,False,386,True,False,-0.8873086591377813,-0.8873086591377813,385,False,0.2802067746622574,0.08709872623528968,0.08277367045002476,0.8538833690893208
2.9899,31,3352,2.989897435897436,29,False,194,False,194,True,False,-2.33740095684601,-2.33740095684601,193,False,0.2056069784003149,0.06341637258714997,0.1348836088035352,0.8448386471589864
2.9899,32,3362,2.989897435897436,29,False,993,False,993,True,False,0.0004777489231674037,0.7676368493129297,992,True,0.18719739991214912,0.05471406855498683,0.11704618851732683,0.8319588646405759
2.9899,33,3372,2.989897435897436,29,False,115,False,115,True,False,-0.911173329339201,-0.911173329339201,114,False,0.23114201275937193,0.0147399284844152,0.14478090182328135,0.8543776631124764
2.9899,34,3382,2.989897435897436,29,False,10,False,10,True,False,-0.47213799638705817,-0.47213799638705817,9,False,0.21611652014226865,0.023889334433305588,0.14890022352031934,0.877334391170983
2.9899,35,3392,2.989897435897436,29,False,371,False,371,True,False,-0.29126526798254704,-0.29126526798254704,370,False,0.19878669853107087,0.03885533321265884,0.09391791737543882,0.8558957601031902
2.9899,36,3402,2.989897435897436,29,False,237,False,237,True,False,-1.0658366438881581,-1.0658366438881581,236,False,0.1806218518681854,0.09489504014644944,0.08662706369907511,0.8317338660393074
2.9899,37,3412,2.989897435897436,29,False,14,False,14,True,False,-0.6100003595603849,-0.6100003595603849,13,False,0.19781942012418394,0.041646020924631044,0.13168586987542685,0.8686159418123031
2.9899,38,3422,2.989897435897436,29,False,489,False,489,True,False,-154.50911443443425,-154.50911443443425,487,False,0.28042312199422703,0.047761837808593915,0.07516980806554086,0.8531092633661714
2.9899,39,3432,2.989897435897436,29,False,239,False,239,True,False,-0.06354523778250362,-0.06354523778250362,238,False,0.22841613841044203,0.038503838589388655,0.050349928370265376,0.8536911101430291
2.9899,40,3442,2.989897435897436,29,False,192,False,192,True,False,-4.130131387778626,-4.130131387778626,190,False,0.24302234163844266,0.05582666054883454,0.11364844818273928,0.8435656260365518
2.9899,41,3452,2.989897435897436,29,False,436,False,436,True,False,-0.2288585180501031,-0.2288585180501031,435,False,0.22740918558118156,0.04696734215579332,0.13275550528602664,0.8409373774529627
2.9899,42,3462,2.989897435897436,29,False,455,False,455,True,False,-0.10100195452861654,-0.10100195452861654,454,False,0.21110598312240417,0.020777769529023937,0.1179281501438208,0.858978898738546
2.9899,43,3472,2.989897435897436,29,False,271,False,271,True,False,-0.5524313872202465,-0.5524313872202465,270,False,0.17165669668974745,0.017064961763815324,0.06786753938180912,0.8313662325278519
2.9899,44,3482,2.989897435897436,29,False,267,False,267,True,False,-14.44861509386184,-14.44861509386184,265,False,0.25189870540318215,0.09854498461353849,0.08923677636915761,0.8619563467560776
2.9899,45,3492,2.989897435897436,29,False,13,False,13,True,False,-1.3021512938534832,-1.3021512938534832,12,False,0.23275663034549204,0.06155243167295336,0.1140014561421805,0.8763912165717036
2.9899,46,3502,2.989897435897436,29,False,11,False,11,True,False,-0.8805231367019365,-0.8805231367019365,10,False,0.28041015550899046,0.05110318154079096,0.14073276040129468,0.8732306272392787
2.9899,47,3512,2.989897435897436,29,False,655,False,655,True,False,-0.5760084771163843,0.7944955886210142,654,False,0.2548743966171289,0.03328996713975111,0.11402204043098342,0.8594905659740967
2.9899,48,3522,2.989897435897436,29,False,643,False,643,True,False,-0.6519617397375467,0.7721860998841213,642,False,0.2912064936222778,0.04341546021050405,0.09709651980308953,0.8700053427065632
2.9899,49,3532,2.989897435897436,29,False,517,False,517,True,False,-0.2809091293468198,0.7571049911032899,516,False,0.2455723146459639,0.0402172120548862,0.08063502297923685,0.8394308440529591
2.98991,0,3142,2.9899076923076926,30,False,287,False,287,True,False,-3.329288733094585,-3.329288733094585,285,False,0.2587655289849764,0.053329356382117256,0.08070582900601303,0.8482171910175464
2.98991,1,3152,2.9899076923076926,30,False,12,False,12,True,False,-0.16904997965937302,-0.16904997965937302,11,False,0.2341505173767247,0.05961786340852158,0.14589278777205023,0.868466392140451
2.98991,2,3162,2.9899076923076926,30,False,608,False,608,True,False,-1.0369134130817643,0.7644222029877448,607,False,0.23958127443917973,0.054001896087628454,0.09418180454425212,0.8683368499862737
2.98991,3,3172,2.9899076923076926,30,False,12,False,12,True,False,-0.8255655536672308,-0.8255655536672308,11,False,0.179825701873395,0.01465345179463824,0.12440469326263168,0.8761677351466335
2.98991,4,3182,2.9899076923076926,30,False,387,False,387,True,False,-0.7143851120073655,-0.7143851120073655,386,False,0.26526817679881126,0.036230808482442554,0.0638174823698875,0.8327989572631895
2.98991,5,3192,2.9899076923076926,30,False,174,False,174,True,False,-1.334035200228675,-1.334035200228675,173,False,0.2789078744084664,0.04250774252511535,0.13952884931485512,0.832836320266963
2.98991,6,3202,2.9899076923076926,30,False,121,False,121,True,False,-0.10303661847291576,-0.10303661847291576,120,False,0.25452422442085354,0.030136346888865753,0.09014635129965892,0.8686258187326394
2.98991,7,3212,2.9899076923076926,30,False,244,False,244,True,False,-0.7855507123188086,-0.7855507123188086,243,False,0.2532709514851439,0.06854648628239916,0.05978642110093631,0.8528493482075294
2.98991,8,3222,2.9899076923076926,30,False,357,False,357,True,False,-0.9383246077021483,-0.9383246077021483,356,False,0.2535245500822832,0.0720143312960611,0.10302152717027102,0.8542662950573944
2.98991,9,3232,2.9899076923076926,30,False,147,False,147,True,False,-1.2248197797947618,-1.2248197797947618,146,False,0.19277413672354393,0.06665607897860512,0.09224082789962974,0.8321135218415261
2.98991,10,3242,2.9899076923076926,30,False,13,False,13,True,False,0.0094974060801002,0.0094974060801002,12,False,0.25688587552015524,0.04063686617599041,0.1123163896262297,0.8753556861368094
2.98991,11,3252,2.9899076923076926,30,False,553,False,553,True,False,-0.8433843665197637,0.7738944898571356,552,False,0.2640727048202519,0.08062568709113288,0.12550722156610047,0.8537646319373545
2.98991,12,3262,2.9899076923076926,30,False,14,False,14,True,False,-1.6618693017178867,-1.6618693017178867,13,False,0.17650557430523311,0.08476018744672292,0.09737646758448998,0.8766490105966994
2.98991,13,3272,2.9899076923076926,30,False,523,False,523,True,False,-0.08173377340762758,0.7611998361288809,522,False,0.20485202460301313,0.07398385233643762,0.061387316004987924,0.8589637282711549
2.98991,14,3282,2.9899076923076926,30,False,15,False,15,True,False,-0.0973207763538938,-0.0973207763538938,14,False,0.2764883368801303,0.04050040386982086,0.08394374983053572,0.8788734164233797
2.98991,15,3292,2.9899076923076926,30,False,120,False,120,True,False,0.03792357771393359,0.03792357771393359,119,False,0.2109291477491504,0.054248548584400695,0.09063989321401963,0.8669211758285866
2.98991,16,3302,2.9899076923076926,30,False,18,False,18,True,False,-0.789352454473528,-0.789352454473528,17,False,0.28775159554017904,0.030583762174172326,0.14427441716664785,0.8607558468518838
2.98991,17,3312,2.9899076923076926,30,False,627,False,627,True,False,-0.8237691982309561,0.7817727952859628,626,False,0.23797854976006944,0.05940661630635269,0.05032762724775667,0.8583424037180493
2.98991,18,3322,2.9899076923076926,30,False,15,False,15,True,False,-4.7665941345894245,-4.7665941345894245,13,False,0.26907269014378826,0.04935376920862933,0.13323649158841505,0.8671475087114928
2.98991,19,3332,2.9899076923076926,30,False,184,False,184,True,False,-0.7518788961030388,-0.7518788961030388,183,False,0.18337254999366423,0.08981994153673704,0.10594049718761622,0.8617083281171307
2.98991,20,3342,2.9899076923076926,30,False,387,False,387,True,False,-0.04873535540435461,-0.04873535540435461,386,False,0.2802067746622574,0.08709872623528968,0.08277367045002476,0.8538833690893208
2.98991,21,3352,2.9899076923076926,30,False,193,False,193,True,False,0.006835456308797533,0.006835456308797533,192,False,0.2056069784003149,0.06341637258714997,0.1348836088035352,0.8448386471589864
2.98991,22,3362,2.9899076923076926,30,False,791,False,791,True,False,-17.746350241151294,0.7744527517862478,789,True,0.18719739991214912,0.05471406855498683,0.11704618851732683,0.8319588646405759
2.98991,23,3372,2.9899076923076926,30,False,115,False,115,True,False,-2.337929167059973,-2.337929167059973,114,False,0.23114201275937193,0.0147399284844152,0.14478090182328135,0.8543776631124764
2.98991,24,3382,2.9899076923076926,30,False,10,False,10,True,False,-0.4763741994526497,-0.4763741994526497,9,False,0.21611652014226865,0.023889334433305588,0.14890022352031934,0.877334391170983
2.98991,25,3392,2.9899076923076926,30,False,372,False,372,True,False,0.015749813700900422,0.015749813700900422,371,False,0.19878669853107087,0.03885533321265884,0.09391791737543882,0.8558957601031902
2.98991,26,3402,2.9899076923076926,30,False,245,False,245,True,False,-2.965052530726721,-2.965052530726721,243,False,0.1806218518681854,0.09489504014644944,0.08662706369907511,0.8317338660393074
2.98991,27,3412,2.9899076923076926,30,False,14,False,14,True,False,-0.623220784109246,-0.623220784109246,13,False,0.19781942012418394,0.041646020924631044,0.13168586987542685,0.8686159418123031
2.98991,28,3422,2.9899076923076926,30,False,667,False,667,True,False,-0.40488435645074183,0.7508185813006718,666,False,0.28042312199422703,0.047761837808593915,0.07516980806554086,0.8531092633661714
2.98991,29,3432,2.9899076923076926,30,False,239,False,239,True,False,-0.8010717773365225,-0.8010717773365225,238,False,0.22841613841044203,0.038503838589388655,0.050349928370265376,0.8536911101430291
2.98991,30,3442,2.9899076923076926,30,False,191,False,191,True,False,-1.2549342053025814,-1.2549342053025814,190,False,0.24302234163844266,0.05582666054883454,0.11364844818273928,0.8435656260365518
2.98991,31,3452,2.9899076923076926,30,False,406,False,406,True,False,0.028077558542522002,0.028077558542522002,405,False,0.22740918558118156,0.04696734215579332,0.13275550528602664,0.8409373774529627
2.98991,32,3462,2.9899076923076926,30,False,349,False,349,True,False,-2.046798801750073,-2.046798801750073,348,False,0.21110598312240417,0.020777769529023937,0.1179281501438208,0.858978898738546
2.98991,33,3472,2.9899076923076926,30,False,271,False,271,True,False,-0.8937271064438087,-0.8937271064438087,270,False,0.17165669668974745,0.017064961763815324,0.06786753938180912,0.8313662325278519
2.98991,34,3482,2.9899076923076926,30,False,372,False,372,True,False,-3.7577254893372443,-3.7577254893372443,370,False,0.25189870540318215,0.09854498461353849,0.08923677636915761,0.8619563467560776
2.98991,35,3492,2.9899076923076926,30,False,13,False,13,True,False,-1.3350476557770705,-1.3350476557770705,12,False,0.23275663034549204,0.06155243167295336,0.1140014561421805,0.8763912165717036
2.98991,36,3502,2.9899076923076926,30,False,11,False,11,True,False,-0.8850165427278862,-0.8850165427278862,10,False,0.28041015550899046,0.05110318154079096,0.14073276040129468,0.8732306272392787
2.98991,37,3512,2.9899076923076926,30,False,348,False,348,True,False,-1.0093200129518733,-1.0093200129518733,347,False,0.2548743966171289,0.03328996713975111,0.11402204043098342,0.8594905659740967
2.98991,38,3522,2.9899076923076926,30,False,264,False,264,True,False,-0.6728346182487787,-0.6728346182487787,263,False,0.2912064936222778,0.04341546021050405,0.09709651980308953,0.8700053427065632
2.98991,39,3532,2.9899076923076926,30,False,753,False,753,True,False,-2.179786063012905,0.7674869098973793,752,True,0.2455723146459639,0.0402172120548862,0.08063502297923685,0.8394308440529591
2.98991,40,3542,2.9899076923076926,30,False,17,False,17,True,False,-1.953247036769393,-1.953247036769393,16,False,0.1707170561648538,0.070846978095761,0.14431007183085037,0.8603300283826573
2.98991,41,3552,2.9899076923076926,30,False,173,False,173,True,False,-1.9354998742831726,-1.9354998742831726,172,False,0.27152779149999084,0.09110318445849286,0.12095754569609043,0.8507968615788909
2.98991,42,3562,2.9899076923076926,30,False,496,False,496,True,False,-0.1783859464697824,-0.1783859464697824,495,False,0.23398819445317673,0.030261544382732077,0.08488755650153748,0.853798136121628
2.98991,43,3572,2.9899076923076926,30,False,22,False,22,True,False,-2.8758015450844274,-2.8758015450844274,20,False,0.2744979488992658,0.015623338531412224,0.10708729419844223,0.8707155769746717
2.98991,44,3582,2.9899076923076926,30,False,357,False,357,True,False,-0.7558068168246076,-0.7558068168246076,356,False,0.25649807146089343,0.014831234128990923,0.12000739974747103,0.8612725878356746
2.98991,45,3592,2.9899076923076926,30,False,132,False,132,True,False,-0.1229658252451766,-0.1229658252451766,131,False,0.1927901689863763,0.08126028357969389,0.09177015781554775,0.8312651922447217
2.98991,46,3602,2.9899076923076926,30,False,166,False,166,True,False,-0.16757495130914363,-0.16757495130914363,165,False,0.2711177575340433,0.074080421443095,0.1269557205733008,0.844709642008312
2.98991,47,3612,2.9899076923076926,30,False,222,False,222,True,False,0.0073702544660408376,0.0073702544660408376,221,False,0.2054142975541065,0.028344866775393343,0.1278571019041469,0.8471469603312615
2.98991,48,3622,2.9899076923076926,30,False,287,False,287,True,False,-3.623782667814144,-3.623782667814144,285,False,0.21544936893938427,0.01223120680013936,0.09901970572308866,0.8429441673724825
2.98991,49,3632,2.9899076923076926,30,False,11,False,11,True,False,0.012962863527002766,0.012962863527002766,10,False,0.18732954359740633,0.026840253910927283,0.12051637415491244,0.8793160947672833
2.98992,0,3242,2.989917948717949,31,False,13,False,13,True,False,0.0034029888715727506,0.0034029888715727506,12,False,0.25688587552015524,0.04063686617599041,0.1123163896262297,0.8753556861368094
2.98992,1,3252,2.989917948717949,31,False,379,False,379,True,False,-0.26281670120413314,-0.26281670120413314,378,False,0.2640727048202519,0.08062568709113288,0.12550722156610047,0.8537646319373545
2.98992,2,3262,2.989917948717949,31,False,14,False,14,True,False,-1.688451471263732,-1.688451471263732,13,False,0.17650557430523311,0.08476018744672292,0.09737646758448998,0.8766490105966994
2.98992,3,3272,2.989917948717949,31,False,422,False,422,True,False,-1.2154452886740956,-1.2154452886740956,421,False,0.20485202460301313,0.07398385233643762,0.061387316004987924,0.8589637282711549
2.98992,4,3282,2.989917948717949,31,False,15,False,15,True,False,-0.10896405023034883,-0.10896405023034883,14,False,0.2764883368801303,0.04050040386982086,0.08394374983053572,0.8788734164233797
2.98992,5,3292,2.989917948717949,31,False,119,False,119,True,False,-0.8350084513314115,-0.8350084513314115,118,False,0.2109291477491504,0.054248548584400695,0.09063989321401963,0.8669211758285866
2.98992,6,3302,2.989917948717949,31,False,18,False,18,True,False,-0.8428427998948147,-0.8428427998948147,17,False,0.28775159554017904,0.030583762174172326,0.14427441716664785,0.8607558468518838
2.98992,7,3312,2.989917948717949,31,False,591,False,591,True,False,-0.5992415642840372,0.7762614735338449,590,False,0.23797854976006944,0.05940661630635269,0.05032762724775667,0.8583424037180493
2.98992,8,3322,2.989917948717949,31,False,15,False,15,True,False,-5.221068991667733,-5.221068991667733,13,False,0.26907269014378826,0.04935376920862933,0.13323649158841505,0.8671475087114928
2.98992,9,3332,2.989917948717949,31,False,185,False,185,True,False,-2.997542662557697,-2.997542662557697,183,False,0.18337254999366423,0.08981994153673704,0.10594049718761622,0.8617083281171307
2.98992,10,3342,2.989917948717949,31,False,593,False,593,True,False,-2.1490743453055297,0.7738048691101722,592,False,0.2802067746622574,0.08709872623528968,0.08277367045002476,0.8538833690893208
2.98992,11,3352,2.989917948717949,31,False,193,False,193,True,False,-0.21925332296383923,-0.21925332296383923,192,False,0.2056069784003149,0.06341637258714997,0.1348836088035352,0.8448386471589864
2.98992,12,3362,2.989917948717949,31,False,409,False,409,True,False,-1.0603163127350614,-1.0603163127350614,408,False,0.18719739991214912,0.05471406855498683,0.11704618851732683,0.8319588646405759
2.98992,13,3372,2.989917948717949,31,False,115,False,115,True,False,-202.59400998718993,-202.59400998718993,113,False,0.23114201275937193,0.0147399284844152,0.14478090182328135,0.8543776631124764
2.98992,14,3382,2.989917948717949,31,False,10,False,10,True,False,-0.48059603680808854,-0.48059603680808854,9,False,0.21611652014226865,0.023889334433305588,0.14890022352031934,0.877334391170983
2.98992,15,3392,2.989917948717949,31,False,477,False,477,True,False,-0.9466590518774658,-0.9466590518774658,476,False,0.19878669853107087,0.03885533321265884,0.09391791737543882,0.8558957601031902
2.98992,16,3402,2.989917948717949,31,False,142,False,142,True,False,-18.032328590213744,-18.032328590213744,140,False,0.1806218518681854,0.09489504014644944,0.08662706369907511,0.8317338660393074
2.98992,17,3412,2.989917948717949,31,False,14,False,14,True,False,-0.6359876735288104,-0.6359876735288104,13,False,0.19781942012418394,0.041646020924631044,0.13168586987542685,0.8686159418123031
2.98992,18,3422,2.989917948717949,31,False,419,False,419,True,False,0.025523660054111726,0.025523660054111726,418,False,0.28042312199422703,0.047761837808593915,0.07516980806554086,0.8531092633661714
2.98992,19,3432,2.989917948717949,31,False,239,False,239,True,False,-2.2399959518964376,-2.2399959518964376,238,False,0.22841613841044203,0.038503838589388655,0.050349928370265376,0.8536911101430291
2.98992,20,3442,2.989917948717949,31,False,190,False,190,True,False,-0.24683685434461422,-0.24683685434461422,189,False,0.24302234163844266,0.05582666054883454,0.11364844818273928,0.8435656260365518
2.98992,21,3452,2.989917948717949,31,False,299,False,299,True,False,-0.07883022115173131,-0.07883022115173131,298,False,0.22740918558118156,0.04696734215579332,0.13275550528602664,0.8409373774529627
2.98992,22,3462,2.989917948717949,31,False,385,False,385,True,False,-0.36735288712904596,-0.36735288712904596,384,False,0.21110598312240417,0.020777769529023937,0.1179281501438208,0.858978898738546
2.98992,23,3472,2.989917948717949,31,False,271,False,271,True,False,-0.9472542125693909,-0.9472542125693909,270,False,0.17165669668974745,0.017064961763815324,0.06786753938180912,0.8313662325278519
2.98992,24,3482,2.989917948717949,31,False,446,False,446,True,False,-0.7783098102525988,-0.7783098102525988,445,False,0.25189870540318215,0.09854498461353849,0.08923677636915761,0.8619563467560776
2.98992,25,3492,2.989917948717949,31,False,13,False,13,True,False,-1.369242189383702,-1.369242189383702,12,False,0.23275663034549204,0.06155243167295336,0.1140014561421805,0.8763912165717036
2.98992,26,3502,2.989917948717949,31,False,11,False,11,True,False,-0.8895829710262316,-0.8895829710262316,10,False,0.28041015550899046,0.05110318154079096,0.14073276040129468,0.8732306272392787
2.98992,27,3512,2.989917948717949,31,False,553,False,553,True,False,-1.7944760024074888,0.7764478906269295,552,False,0.2548743966171289,0.03328996713975111,0.11402204043098342,0.8594905659740967
2.98992,28,3522,2.989917948717949,31,False,644,False,644,True,False,-1.050964838894736,0.7674760904494143,643,False,0.2912064936222778,0.04341546021050405,0.09709651980308953,0.8700053427065632
2.98992,29,3532,2.989917948717949,31,False,440,False,440,True,False,-0.11384088003724763,-0.11384088003724763,439,False,0.2455723146459639,0.0402172120548862,0.08063502297923685,0.8394308440529591
2.98992,30,3542,2.989917948717949,31,False,17,False,17,True,False,-2.0963570113049648,-2.0963570113049648,16,False,0.1707170561648538,0.070846978095761,0.14431007183085037,0.8603300283826573
2.98992,31,3552,2.989917948717949,31,False,169,False,169,True,False,-0.8899224117466814,-0.8899224117466814,168,False,0.27152779149999084,0.09110318445849286,0.12095754569609043,0.8507968615788909
2.98992,32,3562,2.989917948717949,31,False,492,False,492,True,False,-0.8439844416631798,-0.8439844416631798,491,False,0.23398819445317673,0.030261544382732077,0.08488755650153748,0.853798136121628
2.98992,33,3572,2.989917948717949,31,False,22,False,22,True,False,-6.518742930596718,-6.518742930596718,20,False,0.2744979488992658,0.015623338531412224,0.10708729419844223,0.8707155769746717
2.98992,34,3582,2.989917948717949,31,False,287,False,287,True,False,-0.11232349097787732,-0.11232349097787732,286,False,0.25649807146089343,0.014831234128990923,0.12000739974747103,0.8612725878356746
2.98992,35,3592,2.989917948717949,31,False,132,False,132,True,False,-0.6432832690871395,-0.6432832690871395,131,False,0.1927901689863763,0.08126028357969389,0.09177015781554775,0.8312651922447217
2.98992,36,3602,2.989917948717949,31,False,166,False,166,True,False,-0.5089268711701681,-0.5089268711701681,165,False,0.2711177575340433,0.074080421443095,0.1269557205733008,0.844709642008312
2.98992,37,3612,2.989917948717949,31,False,222,False,222,True,False,0.01870791838355927,0.01870791838355927,221,False,0.2054142975541065,0.028344866775393343,0.1278571019041469,0.8471469603312615
2.98992,38,3622,2.989917948717949,31,False,286,False,286,True,False,-0.22108205209819665,-0.22108205209819665,285,False,0.21544936893938427,0.01223120680013936,0.09901970572308866,0.8429441673724825
2.98992,39,3632,2.989917948717949,31,False,11,False,11,True,False,0.010259842006065695,0.010259842006065695,10,False,0.18732954359740633,0.026840253910927283,0.12051637415491244,0.8793160947672833
2.98992,40,3642,2.989917948717949,31,False,406,False,406,True,False,-0.4872287163706985,-0.4872287163706985,405,False,0.1996861989362448,0.026820446533023058,0.14508906141403388,0.8435913490187472
2.98992,41,3652,2.989917948717949,31,False,196,False,196,True,False,-15.341003236032726,-15.341003236032726,194,False,0.2090742006739376,0.025667725631755203,0.13539770731213308,0.8444298529960345
2.98992,42,3662,2.989917948717949,31,False,338,False,338,True,False,-0.144965997276135,-0.144965997276135,337,False,0.19148297877806048,0.09697478580627213,0.07038497553294235,0.8482255251047786
2.98992,43,3672,2.989917948717949,31,False,206,False,206,True,False,-0.13847454283432764,-0.13847454283432764,205,False,0.24904481482199062,0.06964085999109851,0.1326973860532885,0.8369930750277221
2.98992,44,3682,2.989917948717949,31,False,13,False,13,True,False,-0.322685991419993,-0.322685991419993,12,False,0.2955203742157626,0.06563692939626452,0.11585528579723287,0.8727562046299684
2.98992,45,3692,2.989917948717949,31,False,343,False,343,True,False,-0.8278470619827915,-0.8278470619827915,342,False,0.21858377343890495,0.054029586497831045,0.050004362943934566,0.8346195916053344
2.98992,46,3702,2.989917948717949,31,False,12,False,12,True,False,-0.9041916875925429,-0.9041916875925429,11,False,0.19081119818795733,0.093251435769613,0.14306665922480793,0.8697800620269326
2.98992,47,3712,2.989917948717949,31,False,382,False,382,True,False,-6.3403202326511305,-6.3403202326511305,380,False,0.17982039638644043,0.06991403731802262,0.09358007275778418,0.8516537909092465
2.98992,48,3722,2.989917948717949,31,False,272,False,272,True,False,-0.8677547598197477,-0.8677547598197477,271,False,0.2817085402338431,0.033242694799634376,0.06689195802895297,0.8692043565708263
2.98992,49,3732,2.989917948717949,31,False,120,False,120,True,False,-4.248231556868686,-4.248231556868686,118,False,0.20079058047192133,0.04754621437023802,0.05168453754041338,0.8722939066225762
2.98993,0,3342,2.9899282051282055,32,False,455,False,455,True,False,-0.9252655229046021,-0.9252655229046021,454,False,0.2802067746622574,0.08709872623528968,0.08277367045002476,0.8538833690893208
2.98993,1,3352,2.9899282051282055,32,False,193,False,193,True,False,-0.5465690626696479,-0.5465690626696479,192,False,0.2056069784003149,0.06341637258714997,0.1348836088035352,0.8448386471589864
2.98993,2,3362,2.9899282051282055,32,False,302,False,302,True,False,-0.028913990279410967,-0.028913990279410967,301,False,0.18719739991214912,0.05471406855498683,0.11704618851732683,0.8319588646405759
2.98993,3,3372,2.9899282051282055,32,False,114,False,114,True,False,-0.1494091011281028,-0.1494091011281028,113,False,0.23114201275937193,0.0147399284844152,0.14478090182328135,0.8543776631124764
2.98993,4,3382,2.9899282051282055,32,False,10,False,10,True,False,-0.48480249629899635,-0.48480249629899635,9,False,0.21611652014226865,0.023889334433305588,0.14890022352031934,0.877334391170983
2.98993,5,3392,2.9899282051282055,32,False,510,False,510,True,False,-4.777252074376519,0.7764847851129129,508,False,0.19878669853107087,0.03885533321265884,0.09391791737543882,0.8558957601031902
2.98993,6,3402,2.9899282051282055,32,False,136,False,136,True,False,-7.601472092581446,-7.601472092581446,134,False,0.1806218518681854,0.09489504014644944,0.08662706369907511,0.8317338660393074
2.98993,7,3412,2.9899282051282055,32,False,14,False,14,True,False,-0.6483140761256229,-0.6483140761256229,13,False,0.19781942012418394,0.041646020924631044,0.13168586987542685,0.8686159418123031
2.98993,8,3422,2.9899282051282055,32,False,488,False,488,True,False,-1.8915453476532245,-1.8915453476532245,487,False,0.28042312199422703,0.047761837808593915,0.07516980806554086,0.8531092633661714
2.98993,9,3432,2.9899282051282055,32,False,238,False,238,True,False,-0.023385431644684984,-0.023385431644684984,237,False,0.22841613841044203,0.038503838589388655,0.050349928370265376,0.8536911101430291
2.98993,10,3442,2.9899282051282055,32,False,190,False,190,True,False,-1.2986529323291673,-1.2986529323291673,189,False,0.24302234163844266,0.05582666054883454,0.11364844818273928,0.8435656260365518
2.98993,11,3452,2.9899282051282055,32,False,298,False,298,True,False,-3.994745357979774,-3.994745357979774,296,False,0.22740918558118156,0.04696734215579332,0.13275550528602664,0.8409373774529627
2.98993,12,3462,2.9899282051282055,32,False,279,False,279,True,False,-0.07110063705636382,-0.07110063705636382,278,False,0.21110598312240417,0.020777769529023937,0.1179281501438208,0.858978898738546
2.98993,13,3472,2.9899282051282055,32,False,271,False,271,True,False,-0.7209772203449466,-0.7209772203449466,270,False,0.17165669668974745,0.017064961763815324,0.06786753938180912,0.8313662325278519
2.98993,14,3482,2.9899282051282055,32,False,515,False,515,True,False,-0.7400377701165639,0.7556463357604132,514,False,0.25189870540318215,0.09854498461353849,0.08923677636915761,0.8619563467560776
2.98993,15,3492,2.9899282051282055,32,False,13,False,13,True,False,-1.4033211030045494,-1.4033211030045494,12,False,0.23275663034549204,0.06155243167295336,0.1140014561421805,0.8763912165717036
2.98993,16,3502,2.9899282051282055,32,False,11,False,11,True,False,-0.8942262595791751,-0.8942262595791751,10,False,0.28041015550899046,0.05110318154079096,0.14073276040129468,0.8732306272392787
2.98993,17,3512,2.9899282051282055,32,False,463,False,463,True,False,-0.7446564595075513,-0.7446564595075513,462,False,0.2548743966171289,0.03328996713975111,0.11402204043098342,0.8594905659740967
2.98993,18,3522,2.9899282051282055,32,False,298,False,298,True,False,-0.9294332318275529,-0.9294332318275529,297,False,0.2912064936222778,0.04341546021050405,0.09709651980308953,0.8700053427065632
2.98993,19,3532,2.9899282051282055,32,False,303,False,303,True,False,-0.6292659090513176,-0.6292659090513176,302,False,0.2455723146459639,0.0402172120548862,0.08063502297923685,0.8394308440529591
2.98993,20,3542,2.9899282051282055,32,False,17,False,17,True,False,-2.332134322996753,-2.332134322996753,16,False,0.1707170561648538,0.070846978095761,0.14431007183085037,0.8603300283826573
2.98993,21,3552,2.9899282051282055,32,False,168,False,168,True,False,-4.9388468257509075,-4.9388468257509075,166,False,0.27152779149999084,0.09110318445849286,0.12095754569609043,0.8507968615788909
2.98993,22,3562,2.9899282051282055,32,False,493,False,493,True,False,-4.4623270032694435,-4.4623270032694435,491,False,0.23398819445317673,0.030261544382732077,0.08488755650153748,0.853798136121628
2.98993,23,3572,2.9899282051282055,32,False,21,False,21,True,False,0.025636563538651902,0.025636563538651902,20,False,0.2744979488992658,0.015623338531412224,0.10708729419844223,0.8707155769746717
2.98993,24,3582,2.9899282051282055,32,False,392,False,392,True,False,-1.000097401555352,-1.000097401555352,391,False,0.25649807146089343,0.014831234128990923,0.12000739974747103,0.8612725878356746
2.98993,25,3592,2.9899282051282055,32,False,132,False,132,True,False,-1.037689381676263,-1.037689381676263,131,False,0.1927901689863763,0.08126028357969389,0.09177015781554775,0.8312651922447217
2.98993,26,3602,2.9899282051282055,32,False,166,False,166,True,False,-0.7945424508050207,-0.7945424508050207,165,False,0.2711177575340433,0.074080421443095,0.1269557205733008,0.844709642008312
2.98993,27,3612,2.9899282051282055,32,False,223,False,223,True,False,-11.633491283795632,-11.633491283795632,221,False,0.2054142975541065,0.028344866775393343,0.1278571019041469,0.8471469603312615
2.98993,28,3622,2.9899282051282055,32,False,286,False,286,True,False,-0.7395185471162405,-0.7395185471162405,285,False,0.21544936893938427,0.01223120680013936,0.09901970572308866,0.8429441673724825
2.98993,29,3632,2.9899282051282055,32,False,11,False,11,True,False,0.0075611645538178895,0.0075611645538178895,10,False,0.18732954359740633,0.026840253910927283,0.12051637415491244,0.8793160947672833
2.98993,30,3642,2.9899282051282055,32,False,752,False,752,True,False,-1.9801815647250773,0.7712619559238336,751,True,0.1996861989362448,0.026820446533023058,0.14508906141403388,0.8435913490187472
2.98993,31,3652,2.9899282051282055,32,False,194,False,194,True,False,-0.7501502930797987,-0.7501502930797987,193,False,0.2090742006739376,0.025667725631755203,0.13539770731213308,0.8444298529960345
2.98993,32,3662,2.9899282051282055,32,False,338,False,338,True,False,-0.5924668104024376,-0.5924668104024376,337,False,0.19148297877806048,0.09697478580627213,0.07038497553294235,0.8482255251047786
2.98993,33,3672,2.9899282051282055,32,False,203,False,203,True,False,-0.19806976552500166,-0.19806976552500166,202,False,0.24904481482199062,0.06964085999109851,0.1326973860532885,0.8369930750277221
2.98993,34,3682,2.9899282051282055,32,False,13,False,13,True,False,-0.3359316224342028,-0.3359316224342028,12,False,0.2955203742157626,0.06563692939626452,0.11585528579723287,0.8727562046299684
2.98993,35,3692,2.9899282051282055,32,False,277,False,277,True,False,-0.8622580797351063,-0.8622580797351063,276,False,0.21858377343890495,0.054029586497831045,0.050004362943934566,0.8346195916053344
2.98993,36,3702,2.9899282051282055,32,False,12,False,12,True,False,-0.9101104833633238,-0.9101104833633238,11,False,0.19081119818795733,0.093251435769613,0.14306665922480793,0.8697800620269326
2.98993,37,3712,2.9899282051282055,32,False,381,False,381,True,False,-0.10794635636853303,-0.10794635636853303,380,False,0.17982039638644043,0.06991403731802262,0.09358007275778418,0.8516537909092465
2.98993,38,3722,2.9899282051282055,32,False,270,False,270,True,False,-2.705775206569419,-2.705775206569419,268,False,0.2817085402338431,0.033242694799634376,0.06689195802895297,0.8692043565708263
2.98993,39,3732,2.9899282051282055,32,False,119,False,119,True,False,-0.23768573319494868,-0.23768573319494868,118,False,0.20079058047192133,0.04754621437023802,0.05168453754041338,0.8722939066225762
2.98993,40,3742,2.9899282051282055,32,False,275,False,275,True,False,-5.773226554328318,-5.773226554328318,273,False,0.26531493932722,0.0006055352826678019,0.138189056404399,0.8455121087771645
2.98993,41,3752,2.9899282051282055,32,False,317,False,317,True,False,-4.779418369294111,-4.779418369294111,315,False,0.2861713572845958,0.02692084893252901,0.06193616396844828,0.8666891174916065
2.98993,42,3762,2.9899282051282055,32,False,16,False,16,True,False,-1.3581221302335615,-1.3581221302335615,15,False,0.250030603123601,0.031409469979681005,0.12085654998372625,0.8698447914188592
2.98993,43,3772,2.9899282051282055,32,False,445,False,445,True,False,-0.8895090190983223,-0.8895090190983223,444,False,0.22343270612476765,0.0167825503037508,0.14613221829930223,0.8336092482394901
2.98993,44,3782,2.9899282051282055,32,False,237,False,237,True,False,0.014805777158674135,0.014805777158674135,236,False,0.24714108630701656,0.0249019564026723,0.09320059796855913,0.8368068091092408
2.98993,45,3792,2.9899282051282055,32,False,12,False,12,True,False,-1.4858762990794498,-1.4858762990794498,11,False,0.2552115469311883,0.0470099965435969,0.11328607051932718,0.8795470640356853
2.98993,46,3802,2.9899282051282055,32,False,158,False,158,True,False,-0.6480095380847534,-0.6480095380847534,157,False,0.22088429992748704,0.06380112786327306,0.05732039759027348,0.8433698292912496
2.98993,47,3812,2.9899282051282055,32,False,260,False,260,True,False,-0.07895081620247069,-0.07895081620247069,259,False,0.18459002048034887,0.008668989329700717,0.14041279367299792,0.8567413508732158
2.98993,48,3822,2.9899282051282055,32,False,294,False,294,True,False,-0.362331354759039,-0.362331354759039,293,False,0.21406530998042653,0.06222247820036991,0.05132631825307853,0.8469480702060135
2.98993,49,3832,2.9899282051282055,32,False,375,False,375,True,False,-1.9328790456499843,-1.9328790456499843,374,False,0.24220689248399735,0.07556252062336416,0.07774278940373837,0.8657894930090632
2.98994,0,3442,2.9899384615384617,33,False,189,False,189,True,False,0.014172979619180043,0.014172979619180043,188,False,0.24302234163844266,0.05582666054883454,0.11364844818273928,0.8435656260365518
2.98994,1,3452,2.9899384615384617,33,False,298,False,298,True,False,-5.091419975173368,-5.091419975173368,296,False,0.22740918558118156,0.04696734215579332,0.13275550528602664,0.8409373774529627
2.98994,2,3462,2.9899384615384617,33,False,389,False,389,True,False,-0.8126104805456213,-0.8126104805456213,388,False,0.21110598312240417,0.020777769529023937,0.1179281501438208,0.858978898738546
2.98994,3,3472,2.9899384615384617,33,False,271,False,271,True,False,-0.009825182434253942,-0.009825182434253942,270,False,0.17165669668974745,0.017064961763815324,0.06786753938180912,0.8313662325278519
2.98994,4,3482,2.9899384615384617,33,False,333,False,333,True,False,0.0104734268550883,0.0104734268550883,332,False,0.25189870540318215,0.09854498461353849,0.08923677636915761,0.8619563467560776
2.98994,5,3492,2.9899384615384617,33,False,13,False,13,True,False,-1.437300542347332,-1.437300542347332,12,False,0.23275663034549204,0.06155243167295336,0.1140014561421805,0.8763912165717036
2.98994,6,3502,2.9899384615384617,33,False,11,False,11,True,False,-0.8989513760269296,-0.8989513760269296,10,False,0.28041015550899046,0.05110318154079096,0.14073276040129468,0.8732306272392787
2.98994,7,3512,2.9899384615384617,33,False,276,False,276,True,False,-0.668704099784999,-0.668704099784999,275,False,0.2548743966171289,0.03328996713975111,0.11402204043098342,0.8594905659740967
2.98994,8,3522,2.9899384615384617,33,False,230,False,230,True,False,-0.281979487999072,-0.281979487999072,229,False,0.2912064936222778,0.04341546021050405,0.09709651980308953,0.8700053427065632
2.98994,9,3532,2.9899384615384617,33,False,209,False,209,True,False,-0.8557396487109252,-0.8557396487109252,208,False,0.2455723146459639,0.0402172120548862,0.08063502297923685,0.8394308440529591
2.98994,10,3542,2.9899384615384617,33,False,17,False,17,True,False,-2.615099627269202,-2.615099627269202,15,False,0.1707170561648538,0.070846978095761,0.14431007183085037,0.8603300283826573
2.98994,11,3552,2.9899384615384617,33,False,167,False,167,True,False,-1.7564065196241943,-1.7564065196241943,166,False,0.27152779149999084,0.09110318445849286,0.12095754569609043,0.8507968615788909
2.98994,12,3562,2.9899384615384617,33,False,706,False,706,True,False,-3.4212941236410566,0.7664261044067722,704,True,0.23398819445317673,0.030261544382732077,0.08488755650153748,0.853798136121628
2.98994,13,3572,2.9899384615384617,33,False,21,False,21,True,False,-0.07222959161586849,-0.07222959161586849,20,False,0.2744979488992658,0.015623338531412224,0.10708729419844223,0.8707155769746717
2.98994,14,3582,2.9899384615384617,33,False,219,False,219,True,False,-0.5357785093466204,-0.5357785093466204,218,False,0.25649807146089343,0.014831234128990923,0.12000739974747103,0.8612725878356746
2.98994,15,3592,2.9899384615384617,33,False,132,False,132,True,False,-2.4991131962538478,-2.4991131962538478,131,False,0.1927901689863763,0.08126028357969389,0.09177015781554775,0.8312651922447217
2.98994,16,3602,2.9899384615384617,33,False,166,False,166,True,False,-0.9538859285868816,-0.9538859285868816,165,False,0.2711177575340433,0.074080421443095,0.1269557205733008,0.844709642008312
2.98994,17,3612,2.9899384615384617,33,False,223,False,223,True,False,-3.129261555346066,-3.129261555346066,221,False,0.2054142975541065,0.028344866775393343,0.1278571019041469,0.8471469603312615
2.98994,18,3622,2.9899384615384617,33,False,286,False,286,True,False,-0.9383022965005015,-0.9383022965005015,285,False,0.21544936893938427,0.01223120680013936,0.09901970572308866,0.8429441673724825
2.98994,19,3632,2.9899384615384617,33,False,11,False,11,True,False,0.0048663641042182015,0.0048663641042182015,10,False,0.18732954359740633,0.026840253910927283,0.12051637415491244,0.8793160947672833
2.98994,20,3642,2.9899384615384617,33,False,440,False,440,True,False,-0.07650626353848221,-0.07650626353848221,439,False,0.1996861989362448,0.026820446533023058,0.14508906141403388,0.8435913490187472
2.98994,21,3652,2.9899384615384617,33,False,193,False,193,True,False,-0.4249030281378546,-0.4249030281378546,192,False,0.2090742006739376,0.025667725631755203,0.13539770731213308,0.8444298529960345
2.98994,22,3662,2.9899384615384617,33,False,338,False,338,True,False,-0.8186389988043441,-0.8186389988043441,337,False,0.19148297877806048,0.09697478580627213,0.07038497553294235,0.8482255251047786
2.98994,23,3672,2.9899384615384617,33,False,202,False,202,True,False,-0.6870738016620401,-0.6870738016620401,201,False,0.24904481482199062,0.06964085999109851,0.1326973860532885,0.8369930750277221
2.98994,24,3682,2.9899384615384617,33,False,13,False,13,True,False,-0.34928525077817324,-0.34928525077817324,12,False,0.2955203742157626,0.06563692939626452,0.11585528579723287,0.8727562046299684
2.98994,25,3692,2.9899384615384617,33,False,276,False,276,True,False,-1.02167966875897,-1.02167966875897,275,False,0.21858377343890495,0.054029586497831045,0.050004362943934566,0.8346195916053344
2.98994,26,3702,2.9899384615384617,33,False,12,False,12,True,False,-0.9161005658687509,-0.9161005658687509,11,False,0.19081119818795733,0.093251435769613,0.14306665922480793,0.8697800620269326
2.98994,27,3712,2.9899384615384617,33,False,381,False,381,True,False,-0.23876861451825984,-0.23876861451825984,380,False,0.17982039638644043,0.06991403731802262,0.09358007275778418,0.8516537909092465
2.98994,28,3722,2.9899384615384617,33,False,269,False,269,True,False,-0.6190927912558322,-0.6190927912558322,268,False,0.2817085402338431,0.033242694799634376,0.06689195802895297,0.8692043565708263
2.98994,29,3732,2.9899384615384617,33,False,119,False,119,True,False,-0.8192065817026288,-0.8192065817026288,118,False,0.20079058047192133,0.04754621437023802,0.05168453754041338,0.8722939066225762
2.98994,30,3742,2.9899384615384617,33,False,279,False,279,True,False,-1.1816457902576707,-1.1816457902576707,278,False,0.26531493932722,0.0006055352826678019,0.138189056404399,0.8455121087771645
2.98994,31,3752,2.9899384615384617,33,False,317,False,317,True,False,-2.635859093609752,-2.635859093609752,315,False,0.2861713572845958,0.02692084893252901,0.06193616396844828,0.8666891174916065
2.98994,32,3762,2.9899384615384617,33,False,16,False,16,True,False,-1.4594946024569773,-1.4594946024569773,15,False,0.250030603123601,0.031409469979681005,0.12085654998372625,0.8698447914188592
2.98994,33,3772,2.9899384615384617,33,False,273,False,273,True,False,-1.3428563489600953,-1.3428563489600953,272,False,0.22343270612476765,0.0167825503037508,0.14613221829930223,0.8336092482394901
2.98994,34,3782,2.9899384615384617,33,False,236,False,236,True,False,-0.11200868184741314,-0.11200868184741314,235,False,0.24714108630701656,0.0249019564026723,0.09320059796855913,0.8368068091092408
2.98994,35,3792,2.9899384615384617,33,False,12,False,12,True,False,-1.51002243070559,-1.51002243070559,11,False,0.2552115469311883,0.0470099965435969,0.11328607051932718,0.8795470640356853
2.98994,36,3802,2.9899384615384617,33,False,158,False,158,True,False,-1.021707367979711,-1.021707367979711,157,False,0.22088429992748704,0.06380112786327306,0.05732039759027348,0.8433698292912496
2.98994,37,3812,2.9899384615384617,33,False,538,False,538,True,False,-0.21913358491030407,0.7667515361532761,537,False,0.18459002048034887,0.008668989329700717,0.14041279367299792,0.8567413508732158
2.98994,38,3822,2.9899384615384617,33,False,295,False,295,True,False,-5.134979906767662,-5.134979906767662,293,False,0.21406530998042653,0.06222247820036991,0.05132631825307853,0.8469480702060135
2.98994,39,3832,2.9899384615384617,33,False,659,False,659,True,False,-0.931693264708938,0.7425278061933359,658,False,0.24220689248399735,0.07556252062336416,0.07774278940373837,0.8657894930090632
2.98994,40,3842,2.9899384615384617,33,False,228,False,228,True,False,0.023048829173045682,0.023048829173045682,227,False,0.29204535661706865,0.014326048703348549,0.10208298733349419,0.846914968719179
2.98994,41,3852,2.9899384615384617,33,False,352,False,352,True,False,-0.7342742232955111,-0.7342742232955111,351,False,0.22306037779920504,0.08362050465378067,0.10080533188545066,0.8453276788798351
2.98994,42,3862,2.9899384615384617,33,False,228,False,228,True,False,-0.12560060901023165,-0.12560060901023165,227,False,0.21624735082095756,0.026574327571568013,0.12952025266694642,0.8379703064776648
2.98994,43,3872,2.9899384615384617,33,False,190,False,190,True,False,0.0136826292919629,0.0136826292919629,189,False,0.17275219617630871,0.008688558143466696,0.13461084631479714,0.8381750554325028
2.98994,44,3882,2.9899384615384617,33,False,332,False,332,True,False,0.00879346493349295,0.00879346493349295,331,False,0.19214970011511393,0.01331382328309263,0.08853937836871505,0.8567051124348359
2.98994,45,3892,2.9899384615384617,33,False,166,False,166,True,False,-2.1742556693241006,-2.1742556693241006,165,False,0.2291331767687254,0.0008737641627013627,0.07568820833132277,0.8421081542241593
2.98994,46,3902,2.9899384615384617,33,False,650,False,650,True,False,-0.06369081288741485,0.7742648561944445,649,False,0.20646776647972426,0.09863517701068546,0.13390773334660486,0.8616404885762575
2.98994,47,3912,2.9899384615384617,33,False,172,False,172,True,False,-0.41118153925273454,-0.41118153925273454,171,False,0.28037967989778856,0.030343067959895855,0.09024243916403929,0.86486739931384
2.98994,48,3922,2.9899384615384617,33,False,189,False,189,True,False,-0.03813660549052747,-0.03813660549052747,188,False,0.238621494242793,0.06591086472215368,0.11581108026613948,0.84303837168311
2.98994,49,3932,2.9899384615384617,33,False,198,False,198,True,False,-0.9329346671466808,-0.9329346671466808,197,False,0.270704542665536,0.013618457014990249,0.09315882877159541,0.8622534643544651
2.98995,0,3542,2.9899487179487183,34,False,17,False,17,True,False,-2.8357422685192444,-2.8357422685192444,15,False,0.1707170561648538,0.070846978095761,0.14431007183085037,0.8603300283826573
2.98995,1,3552,2.9899487179487183,34,False,166,False,166,True,False,-0.42243739842577,-0.42243739842577,165,False,0.27152779149999084,0.09110318445849286,0.12095754569609043,0.8507968615788909
2.98995,2,3562,2.9899487179487183,34,False,562,False,562,True,False,-2.838792858949232,0.7832239292359514,560,False,0.23398819445317673,0.030261544382732077,0.08488755650153748,0.853798136121628
2.98995,3,3572,2.9899487179487183,34,False,21,False,21,True,False,-0.17886014222864471,-0.17886014222864471,20,False,0.2744979488992658,0.015623338531412224,0.10708729419844223,0.8707155769746717
2.98995,4,3582,2.9899487179487183,34,False,222,False,222,True,False,-0.03737900305372566,-0.03737900305372566,221,False,0.25649807146089343,0.014831234128990923,0.12000739974747103,0.8612725878356746
2.98995,5,3592,2.9899487179487183,34,False,132,False,132,True,False,-23.29027842844045,-23.29027842844045,130,False,0.1927901689863763,0.08126028357969389,0.09177015781554775,0.8312651922447217
2.98995,6,3602,2.9899487179487183,34,False,166,False,166,True,False,-1.1874138901107507,-1.1874138901107507,165,False,0.2711177575340433,0.074080421443095,0.1269557205733008,0.844709642008312
2.98995,7,3612,2.9899487179487183,34,False,223,False,223,True,False,-1.3990591492486462,-1.3990591492486462,222,False,0.2054142975541065,0.028344866775393343,0.1278571019041469,0.8471469603312615
2.98995,8,3622,2.9899487179487183,34,False,286,False,286,True,False,-1.0176538120368852,-1.0176538120368852,285,False,0.21544936893938427,0.01223120680013936,0.09901970572308866,0.8429441673724825
2.98995,9,3632,2.9899487179487183,34,False,11,False,11,True,False,0.002174975094343279,0.002174975094343279,10,False,0.18732954359740633,0.026840253910927283,0.12051637415491244,0.8793160947672833
2.98995,10,3642,2.9899487179487183,34,False,303,False,303,True,False,-0.3044989371028679,-0.3044989371028679,302,False,0.1996861989362448,0.026820446533023058,0.14508906141403388,0.8435913490187472
2.98995,11,3652,2.9899487179487183,34,False,193,False,193,True,False,-5.641760546622079,-5.641760546622079,191,False,0.2090742006739376,0.025667725631755203,0.13539770731213308,0.8444298529960345
2.98995,12,3662,2.9899487179487183,34,False,338,False,338,True,False,-0.8623388058799365,-0.8623388058799365,337,False,0.19148297877806048,0.09697478580627213,0.07038497553294235,0.8482255251047786
2.98995,13,3672,2.9899487179487183,34,False,201,False,201,True,False,-0.11199048621904359,-0.11199048621904359,200,False,0.24904481482199062,0.06964085999109851,0.1326973860532885,0.8369930750277221
2.98995,14,3682,2.9899487179487183,34,False,13,False,13,True,False,-0.36318643572349685,-0.36318643572349685,12,False,0.2955203742157626,0.06563692939626452,0.11585528579723287,0.8727562046299684
2.98995,15,3692,2.9899487179487183,34,False,553,False,553,True,False,-3.781409544239761,0.7674458561940037,551,False,0.21858377343890495,0.054029586497831045,0.050004362943934566,0.8346195916053344
2.98995,16,3702,2.9899487179487183,34,False,12,False,12,True,False,-0.9223732112598834,-0.9223732112598834,11,False,0.19081119818795733,0.093251435769613,0.14306665922480793,0.8697800620269326
2.98995,17,3712,2.9899487179487183,34,False,381,False,381,True,False,-0.23861872568515016,-0.23861872568515016,380,False,0.17982039638644043,0.06991403731802262,0.09358007275778418,0.8516537909092465
2.98995,18,3722,2.9899487179487183,34,False,269,False,269,True,False,-0.1380756599037525,-0.1380756599037525,268,False,0.2817085402338431,0.033242694799634376,0.06689195802895297,0.8692043565708263
2.98995,19,3732,2.9899487179487183,34,False,119,False,119,True,False,-1.5901795075533252,-1.5901795075533252,118,False,0.20079058047192133,0.04754621437023802,0.05168453754041338,0.8722939066225762
2.98995,20,3742,2.9899487179487183,34,False,377,False,377,True,False,-1.8581379564008034,-1.8581379564008034,376,False,0.26531493932722,0.0006055352826678019,0.138189056404399,0.8455121087771645
2.98995,21,3752,2.9899487179487183,34,False,318,False,318,True,False,-2.2387041974167863,-2.2387041974167863,317,False,0.2861713572845958,0.02692084893252901,0.06193616396844828,0.8666891174916065
2.98995,22,3762,2.9899487179487183,34,False,16,False,16,True,False,-1.5576694507872646,-1.5576694507872646,15,False,0.250030603123601,0.031409469979681005,0.12085654998372625,0.8698447914188592
2.98995,23,3772,2.9899487179487183,34,False,271,False,271,True,False,-0.7283487472742892,-0.7283487472742892,270,False,0.22343270612476765,0.0167825503037508,0.14613221829930223,0.8336092482394901
2.98995,24,3782,2.9899487179487183,34,False,241,False,241,True,False,-1.2035892589236485,-1.2035892589236485,240,False,0.24714108630701656,0.0249019564026723,0.09320059796855913,0.8368068091092408
2.98995,25,3792,2.9899487179487183,34,False,12,False,12,True,False,-1.5336688294079743,-1.5336688294079743,11,False,0.2552115469311883,0.0470099965435969,0.11328607051932718,0.8795470640356853
2.98995,26,3802,2.9899487179487183,34,False,158,False,158,True,False,-2.253535240475631,-2.253535240475631,157,False,0.22088429992748704,0.06380112786327306,0.05732039759027348,0.8433698292912496
2.98995,27,3812,2.9899487179487183,34,False,191,False,191,True,False,-0.005985790486364245,-0.005985790486364245,190,False,0.18459002048034887,0.008668989329700717,0.14041279367299792,0.8567413508732158
2.98995,28,3822,2.9899487179487183,34,False,295,False,295,True,False,-1.1553583196713175,-1.1553583196713175,294,False,0.21406530998042653,0.06222247820036991,0.05132631825307853,0.8469480702060135
2.98995,29,3832,2.9899487179487183,34,False,617,False,617,True,False,-0.12752040095313538,0.7707850972441522,616,False,0.24220689248399735,0.07556252062336416,0.07774278940373837,0.8657894930090632
2.98995,30,3842,2.9899487179487183,34,False,228,False,228,True,False,-0.4844609156520111,-0.4844609156520111,227,False,0.29204535661706865,0.014326048703348549,0.10208298733349419,0.846914968719179
2.98995,31,3852,2.9899487179487183,34,False,353,False,353,True,False,-6.26869922044874,-6.26869922044874,351,False,0.22306037779920504,0.08362050465378067,0.10080533188545066,0.8453276788798351
2.98995,32,3862,2.9899487179487183,34,False,228,False,228,True,False,-0.0970258328808368,-0.0970258328808368,227,False,0.21624735082095756,0.026574327571568013,0.12952025266694642,0.8379703064776648
2.98995,33,3872,2.9899487179487183,34,False,190,False,190,True,False,-0.47020595316544983,-0.47020595316544983,189,False,0.17275219617630871,0.008688558143466696,0.13461084631479714,0.8381750554325028
2.98995,34,3882,2.9899487179487183,34,False,333,False,333,True,False,-9.089330137030084,-9.089330137030084,331,False,0.19214970011511393,0.01331382328309263,0.08853937836871505,0.8567051124348359
2.98995,35,3892,2.9899487179487183,34,False,162,False,162,True,False,-0.7985752969352944,-0.7985752969352944,161,False,0.2291331767687254,0.0008737641627013627,0.07568820833132277,0.8421081542241593
2.98995,36,3902,2.9899487179487183,34,False,235,False,235,True,False,-0.011006044738122098,-0.011006044738122098,234,False,0.20646776647972426,0.09863517701068546,0.13390773334660486,0.8616404885762575
2.98995,37,3912,2.9899487179487183,34,False,172,False,172,True,False,-0.019770725947134055,-0.019770725947134055,171,False,0.28037967989778856,0.030343067959895855,0.09024243916403929,0.86486739931384
2.98995,38,3922,2.9899487179487183,34,False,189,False,189,True,False,-0.31391746883704535,-0.31391746883704535,188,False,0.238621494242793,0.06591086472215368,0.11581108026613948,0.84303837168311
2.98995,39,3932,2.9899487179487183,34,False,197,False,197,True,False,-1.050293000358785,-1.050293000358785,196,False,0.270704542665536,0.013618457014990249,0.09315882877159541,0.8622534643544651
2.98995,40,3942,2.9899487179487183,34,False,239,False,239,True,False,-0.7381228142835586,-0.7381228142835586,238,False,0.21450934473700953,0.06840132633742411,0.05999447102145794,0.8346078672534212
2.98995,41,3952,2.9899487179487183,34,False,272,False,272,True,False,-0.20502772999075802,-0.20502772999075802,271,False,0.2865302225143511,0.012703170489566474,0.06425342346494456,0.8575145222712226
2.98995,42,3962,2.9899487179487183,34,False,309,False,309,True,False,0.023633097016687532,0.023633097016687532,308,False,0.2127599046671582,0.06399036234702225,0.061786503486363144,0.8678368451026476
2.98995,43,3972,2.9899487179487183,34,False,163,False,163,True,False,-0.5031136293440439,-0.5031136293440439,162,False,0.191156264542614,0.08575488435481593,0.12007770701518262,0.8348652885598147
2.98995,44,3982,2.9899487179487183,34,False,206,False,206,True,False,-0.8418028318340651,-0.8418028318340651,205,False,0.182278669358787,0.0005824250416282539,0.136946979065678,0.8612306785685621
2.98995,45,3992,2.9899487179487183,34,False,247,False,247,True,False,0.03481856593325114,0.03481856593325114,246,False,0.28425919447903514,0.008970124443424187,0.1281733613800183,0.8553310401817179
2.98995,46,4002,2.9899487179487183,34,False,18,False,18,True,False,-1.465576171621261,-1.465576171621261,17,False,0.23382243600785374,0.08295599853485569,0.13848537987406437,0.8628450707850476
2.98995,47,4012,2.9899487179487183,34,False,748,False,748,True,False,-1.0372689726978028,0.7744436960131319,747,True,0.27750072787531865,0.028853959708119416,0.06150673562333078,0.8646664117451731
2.98995,48,4022,2.9899487179487183,34,False,141,False,141,True,False,-0.08619278487455966,-0.08619278487455966,140,False,0.23274034494522355,0.06865131363274936,0.1269850128826246,0.8562627115398208
2.98995,49,4032,2.9899487179487183,34,False,12,False,12,True,False,-0.8428949581597536,-0.8428949581597536,11,False,0.2509754595574227,0.09677426537423671,0.11546566440839422,0.8776301007284903
2.98996,0,3642,2.9899589743589745,35,False,302,False,302,True,False,-1.0012422585232807,-1.0012422585232807,301,False,0.1996861989362448,0.026820446533023058,0.14508906141403388,0.8435913490187472
2.98996,1,3652,2.9899589743589745,35,False,192,False,192,True,False,-0.566110692478201,-0.566110692478201,191,False,0.2090742006739376,0.025667725631755203,0.13539770731213308,0.8444298529960345
2.98996,2,3662,2.9899589743589745,35,False,338,False,338,True,False,-0.7781186566996193,-0.7781186566996193,337,False,0.19148297877806048,0.09697478580627213,0.07038497553294235,0.8482255251047786
2.98996,3,3672,2.9899589743589745,35,False,201,False,201,True,False,-1.047148269779662,-1.047148269779662,200,False,0.24904481482199062,0.06964085999109851,0.1326973860532885,0.8369930750277221
2.98996,4,3682,2.9899589743589745,35,False,13,False,13,True,False,-0.37724525974987266,-0.37724525974987266,12,False,0.2955203742157626,0.06563692939626452,0.11585528579723287,0.8727562046299684
2.98996,5,3692,2.9899589743589745,35,False,210,False,210,True,False,-0.975225915792205,-0.975225915792205,209,False,0.21858377343890495,0.054029586497831045,0.050004362943934566,0.8346195916053344
2.98996,6,3702,2.9899589743589745,35,False,12,False,12,True,False,-0.9285945503900791,-0.9285945503900791,11,False,0.19081119818795733,0.093251435769613,0.14306665922480793,0.8697800620269326
2.98996,7,3712,2.9899589743589745,35,False,381,False,381,True,False,-0.12467074806322195,-0.12467074806322195,380,False,0.17982039638644043,0.06991403731802262,0.09358007275778418,0.8516537909092465
2.98996,8,3722,2.9899589743589745,35,False,271,False,271,True,False,-4.7574650469343265,-4.7574650469343265,269,False,0.2817085402338431,0.033242694799634376,0.06689195802895297,0.8692043565708263
2.98996,9,3732,2.9899589743589745,35,False,119,False,119,True,False,-3.9279516850398775,-3.9279516850398775,117,False,0.20079058047192133,0.04754621437023802,0.05168453754041338,0.8722939066225762
2.98996,10,3742,2.9899589743589745,35,False,550,False,550,True,False,-1.4335676284044452,0.7613285775723633,549,False,0.26531493932722,0.0006055352826678019,0.138189056404399,0.8455121087771645
2.98996,11,3752,2.9899589743589745,35,False,323,False,323,True,False,-1.2230968710469545,-1.2230968710469545,322,False,0.2861713572845958,0.02692084893252901,0.06193616396844828,0.8666891174916065
2.98996,12,3762,2.9899589743589745,35,False,16,False,16,True,False,-1.6425001169528595,-1.6425001169528595,15,False,0.250030603123601,0.031409469979681005,0.12085654998372625,0.8698447914188592
2.98996,13,3772,2.9899589743589745,35,False,272,False,272,True,False,-0.8539219518242147,-0.8539219518242147,271,False,0.22343270612476765,0.0167825503037508,0.14613221829930223,0.8336092482394901
2.98996,14,3782,2.9899589743589745,35,False,139,False,139,True,False,-0.08149674264096926,-0.08149674264096926,138,False,0.24714108630701656,0.0249019564026723,0.09320059796855913,0.8368068091092408
2.98996,15,3792,2.9899589743589745,35,False,12,False,12,True,False,-1.5561048529644255,-1.5561048529644255,11,False,0.2552115469311883,0.0470099965435969,0.11328607051932718,0.8795470640356853
2.98996,16,3802,2.9899589743589745,35,False,158,False,158,True,False,-11.764759096964719,-11.764759096964719,156,False,0.22088429992748704,0.06380112786327306,0.05732039759027348,0.8433698292912496
2.98996,17,3812,2.9899589743589745,35,False,193,False,193,True,False,-0.847408351439698,-0.847408351439698,192,False,0.18459002048034887,0.008668989329700717,0.14041279367299792,0.8567413508732158
2.98996,18,3822,2.9899589743589745,35,False,295,False,295,True,False,-0.9873384779066614,-0.9873384779066614,294,False,0.21406530998042653,0.06222247820036991,0.05132631825307853,0.8469480702060135
2.98996,19,3832,2.9899589743589745,35,False,338,False,338,True,False,-0.09377197883259554,-0.09377197883259554,337,False,0.24220689248399735,0.07556252062336416,0.07774278940373837,0.8657894930090632
2.98996,20,3842,2.9899589743589745,35,False,228,False,228,True,False,-0.8649497829731055,-0.8649497829731055,227,False,0.29204535661706865,0.014326048703348549,0.10208298733349419,0.846914968719179
2.98996,21,3852,2.9899589743589745,35,False,528,False,528,True,False,-0.13900274842080051,0.7688774430815243,527,False,0.22306037779920504,0.08362050465378067,0.10080533188545066,0.8453276788798351
2.98996,22,3862,2.9899589743589745,35,False,229,False,229,True,False,-26.980688703502594,-26.980688703502594,227,False,0.21624735082095756,0.026574327571568013,0.12952025266694642,0.8379703064776648
2.98996,23,3872,2.9899589743589745,35,False,190,False,190,True,False,-0.9644334253039225,-0.9644334253039225,189,False,0.17275219617630871,0.008688558143466696,0.13461084631479714,0.8381750554325028
2.98996,24,3882,2.9899589743589745,35,False,333,False,333,True,False,-1.6702263389247594,-1.6702263389247594,332,False,0.19214970011511393,0.01331382328309263,0.08853937836871505,0.8567051124348359
2.98996,25,3892,2.9899589743589745,35,False,161,False,161,True,False,-3.8055796660711696,-3.8055796660711696,159,False,0.2291331767687254,0.0008737641627013627,0.07568820833132277,0.8421081542241593
2.98996,26,3902,2.9899589743589745,35,False,273,False,273,True,False,-2.0566459939216566,-2.0566459939216566,272,False,0.20646776647972426,0.09863517701068546,0.13390773334660486,0.8616404885762575
2.98996,27,3912,2.9899589743589745,35,False,173,False,173,True,False,-1.6540100514515599,-1.6540100514515599,172,False,0.28037967989778856,0.030343067959895855,0.09024243916403929,0.86486739931384
2.98996,28,3922,2.9899589743589745,35,False,189,False,189,True,False,-0.7237831195922337,-0.7237831195922337,188,False,0.238621494242793,0.06591086472215368,0.11581108026613948,0.84303837168311
2.98996,29,3932,2.9899589743589745,35,False,196,False,196,True,False,-0.33738509465014516,-0.33738509465014516,195,False,0.270704542665536,0.013618457014990249,0.09315882877159541,0.8622534643544651
2.98996,30,3942,2.9899589743589745,35,False,351,False,351,True,False,-0.19159768410371397,-0.19159768410371397,350,False,0.21450934473700953,0.06840132633742411,0.05999447102145794,0.8346078672534212
2.98996,31,3952,2.9899589743589745,35,False,271,False,271,True,False,-0.7497378725762636,-0.7497378725762636,270,False,0.2865302225143511,0.012703170489566474,0.06425342346494456,0.8575145222712226
2.98996,32,3962,2.9899589743589745,35,False,519,False,519,True,False,-3.704408729218717,0.7730055902543193,517,False,0.2127599046671582,0.06399036234702225,0.061786503486363144,0.8678368451026476
2.98996,33,3972,2.9899589743589745,35,False,162,False,162,True,False,-0.18471359494807604,-0.18471359494807604,161,False,0.191156264542614,0.08575488435481593,0.12007770701518262,0.8348652885598147
2.98996,34,3982,2.9899589743589745,35,False,103,False,103,True,False,-0.7296333243421519,-0.7296333243421519,102,False,0.182278669358787,0.0005824250416282539,0.136946979065678,0.8612306785685621
2.98996,35,3992,2.9899589743589745,35,False,249,False,249,True,False,-0.8681260301411994,-0.8681260301411994,248,False,0.28425919447903514,0.008970124443424187,0.1281733613800183,0.8553310401817179
2.98996,36,4002,2.9899589743589745,35,False,18,False,18,True,False,-1.6665392875413767,-1.6665392875413767,17,False,0.23382243600785374,0.08295599853485569,0.13848537987406437,0.8628450707850476
2.98996,37,4012,2.9899589743589745,35,False,404,False,404,True,False,-2.9044819235432837,-2.9044819235432837,402,False,0.27750072787531865,0.028853959708119416,0.06150673562333078,0.8646664117451731
2.98996,38,4022,2.9899589743589745,35,False,141,False,141,True,False,-0.2987572746141045,-0.2987572746141045,140,False,0.23274034494522355,0.06865131363274936,0.1269850128826246,0.8562627115398208
2.98996,39,4032,2.9899589743589745,35,False,12,False,12,True,False,-0.8477467105706906,-0.8477467105706906,11,False,0.2509754595574227,0.09677426537423671,0.11546566440839422,0.8776301007284903
2.98996,40,4042,2.9899589743589745,35,False,20,False,20,True,False,-0.518999125010858,-0.518999125010858,19,False,0.2500196618510613,0.05385634227720585,0.13595055225835873,0.8632221387519486
2.98996,41,4052,2.9899589743589745,35,False,713,False,713,True,False,-0.5770857186255339,0.8541395180795219,712,True,0.246367710787791,0.07335011521548016,0.054641047446193275,0.8616207852037429
2.98996,42,4062,2.9899589743589745,35,False,337,False,337,True,False,-0.9334677642853856,-0.9334677642853856,336,False,0.20927135840125938,0.008052252238090108,0.07262624063072379,0.8370661187554947
2.98996,43,4072,2.9899589743589745,35,False,440,False,440,True,False,-0.16920480051351558,-0.16920480051351558,439,False,0.18900492212516526,0.07173207289731547,0.054252582309313936,0.8646486379028456
2.98996,44,4082,2.9899589743589745,35,False,445,False,445,True,False,-0.6372163174145687,-0.6372163174145687,444,False,0.2838838080747036,0.0032648095261984533,0.0735448957927016,0.8384559529711723
2.98996,45,4092,2.9899589743589745,35,False,754,False,754,True,False,-0.5744796755614336,0.768450786834012,753,True,0.2214381249736551,0.04745426764402908,0.1433908980199065,0.8356189718651525
2.98996,46,4102,2.9899589743589745,35,False,219,False,219,True,False,-1.7606404358869987,-1.7606404358869987,218,False,0.268453404092163,0.06683442349179151,0.10085953726586,0.8527700965135001
2.98996,47,4112,2.9899589743589745,35,False,16,False,16,True,False,-0.6755509409438692,-0.6755509409438692,15,False,0.18219267556686483,0.08238836297090343,0.0957457249249143,0.8732077162785412
2.98996,48,4122,2.9899589743589745,35,False,261,False,261,True,False,-1.918192428156544,-1.918192428156544,260,False,0.27544401657546735,0.009903634005472395,0.09184479437004434,0.8458078321096885
2.98996,49,4132,2.9899589743589745,35,False,636,False,636,True,False,-1.1403217591031913,0.7526414846480413,635,False,0.219883548511301,0.0888267801684357,0.06533818320590724,0.8635789849776404
