role,Q1,time,gt,rc
inter,2.9897475,0.0,0.7807198157739843,0.8797320419028827
inter,2.9897475,0.05,0.7842206042211458,0.8759741847756735
inter,2.9897475,0.1,0.7900384654275957,0.8715183061091871
inter,2.9897475,0.15000000000000002,0.7982322386089841,0.8664825895220969
inter,2.9897475,0.2,0.808552574739952,0.8609794127108105
inter,2.9897475,0.25,0.8203872142558767,0.8551194731135207
inter,2.9897475,0.30000000000000004,0.8328262521297368,0.8490120379087494
inter,2.9897475,0.35000000000000003,0.8448542146309743,0.8427631589020306
inter,2.9897475,0.4,0.8556131572659316,0.8364749684122219
inter,2.9897475,0.45,0.8645914406189055,0.830247404457
inter,2.9897475,0.5,0.8716305800332877,0.8241820344454667
inter,2.9897475,0.55,0.8767940249839887,0.8183874764258366
inter,2.9897475,0.6000000000000001,0.8802273400783612,0.8129857449347929
inter,2.9897475,0.65,0.8820980688462439,0.8081189653006391
inter,2.9897475,0.7000000000000001,0.8825816207473687,0.8039569076438774
inter,2.9897475,0.75,0.8818535270118513,0.8007074141162172
inter,2.9897475,0.8,0.8800794304505364,0.7986294023049203
inter,2.9897475,0.8500000000000001,0.8774090425628723,0.7980297001528274
inter,2.9897475,0.9,0.8739753626520576,0.7992248232710846
inter,2.9897475,0.9500000000000001,0.8698986582039555,0.8024915333239495
inter,2.9897475,1.0,0.8652931531100181,0.8079912598297271
inter,2.9897475,1.05,0.8602727509525815,0.8156482622027813
inter,2.9897475,1.1,0.8549539988284119,0.82509506067353
inter,2.9897475,1.1500000000000001,0.8494571889280756,0.8356853370171946
inter,2.9897475,1.2000000000000002,0.8439071383973272,0.8465538207280956
inter,2.9897475,1.25,0.8384350037217441,0.8567265569519664
inter,2.9897475,1.3,0.833181805327297,0.8655343848753985
inter,2.9897475,1.35,0.8283036767852763,0.8726336977621537
inter,2.9897475,1.4000000000000001,0.8239782323439072,0.8779304382556345
inter,2.9897475,1.4500000000000002,0.8204105774353041,0.881444110847819
inter,2.9897475,1.5,0.8178360823511812,0.8833432674280463
inter,2.9897475,1.55,0.8165150390807264,0.8837898675914562
inter,2.9897475,1.6,0.8167127209907962,0.8829043287225223
inter,2.9897475,1.6500000000000001,0.8186584927438314,0.8808781477684675
inter,2.9897475,1.7000000000000002,0.8224836160729599,0.8778782612879235
inter,2.9897475,1.75,0.8281489427872731,0.8740583341191256
inter,2.9897475,1.8,0.8353872758903624,0.8695501235510122
inter,2.9897475,1.85,0.8436939012386557,0.864470097792394
inter,2.9897475,1.9000000000000001,0.8523920796839893,0.8589286922865829
inter,2.9897475,1.9500000000000002,0.8607634007717503,0.8530345804298831
inter,2.9897475,2.0,0.868197876933513,0.8468942541573505
inter,2.9897475,2.0500000000000003,0.8742948345803107,0.8406096866536019
inter,2.9897475,2.1,0.8788666934763057,0.8342773062767618
inter,2.9897475,2.15,0.8818833436889657,0.8279892653923635
inter,2.9897475,2.2,0.8834038478652275,0.8218364570583013
inter,2.9897475,2.25,0.8835348394626938,0.8159127460331462
inter,2.9897475,2.3000000000000003,0.8824098719712177,0.8103200349418838
inter,2.9897475,2.35,0.8801762606911,0.805174213349921
inter,2.9897475,2.4000000000000004,0.8769841736160592,0.8006126309477221
inter,2.9897475,2.45,0.8729780351490241,0.7968042306988576
inter,2.9897475,2.5,0.8682922427161669,0.7939632939566639
inter,2.9897475,2.5500000000000003,0.8630508532009498,0.7923610683991418
inter,2.9897475,2.6,0.8573694000605472,0.7923138696758599
inter,2.9897475,2.6500000000000004,0.8513567690372646,0.7941432081388677
inter,2.9897475,2.7,0.8451161418178065,0.7981280535646641
inter,2.9897475,2.75,0.8387451474202762,0.8044128490598421
inter,2.9897475,2.8000000000000003,0.832335887316855,0.8128868927955312
inter,2.9897475,2.85,0.8259754837568606,0.8231239102242124
inter,2.9897475,2.9000000000000004,0.8197475780994433,0.8343761928185276
inter,2.9897475,2.95,0.8137350413009441,0.8457416781060383
inter,2.9897475,3.0,0.808024152017075,0.8562127241828237
inter,2.9897475,3.0500000000000003,0.8027105509489391,0.8651711880683055
inter,2.9897475,3.1,0.7979072926200201,0.8723225826384327
inter,2.9897475,3.1500000000000004,0.7937550422862929,0.8776255012890123
inter,2.9897475,3.2,0.7904337620481907,0.8811156767046141
inter,2.9897475,3.25,0.7881734584327333,0.8830404503123104
inter,2.9897475,3.3000000000000003,0.7872587626012536,0.8834888906818967
inter,2.9897475,3.35,0.7880177178697255,0.8826368812169583
inter,2.9897475,3.4000000000000004,0.7907825649150302,0.8806710224561963
inter,2.9897475,3.45,0.7958133498328155,0.8777489272251459
inter,2.9897475,3.5,0.8031901112769797,0.8740223975526333
inter,2.9897475,3.5500000000000003,0.8127030542958311,0.8696211289847041
inter,2.9897475,3.6,0.823792043889833,0.8646599109759201
inter,2.9897475,3.6500000000000004,0.8355979482270923,0.8592485794284229
inter,2.9897475,3.7,0.8471330466198045,0.8534968313721825
inter,2.9897475,3.75,0.8575314548897918,0.8475143624971733
inter,2.9897475,3.8000000000000003,0.8662428193512218,0.8414092144882146
inter,2.9897475,3.85,0.8730618772805224,0.8352875644293756
inter,2.9897475,3.9000000000000004,0.8780177644606589,0.8292560876200444
inter,2.9897475,3.95,0.8812370826382964,0.8234266041888255
inter,2.9897475,4.0,0.8828778365320856,0.8179224293067883
inter,2.9897475,4.05,0.8831110161776279,0.8128853072883815
inter,2.9897475,4.1000000000000005,0.8821118829448185,0.8084820256974952
inter,2.9897475,4.15,0.8800497944736788,0.8049117575816648
inter,2.9897475,4.2,0.8770795817632115,0.8024171007389083
inter,2.9897475,4.25,0.8733396798873769,0.8012898016973504
inter,2.9897475,4.3,0.8689546300555482,0.801843106289316
inter,2.9897475,4.3500000000000005,0.8640406604309918,0.8043631817869163
inter,2.9897475,4.4,0.8587110214706478,0.8090443206312341
inter,2.9897475,4.45,0.8530789246010779,0.8158759580624901
inter,2.9897475,4.5,0.8472585138807743,0.8245717891504759
inter,2.9897475,4.55,0.8413653616853384,0.8345779849477778
inter,2.9897475,4.6000000000000005,0.8355178426528872,0.8451077318215183
inter,2.9897475,4.65,0.8298401803195563,0.8552264640024354
inter,2.9897475,4.7,0.824467451571514,0.8641659619653959
inter,2.9897475,4.75,0.8195524552194173,0.8715273145893719
inter,2.9897475,4.800000000000001,0.8152738385421134,0.8771274432680605
inter,2.9897475,4.8500000000000005,0.8118439887590421,0.8809731205095807
inter,2.9897475,4.9,0.8095130538437006,0.8831299316246918
inter,2.9897475,4.95,0.8085634670325804,0.8838354537436516
inter,2.9897475,5.0,0.8092864976598542,0.8831765820982312
inter,2.9897475,5.050000000000001,0.8119328446437507,0.8813303968758665
inter,2.9897475,5.1000000000000005,0.8166374856988425,0.8784712251599764
inter,2.9897475,5.15,0.8233332329930879,0.8747571005444312
inter,2.9897475,5.2,0.8316851889893513,0.8703246230569015
inter,2.9897475,5.25,0.8410880633379624,0.8652932822947801
inter,2.9897475,5.300000000000001,0.850758012617297,0.85977482456695
inter,2.9897475,5.3500000000000005,0.8598950041590002,0.8538780937618315
inter,2.9897475,5.4,0.8678653809461102,0.8477090314295754
inter,2.9897475,5.45,0.8742939336495946,0.8413680916503097
inter,2.9897475,5.5,0.8790470324771719,0.8349484514035127
inter,2.9897475,5.550000000000001,0.8821447889597122,0.8285363613315253
inter,2.9897475,5.6000000000000005,0.8836820569560817,0.8222130586915163
inter,2.9897475,5.65,0.8837910321233828,0.8160575582561446
inter,2.9897475,5.7,0.8826226080246032,0.8101499839401333
inter,2.9897475,5.75,0.8803367089317068,0.8045755804460488
inter,2.9897475,5.800000000000001,0.8770904021625536,0.7994301073267072
inter,2.9897475,5.8500000000000005,0.8730301729046538,0.7948274675805853
inter,2.9897475,5.9,0.8682893455172003,0.7909103750122038
inter,2.9897475,5.95,0.862989509565004,0.7878643225760302
inter,2.9897475,6.0,0.8572433480021325,0.7859314408672562
inter,2.9897475,6.050000000000001,0.8511567814739488,0.7854104732858116
inter,2.9897475,6.1000000000000005,0.844829552155928,0.7866296525934598
inter,2.9897475,6.15,0.8383546389718544,0.789906676724722
inter,2.9897475,6.2,0.8318173506726158,0.7954893773306675
inter,2.9897475,6.25,0.8252947326725608,0.8034213816424638
inter,2.9897475,6.300000000000001,0.8188555428830598,0.8134352441067807
inter,2.9897475,6.3500000000000005,0.8125608142536727,0.8248861314538617
inter,2.9897475,6.4,0.8064649718485875,0.836862627733516
inter,2.9897475,6.45,0.8006175322830215,0.8484636031863324
inter,2.9897475,6.5,0.795065509997576,0.8586800139521521
inter,2.9897475,6.550000000000001,0.7898567547321784,0.8671810809406428
inter,2.9897475,6.6000000000000005,0.7850445409059832,0.873766783581304
inter,2.9897475,6.65,0.7806938430161057,0.8784894336071365
inter,2.9897475,6.7,0.7768896475129698,0.8814909212490206
inter,2.9897475,6.75,0.7737475445930674,0.8829631704356856
inter,2.9897475,6.800000000000001,0.7714260618569619,0.883031533677461
inter,2.9897475,6.8500000000000005,0.7701386057888797,0.8819126454037841
inter,2.9897475,6.9,0.7701599440048837,0.8797533213686777
inter,2.9897475,6.95,0.771817731717238,0.876707037206251
inter,2.9897475,7.0,0.7754557270593275,0.8729177171109762
inter,2.9897475,7.050000000000001,0.7813592771439585,0.8685067363117314
inter,2.9897475,7.1000000000000005,0.7896434501629463,0.8635850252651776
inter,2.9897475,7.15,0.8001336762092791,0.8582623155159813
inter,2.9897475,7.2,0.8122946813128147,0.8526510749611328
inter,2.9897475,7.25,0.8252605602595947,0.8468665162324763
inter,2.9897475,7.300000000000001,0.8380109825256118,0.8410260176204027
inter,2.9897475,7.3500000000000005,0.8496258772386112,0.8352506201648664
inter,2.9897475,7.4,0.8595119501739504,0.8296692864911126
inter,2.9897475,7.45,0.8674519537078875,0.8244255352532985
inter,2.9897475,7.5,0.8734855374570466,0.8196846094022169
inter,2.9897475,7.550000000000001,0.8777585520706992,0.8156380806668481
inter,2.9897475,7.6000000000000005,0.8804405037960612,0.8125068865561591
inter,2.9897475,7.65,0.8817060063971683,0.81054871311179
inter,2.9897475,7.7,0.8817280044672644,0.8100538063545706
inter,2.9897475,7.75,0.8806703866389303,0.8113057988215653
inter,2.9897475,7.800000000000001,0.8786800440782557,0.8145227215197974
inter,2.9897475,7.8500000000000005,0.875886615371768,0.8197790940206254
inter,2.9897475,7.9,0.8724072517002218,0.8269081190694213
inter,2.9897475,7.95,0.8683531688987373,0.8354848180120231
inter,2.9897475,8.0,0.8638361325123356,0.8448821887212938
inter,2.9897475,8.05,0.8589723095166726,0.8543111942769472
inter,2.9897475,8.1,0.8538836503316165,0.8629950948024956
inter,2.9897475,8.15,0.8486984845307007,0.8704053085510559
inter,2.9897475,8.200000000000001,0.8435527844956928,0.8762274913417031
inter,2.9897475,8.25,0.8385928631186452,0.8803804707419833
inter,2.9897475,8.3,0.8339794990534589,0.88288789498498
inter,2.9897475,8.35,0.8298927541074494,0.883879963815944
inter,2.9897475,8.4,0.8265358701400858,0.8835244684135722
inter,2.9897475,8.450000000000001,0.8241353997886827,0.8819388610056891
inter,2.9897475,8.5,0.822933218664946,0.8792877714776377
inter,2.9897475,8.55,0.8231651395822525,0.8757326389415203
inter,2.9897475,8.6,0.8250220283604499,0.8714160539823506
inter,2.9897475,8.65,0.8285947626839198,0.8664633725263986
inter,2.9897475,8.700000000000001,0.8338150754032997,0.8609904817529678
inter,2.9897475,8.75,0.8404131432871944,0.855108686727195
inter,2.9897475,8.8,0.847920469715229,0.8489252475661863
inter,2.9897475,8.85,0.8557304648528339,0.8425408472044952
inter,2.9897475,8.9,0.8632140487962348,0.836047230514696
inter,2.9897475,8.950000000000001,0.8698380784454951,0.8295268034645749
inter,2.9897475,9.0,0.8752437620448639,0.8230536751620778
inter,2.9897475,9.05,0.8792533575983443,0.8166952315135456
inter,2.9897475,9.1,0.88182419327517,0.8105137820255213
inter,2.9897475,9.15,0.8829980575897286,0.8045682876487845
inter,2.9897475,9.200000000000001,0.88286646231591,0.7989167220151329
inter,2.9897475,9.25,0.8815499499776188,0.7936197491499474
inter,2.9897475,9.3,0.8791848581257915,0.7887462166838675
inter,2.9897475,9.35,0.8759128216696369,0.7843808068593143
inter,2.9897475,9.4,0.8718725589577891,0.7806341066250793
inter,2.9897475,9.450000000000001,0.8671959049336085,0.7776550800172717
inter,2.9897475,9.5,0.8620071631105206,0.7756443779933307
inter,2.9897475,9.55,0.8564243792292331,0.7748621261690902
inter,2.9897475,9.600000000000001,0.8505610764361151,0.7756193818902926
inter,2.9897475,9.65,0.844527728473521,0.7782515554234568
inter,2.9897475,9.700000000000001,0.8384331216835547,0.7830806243501716
inter,2.9897475,9.75,0.8323862296627625,0.7903183628580315
inter,2.9897475,9.8,0.826499261660015,0.799912189641862
inter,2.9897475,9.850000000000001,0.8208923753670264,0.8114260272215842
inter,2.9897475,9.9,0.8157003158854578,0.8239431239566404
inter,2.9897475,9.950000000000001,0.8110808899341151,0.8365805932740147
inter,2.9897475,10.0,0.807224444319345,0.8484320669562471
inter,2.9897475,10.05,0.8043620848391262,0.8586318644328446
inter,2.9897475,10.100000000000001,0.8027677625840316,0.8669538370483567
inter,2.9897475,10.15,0.8027464930673222,0.8733407196456751
inter,2.9897475,10.200000000000001,0.8045984839444466,0.8778620264702102
inter,2.9897475,10.25,0.8085526246326143,0.8807764843500423
inter,2.9897475,10.3,0.814674974746038,0.8821622344632594
inter,2.9897475,10.350000000000001,0.8227765346528475,0.8822743456618823
inter,2.9897475,10.4,0.8323641248044563,0.8812651195162818
inter,2.9897475,10.450000000000001,0.8426823147505585,0.8792576265276766
inter,2.9897475,10.5,0.8528536811352952,0.8764089632686722
inter,2.9897475,10.55,0.8620878747859251,0.8728571783079497
inter,2.9897475,10.600000000000001,0.8698444724706766,0.8687181376866075
inter,2.9897475,10.65,0.8758769959952526,0.8641001936581112
inter,2.9897475,10.700000000000001,0.8801574050019685,0.859113775096642
inter,2.9897475,10.75,0.8827677500350273,0.8538756659597468
inter,2.9897475,10.8,0.8838376231059386,0.8485097664839745
inter,2.9897475,10.850000000000001,0.8835201892676422,0.843147418983303
inter,2.9897475,10.9,0.8819798727013348,0.8379294878491843
inter,2.9897475,10.950000000000001,0.8793815344161178,0.8330107699659225
inter,2.9897475,11.0,0.8758805952071885,0.8285656221702238
inter,2.9897475,11.05,0.8716182342094944,0.8247902523941817
inter,2.9897475,11.100000000000001,0.8667219313467116,0.821900232709291
inter,2.9897475,11.15,0.8613086561461443,0.8201333902757957
inter,2.9897475,11.200000000000001,0.8554883538263547,0.8197471303341197
inter,2.9897475,11.25,0.8493657949126635,0.8209830009305877
inter,2.9897475,11.3,0.8430406917870038,0.8240017308420525
inter,2.9897475,11.350000000000001,0.8366070119673724,0.8288203487566068
inter,2.9897475,11.4,0.8301524719541379,0.8352460137237581
inter,2.9897475,11.450000000000001,0.8237587934278635,0.8428554389751383
inter,2.9897475,11.5,0.8175029464934358,0.8510633347429719
inter,2.9897475,11.55,0.8114594815559101,0.8592032468012021
inter,2.9897475,11.600000000000001,0.8057041132276336,0.866646858594865
inter,2.9897475,11.65,0.8003188445811966,0.8729100082325266
inter,2.9897475,11.700000000000001,0.7953990000343583,0.8777583041138266
inter,2.9897475,11.75,0.7910624770802869,0.8811076367652562
inter,2.9897475,11.8,0.7874610777090713,0.8829702073302871
inter,2.9897475,11.850000000000001,0.7847925713468072,0.8834252220221617
inter,2.9897475,11.9,0.7833100852877805,0.882628205289175
inter,2.9897475,11.950000000000001,0.7833214646881874,0.8807042105899497
inter,2.9897475,12.0,0.7851674485539337,0.8777934203539934
inter,2.9897475,12.05,0.7891655868213873,0.8740385883340787
inter,2.9897475,12.100000000000001,0.7955164709495022,0.8695728630668877
inter,2.9897475,12.15,0.8041858227200008,0.8645203927806607
inter,2.9897475,12.200000000000001,0.8148080053544602,0.8589998876379134
inter,2.9897475,12.25,0.8266658006343844,0.8531266867592606
inter,2.9897475,12.3,0.838797910944777,0.8470120752625478
inter,2.9897475,12.350000000000001,0.8502244251271142,0.840761576224004
inter,2.9897475,12.4,0.860192369987182,0.8344748659946454
inter,2.9897475,12.450000000000001,0.8683149183865443,0.8282479813230936
inter,2.9897475,12.5,0.8745164234747719,0.8221772059189114
inter,2.9897475,12.55,0.8788924714738581,0.8163641687873964
inter,2.9897475,12.600000000000001,0.8815944966753251,0.8109216844117919
inter,2.9897475,12.65,0.8827908866404647,0.8059802359599189
inter,2.9897475,12.700000000000001,0.8826568917388634,0.8016958562600494
inter,2.9897475,12.75,0.8813663284777496,0.7982611073222307
inter,2.9897475,12.8,0.8790823897198746,0.7959192797425834
inter,2.9897475,12.850000000000001,0.8759507620890938,0.794968155474324
inter,2.9897475,12.9,0.8721014614299577,0.7957299300352516
inter,2.9897475,12.950000000000001,0.867653508053279,0.7985051657105335
inter,2.9897475,13.0,0.8627211062650875,0.8035129879707454
inter,2.9897475,13.05,0.8574182838141168,0.8107680222072534
inter,2.9897475,13.100000000000001,0.8518610397763289,0.8199961404716961
inter,2.9897475,13.15,0.846168079500859,0.8306176986104301
inter,2.9897475,13.200000000000001,0.8404617475317249,0.8417926611943124
inter,2.9897475,13.25,0.8348703145413134,0.8525674372382723
inter,2.9897475,13.3,0.8295321142511436,0.862059988435907
inter,2.9897475,13.350000000000001,0.8246014895764348,0.8699133404742441
inter,2.9897475,13.4,0.8202559430187977,0.8759352504697242
inter,2.9897475,13.450000000000001,0.8167031150852806,0.8801498355048206
inter,2.9897475,13.5,0.814184259771678,0.8826506335023215
inter,2.9897475,13.55,0.8129693307298553,0.883668316181427
inter,2.9897475,13.600000000000001,0.8133361059034641,0.8832915484710593
inter,2.9897475,13.65,0.8155264268216856,0.8817193428477087
inter,2.9897475,13.700000000000001,0.819678623374512,0.8791205676483749
inter,2.9897475,13.75,0.8257488090583853,0.8756529645344382
inter,2.9897475,13.8,0.8334482419592024,0.8714560554689064
inter,2.9897475,13.850000000000001,0.8422347058362761,0.866649995795824
inter,2.9897475,13.9,0.8513844684672952,0.8613463069416967
inter,2.9897475,13.950000000000001,0.8601398519874844,0.8556545104659834
inter,2.9897475,14.0,0.8678689992448922,0.8496836795100408
inter,2.9897475,14.05,0.8741734246605688,0.8435407972510698
inter,2.9897475,14.100000000000001,0.8788824133491183,0.8373294303045894
inter,2.9897475,14.15,0.8819846929740027,0.8311507389147651
inter,2.9897475,14.200000000000001,0.8835546538890844,0.8251067882180954
inter,2.9897475,14.25,0.8837097111113403,0.8193056509629925
inter,2.9897475,14.3,0.8825918110118738,0.8138676558073684
inter,2.9897475,14.350000000000001,0.8803542852591238,0.8089320793903824
inter,2.9897475,14.4,0.8771508430720935,0.8046643751394469
inter,2.9897475,14.450000000000001,0.8731275382160454,0.8012656412875154
inter,2.9897475,14.5,0.8684188934000471,0.7989854725785264
inter,2.9897475,14.55,0.8631481346180442,0.7981240251199542
inter,2.9897475,14.600000000000001,0.8574294602278809,0.7989992402887368
inter,2.9897475,14.65,0.8513700623675678,0.8018983404494596
inter,2.9897475,14.700000000000001,0.845070894643694,0.8070103615909308
inter,2.9897475,14.75,0.8386263982152411,0.8143046958938048
inter,2.9897475,14.8,0.832123920976735,0.8234651056219726
inter,2.9897475,14.850000000000001,0.8256434610507292,0.8338945398998688
inter,2.9897475,14.9,0.819258062385116,0.8447579481221597
inter,2.9897475,14.950000000000001,0.8130349818547589,0.8550929172273388
inter,2.9897475,15.0,0.8070377057112852,0.8641379784646032
inter,2.9897475,15.05,0.8013289686842932,0.8715310921134598
inter,2.9897475,15.100000000000001,0.7959750465511047,0.8771248077531206
inter,2.9897475,15.15,0.79105170821116,0.8809362671560358
inter,2.9897475,15.200000000000001,0.7866522266082975,0.8830790478017773
inter,2.9897475,15.25,0.782897616196837,0.8837629202780521
inter,2.9897475,15.3,0.7799487474273716,0.883084412697337
inter,2.9897475,15.350000000000001,0.7780184532563605,0.8812344651764465
inter,2.9897475,15.4,0.777378788319607,0.8783833318403416
inter,2.9897475,15.450000000000001,0.7783544957546045,0.874687546773784
inter,2.9897475,15.5,0.7812902234191634,0.8702824403986305
inter,2.9897475,15.55,0.7864794994734144,0.8652863012106657
inter,2.9897475,15.600000000000001,0.7940576550850371,0.8598101737977598
inter,2.9897475,15.65,0.8038823593004293,0.8539629367368419
inter,2.9897475,15.700000000000001,0.8154535692096645,0.847851489490066
inter,2.9897475,15.75,0.8279369529004824,0.8415784383995965
inter,2.9897475,15.8,0.8403195551827396,0.8352406836634343
inter,2.9897475,15.850000000000001,0.8516633510186078,0.828930284994172
inter,2.9897475,15.9,0.8613378248119253,0.822737156008356
inter,2.9897475,15.950000000000001,0.8690843383863537,0.8167530097293076
inter,2.9897475,16.0,0.8749180446037894,0.8110761628150558
inter,2.9897475,16.05,0.8789707535362464,0.8058171767543498
inter,2.9897475,16.1,0.8814078585509685,0.8011059143585366
inter,2.9897475,16.150000000000002,0.8824035028196026,0.797101027108909
inter,2.9897475,16.2,0.8821340507787389,0.7940030312822086
inter,2.9897475,16.25,0.8807680491349132,0.7920679127207266
inter,2.9897475,16.3,0.8784596943507429,0.7916035304576844
inter,2.9897475,16.35,0.8753460625097926,0.7929348245217115
inter,2.9897475,16.400000000000002,0.8715496670480347,0.7963584897739955
inter,2.9897475,16.45,0.8671852536832029,0.8020706231450714
inter,2.9897475,16.5,0.8623661780582857,0.8100370822235881
inter,2.9897475,16.55,0.8572082273269378,0.8199161973550069
inter,2.9897475,16.6,0.8518312060154825,0.8310371326369222
inter,2.9897475,16.650000000000002,0.846359656910431,0.8425125195296679
inter,2.9897475,16.7,0.840924231437008,0.8533663692558541
inter,2.9897475,16.75,0.8356646080654514,0.8627866980801863
inter,2.9897475,16.8,0.8307341338751095,0.8704675934107973
inter,2.9897475,16.85,0.826305718814045,0.8762888391998442
inter,2.9897475,16.900000000000002,0.8225776876383477,0.880280515634081
inter,2.9897475,16.95,0.8197771929062306,0.882627074837022
inter,2.9897475,17.0,0.8181566452649212,0.8834802227769109
inter,2.9897475,17.05,0.8179774414751154,0.8829756430271427
inter,2.9897475,17.1,0.8194747036363644,0.8813137838727398
inter,2.9897475,17.150000000000002,0.8228003624314235,0.8786532232680846
inter,2.9897475,17.2,0.8279549071727799,0.8751493420753713
inter,2.9897475,17.25,0.8347257177555513,0.8709380048875333
inter,2.9897475,17.3,0.8426667107236139,0.8661368696963379
inter,2.9897475,17.35,0.8511459084564219,0.8608564380743235
inter,2.9897475,17.400000000000002,0.859459759161918,0.8552064274899775
inter,2.9897475,17.45,0.8669783036274636,0.849297106169597
inter,2.9897475,17.5,0.8732588455838705,0.8432378527893518
inter,2.9897475,17.55,0.8780696116954694,0.8371364268984134
inter,2.9897475,17.6,0.8813476731475722,0.8311007393458577
inter,2.9897475,17.650000000000002,0.883131768250208,0.8252430793780627
inter,2.9897475,17.7,0.8835161217175174,0.8196862888164667
inter,2.9897475,17.75,0.8826261825193747,0.8145707930643611
inter,2.9897475,17.8,0.8806045783347469,0.8100611999869906
inter,2.9897475,17.85,0.8775997891226851,0.8063529043200459
inter,2.9897475,17.900000000000002,0.8737567780461025,0.8036819951058016
inter,2.9897475,17.95,0.8692117893935958,0.8023333128555556
inter,2.9897475,18.0,0.8640910926629947,0.8026183425059358
inter,2.9897475,18.05,0.8585123653110619,0.8048277707360754
inter,2.9897475,18.1,0.8525866002011313,0.8091694208028315
inter,2.9897475,18.150000000000002,0.8464193375725722,0.8156629064943713
inter,2.9897475,18.2,0.8401111372426906,0.8240577114759
inter,2.9897475,18.25,0.8337578852999842,0.8338345382458681
inter,2.9897475,18.3,0.8274516228153795,0.8442423344781915
inter,2.9897475,18.35,0.8212824028467097,0.8543653903549151
inter,2.9897475,18.400000000000002,0.8153415208168219,0.8633957585219385
inter,2.9897475,18.45,0.8097264126816851,0.8709079457053974
inter,2.9897475,18.5,0.8045475121803376,0.8766754938692536
inter,2.9897475,18.55,0.7999372545338911,0.8806940833292299
inter,2.9897475,18.6,0.7960609147000479,0.8830043083267929
inter,2.9897475,18.650000000000002,0.7931277409687657,0.883850712245037
inter,2.9897475,18.7,0.7913985989437197,0.8833226382213335
inter,2.9897475,18.75,0.7911827402552492,0.8815857022465106
inter,2.9897475,18.8,0.7928124641345565,0.8788165107191175
inter,2.9897475,18.85,0.7965847368305944,0.8751751334746769
inter,2.9897475,18.900000000000002,0.8026676222113591,0.8708006065383038
inter,2.9897475,18.95,0.810988947970026,0.8658139497268056
inter,2.9897475,19.0,0.8211514885207094,0.8603275989481318
inter,2.9897475,19.05,0.8324277697560521,0.854450653430211
inter,2.9897475,19.1,0.8438799640166764,0.8482892389306261
inter,2.9897475,19.150000000000002,0.8545752165452944,0.8419439487060689
inter,2.9897475,19.200000000000003,0.8638200765609547,0.8355077806145308
inter,2.9897475,19.25,0.8712594992258164,0.8290661622606643
inter,2.9897475,19.3,0.8768289359257126,0.8226985512599172
inter,2.9897475,19.35,0.8806137625550324,0.8164808579854018
inter,2.9897475,19.400000000000002,0.8827560576982588,0.8104883153526456
inter,2.9897475,19.450000000000003,0.8834179009926156,0.8047988855775647
inter,2.9897475,19.5,0.8827718696450093,0.7994978692076657
inter,2.9897475,19.55,0.8809905202453013,0.7946845429181975
inter,2.9897475,19.6,0.8782360935123058,0.7904815619695361
inter,2.9897475,19.650000000000002,0.8746552936890671,0.787047601340729
inter,2.9897475,19.700000000000003,0.8703793719956778,0.7845920733004756
inter,2.9897475,19.75,0.865528124034007,0.7833842925650425
inter,2.9897475,19.8,0.8602153638799191,0.7837409888895708
inter,2.9897475,19.85,0.854552664589528,0.7859925142471186
inter,2.9897475,19.900000000000002,0.8486508181674521,0.7904408241624222
inter,2.9897475,19.950000000000003,0.8426201312398527,0.7972617225927542
inter,2.9897475,20.0,0.8365709769129114,0.8063699609707933
inter,2.9897475,20.05,0.8306156233711948,0.8173263956073672
inter,2.9897475,20.1,0.824871853376661,0.8292887530025388
inter,2.9897475,20.150000000000002,0.8194685653634338,0.8413677994355656
inter,2.9897475,20.200000000000003,0.8145533141967993,0.8525769766717031
inter,2.9897475,20.25,0.810301306673854,0.86217351233339
inter,2.9897475,20.3,0.8069243382839419,0.8699052249083985
inter,2.9897475,20.35,0.8046761925252992,0.8757356310497962
inter,2.9897475,20.400000000000002,0.8038481482165541,0.8797189310703953
inter,2.9897475,20.450000000000003,0.8047454935056803,0.8821195699391506
inter,2.9897475,20.5,0.8076360866640844,0.8830084080367593
inter,2.9897475,20.55,0.8126696318001878,0.8826087229149364
inter,2.9897475,20.6,0.8197837277638744,0.8810924038499591
inter,2.9897475,20.650000000000002,0.8286311427562141,0.8786008675994961
inter,2.9897475,20.700000000000003,0.8385732674013676,0.8752885530245382
inter,2.9897475,20.75,0.848779172233467,0.8712887176498593
inter,2.9897475,20.8,0.8584033235070128,0.866716495347484
inter,2.9897475,20.85,0.8667824187446928,0.8616812728780706
inter,2.9897475,20.900000000000002,0.8735393816244877,0.8562939771681258
inter,2.9897475,20.950000000000003,0.8785536624338279,0.8506693126485914
inter,2.9897475,21.0,0.881863206657428,0.8449253196729924
inter,2.9897475,21.05,0.883577046791651,0.8391836150556045
inter,2.9897475,21.1,0.8838368463997183,0.8335721514361034
inter,2.9897475,21.150000000000002,0.8828010972999136,0.8282306691744689
inter,2.9897475,21.200000000000003,0.880634306893627,0.8233178614513159
inter,2.9897475,21.25,0.877496642711929,0.8190170632590789
inter,2.9897475,21.3,0.8735360320270321,0.8155383171206746
inter,2.9897475,21.35,0.8688860149002201,0.8131225284691959
inter,2.9897475,21.400000000000002,0.8636679354119882,0.8120458346449929
inter,2.9897475,21.450000000000003,0.8579945404134475,0.8125935010885543
inter,2.9897475,21.5,0.8519725212421698,0.8150087734642513
inter,2.9897475,21.55,0.8457032619592837,0.8194200078841403
inter,2.9897475,21.6,0.8392823217323886,0.8257520466303707
inter,2.9897475,21.650000000000002,0.8327986508611565,0.8336705443446409
inter,2.9897475,21.700000000000003,0.8263342835255603,0.8426215191013546
inter,2.9897475,21.75,0.8199648346744051,0.8518877549949437
inter,2.9897475,21.8,0.8137608940948332,0.8606847929594964
inter,2.9897475,21.85,0.8077903930775808,0.8684075325025153
inter,2.9897475,21.900000000000002,0.802122122975934,0.8746486457954041
inter,2.9897475,21.950000000000003,0.7968307202053777,0.8792727187961915
inter,2.9897475,22.0,0.7920034645367119,0.8822748162428926
inter,2.9897475,22.05,0.7877493786982448,0.8836986427376703
inter,2.9897475,22.1,0.784210346585017,0.8837442503760582
inter,2.9897475,22.150000000000002,0.7815735289215707,0.8825262768037871
inter,2.9897475,22.200000000000003,0.7800817475280798,0.880192817298741
inter,2.9897475,22.25,0.7800353050803837,0.8769063296633158
inter,2.9897475,22.3,0.7817743133912884,0.8728149045356421
inter,2.9897475,22.35,0.7856279903571093,0.8680487583302867
inter,2.9897475,22.400000000000002,0.7918257846096929,0.8627268025701582
inter,2.9897475,22.450000000000003,0.8003790714246112,0.8569623033406522
inter,2.9897475,22.5,0.8109751965990372,0.8508646176718145
inter,2.9897475,22.55,0.8229431262924529,0.8445373160599707
inter,2.9897475,22.6,0.835335691871177,0.838075557635644
inter,2.9897475,22.650000000000002,0.8471515516996665,0.8315652058612255
inter,2.9897475,22.700000000000003,0.8575817802925138,0.8250836929340006
inter,2.9897475,22.75,0.866184234235669,0.8187016756576413
inter,2.9897475,22.8,0.8728492463175616,0.8124849122433195
inter,2.9897475,22.85,0.8776616102430445,0.8064962217059343
inter,2.9897475,22.900000000000002,0.8807731995325708,0.8007979611045619
inter,2.9897475,22.950000000000003,0.8823530673702269,0.7954557615891997
inter,2.9897475,23.0,0.8825765339926339,0.7905441428883695
inter,2.9897475,23.05,0.881617716580129,0.7861544493133505
inter,2.9897475,23.1,0.879640908470523,0.7824054150689881
inter,2.9897475,23.150000000000002,0.8767930939372618,0.7794562453692839
inter,2.9897475,23.200000000000003,0.8732046750890899,0.7775200517481455
inter,2.9897475,23.25,0.8689947324441734,0.7768696003252648
inter,2.9897475,23.3,0.8642773031228059,0.7778239230741314
inter,2.9897475,23.35,0.8591665596724372,0.7807176975738236
inter,2.9897475,23.400000000000002,0.8537794262162027,0.785859855723211
inter,2.9897475,23.450000000000003,0.8482365059478213,0.7934186431925707
inter,2.9897475,23.5,0.8426629545986903,0.803275864143115
inter,2.9897475,23.55,0.8371905642941575,0.8149144855865263
inter,2.9897475,23.6,0.8319616164637587,0.8273861606261855
inter,2.9897475,23.650000000000002,0.827134434067865,0.8398451915721661
inter,2.9897475,23.700000000000003,0.8228899254582044,0.8513046913357256
inter,2.9897475,23.75,0.8194375823883828,0.8610756365836045
inter,2.9897475,23.8,0.8170175685392419,0.8689218233668123
inter,2.9897475,23.85,0.8158939862383029,0.874854658533263
inter,2.9897475,23.900000000000002,0.8163323148862975,0.8789558918226746
inter,2.9897475,23.950000000000003,0.8185552172905838,0.8814777727375114
inter,2.9897475,24.0,0.8226769365302142,0.8825067497467409
inter,2.9897475,24.05,0.8286305048927899,0.8822959764506564
inter,2.9897475,24.1,0.8361133280369135,0.8809848511317855
inter,2.9897475,24.150000000000002,0.844587659343056,0.8787071161558883
inter,2.9897475,24.200000000000003,0.8533544813662977,0.8756186092582225
inter,2.9897475,24.25,0.8616961569219623,0.8718514894008316
inter,2.9897475,24.3,0.8690224637337745,0.867519241655416
inter,2.9897475,24.35,0.8749610538233884,0.8627302517293023
inter,2.9897475,24.400000000000002,0.8793529732783185,0.8575959560910842
inter,2.9897475,24.450000000000003,0.8821851885494894,0.8522338930369504
inter,2.9897475,24.5,0.8835268968056644,0.8467679277688214
inter,2.9897475,24.55,0.8834903882641271,0.8413288001339596
inter,2.9897475,24.6,0.8822137775582464,0.8360568355076528
inter,2.9897475,24.650000000000002,0.8798460001724896,0.8311070846416903
inter,2.9897475,24.700000000000003,0.8765376273440735,0.8266553225331126
inter,2.9897475,24.75,0.8724320261090396,0.822900230749454
inter,2.9897475,24.8,0.8676621877037538,0.8200617860030849
inter,2.9897475,24.85,0.8623508244741716,0.8183854117075491
inter,2.9897475,24.900000000000002,0.8566122879491501,0.8181360085058703
inter,2.9897475,24.950000000000003,0.8505543596551454,0.8195589120187631
inter,2.9897475,25.0,0.8442790402906376,0.8228127435121968
inter,2.9897475,25.05,0.8378825627301753,0.8279053379207741
inter,2.9897475,25.1,0.8314553286659617,0.8346195114474542
inter,2.9897475,25.150000000000002,0.8250823970775039,0.8425064453034615
inter,2.9897475,25.200000000000003,0.8188449065929962,0.8509577710599497
inter,2.9897475,25.25,0.8128226629745647,0.8592820451466954
inter,2.9897475,25.3,0.8070981229160532,0.8668435580790347
inter,2.9897475,25.35,0.8017620877019405,0.8731632191446597
inter,2.9897475,25.400000000000002,0.7969213898624292,0.8780201209121747
inter,2.9897475,25.450000000000003,0.7927089055181922,0.8813453855203475
inter,2.9897475,25.5,0.7892951312865618,0.883153679571645
inter,2.9897475,25.55,0.7868996168681686,0.8835500503708156
inter,2.9897475,25.6,0.7857973525329617,0.8826895544701625
inter,2.9897475,25.650000000000002,0.7863114475090474,0.8806970794526103
inter,2.9897475,25.700000000000003,0.7887798109813716,0.8777183634262802
inter,2.9897475,25.75,0.7934852035002248,0.873898830430214
inter,2.9897475,25.8,0.8005503992754648,0.8693719058255649
inter,2.9897475,25.85,0.8098238519788268,0.864260951520157
inter,2.9897475,25.900000000000002,0.8208076065208064,0.85868353031607
inter,2.9897475,25.950000000000003,0.832679154227477,0.8527535803189877
inter,2.9897475,26.0,0.8444523095946395,0.8465805220792219
inter,2.9897475,26.05,0.8552130755220764,0.8402672559014753
inter,2.9897475,26.1,0.8643463100378483,0.8339097539903635
inter,2.9897475,26.150000000000002,0.871591863955013,0.8275988342355495
inter,2.9897475,26.200000000000003,0.8769511765026815,0.82142340810284
inter,2.9897475,26.25,0.8805442683082672,0.8154747093532733
inter,2.9897475,26.3,0.8825276464867927,0.8098511994101727
inter,2.9897475,26.35,0.8830716817715099,0.8046643180871038
inter,2.9897475,26.400000000000002,0.8823515197578651,0.8000458668161331
inter,2.9897475,26.450000000000003,0.8805383921347018,0.7961581948511315
inter,2.9897475,26.5,0.8777901614567825,0.7932081181155829
inter,2.9897475,26.55,0.8742472925660121,0.7914597652872912
inter,2.9897475,26.6,0.8700359375207626,0.7912264111502259
inter,2.9897475,26.650000000000002,0.8652731728085388,0.79283263714132
inter,2.9897475,26.700000000000003,0.8600726367875439,0.7965692480273109
inter,2.9897475,26.75,0.8545480336646506,0.802611894068104
inter,2.9897475,26.8,0.8488144651651718,0.8108927564721493
inter,2.9897475,26.85,0.8429889747868062,0.8210269024850947
inter,2.9897475,26.900000000000002,0.837191776506489,0.8322939067829977
inter,2.9897475,26.950000000000003,0.8315490789576276,0.8437970510977859
inter,2.9897475,27.0,0.8261978446250523,0.8545435379508541
inter,2.9897475,27.05,0.8212923841457545,0.8638001690523426
inter,2.9897475,27.1,0.8170121628060676,0.8712727404287575
inter,2.9897475,27.150000000000002,0.8135692308964776,0.876885869324462
inter,2.9897475,27.200000000000003,0.8112119425842944,0.8806697227888639
inter,2.9897475,27.25,0.8102190372338537,0.8828495706269543
inter,2.9897475,27.3,0.8108763228038538,0.8835374285732072
inter,2.9897475,27.35,0.8134284577564513,0.8828964676273214
inter,2.9897475,27.400000000000002,0.8180058584473833,0.8811204480707453
inter,2.9897475,27.450000000000003,0.8245405605832973,0.878365510988966
inter,2.9897475,27.5,0.8327042663445534,0.8747857213834735
inter,2.9897475,27.55,0.841906304397592,0.8705142103048884
inter,2.9897475,27.6,0.8513794001391968,0.8656672174506329
inter,2.9897475,27.650000000000002,0.8603435343495079,0.8603549074534231
inter,2.9897475,27.700000000000003,0.8681714385189787,0.8546872338966004
inter,2.9897475,27.75,0.8744901414479784,0.8487748903174459
inter,2.9897475,27.8,0.879159993503224,0.8427278862006835
inter,2.9897475,27.85,0.8821935340171874,0.8366551607936448
inter,2.9897475,27.900000000000002,0.8836807275489243,0.8306667777311614
inter,2.9897475,27.950000000000003,0.8837489252295351,0.8248785795637827
inter,2.9897475,28.0,0.8825472814683828,0.8194187308860337
inter,2.9897475,28.05,0.8802333393410358,0.8144348249853922
inter,2.9897475,28.1,0.8769625984528963,0.810100185944029
inter,2.9897475,28.150000000000002,0.8728810395410044,0.8066203832064687
inter,2.9897475,28.200000000000003,0.868122043393093,0.8042435121150193
inter,2.9897475,28.25,0.8628073757229686,0.8032637365447236
inter,2.9897475,28.3,0.8570498739710334,0.803989933796639
inter,2.9897475,28.35,0.850955509984115,0.8066953310732725
inter,2.9897475,28.400000000000002,0.8446239667089916,0.8115479439487832
inter,2.9897475,28.450000000000003,0.8381481051506843,0.8184977244603988
inter,2.9897475,28.5,0.8316131283350875,0.8272193919813211
inter,2.9897475,28.55,0.8250960518133298,0.8371352775352651
inter,2.9897475,28.6,0.818665738788428,0.8474496048323953
inter,2.9897475,28.650000000000002,0.8123835340657773,0.8572410706282925
inter,2.9897475,28.700000000000003,0.8063044811866058,0.8658279970675473
inter,2.9897475,28.75,0.8004791672529848,0.8728137972555678
inter,2.9897475,28.8,0.7949563388684154,0.8780596844824309
inter,2.9897475,28.85,0.7897865342162966,0.8815723696062407
inter,2.9897475,28.900000000000002,0.7850271577678648,0.8834369551946888
inter,2.9897475,28.950000000000003,0.780749162078044,0.8838722794286223
inter,2.9897475,29.0,0.7770460447593588,0.8829729484384691
inter,2.9897475,29.05,0.7740450400531296,0.8809144642993072
inter,2.9897475,29.1,0.7719196777813208,0.8778690406116566
inter,2.9897475,29.150000000000002,0.7709008903473304,0.8739917625580267
inter,2.9897475,29.200000000000003,0.7712804410124873,0.8694158659415717
inter,2.9897475,29.25,0.7733959129019375,0.864259459272252
inter,2.9897475,29.3,0.7775842303366762,0.8586339573740599
inter,2.9897475,29.35,0.7840954214806642,0.8526477896570919
inter,2.9897475,29.400000000000002,0.7929749175836575,0.8464055274647275
inter,2.9897475,29.450000000000003,0.8039505357981407,0.840005078901704
inter,2.9897475,29.5,0.8163849374891345,0.8335361072422145
inter,2.9897475,29.55,0.8293463795856175,0.8270804788412568
inter,2.9897475,29.6,0.841813562083462,0.8207139454581944
inter,2.9897475,29.650000000000002,0.8529425359902177,0.8145083877000118
inter,2.9897475,29.700000000000003,0.8622465036558105,0.8085343484455074
inter,2.9897475,29.75,0.8695973430081639,0.8028641299835824
inter,2.9897475,29.8,0.8750756959285872,0.7975761988929242
inter,2.9897475,29.85,0.8788387016055522,0.7927616588741685
inter,2.9897475,29.900000000000002,0.8810587648700405,0.7885334081019357
inter,2.9897475,29.950000000000003,0.8819103944854255,0.7850383462479924
inter,2.9897475,30.0,0.8815647271967726,0.7824717919399586
inter,2.9897475,30.05,0.8801821757190975,0.7810884332594044
inter,2.9897475,30.1,0.8779059556761187,0.7811958572810747
inter,2.9897475,30.150000000000002,0.8748619658883396,0.7831259150308711
inter,2.9897475,30.200000000000003,0.8711654862831886,0.7871959406380515
inter,2.9897475,30.25,0.8669277953956728,0.7936308339887145
inter,2.9897475,30.3,0.8622618711035224,0.802419742139209
inter,2.9897475,30.35,0.8572854419651502,0.8132067470525574
inter,2.9897475,30.400000000000002,0.8521220396746426,0.8252040762513229
inter,2.9897475,30.450000000000003,0.8469016892692964,0.8374947184111509
inter,2.9897475,30.5,0.8417625703615732,0.8491732205981732
inter,2.9897475,30.55,0.8368542076636262,0.8592970157335048
inter,2.9897475,30.6,0.8323419935149384,0.8676132083150174
inter,2.9897475,30.650000000000002,0.828412092567181,0.874000793684059
inter,2.9897475,30.700000000000003,0.8252748912086568,0.8785123572430463
inter,2.9897475,30.75,0.8231635479150005,0.8813829895394201
inter,2.9897475,30.8,0.822323079811677,0.8827139625691414
inter,2.9897475,30.85,0.8229844377803842,0.8827096060824736
inter,2.9897475,30.900000000000002,0.825320336791349,0.8815599314341332
inter,2.9897475,30.950000000000003,0.8293868398811274,0.8793974528358708
inter,2.9897475,31.0,0.8350645296851188,0.8763769684336883
inter,2.9897475,31.05,0.8420253785570503,0.8726386479996457
inter,2.9897475,31.1,0.8497501586414002,0.8683006976735494
inter,2.9897475,31.150000000000002,0.8576064473299598,0.8634727774911714
inter,2.9897475,31.200000000000003,0.8649731690293393,0.858265138726223
inter,2.9897475,31.25,0.8713550124248608,0.852792462847558
inter,2.9897475,31.3,0.8764419403772576,0.847174121606987
inter,2.9897475,31.35,0.8800989219562595,0.8415341675431367
inter,2.9897475,31.400000000000002,0.8823122733722635,0.8360034337252192
inter,2.9897475,31.450000000000003,0.8831414354709909,0.8307243145132406
inter,2.9897475,31.5,0.8826889799706542,0.825857530352692
inter,2.9897475,31.55,0.8810818137374659,0.8215876659376838
inter,2.9897475,31.6,0.8784596679681,0.8181242410570824
inter,2.9897475,31.650000000000002,0.8749646732173716,0.8157039531272758
inter,2.9897475,31.700000000000003,0.8707343484353662,0.814595210220154
inter,2.9897475,31.75,0.8658985413113791,0.8150746461566234
inter,2.9897475,31.8,0.8605795453804759,0.8173765544458726
inter,2.9897475,31.85,0.8548936535720707,0.8216195313780978
inter,2.9897475,31.900000000000002,0.8489528320294539,0.8277281607415173
inter,2.9897475,31.950000000000003,0.8428660409330124,0.8353738335325122
inter,2.9897475,32.0,0.8367405338164392,0.8440139951944458
inter,2.9897475,32.050000000000004,0.8306838090075335,0.852958486572033
inter,2.9897475,32.1,0.8248068430580361,0.8614648794195693
inter,2.9897475,32.15,0.819229052510452,0.8689375349669131
inter,2.9897475,32.2,0.8140852180582975,0.8749770903629758
inter,2.9897475,32.25,0.8095342212401466,0.8794426933289128
inter,2.9897475,32.300000000000004,0.8057688228437204,0.8823253520959011
inter,2.9897475,32.35,0.8030237246534658,0.8836583201760149
inter,2.9897475,32.4,0.8015772352074422,0.8836268744363682
inter,2.9897475,32.45,0.8017380413181995,0.8823541931574141
inter,2.9897475,32.5,0.8038067791951107,0.8799813390639206
inter,2.9897475,32.550000000000004,0.8080062710094461,0.8766653999131039
inter,2.9897475,32.6,0.8143873555324772,0.8725517480280165
inter,2.9897475,32.65,0.8227362816448559,0.8677700580407192
inter,2.9897475,32.7,0.8325308078218249,0.8624398821388121
inter,2.9897475,32.75,0.8429903329318799,0.8566754965872245
inter,2.9897475,32.800000000000004,0.853225829032791,0.8505872528447447
inter,2.9897475,32.85,0.8624555477645238,0.8442796923773426
inter,2.9897475,32.9,0.8701589193030601,0.8378492567672555
inter,2.9897475,32.95,0.8761145939320013,0.831383885722371
inter,2.9897475,33.0,0.880310299895598,0.8249644008681147
inter,2.9897475,33.050000000000004,0.8828373845684545,0.8186667982909728
inter,2.9897475,33.1,0.8838303618666193,0.8125649707649966
inter,2.9897475,33.15,0.8834452424904631,0.8067337719040385
inter,2.9897475,33.2,0.8818482392271758,0.8012529397365966
inter,2.9897475,33.25,0.879204478798014,0.7962127307994901
inter,2.9897475,33.300000000000004,0.8756684218653311,0.7917220411281383
inter,2.9897475,33.35,0.8713802458259767,0.7879196240398392
inter,2.9897475,33.4,0.8664663922074707,0.7849882870100504
inter,2.9897475,33.45,0.8610431549417037,0.7831682942634137
inter,2.9897475,33.5,0.8552202504726568,0.7827570067860257
inter,2.9897475,33.550000000000004,0.8491025960690815,0.7840834476109975
inter,2.9897475,33.6,0.8427903742633901,0.7874703933870526
inter,2.9897475,33.65,0.8363784047796935,0.7931765281316324
inter,2.9897475,33.7,0.829955818427528,0.8012592489062194
inter,2.9897475,33.75,0.8236066036537785,0.8114581796829121
inter,2.9897475,33.800000000000004,0.8174112613176867,0.8231110283480503
inter,2.9897475,33.85,0.8114497043075487,0.8352870136353241
inter,2.9897475,33.9,0.8058056101579895,0.8471149844966599
inter,2.9897475,33.95,0.8005725432149872,0.8575573207744638
inter,2.9897475,34.0,0.7958621769143486,0.8662696869886564
inter,2.9897475,34.050000000000004,0.7918147280599548,0.873046916711594
inter,2.9897475,34.1,0.7886107590159246,0.8779489921688812
inter,2.9897475,34.15,0.7864820115801295,0.8811232184408833
inter,2.9897475,34.2,0.7857156667723061,0.882754952983809
inter,2.9897475,34.25,0.7866422199335453,0.8829821871402816
inter,2.9897475,34.300000000000004,0.789594834604712,0.8820247989243312
inter,2.9897475,34.35,0.794830143489921,0.8800212872100859
inter,2.9897475,34.4,0.8024191541396194,0.8771231799645449
inter,2.9897475,34.45,0.8121363713610646,0.873476315184934
inter,2.9897475,34.5,0.8234036668707907,0.8692028171549768
inter,2.9897475,34.550000000000004,0.8353444301367517,0.8644134476631007
inter,2.9897475,34.6,0.8469650158122752,0.8592177305469608
inter,2.9897475,34.65,0.8574039465414871,0.8537286948133611
inter,2.9897475,34.7,0.8661272450812856,0.8480634565648829
inter,2.9897475,34.75,0.8729451720259014,0.8423428435761219
inter,2.9897475,34.800000000000004,0.8778979398182701,0.8366928509663832
inter,2.9897475,34.85,0.881117551630069,0.8312488172983417
inter,2.9897475,34.9,0.8827645485861622,0.8261619765673016
inter,2.9897475,34.95,0.8830113075185152,0.8216061668886159
inter,2.9897475,35.0,0.8820332685531709,0.817780954346075
inter,2.9897475,35.050000000000004,0.8799993003665482,0.814913231717018
inter,2.9897475,35.1,0.8770630064827297,0.8132636398346192
inter,2.9897475,35.15,0.873361485238472,0.8131161632907742
inter,2.9897475,35.2,0.8690183176915555,0.8147351232179356
inter,2.9897475,35.25,0.8641493261255772,0.8182989362119418
inter,2.9897475,35.300000000000004,0.8588679488701215,0.8238236837034902
inter,2.9897475,35.35,0.8532881765678246,0.831077816762896
inter,2.9897475,35.4,0.8475255395939191,0.8395878945839246
inter,2.9897475,35.45,0.8416976930210373,0.8487043710927338
inter,2.9897475,35.5,0.8359259545494959,0.8576589818824683
inter,2.9897475,35.550000000000004,0.8303385586039821,0.86576620835705
inter,2.9897475,35.6,0.8250758562076239,0.8725368921668117
inter,2.9897475,35.65,0.8202972606631895,0.8777398261500152
inter,2.9897475,35.7,0.816189147904066,0.881322056319555
inter,2.9897475,35.75,0.8129717877856965,0.883303657315101
inter,2.9897475,35.800000000000004,0.8109014467528061,0.8838404763966089
inter,2.9897475,35.85,0.8102612526506248,0.883078485819571
inter,2.9897475,35.9,0.8113326600081328,0.8811450709524626
inter,2.9897475,35.95,0.8143410574271165,0.8782001891238571
inter,2.9897475,36.0,0.8193785489150198,0.8743975715632141
inter,2.9897475,36.050000000000004,0.826321397833318,0.8698733612094901
inter,2.9897475,36.1,0.8347788069271788,0.864750104664085
inter,2.9897475,36.15,0.8441081249455045,0.8591431254075785
inter,2.9897475,36.2,0.8535251630718494,0.8531636898902433
inter,2.9897475,36.25,0.8622701583186742,0.8469182450288819
inter,2.9897475,36.300000000000004,0.8697712997184303,0.8405057384161866
inter,2.9897475,36.35,0.8757140277520169,0.8340160625461113
inter,2.9897475,36.4,0.8800009678185012,0.8275305015814319
inter,2.9897475,36.45,0.8826679664655153,0.8211233400108402
inter,2.9897475,36.5,0.883815797014249,0.8148639092974177
inter,2.9897475,36.550000000000004,0.8835780412034511,0.80881878147761
inter,2.9897475,36.6,0.8821062779507165,0.8030543408312905
inter,2.9897475,36.65,0.8795584702410478,0.7976404568093622
inter,2.9897475,36.7,0.8760884997806591,0.7926559954267711
inter,2.9897475,36.75,0.8718395918647747,0.7881967308572535
inter,2.9897475,36.800000000000004,0.8669422363085173,0.7843860518483128
inter,2.9897475,36.85,0.8615158935985583,0.7813883655274748
inter,2.9897475,36.9,0.8556717084789576,0.7794227782738801
inter,2.9897475,36.95,0.8495142262949692,0.778767982835777
inter,2.9897475,37.0,0.8431416427020522,0.7797461161000269
inter,2.9897475,37.050000000000004,0.8366451326652551,0.7826899440931191
inter,2.9897475,37.1,0.8301080498059019,0.7878990305297903
inter,2.9897475,37.15,0.8236055223494453,0.7955189165264863
inter,2.9897475,37.2,0.8172046343570437,0.8054023770794785
inter,2.9897475,37.25,0.8109652004538114,0.8170038477099646
inter,2.9897475,37.300000000000004,0.8049411273024677,0.8293794915629341
inter,2.9897475,37.35,0.7991824313735029,0.8416863581384535
inter,2.9897475,37.4,0.7937380877820802,0.8529040768567943
inter,2.9897475,37.45,0.7886599603351133,0.8624283781987712
inter,2.9897475,37.5,0.7840082582739281,0.8700192240361222
inter,2.9897475,37.550000000000004,0.7798587587165929,0.8757091069506107
inter,2.9897475,37.6,0.7763123844162175,0.8795834556410513
inter,2.9897475,37.65,0.7735068650858957,0.8818897230284125
inter,2.9897475,37.7,0.771629297806519,0.8827193604121762
inter,2.9897475,37.75,0.7709260910755639,0.8823190589530493
inter,2.9897475,37.800000000000004,0.7717029743922044,0.8808285019452986
inter,2.9897475,37.85,0.7743032304903391,0.8783869058374754
inter,2.9897475,37.9,0.7790516937167841,0.8751483186804441
inter,2.9897475,37.95,0.7861588579925003,0.8712423376754785
inter,2.9897475,38.0,0.7955995372132756,0.8667817031302425
inter,2.9897475,38.050000000000004,0.8070102394975583,0.8618750514566984
inter,2.9897475,38.1,0.8196685598537722,0.8566342248485405
inter,2.9897475,38.15,0.832594600146813,0.8511766367889158
inter,2.9897475,38.2,0.8447904616654894,0.8456252222376126
inter,2.9897475,38.25,0.855486823317204,0.8401091310091477
inter,2.9897475,38.300000000000004,0.8642987281797122,0.8347668054794988
inter,2.9897475,38.35,0.8711633962131387,0.8297515510761624
inter,2.9897475,38.400000000000006,0.8761921171066546,0.8252378991434834
inter,2.9897475,38.45,0.8795480252340909,0.8214242836774827
inter,2.9897475,38.5,0.8814041769709038,0.8185323166997286
inter,2.9897475,38.550000000000004,0.8819352007877302,0.8168114892206171
inter,2.9897475,38.6,0.8813107081222149,0.816532963159746
inter,2.9897475,38.650000000000006,0.8796872970853474,0.8179501077738329
inter,2.9897475,38.7,0.8772030770064683,0.8212324977995742
inter,2.9897475,38.75,0.8739809148737304,0.8263978243709393
inter,2.9897475,38.800000000000004,0.8701345176498244,0.8332324899314594
inter,2.9897475,38.85,0.8657751344651945,0.8412861903560448
inter,2.9897475,38.900000000000006,0.8610167535621035,0.8499420157131108
inter,2.9897475,38.95,0.8559785148426359,0.8584865469407171
inter,2.9897475,39.0,0.8507854845235155,0.8662639579334999
inter,2.9897475,39.050000000000004,0.8455694921597596,0.8727817204483977
inter,2.9897475,39.1,0.8404711636998324,0.8778066965644316
inter,2.9897475,39.150000000000006,0.8356435032371369,0.8812689207990725
inter,2.9897475,39.2,0.8312566458765365,0.8831859048020441
inter,2.9897475,39.25,0.8275026226303578,0.8836712039872097
inter,2.9897475,39.300000000000004,0.8245980036374454,0.8828820906727062
inter,2.9897475,39.35,0.8227805297356587,0.8809426578831413
inter,2.9897475,39.400000000000006,0.8222950098310476,0.8780026841188386
inter,2.9897475,39.45,0.8233629412267093,0.8742108707829744
inter,2.9897475,39.5,0.8261338936648227,0.8697020666337677
inter,2.9897475,39.550000000000004,0.830625306572905,0.8645996825898333
inter,2.9897475,39.6,0.8366672173849712,0.8590206827690255
inter,2.9897475,39.650000000000006,0.8438798040987728,0.8530781816436396
inter,2.9897475,39.7,0.8517045623999318,0.8468806599899337
inter,2.9897475,39.75,0.8594998048273299,0.8405296903913603
inter,2.9897475,39.800000000000004,0.8666659029999599,0.834119033645692
inter,2.9897475,39.85,0.8727501544965128,0.8277358630058244
inter,2.9897475,39.900000000000006,0.8774905512675026,0.8214633627286587
inter,2.9897475,39.95,0.8807874246671717,0.8153841264845715
inter,2.9897475,40.0,0.8826494002560114,0.8095840940711926
inter,2.9897475,40.050000000000004,0.8831488185534634,0.8041572611060159
inter,2.9897475,40.1,0.8823960071621596,0.7992119591960989
inter,2.9897475,40.150000000000006,0.8805222489738658,0.7948796516236685
inter,2.9897475,40.2,0.8776688460360275,0.7913271436020594
inter,2.9897475,40.25,0.873977277311082,0.7887715612122252
inter,2.9897475,40.300000000000004,0.8695832720372356,0.7874895757048324
inter,2.9897475,40.35,0.8646147151842143,0.7878014995977851
inter,2.9897475,40.400000000000006,0.8591922231452513,0.7900330210872119
inter,2.9897475,40.45,0.8534308288137337,0.7944704204485868
inter,2.9897475,40.5,0.8474415783105992,0.8012571785849846
inter,2.9897475,40.550000000000004,0.8413327877753166,0.8102695064205894
inter,2.9897475,40.6,0.8352114259022123,0.8210411459102245
inter,2.9897475,40.650000000000006,0.8291853145422574,0.8327454375132648
inter,2.9897475,40.7,0.823366739284361,0.8444881805732838
inter,2.9897475,40.75,0.8178778675434977,0.8552492153905754
inter,2.9897475,40.800000000000004,0.8128581481402619,0.8644127977939633
inter,2.9897475,40.85,0.8084733905597542,0.8717126475534178
inter,2.9897475,40.900000000000006,0.8049255235998344,0.8771379248228484
inter,2.9897475,40.95,0.8024597033038209,0.8807384440169548
inter,2.9897475,41.0,0.8013633839173364,0.8827820052356663
inter,2.9897475,41.050000000000004,0.8019481460602056,0.8833372273310862
inter,2.9897475,41.1,0.8045041692140101,0.8826168823341964
inter,2.9897475,41.150000000000006,0.8092233648904629,0.8807945622214408
inter,2.9897475,41.2,0.8161021522138242,0.878020142300755
inter,2.9897475,41.25,0.8248554972264724,0.8744456252619693
inter,2.9897475,41.300000000000004,0.8348927403678321,0.8702005016961201
inter,2.9897475,41.35,0.8453886367345143,0.8653988142651013
inter,2.9897475,41.400000000000006,0.855461550494995,0.8601500921257432
inter,2.9897475,41.45,0.8643774611624011,0.854565070372367
inter,2.9897475,41.5,0.8716894973934937,0.84875664057131
inter,2.9897475,41.550000000000004,0.8772354912685836,0.8428388352910201
inter,2.9897475,41.6,0.8810354013557098,0.8369271215518027
inter,2.9897475,41.650000000000006,0.8831949988907768,0.831141378208305
inter,2.9897475,41.7,0.8838552435739898,0.8256114605142464
inter,2.9897475,41.75,0.8831754965448247,0.8204844617838595
inter,2.9897475,41.800000000000004,0.8813227767902485,0.8159313217253968
inter,2.9897475,41.85,0.8784601983797846,0.812151171104294
inter,2.9897475,41.900000000000006,0.8747392421017378,0.8093771105674199
inter,2.9897475,41.95,0.8702967320211366,0.8078841300480053
inter,2.9897475,42.0,0.8652563317131858,0.8079718146970759
inter,2.9897475,42.050000000000004,0.8597325198488988,0.8099177404382694
inter,2.9897475,42.1,0.8538338470426537,0.8139123343123177
inter,2.9897475,42.150000000000006,0.8476642312903832,0.8199669844285156
inter,2.9897475,42.2,0.8413227534533609,0.8278310625872034
inter,2.9897475,42.25,0.8349030344371142,0.8370026739942229
inter,2.9897475,42.300000000000004,0.8284930965503619,0.8467805200409761
inter,2.9897475,42.35,0.8221761809261444,0.8563129918302517
inter,2.9897475,42.400000000000006,0.8160327132637291,0.8648668824294237
inter,2.9897475,42.45,0.8101435642071836,0.871979913117089
inter,2.9897475,42.5,0.8045948440061995,0.8774284503928845
inter,2.9897475,42.550000000000004,0.7994845685436704,0.8811864879082182
inter,2.9897475,42.6,0.7949314807119086,0.8832803603847736
inter,2.9897475,42.650000000000006,0.7910859682496605,0.8839235038463495
inter,2.9897475,42.7,0.7881419345333383,0.8832307126956904
inter,2.9897475,42.75,0.7863465221272593,0.8813454354254343
inter,2.9897475,42.800000000000004,0.7860010130708974,0.8784392659058005
inter,2.9897475,42.85,0.7874420149553499,0.8746703520161588
inter,2.9897475,42.900000000000006,0.7909906499341172,0.8701759880265769
inter,2.9897475,42.95,0.7968641705332898,0.8650775184005777
inter,2.9897475,43.0,0.8050613931493483,0.859488387286178
inter,2.9897475,43.050000000000004,0.8152615522144783,0.8535181758503279
inter,2.9897475,43.1,0.8267935233545504,0.8472721361555954
inter,2.9897475,43.150000000000006,0.8387271459023083,0.8408483199030116
inter,2.9897475,43.2,0.8500795617460465,0.8343355483458257
inter,2.9897475,43.25,0.8600694920934427,0.8278133520370756
inter,2.9897475,43.300000000000004,0.8682602805873348,0.8213530801855546
inter,2.9897475,43.35,0.8745430795666115,0.8150193574854809
inter,2.9897475,43.400000000000006,0.8789918545161538,0.8088715214202801
inter,2.9897475,43.45,0.8817505386735353,0.8029651799364493
inter,2.9897475,43.5,0.8829836780944986,0.7973544929204328
inter,2.9897475,43.550000000000004,0.8828653478398253,0.7920957793053959
inter,2.9897475,43.6,0.8815698729071078,0.787252845305131
inter,2.9897475,43.650000000000006,0.8792621485734602,0.7829043001328715
inter,2.9897475,43.7,0.8760917117893492,0.7791530983221254
inter,2.9897475,43.75,0.8721915634959219,0.7761383870232201
inter,2.9897475,43.800000000000004,0.8676824365124515,0.7740485772677723
inter,2.9897475,43.85,0.86267908604735,0.7731306801112339
inter,2.9897475,43.900000000000006,0.8572948948247813,0.773686077506788
inter,2.9897475,43.95,0.8516441092050009,0.7760483773193213
inter,2.9897475,44.0,0.8458425634782205,0.7805478208092367
inter,2.9897475,44.050000000000004,0.8400084059890162,0.7874336568539435
inter,2.9897475,44.1,0.8342640442278862,0.7967169379189839
inter,2.9897475,44.150000000000006,0.8287399169712895,0.8080431277799895
inter,2.9897475,44.2,0.8235802073684467,0.8205576023876081
inter,2.9897475,44.25,0.8189501796789616,0.833325715996421
inter,2.9897475,44.300000000000004,0.8150441294485299,0.8455114182011265
inter,2.9897475,44.35,0.8120916262004394,0.856118880331333
inter,2.9897475,44.400000000000006,0.8103575355064382,0.8649067727284689
inter,2.9897475,44.45,0.8101288501973644,0.8717396944445587
inter,2.9897475,44.5,0.8116800133100218,0.876685112917714
inter,2.9897475,44.550000000000004,0.81521164598086,0.8799821594004354
inter,2.9897475,44.6,0.8207694757781255,0.8817257945904082
inter,2.9897475,44.650000000000006,0.8281651505481218,0.8821554787938354
inter,2.9897475,44.7,0.8369376078856695,0.8814442959583061
inter,2.9897475,44.75,0.8463939591934858,0.8797055991589099
inter,2.9897475,44.800000000000004,0.8557350852857056,0.877094538089684
inter,2.9897475,44.85,0.8642344139296505,0.8737553144888558
inter,2.9897475,44.900000000000006,0.8713826155136446,0.8698068134576836
inter,2.9897475,44.95,0.8769254684213881,0.8653576986789686
inter,2.9897475,45.0,0.8808095876787753,0.8605173831265358
inter,2.9897475,45.050000000000004,0.8830922858586018,0.8554015555183865
inter,2.9897475,45.1,0.8838848965522005,0.8501336215068751
inter,2.9897475,45.150000000000006,0.8833278069656237,0.8448449557304952
inter,2.9897475,45.2,0.8815750012400513,0.8396764238760771
inter,2.9897475,45.25,0.878784929196821,0.8347820654649454
inter,2.9897475,45.300000000000004,0.8751094157399698,0.8303342691300892
inter,2.9897475,45.35,0.8706884159899383,0.8265263020298176
inter,2.9897475,45.400000000000006,0.8656493666937809,0.8235693296551094
inter,2.9897475,45.45,0.8601093980453687,0.8216938121019453
inter,2.9897475,45.5,0.8541778779105047,0.8211498581872058
inter,2.9897475,45.550000000000004,0.847957769306168,0.8221762786694506
inter,2.9897475,45.6,0.8415455782143786,0.8249388883719596
inter,2.9897475,45.650000000000006,0.8350305670669806,0.8294659836912356
inter,2.9897475,45.7,0.8284940006458712,0.8355928097015324
inter,2.9897475,45.75,0.8220088640646348,0.842926387214872
inter,2.9897475,45.800000000000004,0.815640175155203,0.8509058346532085
inter,2.9897475,45.85,0.8094458774291806,0.858886748274762
inter,2.9897475,45.900000000000006,0.8034783145745742,0.86624664404422
inter,2.9897475,45.95,0.7977863725888168,0.8724933534306956
inter,2.9897475,46.0,0.7924184839448056,0.8773754460809826
inter,2.9897475,46.050000000000004,0.7874267392081439,0.8807903389749087
inter,2.9897475,46.1,0.7828726256216209,0.8827457467075046
inter,2.9897475,46.150000000000006,0.7788346064588035,0.8832977535164394
inter,2.9897475,46.2,0.775418017116226,0.882597374200255
inter,2.9897475,46.25,0.7727669793851476,0.8807711769560966
inter,2.9897475,46.300000000000004,0.7710768608177083,0.8779543304366979
inter,2.9897475,46.35,0.7706032524556153,0.8742869797512309
inter,2.9897475,46.400000000000006,0.7716596032558624,0.8699020393023016
inter,2.9897475,46.45,0.7745909910757728,0.8649244405989132
inter,2.9897475,46.5,0.7797119497937823,0.8594740039155816
inter,2.9897475,46.550000000000004,0.7872048679099297,0.8536674406515852
inter,2.9897475,46.6,0.7969983335943458,0.8476179227940714
inter,2.9897475,46.650000000000006,0.8086741973187574,0.8414336384316699
inter,2.9897475,46.7,0.8214579975510206,0.8352179343985392
inter,2.9897475,46.75,0.8343544105162138,0.829071845439452
inter,2.9897475,46.800000000000004,0.8463792734221538,0.82309849106447
inter,2.9897475,46.85,0.8568229116333004,0.8174088684192182
inter,2.9897475,46.900000000000006,0.8653531360991945,0.8121283407628357
inter,2.9897475,46.95,0.8719469189881474,0.8074033662987499
inter,2.9897475,47.0,0.8767281932249512,0.8034092923692181
inter,2.9897475,47.050000000000004,0.8798625849060306,0.800361642046945
inter,2.9897475,47.1,0.8815239598737641,0.7985286497392616
inter,2.9897475,47.150000000000006,0.8818874377370955,0.7982221381078637
inter,2.9897475,47.2,0.8811208710039515,0.7997551267031922
inter,2.9897475,47.25,0.8793768531518127,0.8033911719936802
inter,2.9897475,47.300000000000004,0.8767912121307183,0.8092597619980918
inter,2.9897475,47.35,0.8734848257244393,0.8172396816778295
inter,2.9897475,47.400000000000006,0.8695701887994083,0.8269149354089841
inter,2.9897475,47.45,0.8651586084732706,0.8375963928583323
inter,2.9897475,47.5,0.8603647487976196,0.848396330082608
inter,2.9897475,47.550000000000004,0.8553086418917923,0.8583457183042043
inter,2.9897475,47.6,0.850116388820053,0.8668737943810322
inter,2.9897475,47.650000000000006,0.844921115403608,0.873658932889559
inter,2.9897475,47.7,0.839865214919509,0.8786462328812055
inter,2.9897475,47.75,0.835104120164261,0.8818584382781471
inter,2.9897475,47.800000000000004,0.8308111120400642,0.883507177764044
inter,2.9897475,47.85,0.8271818711797267,0.8837149169308237
inter,2.9897475,47.900000000000006,0.8244363651486388,0.88262466653799
inter,2.9897475,47.95,0.8228141594715539,0.8804239945088341
inter,2.9897475,48.0,0.8225579816835277,0.8772777487481882
inter,2.9897475,48.050000000000004,0.8238806035986052,0.8733362398742256
inter,2.9897475,48.1,0.8269139110309418,0.8687278785326299
inter,2.9897475,48.150000000000006,0.8316484984855969,0.8635677918963897
inter,2.9897475,48.2,0.8378821401057247,0.8579662656104204
inter,2.9897475,48.25,0.8452042209304312,0.8520321278377729
inter,2.9897475,48.300000000000004,0.8530380696571012,0.845871793309271
inter,2.9897475,48.35,0.8607435997916771,0.8395870607551752
inter,2.9897475,48.400000000000006,0.8677397042913375,0.8332746079583055
inter,2.9897475,48.45,0.873605183685528,0.8270277774611255
inter,2.9897475,48.5,0.8781065081151286,0.8209400622574015
inter,2.9897475,48.550000000000004,0.8811637880225224,0.8151097959023266
inter,2.9897475,48.6,0.8827977491206037,0.8096456563302561
inter,2.9897475,48.650000000000006,0.8830872953423257,0.8046730725875348
inter,2.9897475,48.7,0.8821463471233358,0.8003422568090184
inter,2.9897475,48.75,0.8801082186516387,0.7968392427212859
inter,2.9897475,48.800000000000004,0.8771143855246262,0.7944000820992686
inter,2.9897475,48.85,0.8733054577106114,0.7933168701670288
inter,2.9897475,48.900000000000006,0.8688159313204448,0.7939125283763595
inter,2.9897475,48.95,0.8637724818752467,0.7964963804659663
inter,2.9897475,49.0,0.8582948216417283,0.8013081570748406
inter,2.9897475,49.050000000000004,0.8524974342355711,0.8083985730593761
inter,2.9897475,49.1,0.8464911321691526,0.8175352425661861
inter,2.9897475,49.150000000000006,0.8403843318151396,0.8281708697690922
inter,2.9897475,49.2,0.8342845763659347,0.8394750121961456
inter,2.9897475,49.25,0.8283009974674139,0.8505122443109601
inter,2.9897475,49.300000000000004,0.8225482797310227,0.8603257549009888
inter,2.9897475,49.35,0.8171524869216796,0.868526979228167
inter,2.9897475,49.400000000000006,0.8122588506734614,0.8748808853402139
inter,2.9897475,49.45,0.8080410665761337,0.879413044896932
inter,2.9897475,49.5,0.8047107449294703,0.8821941573207246
inter,2.9897475,49.550000000000004,0.8025231666342948,0.883476581933486
inter,2.9897475,49.6,0.8017731662332676,0.8833375524992192
inter,2.9897475,49.650000000000006,0.802771472159549,0.8819785474327881
inter,2.9897475,49.7,0.8057920926540546,0.8795695890751014
inter,2.9897475,49.75,0.8109894659159663,0.8762684601968176
inter,2.9897475,49.800000000000004,0.8183006171993018,0.8722182560964168
inter,2.9897475,49.85,0.827370253394322,0.8675410657512914
inter,2.9897475,49.900000000000006,0.8375454964410939,0.8623487765899336
inter,2.9897475,49.95,0.8479736507122305,0.8567507886220628
inter,2.9897475,50.0,0.8577934934584626,0.8508565254864007
inter,2.9897475,50.050000000000004,0.8663310816238343,0.84477422066703
inter,2.9897475,50.1,0.8732124547658076,0.8386094344356045
inter,2.9897475,50.150000000000006,0.8783248661312724,0.8324657511171278
inter,2.9897475,50.2,0.8817144442078725,0.8264479284206816
inter,2.9897475,50.25,0.8834966229830952,0.8206670325381988
inter,2.9897475,50.300000000000004,0.8838170696891658,0.8152468812048721
inter,2.9897475,50.35,0.8828371204704878,0.8103308340243237
inter,2.9897475,50.400000000000006,0.8807231328720163,0.806088701742351
inter,2.9897475,50.45,0.8776361497362787,0.8027255223091779
inter,2.9897475,50.5,0.8737243677726049,0.800493804046081
inter,2.9897475,50.550000000000004,0.8691212420176908,0.7996944257536526
inter,2.9897475,50.6,0.8639479366448879,0.8006421852842149
inter,2.9897475,50.650000000000006,0.8583173093777066,0.803616037900549
inter,2.9897475,50.7,0.8523366508557915,0.8087884508295722
inter,2.9897475,50.75,0.8461085286945709,0.8161057776022378
inter,2.9897475,50.800000000000004,0.839730365407348,0.825230660083945
inter,2.9897475,50.85,0.833293821973823,0.8355570227758922
inter,2.9897475,50.900000000000006,0.8268847843975385,0.8462501896870487
inter,2.9897475,50.95,0.820584328711476,0.8563534287435667
inter,2.9897475,51.0,0.8144708146419137,0.8651665148298081
inter,2.9897475,51.050000000000004,0.8086232550849596,0.8723221915833761
inter,2.9897475,51.1,0.8031262168678353,0.8776961169995903
inter,2.9897475,51.150000000000006,0.7980766011300254,0.8813029481439781
inter,2.9897475,51.2,0.7935925905333427,0.8832654291714945
inter,2.9897475,51.25,0.7898247085263127,0.8837822637310948
inter,2.9897475,51.300000000000004,0.786967771962335,0.8829546600550422
inter,2.9897475,51.35,0.7852705609044344,0.8809698912976409
inter,2.9897475,51.400000000000006,0.7850363310895628,0.8779982903595489
inter,2.9897475,51.45,0.7866031682552725,0.8741950226533596
inter,2.9897475,51.5,0.7902916099523858,0.8696934140458961
inter,2.9897475,51.550000000000004,0.7963145910094199,0.8646110131484191
inter,2.9897475,51.6,0.8046621482307738,0.8590587555270199
inter,2.9897475,51.650000000000006,0.8150000278234991,0.8531452762503606
inter,2.9897475,51.7,0.826643797315371,0.8469764953331768
inter,2.9897475,51.75,0.8386522688981568,0.8406531018463319
inter,2.9897475,51.800000000000004,0.8500428561438369,0.8342692050061223
inter,2.9897475,51.85,0.8600409320044456,0.8279131907650561
inter,2.9897475,51.900000000000006,0.8682239778733691,0.8216701734552633
inter,2.9897475,51.95,0.8744937598969356,0.815625453510925
inter,2.9897475,52.0,0.8789306341820244,0.809868667236533
inter,2.9897475,52.050000000000004,0.8816815271201583,0.8044987951882071
inter,2.9897475,52.1,0.8829125545895261,0.7996307414660228
inter,2.9897475,52.150000000000006,0.882798263336969,0.7954044066310981
inter,2.9897475,52.2,0.8815125094408972,0.7919971969415325
inter,2.9897475,52.25,0.8792197549350914,0.7896388048215496
inter,2.9897475,52.300000000000004,0.8760686729417829,0.7886172413638746
inter,2.9897475,52.35,0.8721912245514637,0.7892566619225334
inter,2.9897475,52.400000000000006,0.8677075540758625,0.791876563540419
inter,2.9897475,52.45,0.8627322598304061,0.7967409613947655
inter,2.9897475,52.5,0.8573789560893745,0.803939170224308
inter,2.9897475,52.550000000000004,0.8517625018740834,0.8132760791178161
inter,2.9897475,52.6,0.8459997453707926,0.8242142252592393
inter,2.9897475,52.650000000000006,0.8402103216901752,0.8358951401245653
inter,2.9897475,52.7,0.8345187120717295,0.847413265760139
inter,2.9897475,52.75,0.8290581456306991,0.8577436537916228
inter,2.9897475,52.800000000000004,0.8239764082532973,0.8664413067692998
inter,2.9897475,52.85,0.8194431509332952,0.8732562232962893
inter,2.9897475,52.900000000000006,0.8156575270546003,0.8782186192631327
inter,2.9897475,52.95,0.8128535937210983,0.8813980043332588
inter,2.9897475,53.0,0.8112986402531007,0.8830524097241736
inter,2.9897475,53.050000000000004,0.8112773742310423,0.8832570345677062
inter,2.9897475,53.1,0.8130539754540753,0.8822279154042979
inter,2.9897475,53.150000000000006,0.8168082564410754,0.8801290288902042
inter,2.9897475,53.2,0.8225548240452953,0.8771141833103632
inter,2.9897475,53.25,0.8300689569473988,0.8733307463635899
inter,2.9897475,53.300000000000004,0.8388586763184198,0.8689033585539836
inter,2.9897475,53.35,0.8482177314580336,0.8639443352768061
inter,2.9897475,53.400000000000006,0.8573574067902431,0.858563171650879
inter,2.9897475,53.45,0.8655854638113469,0.8528707603972407
inter,2.9897475,53.5,0.8724313557935569,0.8469793333915248
inter,2.9897475,53.550000000000004,0.8776732496775733,0.8410013510712837
inter,2.9897475,53.6,0.8812743985113779,0.8350502636393824
inter,2.9897475,53.650000000000006,0.8832984243370151,0.8292439827996481
inter,2.9897475,53.7,0.8838589124706112,0.8237107740409233
inter,2.9897475,53.75,0.8830969986661504,0.8185965371350226
inter,2.9897475,53.800000000000004,0.881166519883169,0.8140713195119742
inter,2.9897475,53.85,0.8782243320533326,0.8103342309560637
inter,2.9897475,53.900000000000006,0.874420165302686,0.8076206365310514
inter,2.9897475,53.95,0.8698919255077341,0.8062100033403294
inter,2.9897475,54.0,0.8647655000195565,0.8064059095888593
inter,2.9897475,54.050000000000004,0.8591569102080892,0.8084885824706544
inter,2.9897475,54.1,0.8531746811672108,0.8126499419001769
inter,2.9897475,54.150000000000006,0.8469209706320566,0.8188962306184808
inter,2.9897475,54.2,0.840491402645572,0.8269682306032866
inter,2.9897475,54.25,0.8339743127270742,0.8363524261111766
inter,2.9897475,54.300000000000004,0.8274501247052157,0.8463273864991989
inter,2.9897475,54.35,0.8209912514696346,0.8560173490528157
inter,2.9897475,54.400000000000006,0.8146626272094935,0.8646787734202002
inter,2.9897475,54.45,0.8085228751021583,0.8718638121492448
inter,2.9897475,54.5,0.8026261509066168,0.8773574897413663
inter,2.9897475,54.550000000000004,0.7970248005597538,0.8811432260814215
inter,2.9897475,54.6,0.7917730810284862,0.8832526029888755
inter,2.9897475,54.650000000000006,0.7869322790082562,0.8839127935178923
inter,2.9897475,54.7,0.7825777497128419,0.8832279135336741
inter,2.9897475,54.75,0.7788080112769501,0.8813495177746727
inter,2.9897475,54.800000000000004,0.7757561442313302,0.8784512224343853
inter,2.9897475,54.85,0.7736023808355782,0.8746915341284726
inter,2.9897475,54.900000000000006,0.7725848018161195,0.8702076683787048
inter,2.9897475,54.95,0.7730014382835418,0.865120488220003
inter,2.9897475,55.0,0.7751929916720423,0.85954293508126
inter,2.9897475,55.050000000000004,0.7794922485215903,0.8535842704794588
inter,2.9897475,55.1,0.7861342565862818,0.8473497009832406
inter,2.9897475,55.150000000000006,0.795136483145154,0.8409375308916391
inter,2.9897475,55.2,0.8061914348666428,0.8344371286847377
inter,2.9897475,55.25,0.818625395784129,0.8279288868920018
inter,2.9897475,55.300000000000004,0.8314876934012825,0.8214854134352092
inter,2.9897475,55.35,0.8437622238509099,0.8151731480833104
inter,2.9897475,55.400000000000006,0.8546341832181262,0.8090540417014448
inter,2.9897475,55.45,0.8636570708538104,0.8031874448846339
inter,2.9897475,55.5,0.8707282126632039,0.7976328360783895
inter,2.9897475,55.550000000000004,0.8759403983550663,0.7924540431926672
inter,2.9897475,55.6,0.8794518085882598,0.7877254254096095
inter,2.9897475,55.650000000000006,0.8814346563798914,0.7835403483330867
inter,2.9897475,55.7,0.8820649768651139,0.7800221750911994
inter,2.9897475,55.75,0.8815145350212598,0.7773374418680414
inter,2.9897475,55.800000000000004,0.879942421251134,0.7757083627148118
inter,2.9897475,55.85,0.8774914252738272,0.7754158355528631
inter,2.9897475,55.900000000000006,0.8742877466282735,0.7767836289145919
inter,2.9897475,55.95,0.8704467065455211,0.7801463381656991
inter,2.9897475,56.0,0.8660801805002195,0.7858026358327429
inter,2.9897475,56.050000000000004,0.8613018843773366,0.793883587451573
inter,2.9897475,56.1,0.8562300899255958,0.8042095823807063
inter,2.9897475,56.150000000000006,0.850988584600546,0.8161709964266399
inter,2.9897475,56.2,0.8457074642758567,0.8287861964868266
inter,2.9897475,56.25,0.8405250184448485,0.8412398220808804
inter,2.9897475,56.300000000000004,0.8355912054964463,0.8524957555681
inter,2.9897475,56.35,0.8310724734216892,0.8620275083013038
inter,2.9897475,56.400000000000006,0.8271569389908199,0.8696009780581686
inter,2.9897475,56.45,0.8240579336002759,0.8752769869364307
inter,2.9897475,56.5,0.8220124821154483,0.8791652042342473
inter,2.9897475,56.550000000000004,0.821269637831591,0.8814822280095473
inter,2.9897475,56.6,0.8220632476272187,0.882354007450521
inter,2.9897475,56.650000000000006,0.8245654101504325,0.882022333608603
inter,2.9897475,56.7,0.8288259707086295,0.8806098106771627
inter,2.9897475,56.75,0.8347124612414948,0.8782564590224256
inter,2.9897475,56.800000000000004,0.8418770935392911,0.875116403771324
inter,2.9897475,56.85,0.8497782581144891,0.8713175666675652
inter,2.9897475,56.900000000000006,0.8577671577764127,0.8669715355464475
inter,2.9897475,56.95,0.8652130722877305,0.8621865966654298
inter,2.9897475,57.0,0.8716246877344959,0.8570752028860857
inter,2.9897475,57.050000000000004,0.876703230318543,0.8517565577011319
inter,2.9897475,57.1,0.8803249450738369,0.8463568182196107
inter,2.9897475,57.150000000000006,0.8824866880845204,0.8410099113469391
inter,2.9897475,57.2,0.8832553869628742,0.8358605179133656
inter,2.9897475,57.25,0.8827378862256048,0.8310692955759424
inter,2.9897475,57.300000000000004,0.8810653095763976,0.8268181117057247
inter,2.9897475,57.35,0.8783795565353159,0.8233103506162377
inter,2.9897475,57.400000000000006,0.8748237819283916,0.8207692374844013
inter,2.9897475,57.45,0.870535705206662,0.819442556045608
inter,2.9897475,57.5,0.8656447830031128,0.8195893035361416
inter,2.9897475,57.550000000000004,0.8602725077064561,0.8214345840387167
inter,2.9897475,57.6,0.8545340773285596,0.8250966740617699
inter,2.9897475,57.650000000000006,0.8485400224653631,0.8305306675156897
inter,2.9897475,57.7,0.8423973571209472,0.837460266983365
inter,2.9897475,57.75,0.8362106346593098,0.8453947698363751
inter,2.9897475,57.800000000000004,0.8300836006801968,0.8537083078689007
inter,2.9897475,57.85,0.824122069960898,0.8617262000507688
inter,2.9897475,57.900000000000006,0.8184384765154541,0.8688571514405188
inter,2.9897475,57.95,0.8131583774555505,0.8746928945108371
inter,2.9897475,58.0,0.8084289457797101,0.8790620829013621
inter,2.9897475,58.050000000000004,0.8044289119767202,0.8819301880128403
inter,2.9897475,58.1,0.8013781543027689,0.8833106595747154
inter,2.9897475,58.150000000000006,0.7995426721444774,0.8833361070317676
inter,2.9897475,58.2,0.799227685600448,0.882147921096517
inter,2.9897475,58.25,0.8007485303493362,0.8798748421623547
inter,2.9897475,58.300000000000004,0.8043697601697873,0.8766614499340526
inter,2.9897475,58.35,0.8102149437999692,0.8726484035811404
inter,2.9897475,58.400000000000006,0.8181653878189818,0.8679656075370743
inter,2.9897475,58.45,0.8277925802012429,0.8627348935011742
inter,2.9897475,58.5,0.8383734026002745,0.8570735016181232
inter,2.9897475,58.550000000000004,0.8490112032503132,0.8510952646687162
inter,2.9897475,58.6,0.8588505007937977,0.8449092169592661
inter,2.9897475,58.650000000000006,0.8672645555244859,0.8386181017466685
inter,2.9897475,58.7,0.8739429776147127,0.8323189567373913
inter,2.9897475,58.75,0.8788249761374168,0.8261057945781917
inter,2.9897475,58.800000000000004,0.8819849885837032,0.8200737277192875
inter,2.9897475,58.85,0.8835530758498119,0.8143241120627509
inter,2.9897475,58.900000000000006,0.8836829868627136,0.8089703453370816
inter,2.9897475,58.95,0.8825413272606195,0.8041445473398784
inter,2.9897475,59.0,0.8802960440195549,0.8000061189850133
inter,2.9897475,59.050000000000004,0.877106564425162,0.7967538338218967
inter,2.9897475,59.1,0.8731181428925775,0.7946399730950257
inter,2.9897475,59.150000000000006,0.8684612367536938,0.7939694797748031
inter,2.9897475,59.2,0.8632549107382163,0.7950653611666147
inter,2.9897475,59.25,0.8576111077860527,0.7982226458995672
inter,2.9897475,59.300000000000004,0.8516372685771149,0.803641411012322
inter,2.9897475,59.35,0.8454369871214762,0.8112990527022925
inter,2.9897475,59.400000000000006,0.8391096415560259,0.8208738023347862
inter,2.9897475,59.45,0.8327501471481029,0.8317324317324066
inter,2.9897475,59.5,0.8264496068564697,0.8430053293425982
inter,2.9897475,59.550000000000004,0.8202972318852917,0.853721370261683
inter,2.9897475,59.6,0.8143837314339232,0.8630638436513347
inter,2.9897475,59.650000000000006,0.8088063913201557,0.8707058058785933
inter,2.9897475,59.7,0.8036761174443519,0.8765084041872895
inter,2.9897475,59.75,0.7991266095114681,0.880495939067425
inter,2.9897475,59.800000000000004,0.7953253290914692,0.8828172243715984
inter,2.9897475,59.85,0.7924846241063019,0.8836560320081304
inter,2.9897475,59.900000000000006,0.7908689745932398,0.8831265280407942
inter,2.9897475,59.95,0.790790722545523,0.8814291476578291
inter,2.9897475,60.0,0.7925827464827441,0.8787277161753482
inter,2.9897475,60.050000000000004,0.7965373696970799,0.8751783803193094
inter,2.9897475,60.1,0.802810588398079,0.8709175901877377
inter,2.9897475,60.150000000000006,0.8113104923283098,0.8660636667300579
inter,2.9897475,60.2,0.8216146241344677,0.860727510530068
inter,2.9897475,60.25,0.8329751607367126,0.8550187114150846
inter,2.9897475,60.300000000000004,0.844442218517478,0.8490466525759364
inter,2.9897475,60.35,0.8550930600948244,0.8429188360490598
inter,2.9897475,60.400000000000006,0.8642521071917355,0.8367399158935722
inter,2.9897475,60.45,0.8715897394241151,0.8306131805535384
inter,2.9897475,60.5,0.8770565960048787,0.8246443501432602
inter,2.9897475,60.550000000000004,0.8807453925632646,0.8189471843551381
inter,2.9897475,60.6,0.8828013473265468,0.8136501045976225
inter,2.9897475,60.650000000000006,0.8833880881542322,0.8089029828876602
inter,2.9897475,60.7,0.8826787369460184,0.8048843469644917
inter,2.9897475,60.75,0.8808451179473059,0.8018113487434018
inter,2.9897475,60.800000000000004,0.8780486816665534,0.7999516067156318
inter,2.9897475,60.85,0.8744350857650646,0.7996150850820009
inter,2.9897475,60.900000000000006,0.8701344456392988,0.8011124660757019
inter,2.9897475,60.95,0.8652658744298559,0.8047023866002962
inter,2.9897475,61.0,0.8599430188002914,0.8105059663633296
inter,2.9897475,61.050000000000004,0.8542775796907646,0.8183933328102111
inter,2.9897475,61.1,0.8483806858636589,0.8279469033180425
inter,2.9897475,61.150000000000006,0.8423632004083397,0.8384876972459985
inter,2.9897475,61.2,0.8363363745987697,0.8491344998112855
inter,2.9897475,61.25,0.8304138468704387,0.858935025898603
inter,2.9897475,61.300000000000004,0.82471547188213,0.8673340542856302
inter,2.9897475,61.35,0.8193731405914958,0.8740031738252766
inter,2.9897475,61.400000000000006,0.8145384960464702,0.8788834093698789
inter,2.9897475,61.45,0.8103919401179982,0.8820008112462513
inter,2.9897475,61.5,0.8071511994800633,0.8835597248481951
inter,2.9897475,61.550000000000004,0.8050756055881708,0.8836880958620128
inter,2.9897475,61.6,0.8044593529836467,0.8825230843604572
inter,2.9897475,61.650000000000006,0.8056045470488122,0.8802506470780253
inter,2.9897475,61.7,0.8087654193889893,0.8770365042892583
inter,2.9897475,61.75,0.8140653976506882,0.8730301447013152
inter,2.9897475,61.800000000000004,0.8214041891315185,0.8683593218761103
inter,2.9897475,61.85,0.8303922287028312,0.8631389268353549
inter,2.9897475,61.900000000000006,0.8403592959872777,0.8574789716326597
inter,2.9897475,61.95,0.8504658942120564,0.8514875073373112
inter,2.9897475,62.0,0.8598861925300393,0.8452692816442249
inter,2.9897475,62.050000000000004,0.8679995831922092,0.8389232942365955
inter,2.9897475,62.1,0.8744681965844737,0.8325420685370397
inter,2.9897475,62.150000000000006,0.8792005028042662,0.826213041604645
inter,2.9897475,62.2,0.8822462407912401,0.8200213668925278
inter,2.9897475,62.25,0.883718777421924,0.8140536272182385
inter,2.9897475,62.300000000000004,0.8837618434224065,0.8084022316537431
inter,2.9897475,62.35,0.8825348759882127,0.803170830510015
inter,2.9897475,62.400000000000006,0.8802018946402983,0.7984815396695789
inter,2.9897475,62.45,0.8769214011561357,0.794484946938507
inter,2.9897475,62.5,0.8728390237631672,0.7913736603390822
inter,2.9897475,62.550000000000004,0.8680863247821308,0.7893962733707265
inter,2.9897475,62.6,0.8627832470772276,0.7888561300449746
inter,2.9897475,62.650000000000006,0.8570414979906663,0.7900803894774511
inter,2.9897475,62.7,0.8509668166249033,0.7933771776498159
inter,2.9897475,62.75,0.8446594664954324,0.7989707165082551
inter,2.9897475,62.800000000000004,0.8382135965246608,0.8068687977919099
inter,2.9897475,62.85,0.8317164470128723,0.8167706034973496
inter,2.9897475,62.900000000000006,0.8252480699916093,0.8280240606882056
inter,2.9897475,62.95,0.8188818311269866,0.8397355661220596
inter,2.9897475,63.0,0.8126857549812867,0.8509626007532811
inter,2.9897475,63.050000000000004,0.8067247766981456,0.8607775742916254
inter,2.9897475,63.1,0.8010640713105123,0.868873356498088
inter,2.9897475,63.150000000000006,0.7957737653960235,0.8750826138275435
inter,2.9897475,63.2,0.7909353812315814,0.8794454238593185
inter,2.9897475,63.25,0.7866505335566155,0.8821201346308811
inter,2.9897475,63.300000000000004,0.783051735383171,0.8832839932693506
inter,2.9897475,63.35,0.7803147873206884,0.8830634453741009
inter,2.9897475,63.400000000000006,0.7786700531378452,0.8816668350455721
inter,2.9897475,63.45,0.7784067492900789,0.8792484047239668
inter,2.9897475,63.5,0.7798602521865373,0.875963604521991
inter,2.9897475,63.550000000000004,0.7833689139085755,0.8719524095670952
inter,2.9897475,63.6,0.789191928285472,0.8673343118217822
inter,2.9897475,63.650000000000006,0.7973942473497484,0.8622200861287249
inter,2.9897475,63.7,0.8077338887895007,0.8567195765888274
inter,2.9897475,63.75,0.8196059824592479,0.8509442843151094
inter,2.9897475,63.800000000000004,0.8321027728860928,0.8450065531325359
inter,2.9897475,63.85,0.8442079982421236,0.8390188399802673
inter,2.9897475,63.900000000000006,0.8550546013699031,0.8330953531096186
inter,2.9897475,63.95,0.8641241857737219,0.8273563616578364
inter,2.9897475,64.0,0.8712518682748117,0.8219347113055857
inter,2.9897475,64.05,0.8764999432093472,0.8169831127397243
inter,2.9897475,64.10000000000001,0.8800141720122377,0.812680080211267
inter,2.9897475,64.15,0.8819623802584444,0.8092350027984486
inter,2.9897475,64.2,0.88252002924086,0.8068968965642712
inter,2.9897475,64.25,0.8818625250473486,0.8059572928308449
inter,2.9897475,64.3,0.8801556811837324,0.8067183008591279
inter,2.9897475,64.35000000000001,0.8775489250197648,0.8094409245340295
inter,2.9897475,64.4,0.8741750375037365,0.8142729805622556
inter,2.9897475,64.45,0.8701541376734718,0.8211411984868919
inter,2.9897475,64.5,0.8656002559878115,0.829701613574471
inter,2.9897475,64.55,0.8606272199854054,0.8393729172917642
inter,2.9897475,64.60000000000001,0.8553517096364844,0.849372194574391
inter,2.9897475,64.65,0.8498943879454458,0.8588158001733204
inter,2.9897475,64.7,0.8443806732289808,0.8670737979669239
inter,2.9897475,64.75,0.8389425175869594,0.8737471990041861
inter,2.9897475,64.8,0.833721872363265,0.8787128585921136
inter,2.9897475,64.85000000000001,0.8288758454436465,0.8819765191784956
inter,2.9897475,64.9,0.8245829173587267,0.8836209850628751
inter,2.9897475,64.95,0.821048703130282,0.8838573276363024
inter,2.9897475,65.0,0.8185083479034594,0.8827855269308894
inter,2.9897475,65.05,0.8172206937306296,0.8805742929024105
inter,2.9897475,65.10000000000001,0.8174478305096948,0.8773938255513556
inter,2.9897475,65.15,0.8194139952751253,0.8733965559840009
inter,2.9897475,65.2,0.8232437497386159,0.8687137385969954
inter,2.9897475,65.25,0.828891092420652,0.8634630849005118
inter,2.9897475,65.3,0.8360840797541053,0.857756181554277
inter,2.9897475,65.35000000000001,0.8443179481588049,0.8517012767533526
inter,2.9897475,65.4,0.8529211345039754,0.8454018011764644
inter,2.9897475,65.45,0.861185719262959,0.8389534810023986
inter,2.9897475,65.5,0.868512613286883,0.8324429281756682
inter,2.9897475,65.55,0.8745097022011148,0.8259481015188259
inter,2.9897475,65.60000000000001,0.8789936012985883,0.8195397096066945
inter,2.9897475,65.65,0.8819346440022379,0.8132828927182443
inter,2.9897475,65.7,0.883391130268006,0.8072389579094059
inter,2.9897475,65.75,0.883468434633869,0.8014674972615498
inter,2.9897475,65.8,0.8822993015726007,0.796029580640945
inter,2.9897475,65.85000000000001,0.8800300993471089,0.790992630007204
inter,2.9897475,65.9,0.8768099603894017,0.7864374003732919
inter,2.9897475,65.95,0.87278258885589,0.7824673781675138
inter,2.9897475,66.0,0.8680819398154259,0.7792207202453255
inter,2.9897475,66.05,0.8628319076040929,0.7768838164610419
inter,2.9897475,66.10000000000001,0.8571480799879513,0.7757016894223554
inter,2.9897475,66.15,0.851139572451896,0.7759743723300185
inter,2.9897475,66.2,0.8449099981271244,0.7780341227166854
inter,2.9897475,66.25,0.8385577150423008,0.7822096524525575
inter,2.9897475,66.3,0.8321760195367457,0.7887553610440811
inter,2.9897475,66.35000000000001,0.8258539369785247,0.7977001937236858
inter,2.9897475,66.4,0.8196780505006156,0.8087215567529102
inter,2.9897475,66.45,0.8137356639082352,0.8210209017773256
inter,2.9897475,66.5,0.8081195753572561,0.8336524541275896
inter,2.9897475,66.55,0.8029347676956017,0.8457799111761012
inter,2.9897475,66.60000000000001,0.798307252123513,0.856379872948029
inter,2.9897475,66.65,0.7943949081544087,0.8651846018921026
inter,2.9897475,66.7,0.791398955820173,0.8720323420763636
inter,2.9897475,66.75,0.7895727401977007,0.8769903995753983
inter,2.9897475,66.8,0.7892208480737468,0.8802785565400334
inter,2.9897475,66.85000000000001,0.7906776115086777,0.8820095341743912
inter,2.9897475,66.9,0.7942533544821806,0.8823984574099113
inter,2.9897475,66.95,0.8001439887699667,0.8816360764799573
inter,2.9897475,67.0,0.8083181474656345,0.879839869087804
inter,2.9897475,67.05,0.8184241357068665,0.877163050499731
inter,2.9897475,67.10000000000001,0.8297685083127263,0.8737508361922417
inter,2.9897475,67.15,0.8414213889693892,0.8697233000644458
inter,2.9897475,67.2,0.8524229342886124,0.8651897406826398
inter,2.9897475,67.25,0.8620314588603339,0.8602595806977392
inter,2.9897475,67.3,0.8698449264084819,0.8550478179985977
inter,2.9897475,67.35000000000001,0.875771533245326,0.8496763305603523
inter,2.9897475,67.4,0.8798884554229042,0.8442740195061376
inter,2.9897475,67.45,0.8823368766538848,0.8389783776781671
inter,2.9897475,67.5,0.8832790484721772,0.833939411692271
inter,2.9897475,67.55,0.8828879586074766,0.829325377652631
inter,2.9897475,67.60000000000001,0.8813373366617739,0.8253266752598295
inter,2.9897475,67.65,0.878791226748458,0.8221542298583038
inter,2.9897475,67.7,0.8753981546630643,0.8200402943726941
inter,2.9897475,67.75,0.8712908407924713,0.8192409753733091
inter,2.9897475,67.8,0.8665899692716353,0.8200093712038677
inter,2.9897475,67.85000000000001,0.8614099792629074,0.8225395620899497
inter,2.9897475,67.9,0.855863300651732,0.8268953585236418
inter,2.9897475,67.95,0.850062195245975,0.8329492852478215
inter,2.9897475,68.0,0.8441192425760546,0.8403359866927806
inter,2.9897475,68.05,0.8381479389952816,0.8485036255335402
inter,2.9897475,68.10000000000001,0.8322645316236325,0.856793811343781
inter,2.9897475,68.15,0.8265916597700517,0.8645478656672265
inter,2.9897475,68.2,0.821263981744825,0.8712292153878715
inter,2.9897475,68.25,0.816435656655557,0.8765331579958048
inter,2.9897475,68.3,0.8122890208146528,0.8803336911407156
inter,2.9897475,68.35000000000001,0.8090426698995408,0.8826373541484939
inter,2.9897475,68.4,0.806955109519807,0.8834860643454516
inter,2.9897475,68.45,0.8063173405152304,0.8830399298583891
inter,2.9897475,68.5,0.8074254440095019,0.8814263982943455
inter,2.9897475,68.55,0.8105253508148462,0.8787819312398596
inter,2.9897475,68.60000000000001,0.8157316666083095,0.8752516219554023
inter,2.9897475,68.65,0.8229377263829729,0.8709720989596688
inter,2.9897475,68.7,0.831754558268164,0.8660697342898674
inter,2.9897475,68.75,0.8415207827700907,0.8606642855013071
inter,2.9897475,68.8,0.8514142607537305,0.8548717449829404
inter,2.9897475,68.85000000000001,0.8606285291471677,0.8488044250638414
inter,2.9897475,68.9,0.868557146182989,0.8425691804400061
inter,2.9897475,68.95,0.8748682014332232,0.8362665780185521
inter,2.9897475,69.0,0.8794671832517954,0.8299923701698094
inter,2.9897475,69.05,0.8823991474997197,0.8238408094023135
inter,2.9897475,69.10000000000001,0.8837732636767335,0.817909252864523
inter,2.9897475,69.15,0.8837302032184083,0.8123036292230219
inter,2.9897475,69.2,0.8824268255273048,0.8071445425182088
inter,2.9897475,69.25,0.8800253255460783,0.8025745268863379
inter,2.9897475,69.3,0.8766828866855565,0.7987677725307769
inter,2.9897475,69.35000000000001,0.8725445896502859,0.795943717348195
inter,2.9897475,69.4,0.8677417432052273,0.7943783256744469
inter,2.9897475,69.45,0.8623941364735677,0.7943894141323943
inter,2.9897475,69.5,0.8566132317352639,0.7962940671629566
inter,2.9897475,69.55,0.8505042210117055,0.8003596073570411
inter,2.9897475,69.60000000000001,0.8441664073739163,0.8067072948495162
inter,2.9897475,69.65,0.8376925039542067,0.8151973961671777
inter,2.9897475,69.7,0.8311677593061096,0.8253793541086114
inter,2.9897475,69.75,0.824669519907097,0.8365001729122589
inter,2.9897475,69.8,0.8182674532679999,0.847652082634925
inter,2.9897475,69.85000000000001,0.8120244511278311,0.857836210787371
inter,2.9897475,69.9,0.8059982185277701,0.8665080862554999
inter,2.9897475,69.95,0.8002436428400985,0.8733752249745994
inter,2.9897475,70.0,0.7948161601797474,0.8784127724413233
inter,2.9897475,70.05,0.7897763940158613,0.8816542793918926
inter,2.9897475,70.10000000000001,0.7851966143010866,0.8833529325605598
inter,2.9897475,70.15,0.7811691650139497,0.8835933209962354
inter,2.9897475,70.2,0.7778172897816034,0.8825519166532975
inter,2.9897475,70.25,0.7753075387368923,0.8804126204398017
inter,2.9897475,70.3,0.7738614790257835,0.8773351947522308
inter,2.9897475,70.35000000000001,0.7737612505339069,0.8734692284951738
inter,2.9897475,70.4,0.7753391032816125,0.8689421490636224
inter,2.9897475,70.45,0.778937370111165,0.8638680639339682
inter,2.9897475,70.5,0.7848301477838329,0.8583568112552695
inter,2.9897475,70.55,0.7931091936770356,0.8525178455755914
inter,2.9897475,70.60000000000001,0.8035665247186297,0.8464597224700899
inter,2.9897475,70.65,0.8156314340809705,0.8402883016195448
inter,2.9897475,70.7,0.8284131286606304,0.8341066790393293
inter,2.9897475,70.75,0.840889668015589,0.8280176206557239
inter,2.9897475,70.8,0.8521637711577084,0.8221280760762832
inter,2.9897475,70.85000000000001,0.8616781335723926,0.8165552121145679
inter,2.9897475,70.9,0.869244047933924,0.8114331001831974
inter,2.9897475,70.95,0.8749139701692847,0.806919575282979
inter,2.9897475,71.0,0.8788353181665742,0.8032042559798874
inter,2.9897475,71.05,0.8811772839248929,0.8005201915523688
inter,2.9897475,71.10000000000001,0.8821152027823649,0.7991525712688156
inter,2.9897475,71.15,0.8818233551251469,0.7994175394517958
inter,2.9897475,71.2,0.8804667498830558,0.8016159379854739
inter,2.9897475,71.25,0.8781933231730856,0.8059751206787407
inter,2.9897475,71.3,0.8751341503471906,0.8125415531147906
inter,2.9897475,71.35000000000001,0.8714078130598489,0.8210904965629113
inter,2.9897475,71.4,0.8671269388971584,0.8311123931909844
inter,2.9897475,71.45,0.8624045198416574,0.8418434103655448
inter,2.9897475,71.5,0.8573573826641072,0.8523562510260607
inter,2.9897475,71.55,0.8521074531906967,0.8617635968667088
inter,2.9897475,71.60000000000001,0.8467824511194477,0.8696418400430498
inter,2.9897475,71.65,0.8415174242821204,0.8757395589038662
inter,2.9897475,71.7,0.8364578364122025,0.8800566108045244
inter,2.9897475,71.75,0.8317641800392734,0.882634885578502
inter,2.9897475,71.8,0.8276173816206011,0.8837286622304084
inter,2.9897475,71.85000000000001,0.8242233644539578,0.8834196702876973
inter,2.9897475,71.9,0.8218138064771264,0.8818821270622554
inter,2.9897475,71.95,0.8206384355820333,0.879294020614082
inter,2.9897475,72.0,0.8209431026310908,0.8758162854417313
inter,2.9897475,72.05,0.8229289069370903,0.8715908596242199
inter,2.9897475,72.10000000000001,0.8266935957268593,0.8667399337806809
inter,2.9897475,72.15,0.8321678237896577,0.8613760172637307
inter,2.9897475,72.2,0.8390692393220777,0.8556083707485473
inter,2.9897475,72.25,0.8469045186414677,0.8495443780996916
inter,2.9897475,72.3,0.8550355628173834,0.8432874852225927
inter,2.9897475,72.35000000000001,0.8628037810023971,0.8369351676938044
inter,2.9897475,72.4,0.8696567662116766,0.830579012766156
inter,2.9897475,72.45,0.875232410713643,0.8243067552147494
inter,2.9897475,72.5,0.8793590760116042,0.8182055955978421
inter,2.9897475,72.55,0.8820043872703269,0.8123663791250566
inter,2.9897475,72.60000000000001,0.8832199214361153,0.8068885247171766
inter,2.9897475,72.65,0.8831041136619383,0.8018861950732074
inter,2.9897475,72.7,0.8817841859059153,0.7974965747041076
inter,2.9897475,72.75,0.8794008308559688,0.7938913462913532
inter,2.9897475,72.8,0.8760988757602034,0.7912912913188094
inter,2.9897475,72.85000000000001,0.8720186911815428,0.7899755661300522
inter,2.9897475,72.9,0.8672925246202032,0.7902646953030228
inter,2.9897475,72.95,0.8620440595074923,0.7924803353145381
inter,2.9897475,73.0,0.8563898748184136,0.7968972671145296
inter,2.9897475,73.05,0.8504411690867365,0.8036380811313817
inter,2.9897475,73.10000000000001,0.8443049660743146,0.8125567634905643
inter,2.9897475,73.15,0.8380849782625198,0.8231776964010056
inter,2.9897475,73.2,0.8318827827824291,0.8346920289902834
inter,2.9897475,73.25,0.8257999781560535,0.8461951111970888
inter,2.9897475,73.3,0.8199418203955176,0.856665241685597
inter,2.9897475,73.35000000000001,0.8144226852488899,0.8655573714614653
inter,2.9897475,73.4,0.809373566044188,0.8725980351341633
inter,2.9897475,73.45,0.8049514410451545,0.8777829767135099
inter,2.9897475,73.5,0.8013497425739049,0.8811600027582269
inter,2.9897475,73.55,0.7988069609209298,0.8829959200141437
inter,2.9897475,73.60000000000001,0.797608299880131,0.8833600501628187
inter,2.9897475,73.65,0.7980711799982743,0.8824550170011273
inter,2.9897475,73.7,0.8005036987845819,0.880456447762527
inter,2.9897475,73.75,0.8051295588378332,0.8775187502160033
inter,2.9897475,73.8,0.8119876961981051,0.8737920228683984
inter,2.9897475,73.85000000000001,0.820836288614215,0.8694037807394723
inter,2.9897475,73.9,0.8311127003753106,0.86446760611061
inter,2.9897475,73.95,0.8419893985561424,0.8590930880894956
inter,2.9897475,74.0,0.852547941454906,0.8533905326224387
inter,2.9897475,74.05,0.8619959748186374,0.8474711281494105
inter,2.9897475,74.10000000000001,0.8698334129768522,0.8414455986548834
inter,2.9897475,74.15,0.8758680050812564,0.835424472599398
inter,2.9897475,74.2,0.8801124752816204,0.8295210148930448
inter,2.9897475,74.25,0.8826751554292138,0.8238565714706966
inter,2.9897475,74.3,0.8837007993489795,0.8185675635740641
inter,2.9897475,74.35000000000001,0.8833516040229433,0.8138124307413529
inter,2.9897475,74.4,0.8817969538239089,0.8097773696891624
inter,2.9897475,74.45,0.879203157105399,0.8066832504127055
inter,2.9897475,74.5,0.8757246370292572,0.804795830608225
inter,2.9897475,74.55,0.8715002911097081,0.8044184298934886
inter,2.9897475,74.60000000000001,0.8666551856880651,0.8058500534252881
inter,2.9897475,74.65,0.861305115139265,0.8093288974075598
inter,2.9897475,74.7,0.8555604725039038,0.8149484241665736
inter,2.9897475,74.75,0.8495281314071746,0.8225512502233738
inter,2.9897475,74.8,0.8433116558928817,0.8317077320533969
inter,2.9897475,74.85000000000001,0.8370110024010651,0.8417594258712066
inter,2.9897475,74.9,0.8307228037995406,0.8518531817046266
inter,2.9897475,74.95,0.8245418686053343,0.861116375975203
inter,2.9897475,75.0,0.818564195961729,0.8690279014974538
inter,2.9897475,75.05,0.8128917145942832,0.8752634790138228
inter,2.9897475,75.10000000000001,0.8076389767664863,0.879759592439514
inter,2.9897475,75.15,0.8029418922105298,0.8825412748588872
inter,2.9897475,75.2,0.7989683483112279,0.883788171775135
inter,2.9897475,75.25,0.7959288634157802,0.8836442161313656
inter,2.9897475,75.3,0.7940838779161625,0.8822355853531775
inter,2.9897475,75.35000000000001,0.7937401948814014,0.879740339481604
inter,2.9897475,75.4,0.7952259368966055,0.8763241202101988
inter,2.9897475,75.45,0.7988326503786143,0.872132933678756
inter,2.9897475,75.5,0.8047244696355983,0.8672926950632004
inter,2.9897475,75.55,0.812829090065268,0.8619182862171452
inter,2.9897475,75.60000000000001,0.8227546078296816,0.8561199587914252
inter,2.9897475,75.65,0.8337883583207446,0.8500048880077883
inter,2.9897475,75.7,0.8450067005263002,0.8436750050810335
inter,2.9897475,75.75,0.855495214509405,0.8372244039611803
inter,2.9897475,75.8,0.8645630708011854,0.8307386219583359
inter,2.9897475,75.85000000000001,0.8718547949349104,0.8242956418530827
inter,2.9897475,75.9,0.8772961913408656,0.8179677278474645
inter,2.9897475,75.95,0.8809649140293615,0.8118235877253676
inter,2.9897475,76.0,0.8829980323735387,0.8059307877594173
inter,2.9897475,76.05,0.8835545343358517,0.8003589332052646
inter,2.9897475,76.10000000000001,0.8828049399581095,0.7951843870694264
inter,2.9897475,76.15,0.8809205464190112,0.7904971888533439
inter,2.9897475,76.2,0.8780637533235416,0.7864106759069817
inter,2.9897475,76.25,0.8743819516373713,0.7830740134540806
inter,2.9897475,76.3,0.8700069662092356,0.7806864401787476
inter,2.9897475,76.35000000000001,0.8650588937922639,0.7795069280596287
inter,2.9897475,76.4,0.8596513013752088,0.7798458476392018
inter,2.9897475,76.45,0.853894656696118,0.7820361778533315
inter,2.9897475,76.5,0.8478976284513534,0.786394780643599
inter,2.9897475,76.55,0.8417672083304444,0.7931357496095718
inter,2.9897475,76.60000000000001,0.8356089983053127,0.8022251133915639
inter,2.9897475,76.65,0.8295286496947342,0.8132707678295886
inter,2.9897475,76.7,0.8236349630632892,0.8254340135410367
inter,2.9897475,76.75,0.8180448867740974,0.8378106429298278
inter,2.9897475,76.80000000000001,0.8128905284029778,0.8494845514092326
inter,2.9897475,76.85000000000001,0.8083280046709219,0.8595578862279485
inter,2.9897475,76.9,0.8045474587750109,0.8677908703393857
inter,2.9897475,76.95,0.8017815586246804,0.8740954870814954
inter,2.9897475,77.0,0.800307915995093,0.8785277376721442
inter,2.9897475,77.05000000000001,0.8004369181703863,0.8813415539846466
inter,2.9897475,77.10000000000001,0.8024745093809136,0.8826191799100581
inter,2.9897475,77.15,0.8066529173806609,0.8825877113423372
inter,2.9897475,77.2,0.8130356253562431,0.8814233374204373
inter,2.9897475,77.25,0.8214217431835289,0.8792561924597572
inter,2.9897475,77.30000000000001,0.8312978509347272,0.8762417869050655
inter,2.9897475,77.35000000000001,0.84188268960657,0.8725186472151775
inter,2.9897475,77.4,0.8522763753547403,0.8682037971689655
inter,2.9897475,77.45,0.8616790188208301,0.863406468256239
inter,2.9897475,77.5,0.8695526438903736,0.8582371298192772
inter,2.9897475,77.55000000000001,0.875666329221566,0.8528112406053889
inter,2.9897475,77.60000000000001,0.8800048433549559,0.8472495628126551
inter,2.9897475,77.65,0.88266067242909,0.8416783127264993
inter,2.9897475,77.7,0.8837699479287198,0.8362314097488673
inter,2.9897475,77.75,0.8834896447966085,0.8310553419223661
inter,2.9897475,77.80000000000001,0.8819871732708204,0.8263157777122557
inter,2.9897475,77.85000000000001,0.8794284379550079,0.822202225257716
inter,2.9897475,77.9,0.8759689218787282,0.8189279708751661
inter,2.9897475,77.95,0.8717496233197686,0.8167326212098548
inter,2.9897475,78.0,0.8668974236620419,0.8158844358094146
inter,2.9897475,78.05000000000001,0.8615289847002029,0.8166515908836132
inter,2.9897475,78.10000000000001,0.855754571870482,0.8192471881049608
inter,2.9897475,78.15,0.8496799930086872,0.8237560839956775
inter,2.9897475,78.2,0.8434067830787955,0.8300580789426965
inter,2.9897475,78.25,0.8370316811601756,0.8377839663859001
inter,2.9897475,78.30000000000001,0.830646442272576,0.8463674432228322
inter,2.9897475,78.35000000000001,0.8243386047418251,0.8551132970720039
inter,2.9897475,78.4,0.8181934882336082,0.8633131876370546
inter,2.9897475,78.45,0.8122975928672247,0.8704082392160788
inter,2.9897475,78.5,0.8067436311537655,0.8760593726424201
inter,2.9897475,78.55000000000001,0.8016374997227769,0.8801441748903565
inter,2.9897475,78.60000000000001,0.7971074052696299,0.88267182256347
inter,2.9897475,78.65,0.7933149136129278,0.8836934103083574
inter,2.9897475,78.7,0.7904664360617716,0.8833875873743672
inter,2.9897475,78.75,0.7888214198002733,0.8818761333987188
inter,2.9897475,78.80000000000001,0.7886898357233257,0.8793025527880391
inter,2.9897475,78.85000000000001,0.7904075131193445,0.8758200065348696
inter,2.9897475,78.9,0.7942779219518922,0.8715693841559897
inter,2.9897475,78.95,0.8004779152430205,0.8666778613574005
inter,2.9897475,79.0,0.8089440624042946,0.8612641971214784
inter,2.9897475,79.05000000000001,0.819283027319836,0.8554426442710759
inter,2.9897475,79.10000000000001,0.8307658427344822,0.8493234563638523
inter,2.9897475,79.15,0.8424416179619753,0.8430107762433371
inter,2.9897475,79.2,0.8533639161219361,0.8366008832567593
inter,2.9897475,79.25,0.8628221919536764,0.8301825480680529
inter,2.9897475,79.30000000000001,0.8704565300021018,0.8238390713540221
inter,2.9897475,79.35000000000001,0.8762029327040326,0.817651254017138
inter,2.9897475,79.4,0.8801512231058463,0.8117009266972501
inter,2.9897475,79.45,0.8824476770539277,0.8060750432457657
inter,2.9897475,79.5,0.8832569545150971,0.8008709700507863
inter,2.9897475,79.55000000000001,0.8827528660738709,0.7962038795316044
inter,2.9897475,79.60000000000001,0.8811081088627093,0.792217148872431
inter,2.9897475,79.65,0.8784852782211404,0.789096232417753
inter,2.9897475,79.7,0.8750311000183422,0.7870829071168823
inter,2.9897475,79.75,0.8708763584093796,0.7864758936134384
inter,2.9897475,79.80000000000001,0.8661405780876599,0.7876031842842561
inter,2.9897475,79.85000000000001,0.8609378682923666,0.7907816318922588
inter,2.9897475,79.9,0.855380817608492,0.7962591185793932
inter,2.9897475,79.95,0.8495821647370456,0.8040815306916002
inter,2.9897475,80.0,0.8436552676721683,0.8139866586632503
inter,2.9897475,80.05000000000001,0.8377148424584839,0.8253422663886684
inter,2.9897475,80.10000000000001,0.8318790458592034,0.8372434894476826
inter,2.9897475,80.15,0.8262734177797346,0.8487855971670364
inter,2.9897475,80.2,0.8210368049190775,0.8589616894777284
inter,2.9897475,80.25,0.8163290451827783,0.8674318431727255
inter,2.9897475,80.30000000000001,0.812339567046584,0.8739925173785483
inter,2.9897475,80.35000000000001,0.8092947885372568,0.878693447784582
inter,2.9897475,80.4,0.8074599531466712,0.8816667602009493
inter,2.9897475,80.45,0.8071283376833555,0.8831140736934873
inter,2.9897475,80.5,0.8085888696365897,0.8831529356812525
inter,2.9897475,80.55000000000001,0.8120655142508173,0.8820007740263881
inter,2.9897475,80.60000000000001,0.8176334568820942,0.8798073314357225
inter,2.9897475,80.65,0.8251325928618981,0.8767263236511704
inter,2.9897475,80.7,0.8341182009921262,0.8729016290020664
inter,2.9897475,80.75,0.843892148111506,0.8684547471437271
inter,2.9897475,80.80000000000001,0.8536258824352665,0.8634967207656342
inter,2.9897475,80.85000000000001,0.8625488114247101,0.8581372335532715
inter,2.9897475,80.9,0.8701099971487727,0.8524884037469522
inter,2.9897475,80.95,0.8760305022824774,0.8466646631315199
inter,2.9897475,81.0,0.8802500962418578,0.8407820827356246
inter,2.9897475,81.05000000000001,0.8828279719653397,0.8349598034698507
inter,2.9897475,81.10000000000001,0.8838792354665345,0.8293242241551488
inter,2.9897475,81.15,0.8835474691523777,0.8240155669147149
inter,2.9897475,81.2,0.8819906127470831,0.8191951521801971
inter,2.9897475,81.25,0.8793699997519716,0.8150505094130636
inter,2.9897475,81.30000000000001,0.8758403659303163,0.8117988866958319
inter,2.9897475,81.35000000000001,0.8715437503485983,0.8096948376186788
inter,2.9897475,81.4,0.8666089067455892,0.8090289306803642
inter,2.9897475,81.45,0.8611537641085631,0.8100910861420797
inter,2.9897475,81.5,0.8552883778914411,0.8131145507399787
inter,2.9897475,81.55000000000001,0.8491166182306924,0.8181993858041502
inter,2.9897475,81.60000000000001,0.8427362539553225,0.8252109034974536
inter,2.9897475,81.65,0.8362381410879599,0.8337513200907245
inter,2.9897475,81.7,0.8297053774041389,0.8432099882739578
inter,2.9897475,81.75,0.8232129393958345,0.8528010455681954
inter,2.9897475,81.80000000000001,0.8168279571341057,0.861711377227933
inter,2.9897475,81.85000000000001,0.8106106180053136,0.869386831880375
inter,2.9897475,81.9,0.804615698684593,0.8754774586633716
inter,2.9897475,81.95,0.7988948151344142,0.8798884651096529
inter,2.9897475,82.0,0.79349959057774,0.8826390843131259
inter,2.9897475,82.05000000000001,0.7884860457510701,0.883839981017636
inter,2.9897475,82.10000000000001,0.7839206166455409,0.8836740041156018
inter,2.9897475,82.15,0.7798882174042389,0.8822527607897249
inter,2.9897475,82.2,0.7765025443588176,0.8797414720557839
inter,2.9897475,82.25,0.773918288839972,0.8763045341185057
inter,2.9897475,82.30000000000001,0.7723433287462238,0.8720877274359309
inter,2.9897475,82.35000000000001,0.7720462735868132,0.8672181715490419
inter,2.9897475,82.4,0.7733504445993664,0.8618123313946209
inter,2.9897475,82.45,0.7766012362993767,0.8559816717483218
inter,2.9897475,82.5,0.7820960909912155,0.849833867512192
inter,2.9897475,82.55000000000001,0.789976370909238,0.843470512128
inter,2.9897475,82.60000000000001,0.8001064365509144,0.8369845081305975
inter,2.9897475,82.65,0.8119938329924943,0.8304593198636061
inter,2.9897475,82.7,0.8248040970342788,0.8239698112888136
inter,2.9897475,82.75,0.8375231158140919,0.8175837106905668
inter,2.9897475,82.80000000000001,0.849203145945172,0.8113631715702246
inter,2.9897475,82.85000000000001,0.8592066998442708,0.8053663513880652
inter,2.9897475,82.9,0.8672736791104018,0.7996494853940838
inter,2.9897475,82.95,0.8734212084484092,0.7942701307995226
inter,2.9897475,83.0,0.8777868137798187,0.7892920863926738
inter,2.9897475,83.05000000000001,0.8805380846438859,0.7847923208494971
inter,2.9897475,83.10000000000001,0.8818496352859445,0.7808701718267685
inter,2.9897475,83.15,0.8818960885762926,0.7776589533162725
inter,2.9897475,83.2,0.8808442082827415,0.7753392084081211
inter,2.9897475,83.25,0.8788444707561079,0.774149417700013
inter,2.9897475,83.30000000000001,0.876030117513972,0.7743842935557429
inter,2.9897475,83.35000000000001,0.872520827447077,0.7763746794932076
inter,2.9897475,83.4,0.8684291186363071,0.7804530639055991
inter,2.9897475,83.45,0.8638670702948378,0.7868899023774713
inter,2.9897475,83.5,0.8589504526317217,0.7957425754813126
inter,2.9897475,83.55000000000001,0.8538003236660475,0.8067221432406315
inter,2.9897475,83.60000000000001,0.8485436823715038,0.8190586352585274
inter,2.9897475,83.65,0.8433146813999448,0.8317841192677647
inter,2.9897475,83.7,0.8382572705248841,0.8440892941615477
inter,2.9897475,83.75,0.8335293724715448,0.8549234264231449
inter,2.9897475,83.80000000000001,0.8293079778102587,0.8639796934406132
inter,2.9897475,83.85000000000001,0.8257937020227604,0.8710678114628347
inter,2.9897475,83.9,0.8232121322471466,0.876263602608558
inter,2.9897475,83.95,0.8218077089911335,0.8797631134064103
inter,2.9897475,84.0,0.8218246818572877,0.8816981699666299
inter,2.9897475,84.05000000000001,0.8234702440515614,0.882273498391273
inter,2.9897475,84.10000000000001,0.8268598883712371,0.8816893838236277
inter,2.9897475,84.15,0.8319552561795803,0.8800582209730735
inter,2.9897475,84.2,0.8385150696200814,0.877530711988744
inter,2.9897475,84.25,0.846088278641177,0.8742551199524471
inter,2.9897475,84.30000000000001,0.8540672179103003,0.8703531993497929
inter,2.9897475,84.35000000000001,0.8618016846365916,0.8659343895641033
inter,2.9897475,84.4,0.8687240389107609,0.8611075303934913
inter,2.9897475,84.45,0.8744415548487351,0.8559870569815597
inter,2.9897475,84.5,0.8787519504020239,0.850694789074179
inter,2.9897475,84.55000000000001,0.8815994346582686,0.845360125285646
inter,2.9897475,84.60000000000001,0.8830204237371526,0.8401213211652853
inter,2.9897475,84.65,0.8831036996846928,0.8351289600365692
inter,2.9897475,84.7,0.8819700761537113,0.83055126122296
inter,2.9897475,84.75,0.8797564286049759,0.8265777758419814
inter,2.9897475,84.80000000000001,0.8766061194590323,0.8234173676803671
inter,2.9897475,84.85000000000001,0.8726597403997641,0.8212982013705068
inter,2.9897475,84.9,0.8680507028345523,0.8204708089623823
inter,2.9897475,84.95,0.8629042331917242,0.8211831375930901
inter,2.9897475,85.0,0.8573385461739378,0.8236252971875566
inter,2.9897475,85.05000000000001,0.851466591129564,0.827858470363372
inter,2.9897475,85.10000000000001,0.8453974532122535,0.8337611403387238
inter,2.9897475,85.15,0.8392374457378929,0.8409789472422642
inter,2.9897475,85.2,0.8330914935880034,0.8489718518889402
inter,2.9897475,85.25,0.8270654924560921,0.8570972839305742
inter,2.9897475,85.30000000000001,0.8212701771542255,0.8647105943255711
inter,2.9897475,85.35000000000001,0.815826851163277,0.8712806389318168
inter,2.9897475,85.4,0.8108751196341265,0.8765062128416463
inter,2.9897475,85.45,0.8065823314114982,0.880255985633153
inter,2.9897475,85.5,0.8031534602535958,0.8825321157373262
inter,2.9897475,85.55000000000001,0.8008382025444567,0.883369971175958
inter,2.9897475,85.60000000000001,0.7999291046144369,0.8829209690509945
inter,2.9897475,85.65,0.8007414208834359,0.8813145564191506
inter,2.9897475,85.7,0.8035641043806452,0.8786842587640485
inter,2.9897475,85.75,0.8085793688819615,0.8751722290423676
inter,2.9897475,85.80000000000001,0.8157629156471047,0.8709138955246227
inter,2.9897475,85.85000000000001,0.8247991498661909,0.8660356508565464
inter,2.9897475,85.9,0.8350627119650356,0.8606578395798605
inter,2.9897475,85.95,0.845704477541925,0.8548973120017763
inter,2.9897475,86.0,0.8558335230915091,0.8488674960128938
inter,2.9897475,86.05000000000001,0.86473339157055,0.8426768196768302
inter,2.9897475,86.10000000000001,0.8719822903352242,0.8364282030561982
inter,2.9897475,86.15,0.8774442432456505,0.830220914430074
inter,2.9897475,86.2,0.8811555978572525,0.8241543664034537
inter,2.9897475,86.25,0.8832302312152827,0.8183333453058628
inter,2.9897475,86.30000000000001,0.8838136009165973,0.8128741262107471
inter,2.9897475,86.35000000000001,0.8830683140993757,0.807911015675302
inter,2.9897475,86.4,0.8811626345850025,0.8036037902419226
inter,2.9897475,86.45,0.8782597740972504,0.8001478604002904
inter,2.9897475,86.5,0.8745099140419372,0.7977880122965338
inter,2.9897475,86.55000000000001,0.870048450677745,0.7968221710193291
inter,2.9897475,86.60000000000001,0.8649980032532583,0.7975704135427265
inter,2.9897475,86.65,0.8594725371583202,0.800327781107335
inter,2.9897475,86.7,0.8535806109226113,0.8053026664153011
inter,2.9897475,86.75,0.8474266266555075,0.8124953603603198
inter,2.9897475,86.80000000000001,0.8411106374745835,0.8216196479462822
inter,2.9897475,86.85000000000001,0.8347278654328921,0.8320961450637205
inter,2.9897475,86.9,0.8283688476379448,0.8430944563730354
inter,2.9897475,86.95,0.8221206883774625,0.8536573667470679
inter,2.9897475,87.0,0.8160696331499074,0.8629501339017136
inter,2.9897475,87.05000000000001,0.8103051493521988,0.87061018558401
inter,2.9897475,87.10000000000001,0.804925779107971,0.8764590386342059
inter,2.9897475,87.15,0.8000470531247658,0.8805152175906872
inter,2.9897475,87.2,0.795811551706926,0.8828712424453612
inter,2.9897475,87.25,0.7924004162073692,0.8837554352689365
inter,2.9897475,87.30000000000001,0.7900438702943421,0.8832570580587145
inter,2.9897475,87.35000000000001,0.7890256721107333,0.8815699348057948
inter,2.9897475,87.4,0.7896719628227674,0.8788647496841778
inter,2.9897475,87.45,0.7923127497073694,0.8752993106740061
inter,2.9897475,87.5,0.7972062274965835,0.871011632626801
inter,2.9897475,87.55000000000001,0.8044328692057399,0.8661213144462385
inter,2.9897475,87.60000000000001,0.8137863376582771,0.8607398832153784
inter,2.9897475,87.65,0.8247153971238121,0.8549767566148718
inter,2.9897475,87.7,0.8363692060775356,0.848940211133903
inter,2.9897475,87.75,0.8477715392153797,0.8427354307760528
inter,2.9897475,87.80000000000001,0.8580581830365679,0.8364631220002022
inter,2.9897475,87.85000000000001,0.86667883621821,0.8302204618927548
inter,2.9897475,87.9,0.873420789789995,0.8241041559420101
inter,2.9897475,87.95,0.8783069826842432,0.8182150592670678
inter,2.9897475,88.0,0.8814598898039743,0.8126638416945062
inter,2.9897475,88.05000000000001,0.8830349072277707,0.8075773358158373
inter,2.9897475,88.10000000000001,0.8832016602294988,0.8031058911723071
inter,2.9897475,88.15,0.8821344608632024,0.7994330260142775
inter,2.9897475,88.2,0.8800030162196306,0.7967887419362155
inter,2.9897475,88.25,0.8769629578651476,0.7954583148151224
inter,2.9897475,88.30000000000001,0.8731532640890723,0.7957616017926632
inter,2.9897475,88.35000000000001,0.8686990814830482,0.7980084701549377
inter,2.9897475,88.4,0.8637169168671731,0.8024444468271434
inter,2.9897475,88.45,0.8583197311272937,0.8091411691375497
inter,2.9897475,88.5,0.8526198105505409,0.8178975677991321
inter,2.9897475,88.55000000000001,0.8467296890219672,0.8282090557965304
inter,2.9897475,88.60000000000001,0.8407625380450094,0.8392893384437659
inter,2.9897475,88.65,0.8348333784138483,0.8502115853788923
inter,2.9897475,88.7,0.8290619168336056,0.8600161677897884
inter,2.9897475,88.75,0.8235773324297552,0.8682670559405692
inter,2.9897475,88.80000000000001,0.8185250139599733,0.8747000625093546
inter,2.9897475,88.85000000000001,0.8140748508502784,0.879320824508011
inter,2.9897475,88.9,0.8104298510729652,0.8821754811961731
inter,2.9897475,88.95,0.8078322230235426,0.8835261972443476
inter,2.9897475,89.0,0.8065613530583308,0.8834472432009175
inter,2.9897475,89.05000000000001,0.8069157173444085,0.8821256802565569
inter,2.9897475,89.10000000000001,0.8091697882701467,0.879738586452374
inter,2.9897475,89.15,0.813502063858042,0.8764457215793235
inter,2.9897475,89.2,0.8199060916478687,0.8723918711410584
inter,2.9897475,89.25,0.8281119978844441,0.8677005984104111
inter,2.9897475,89.30000000000001,0.8375643681856525,0.8624845279672808
inter,2.9897475,89.35000000000001,0.8474877972788782,0.8568530635568663
inter,2.9897475,89.4,0.8570492695196931,0.8509149244532971
inter,2.9897475,89.45,0.8655431440587152,0.8447767996844417
inter,2.9897475,89.5,0.872524942176662,0.8385415223288937
inter,2.9897475,89.55000000000001,0.8778139091522928,0.8323083016980283
inter,2.9897475,89.60000000000001,0.8814082296991724,0.8261752818925187
inter,2.9897475,89.65,0.883396659201618,0.8202438954256146
inter,2.9897475,89.7,0.883908730239966,0.8146244868132115
inter,2.9897475,89.75,0.8830956904054847,0.8094426388052504
inter,2.9897475,89.80000000000001,0.8811190971840185,0.8048461862304392
inter,2.9897475,89.85000000000001,0.8781389544072,0.8010139360113396
inter,2.9897475,89.9,0.8743055731698511,0.7981679914405487
inter,2.9897475,89.95,0.869755861472201,0.7965847225389304
inter,2.9897475,90.0,0.8646139746454811,0.7965802531208157
inter,2.9897475,90.05000000000001,0.8589944233515663,0.7984672825864801
inter,2.9897475,90.10000000000001,0.8530047858958105,0.8025026930155793
inter,2.9897475,90.15,0.8467467562768678,0.808790408160581
inter,2.9897475,90.2,0.8403157661845195,0.8171726913844901
inter,2.9897475,90.25,0.8338000801134384,0.8271926568676957
inter,2.9897475,90.30000000000001,0.8272801246300909,0.8381120681170694
inter,2.9897475,90.35000000000001,0.8208284127376526,0.8490214565360799
inter,2.9897475,90.4,0.8145101399371147,0.8589469150471327
inter,2.9897475,90.45,0.8083844436082589,0.8673820245248989
inter,2.9897475,90.5,0.8025063711328968,0.8740304352864486
inter,2.9897475,90.55000000000001,0.7969297109028303,0.8788669939100504
inter,2.9897475,90.60000000000001,0.7917109638374497,0.8819255392405982
inter,2.9897475,90.65,0.7869148214987259,0.8834542301047318
inter,2.9897475,90.7,0.7826215454602958,0.8835419995408041
inter,2.9897475,90.75,0.7789365720474027,0.8823564352552264
inter,2.9897475,90.80000000000001,0.7760022752453316,0.880080996009512
inter,2.9897475,90.85000000000001,0.7740105200164206,0.8768775540043807
inter,2.9897475,90.9,0.7732122964304737,0.8728939558414448
inter,2.9897475,90.95,0.7739168899215345,0.8682562796621136
inter,2.9897475,91.0,0.7764687435260961,0.8630783024373249
inter,2.9897475,91.05000000000001,0.7811892060007752,0.857469700696335
inter,2.9897475,91.10000000000001,0.7882788259981571,0.8515390979668411
inter,2.9897475,91.15,0.7976963715083238,0.8453929278186435
inter,2.9897475,91.2,0.8090583489266944,0.8391333664359931
inter,2.9897475,91.25,0.8216232050882621,0.832858119497695
inter,2.9897475,91.30000000000001,0.8344069155907741,0.8266625174533715
inter,2.9897475,91.35000000000001,0.8464122555477134,0.8206433585605701
inter,2.9897475,91.4,0.8568947942454674,0.8149040069801093
inter,2.9897475,91.45,0.8654827246306553,0.8095602892608529
inter,2.9897475,91.5,0.8721285352143086,0.8047472249888736
inter,2.9897475,91.55000000000001,0.8769443784784456,0.8006273788307543
inter,2.9897475,91.60000000000001,0.8800935664548717,0.7974024726995455
inter,2.9897475,91.65,0.8817496237728052,0.7953269818148907
inter,2.9897475,91.7,0.8820883924745004,0.7947065353709722
inter,2.9897475,91.75,0.8812794817905419,0.7958628909798583
inter,2.9897475,91.80000000000001,0.8794797870258312,0.7990867154075375
inter,2.9897475,91.85000000000001,0.8768291209552376,0.8045668387236463
inter,2.9897475,91.9,0.8734511003607057,0.8122640687527903
inter,2.9897475,91.95,0.8694602186921431,0.8218421107901043
inter,2.9897475,92.0,0.8649686178217062,0.8326615765408791
inter,2.9897475,92.05000000000001,0.8600908708702485,0.843853146913136
inter,2.9897475,92.10000000000001,0.8549462502730206,0.8544392224381467
inter,2.9897475,92.15,0.8496595356509098,0.8636472838463392
inter,2.9897475,92.2,0.8443619689888533,0.8711476512865499
inter,2.9897475,92.25,0.8391934796616984,0.8768157145512361
inter,2.9897475,92.30000000000001,0.8343065275132054,0.8806754286476645
inter,2.9897475,92.35000000000001,0.8298711887061815,0.8828855712583209
inter,2.9897475,92.4,0.8260803400182292,0.883620115840682
inter,2.9897475,92.45,0.823152712098423,0.8829963909565564
inter,2.9897475,92.5,0.8213300231135735,0.8812121399978277
inter,2.9897475,92.55000000000001,0.8208628164346669,0.8784319020566189
inter,2.9897475,92.60000000000001,0.8219796395502245,0.874811308529281
inter,2.9897475,92.65,0.8248365493901053,0.8704853733588469
inter,2.9897475,92.7,0.8294547201545707,0.8655717580403719
inter,2.9897475,92.75,0.8356619797526462,0.8601811427646058
inter,2.9897475,92.80000000000001,0.8430676360937519,0.8544228309085337
inter,2.9897475,92.85000000000001,0.8510971153900116,0.8484054065894384
inter,2.9897475,92.9,0.8590883015302947,0.8422348375589855
inter,2.9897475,92.95,0.8664240262594863,0.8360134662633085
inter,2.9897475,93.0,0.8726449610465274,0.8298414285558107
inter,2.9897475,93.05000000000001,0.8774872377731815,0.8238202440382058
inter,2.9897475,93.10000000000001,0.8808560085531414,0.8180580651173113
inter,2.9897475,93.15,0.8827660033694058,0.8126759275539368
inter,2.9897475,93.2,0.8832948603791245,0.8078144581776086
inter,2.9897475,93.25,0.882556311150895,0.8036413829097397
inter,2.9897475,93.30000000000001,0.8806850731778204,0.8003616982446172
inter,2.9897475,93.35000000000001,0.8778246950016635,0.7982306531320894
inter,2.9897475,93.4,0.8741182097648278,0.7975527078682267
inter,2.9897475,93.45,0.8697021235421055,0.7986457195575883
inter,2.9897475,93.5,0.864704305595345,0.8017919063222573
inter,2.9897475,93.55000000000001,0.8592447495260036,0.8071657111682387
inter,2.9897475,93.60000000000001,0.8534373402240535,0.8147111980910934
inter,2.9897475,93.65,0.8473913683053529,0.8240823523453402
inter,2.9897475,93.7,0.8412125450391975,0.8346514434630181
inter,2.9897475,93.75,0.8350040030507305,0.8455627586587903
inter,2.9897475,93.80000000000001,0.8288679823580954,0.8558442947130993
inter,2.9897475,93.85000000000001,0.8229087941263642,0.8647842621486063
inter,2.9897475,93.9,0.8172374819801796,0.8720339920894202
inter,2.9897475,93.95,0.8119784521346051,0.8774788916656135
inter,2.9897475,94.0,0.8072781104477003,0.8811379689027266
inter,2.9897475,94.05000000000001,0.8033149710597982,0.8831595872300431
inter,2.9897475,94.10000000000001,0.8003094131249494,0.8837239856561723
inter,2.9897475,94.15,0.798528723280209,0.8829421557613298
inter,2.9897475,94.2,0.7982800617993536,0.8810064771292799
inter,2.9897475,94.25,0.7998808028858708,0.8780848140779121
inter,2.9897475,94.30000000000001,0.803596777574013,0.8743321449133071
inter,2.9897475,94.35000000000001,0.8095503405428482,0.8698818184623827
inter,2.9897475,94.4,0.817618106830033,0.8648510624360493
inter,2.9897475,94.45,0.8273639738056702,0.8593505697139321
inter,2.9897475,94.5,0.8380526748355144,0.853489193964918
inter,2.9897475,94.55000000000001,0.8487811265335922,0.8473738494698805
inter,2.9897475,94.60000000000001,0.8586859822429693,0.841107219727736
inter,2.9897475,94.65,0.8671448301623322,0.8347865994653862
inter,2.9897475,94.7,0.8738524692647665,0.8285050502465642
inter,2.9897475,94.75,0.8787541074763268,0.8223543835213658
inter,2.9897475,94.80000000000001,0.8819294733579226,0.8164294270527356
inter,2.9897475,94.85000000000001,0.8835111197462204,0.810833165709413
inter,2.9897475,94.9,0.8836549265095307,0.8056827254127904
inter,2.9897475,94.95,0.8825279283512928,0.8011167847945426
inter,2.9897475,95.0,0.8802985720786519,0.7973055563522505
inter,2.9897475,95.05000000000001,0.8771267282909749,0.7944643988394431
inter,2.9897475,95.10000000000001,0.8731573328400943,0.7928653759939865
inter,2.9897475,95.15,0.8685203862234551,0.7928249895287731
inter,2.9897475,95.2,0.8633348036143748,0.7946638325272378
inter,2.9897475,95.25,0.8577126354417882,0.7986582990284893
inter,2.9897475,95.30000000000001,0.8517617247838124,0.804947746515607
inter,2.9897475,95.35000000000001,0.8455864238855633,0.8134153398427988
inter,2.9897475,95.4,0.8392872973729538,0.8236304371903146
inter,2.9897475,95.45,0.832960999131168,0.8348460595386361
inter,2.9897475,95.5,0.8267011272416981,0.8461592472625294
inter,2.9897475,95.55000000000001,0.8206004464645452,0.8565632234497785
inter,2.9897475,95.60000000000001,0.8147546908767915,0.8654571329872812
inter,2.9897475,95.65,0.8092681688592835,0.8725452090150783
inter,2.9897475,95.7,0.8042614042207339,0.8777890434964761
inter,2.9897475,95.75,0.7998808342474566,0.8812242070535781
inter,2.9897475,95.80000000000001,0.7963098950583858,0.88309866729741
inter,2.9897475,95.85000000000001,0.7937791155217916,0.8835009286530232
inter,2.9897475,95.9,0.7925701593081387,0.8826060862851495
inter,2.9897475,95.95,0.7930048844101716,0.880600278803006
inter,2.9897475,96.0,0.79540758367768,0.8776418224870541
inter,2.9897475,96.05000000000001,0.8000319916785616,0.8738820780053385
inter,2.9897475,96.10000000000001,0.8069582920954662,0.8694502318229849
inter,2.9897475,96.15,0.8159870761766158,0.8644609165755417
inter,2.9897475,96.2,0.8265836206408388,0.8590239503081504
inter,2.9897475,96.25,0.8379192278126841,0.8532489253985198
inter,2.9897475,96.30000000000001,0.8490381316328954,0.8472451741144549
inter,2.9897475,96.35000000000001,0.8590896032691876,0.8411200532978058
inter,2.9897475,96.4,0.8675176742517439,0.8349787363830723
inter,2.9897475,96.45,0.8741006610708107,0.828926559286794
inter,2.9897475,96.5,0.8788458123069645,0.8230735927891317
inter,2.9897475,96.55000000000001,0.8818670270299592,0.8175408717392246
inter,2.9897475,96.60000000000001,0.8833142565649968,0.8124672528250325
inter,2.9897475,96.65,0.8833536429949579,0.8080161277853175
inter,2.9897475,96.7,0.8821575046982133,0.8043829728687236
inter,2.9897475,96.75,0.8798950909485087,0.801806544809641
inter,2.9897475,96.80000000000001,0.8767232619149415,0.800575938611824
inter,2.9897475,96.85000000000001,0.8727821425150456,0.801005625041169
inter,2.9897475,96.9,0.8681978062480716,0.8033877908698319
inter,2.9897475,96.95,0.8630870987618277,0.8079302228843842
inter,2.9897475,97.0,0.8575622874783088,0.8146453362274139
inter,2.9897475,97.05000000000001,0.8517336993133839,0.8232713630806339
inter,2.9897475,97.10000000000001,0.8457104663249246,0.8332723541490148
inter,2.9897475,97.15,0.8396006609470092,0.8438720417898462
inter,2.9897475,97.2,0.8335121097609083,0.8541376858908025
inter,2.9897475,97.25,0.8275546839288342,0.863253060984931
inter,2.9897475,97.30000000000001,0.8218444350941578,0.870812544578312
inter,2.9897475,97.35000000000001,0.8165097225532009,0.8766037766593737
inter,2.9897475,97.4,0.8116992819690367,0.8806319225084654
inter,2.9897475,97.45,0.8075916737863085,0.8829501432837197
inter,2.9897475,97.5,0.8044044746345131,0.8838050317972398
inter,2.9897475,97.55000000000001,0.8023990952312156,0.8832805465583876
inter,2.9897475,97.60000000000001,0.8018745011855442,0.8815523468631782
inter,2.9897475,97.65,0.8031399681111092,0.8787961666158001
inter,2.9897475,97.7,0.8064580065159668,0.8751714234882325
inter,2.9897475,97.75,0.8119581250600167,0.8708167688979831
inter,2.9897475,97.80000000000001,0.8195394326610383,0.8658526920059766
inter,2.9897475,97.85000000000001,0.8288033943292669,0.8603912345391087
inter,2.9897475,97.9,0.8390602083954644,0.854541430077631
inter,2.9897475,97.95,0.84944495699411,0.8484098050649256
inter,2.9897475,98.0,0.8591110094699751,0.8420979527952819
inter,2.9897475,98.05000000000001,0.867425067651373,0.8357006231951443
inter,2.9897475,98.10000000000001,0.8740540698800108,0.8293059627641122
inter,2.9897475,98.15,0.8789144520067615,0.8229974653416705
inter,2.9897475,98.2,0.8820661440953541,0.8168569431631281
inter,2.9897475,98.25,0.8836299662919591,0.8109681466787643
inter,2.9897475,98.30000000000001,0.883754444260941,0.8054210865718585
inter,2.9897475,98.35000000000001,0.8826020610543278,0.8003177019124654
inter,2.9897475,98.4,0.8803390046606576,0.7957797421696757
inter,2.9897475,98.45,0.8771248777286833,0.7919597537545984
inter,2.9897475,98.5,0.8731057782906497,0.7890553799344938
inter,2.9897475,98.55000000000001,0.8684131613216168,0.7873222322142488
inter,2.9897475,98.60000000000001,0.8631668005459893,0.7870686891715084
inter,2.9897475,98.65,0.8574786430781235,0.7886233166037073
inter,2.9897475,98.7,0.8514552739898181,0.7922926197462299
inter,2.9897475,98.75,0.8451985251917147,0.7982874270734338
inter,2.9897475,98.80000000000001,0.8388049587862315,0.8065878836032531
inter,2.9897475,98.85000000000001,0.8323652896108821,0.8168514330881214
inter,2.9897475,98.9,0.8259644821656925,0.8283636344902768
inter,2.9897475,98.95,0.8196828489080824,0.8402197759654453
inter,2.9897475,99.0,0.8135982855688303,0.85146843118808
inter,2.9897475,99.05000000000001,0.8077897996922743,0.8612255705815122
inter,2.9897475,99.10000000000001,0.8023426025725192,0.8692123135541892
inter,2.9897475,99.15,0.7973551178696983,0.87530434722436
inter,2.9897475,99.2,0.7929481770321897,0.879541559042251
inter,2.9897475,99.25,0.7892762757749793,0.8821320571954643
inter,2.9897475,99.30000000000001,0.786539494114618,0.8832050899921906
inter,2.9897475,99.35000000000001,0.7849926125726997,0.8829229506555994
inter,2.9897475,99.4,0.7849440731918409,0.8814861237597503
inter,2.9897475,99.45,0.786733447446149,0.8790427436730676
inter,2.9897475,99.5,0.7906748318585117,0.8757478643348062
inter,2.9897475,99.55000000000001,0.7969633984259595,0.8717394102177736
inter,2.9897475,99.60000000000001,0.8055585713596212,0.8671354360496554
inter,2.9897475,99.65,0.8160876763126935,0.8620462148462994
inter,2.9897475,99.7,0.8278322865539303,0.8565818958284258
inter,2.9897475,99.75,0.839832794248207,0.8508549939331387
inter,2.9897475,99.80000000000001,0.8511189965383616,0.8449797031369157
inter,2.9897475,99.85000000000001,0.8609472397362472,0.8390715072466749
inter,2.9897475,99.9,0.8689362043007093,0.8332492325922414
inter,2.9897475,99.95,0.8750132227777778,0.8276398127463613
pre,2.989784,0.0,0.8002715843541558,0.8534098202215847
pre,2.989784,0.05,0.797865943086544,0.8634855484330104
pre,2.989784,0.1,0.7968350537758596,0.8716602779964279
pre,2.989784,0.15000000000000002,0.7974986048899081,0.8778348548842415
pre,2.989784,0.2,0.800162159107473,0.8820895681715573
pre,2.989784,0.25,0.8050383819216596,0.884751348296511
pre,2.989784,0.30000000000000004,0.8121454299187285,0.8858795839194777
pre,2.989784,0.35000000000000003,0.8212128122755735,0.8857522951043183
pre,2.989784,0.4,0.8316466851665508,0.8845236072723426
pre,2.989784,0.45,0.84259922470041,0.8823047986485726
pre,2.989784,0.5,0.8531495726851709,0.8792489794470867
pre,2.989784,0.55,0.8625227214634205,0.8754920665137087
pre,2.989784,0.6000000000000001,0.8702492604855585,0.8711435330196017
pre,2.989784,0.65,0.8761601407635162,0.8663049553753523
pre,2.989784,0.7000000000000001,0.88028394744326,0.861080677668431
pre,2.989784,0.75,0.8827349387979602,0.8555813015613761
pre,2.989784,0.8,0.8836605282529405,0.8499231350363754
pre,2.989784,0.8500000000000001,0.8832249223946541,0.8442273204188787
pre,2.989784,0.9,0.8815980867204716,0.8386212734793812
pre,2.989784,0.9500000000000001,0.8789459665983588,0.8332429521266009
pre,2.989784,1.0,0.8754213537172986,0.8282467639961241
pre,2.989784,1.05,0.8711613736072635,0.823807898615912
pre,2.989784,1.1,0.8662899481906376,0.8201227546439023
pre,2.989784,1.1500000000000001,0.8609221435216521,0.8174131958088987
pre,2.989784,1.2000000000000002,0.855167978951973,0.8159404617302166
pre,2.989784,1.25,0.8491341947796976,0.8159877020890702
pre,2.989784,1.3,0.8429243900797103,0.817790735883624
pre,2.989784,1.35,0.8366387560728182,0.821481113794616
pre,2.989784,1.4000000000000001,0.8303744799532076,0.8270400455219943
pre,2.989784,1.4500000000000002,0.824227428408147,0.8342106745626178
pre,2.989784,1.5,0.8182953993590848,0.8424971714424
pre,2.989784,1.55,0.8126831463329912,0.8512487640509814
pre,2.989784,1.6,0.807509385940889,0.8597355482113396
pre,2.989784,1.6500000000000001,0.8029158601801224,0.8673377420116106
pre,2.989784,1.7000000000000002,0.7990779870804126,0.8735953263853402
pre,2.989784,1.75,0.7962152198973071,0.8783269594742229
pre,2.989784,1.8,0.7945967648767391,0.8815332535235583
pre,2.989784,1.85,0.7945348714175157,0.8831934508308403
pre,2.989784,1.9000000000000001,0.7963546480936076,0.8834577880417858
pre,2.989784,1.9500000000000002,0.8003300317279416,0.8824679008638329
pre,2.989784,2.0,0.8065884010855285,0.8803480642391256
pre,2.989784,2.0500000000000003,0.8150033158815762,0.8772515968277856
pre,2.989784,2.1,0.8251242052971842,0.8733262900727269
pre,2.989784,2.15,0.8361917335640369,0.8687042065899802
pre,2.989784,2.2,0.8472725671620857,0.8635064946261902
pre,2.989784,2.25,0.8574832029533875,0.8578492712461511
pre,2.989784,2.3000000000000003,0.8661924511336231,0.8518453974039806
pre,2.989784,2.35,0.8731045171745483,0.8456022879415018
pre,2.989784,2.4000000000000004,0.8781785160432609,0.8392190336414381
pre,2.989784,2.45,0.8815064747751317,0.8327857954592919
pre,2.989784,2.5,0.8832292858295553,0.8263855303035121
pre,2.989784,2.5500000000000003,0.883507890491538,0.8200967198250951
pre,2.989784,2.6,0.8825124288001371,0.8139962262938961
pre,2.989784,2.6500000000000004,0.8804128474104729,0.8081622199967815
pre,2.989784,2.7,0.8773692770791474,0.8026778885476961
pre,2.989784,2.75,0.8735260727582085,0.7976369023594096
pre,2.989784,2.8000000000000003,0.8690124021215165,0.7931515859349426
pre,2.989784,2.85,0.8639467558339451,0.7893648429417692
pre,2.989784,2.9000000000000004,0.8584416385057574,0.7864662410996845
pre,2.989784,2.95,0.8526065190346525,0.7847073292520885
pre,2.989784,3.0,0.846548761995574,0.7843965732506772
pre,2.989784,3.0500000000000003,0.8403735925324667,0.7858581711215537
pre,2.989784,3.1,0.8341843934041241,0.789395547524746
pre,2.989784,3.1500000000000004,0.8280842157553664,0.7952437649670383
pre,2.989784,3.2,0.822178939701903,0.8034350967440786
pre,2.989784,3.25,0.8165823042625998,0.8136633853289149
pre,2.989784,3.3000000000000003,0.8114229490617013,0.8252371364725042
pre,2.989784,3.35,0.8068533345827358,0.8372530491208907
pre,2.989784,3.4000000000000004,0.8030599901649181,0.8488193035505804
pre,2.989784,3.45,0.8002725181247335,0.8589321167612363
pre,2.989784,3.5,0.7987668925039728,0.8672998754418749
pre,2.989784,3.5500000000000003,0.7988546382331905,0.8737733043136586
pre,2.989784,3.6,0.8008473891378556,0.8784168637248878
pre,2.989784,3.6500000000000004,0.8049881451243377,0.8813598898867027
pre,2.989784,3.7,0.8113566424731684,0.8827959376185961
pre,2.989784,3.75,0.8197694579511072,0.8828457043925432
pre,2.989784,3.8000000000000003,0.8297266979954078,0.8817139985962295
pre,2.989784,3.85,0.8404497565511244,0.8795517290312158
pre,2.989784,3.9000000000000004,0.8510279600736531,0.8765158736395312
pre,2.989784,3.95,0.8606398074220986,0.872747009366159
pre,2.989784,4.0,0.8687249503820608,0.8683623823489653
pre,2.989784,4.05,0.8750383376436421,0.8634711864647204
pre,2.989784,4.1000000000000005,0.8795596945590356,0.8581837954582786
pre,2.989784,4.15,0.8823819717574963,0.852614460888381
pre,2.989784,4.2,0.8836427933537166,0.8468803497509018
pre,2.989784,4.25,0.8835000982875034,0.8411007909640064
pre,2.989784,4.3,0.8821221576513876,0.835399244458189
pre,2.989784,4.3500000000000005,0.8796758623054423,0.829908188721938
pre,2.989784,4.4,0.8763177727931107,0.824775654918324
pre,2.989784,4.45,0.8721896326796044,0.8201706760012071
pre,2.989784,4.5,0.8674188226279566,0.8162857007975907
pre,2.989784,4.55,0.8621223470305895,0.8133418673356281
pre,2.989784,4.6000000000000005,0.8564109193707496,0.8116042626709857
pre,2.989784,4.65,0.8503911322348915,0.8113729605896431
pre,2.989784,4.7,0.8441657873825312,0.8129166944184576
pre,2.989784,4.75,0.8378334590271905,0.8164133057504034
pre,2.989784,4.800000000000001,0.8314883943034611,0.8219019388790155
pre,2.989784,4.8500000000000005,0.8252214304137813,0.8291816708217263
pre,2.989784,4.9,0.8191222427945839,0.8377886631263028
pre,2.989784,4.95,0.8132831159362071,0.8470723125447113
pre,2.989784,5.0,0.8078044702660914,0.8562458474422245
pre,2.989784,5.050000000000001,0.8028024125994945,0.864586483046156
pre,2.989784,5.1000000000000005,0.7984183867061536,0.8715972658292528
pre,2.989784,5.15,0.7948303680203572,0.877024218887539
pre,2.989784,5.2,0.7922634242880107,0.880838346205795
pre,2.989784,5.25,0.7909948859728512,0.8830381219957829
pre,2.989784,5.300000000000001,0.7913453918670965,0.8837684211818391
pre,2.989784,5.3500000000000005,0.7936438912315154,0.8831835997337742
pre,2.989784,5.4,0.7981574386753842,0.8814009756647413
pre,2.989784,5.45,0.8049890338824492,0.8785834851819789
pre,2.989784,5.5,0.8139689947079646,0.8748892235106391
pre,2.989784,5.550000000000001,0.8245886169991448,0.8704564334259495
pre,2.989784,5.6000000000000005,0.83603569713305,0.8654075652248666
pre,2.989784,5.65,0.8473454784170729,0.8598577904836056
pre,2.989784,5.7,0.8576430391136374,0.8539189962235764
pre,2.989784,5.75,0.8663378927425633,0.8476986540880065
pre,2.989784,5.800000000000001,0.8731821211615262,0.8412963536730338
pre,2.989784,5.8500000000000005,0.8781733011997088,0.8348017165133835
pre,2.989784,5.9,0.8814221189476047,0.828294792622948
pre,2.989784,5.95,0.8830789444550823,0.8218477431318408
pre,2.989784,6.0,0.8833100842748165,0.815526581889761
pre,2.989784,6.050000000000001,0.8822892090356538,0.8093925869108813
pre,2.989784,6.1000000000000005,0.8801862267495552,0.8035038138930041
pre,2.989784,6.15,0.8771585894657443,0.7979175088843782
pre,2.989784,6.2,0.8733477277286024,0.792694031519539
pre,2.989784,6.25,0.8688804461806137,0.7879026606821509
pre,2.989784,6.300000000000001,0.8638738985410842,0.7836295884233515
pre,2.989784,6.3500000000000005,0.8584407301497484,0.7799884869793277
pre,2.989784,6.4,0.852692001033914,0.7771338540815093
pre,2.989784,6.45,0.8467380974164829,0.7752752561120833
pre,2.989784,6.5,0.8406889404349327,0.7746834381985218
pre,2.989784,6.550000000000001,0.8346548256688395,0.7756731028417901
pre,2.989784,6.6000000000000005,0.8287487410984012,0.7785692664155774
pre,2.989784,6.65,0.8230905528941987,0.7836815015237166
pre,2.989784,6.7,0.817813182533232,0.7911945529828022
pre,2.989784,6.75,0.8130706487995969,0.8010218665038917
pre,2.989784,6.800000000000001,0.8090472774098125,0.8126609127554183
pre,2.989784,6.8500000000000005,0.8059661409460368,0.8251838240805347
pre,2.989784,6.9,0.8040924722131157,0.8377452180910203
pre,2.989784,6.95,0.8037249282211055,0.8494090922739838
pre,2.989784,7.0,0.8051649887622491,0.8593809181522093
pre,2.989784,7.050000000000001,0.8086568377715516,0.8674600631545171
pre,2.989784,7.1000000000000005,0.8143007483511144,0.8736582740456604
pre,2.989784,7.15,0.8219600282203162,0.8780011283790682
pre,2.989784,7.2,0.8312022851676186,0.8807804731610794
pre,2.989784,7.25,0.8413207267292375,0.8820655886170897
pre,2.989784,7.300000000000001,0.8514590408745382,0.8820882539342727
pre,2.989784,7.3500000000000005,0.8608037680628368,0.8809944328216877
pre,2.989784,7.4,0.8687680185786941,0.8789214918998078
pre,2.989784,7.45,0.8750520594522533,0.8760273410189481
pre,2.989784,7.5,0.8795922333728614,0.8724434880123861
pre,2.989784,7.550000000000001,0.8824525864819021,0.8682810101500394
pre,2.989784,7.6000000000000005,0.8837535186474864,0.8636470010367443
pre,2.989784,7.65,0.8836428178653749,0.8586530874704991
pre,2.989784,7.7,0.8822818966539364,0.8534180688380014
pre,2.989784,7.75,0.8798351107122145,0.8480676573341562
pre,2.989784,7.800000000000001,0.8764597185279942,0.8427346848805581
pre,2.989784,7.8500000000000005,0.872299367370845,0.8375616598078717
pre,2.989784,7.9,0.8674837030321476,0.8327054791520138
pre,2.989784,7.95,0.8621311836779294,0.8283417885339307
pre,2.989784,8.0,0.8563524898587193,0.8246646319699633
pre,2.989784,8.05,0.8502525894952135,0.8218856428849353
pre,2.989784,8.1,0.8439310224900649,0.82024609140615
pre,2.989784,8.15,0.8374811683151456,0.8200144295382455
pre,2.989784,8.200000000000001,0.8309894727716602,0.8214268136112588
pre,2.989784,8.25,0.8245352526819157,0.8246147221149589
pre,2.989784,8.3,0.818191305288356,0.8295778857675433
pre,2.989784,8.35,0.812025372766592,0.8361069938396521
pre,2.989784,8.4,0.8061025345122041,0.8437625615048998
pre,2.989784,8.450000000000001,0.8004887159483989,0.8519460952971014
pre,2.989784,8.5,0.7952556331092289,0.8599909002292634
pre,2.989784,8.55,0.7904875353986304,0.8672903676535965
pre,2.989784,8.6,0.7862902365659256,0.8733719607890443
pre,2.989784,8.65,0.7828021970909977,0.8780268116498102
pre,2.989784,8.700000000000001,0.7802069575347906,0.8812193941531691
pre,2.989784,8.75,0.7787437924508123,0.8829454393647023
pre,2.989784,8.8,0.7787101143857659,0.8832800986254763
pre,2.989784,8.85,0.7804450458038634,0.882381211499672
pre,2.989784,8.9,0.7842805644758993,0.8803689302699138
pre,2.989784,8.950000000000001,0.7904537025947013,0.8773827047255672
pre,2.989784,9.0,0.7989888580234824,0.8735643933125716
pre,2.989784,9.05,0.8095905999622168,0.8690457153761639
pre,2.989784,9.1,0.8216010681735586,0.8639498033291735
pre,2.989784,9.15,0.8340828564083598,0.8583954529108535
pre,2.989784,9.200000000000001,0.8460262161689535,0.8524987252732803
pre,2.989784,9.25,0.8566100701185805,0.8463712521662772
pre,2.989784,9.3,0.8653734380130031,0.8401180565595318
pre,2.989784,9.35,0.8721960613659532,0.8338377720686253
pre,2.989784,9.4,0.8771592947154518,0.8276254857329026
pre,2.989784,9.450000000000001,0.8804140489670548,0.8215770568836107
pre,2.989784,9.5,0.8821293158129496,0.8157940139813886
pre,2.989784,9.55,0.8824809113393716,0.8103886550707926
pre,2.989784,9.600000000000001,0.8816433300318937,0.8054898205543114
pre,2.989784,9.65,0.8797800267644994,0.8012508656433074
pre,2.989784,9.700000000000001,0.8770378526178386,0.7978627748610546
pre,2.989784,9.75,0.8735473424209329,0.795572645019198
pre,2.989784,9.8,0.8694272191882955,0.7946877578278886
pre,2.989784,9.850000000000001,0.8647910965818552,0.795530743090763
pre,2.989784,9.9,0.8597529270639437,0.7983844963520359
pre,2.989784,9.950000000000001,0.8544296559728995,0.8034604015268788
pre,2.989784,10.0,0.8489421729898383,0.8107742203179266
pre,2.989784,10.05,0.8434161424714937,0.8200452080456421
pre,2.989784,10.100000000000001,0.8379839887835627,0.8306762680834685
pre,2.989784,10.15,0.83278861549106,0.8418324415846865
pre,2.989784,10.200000000000001,0.8279887874920181,0.8525664558411711
pre,2.989784,10.25,0.8237654684796543,0.8619945118508959
pre,2.989784,10.3,0.8203274803942527,0.8697761511380764
pre,2.989784,10.350000000000001,0.8179133795618059,0.8757432653894174
pre,2.989784,10.4,0.8167844331207514,0.8799497753586918
pre,2.989784,10.450000000000001,0.8172021698532268,0.882438595800447
pre,2.989784,10.5,0.8193846888135323,0.8834642812076026
pre,2.989784,10.55,0.8234426009178469,0.8830993811810035
pre,2.989784,10.600000000000001,0.8293078406745358,0.8815365884510966
pre,2.989784,10.65,0.8366814433650259,0.878948827718368
pre,2.989784,10.700000000000001,0.8450333194431845,0.8754957159592992
pre,2.989784,10.75,0.8536772141979472,0.8713150095455295
pre,2.989784,10.8,0.8619065522259995,0.8665245625425455
pre,2.989784,10.850000000000001,0.8691388324399096,0.8612351956930733
pre,2.989784,10.9,0.8750052772778975,0.8555572229930986
pre,2.989784,10.950000000000001,0.8793431206286673,0.8496008568621274
pre,2.989784,11.0,0.88213617018927,0.8434736771880179
pre,2.989784,11.05,0.8834504001372208,0.8372791476376514
pre,2.989784,11.100000000000001,0.8833955386321739,0.8311180206984667
pre,2.989784,11.15,0.8821071641064118,0.8250921346930689
pre,2.989784,11.200000000000001,0.8797328614268212,0.8193095485009909
pre,2.989784,11.25,0.8764217037165107,0.8138901300183187
pre,2.989784,11.3,0.8723165466889983,0.8089712558092292
pre,2.989784,11.350000000000001,0.8675501247438852,0.8047145764255553
pre,2.989784,11.4,0.8622451057205799,0.8013172327311469
pre,2.989784,11.450000000000001,0.8565159496084077,0.7990297174767259
pre,2.989784,11.5,0.8504706564082694,0.7981603105819147
pre,2.989784,11.55,0.8442115775535036,0.7990276733966101
pre,2.989784,11.600000000000001,0.8378355186168,0.8019022187901418
pre,2.989784,11.65,0.8314338163405622,0.8069708598536872
pre,2.989784,11.700000000000001,0.8250930089269202,0.8142149765392653
pre,2.989784,11.75,0.8188964971475132,0.8233236523225003
pre,2.989784,11.8,0.8129274574410945,0.8336966507771031
pre,2.989784,11.850000000000001,0.8072732648291296,0.8445120787482392
pre,2.989784,11.9,0.8020317389706901,0.8548161424201839
pre,2.989784,11.950000000000001,0.7973195096825468,0.8638332718890607
pre,2.989784,12.0,0.7932825282208322,0.8712104024372989
pre,2.989784,12.05,0.7901077540319701,0.876807993123681
pre,2.989784,12.100000000000001,0.7880333812029101,0.8806690371700924
pre,2.989784,12.15,0.7873516663452509,0.8828470739703729
pre,2.989784,12.200000000000001,0.7883941968644478,0.883582796403658
pre,2.989784,12.25,0.7914874811181979,0.8829535956944676
pre,2.989784,12.3,0.7968711815773761,0.8811446069058395
pre,2.989784,12.350000000000001,0.8045868645889426,0.8783302938960976
pre,2.989784,12.4,0.8143734570279034,0.8746687857997182
pre,2.989784,12.450000000000001,0.8256192767619474,0.8702944326667085
pre,2.989784,12.5,0.8374335644637311,0.8653240849040034
pre,2.989784,12.55,0.8488313300203157,0.8598686284442386
pre,2.989784,12.600000000000001,0.8589878755539254,0.85403786690576
pre,2.989784,12.65,0.867407358988839,0.8479396810860427
pre,2.989784,12.700000000000001,0.873929972330993,0.8416769432174924
pre,2.989784,12.75,0.8786061534688381,0.8353459693566841
pre,2.989784,12.8,0.8815695517848847,0.8290377052255438
pre,2.989784,12.850000000000001,0.8829802986699534,0.8228407406746299
pre,2.989784,12.9,0.8830104226660062,0.8168451197374591
pre,2.989784,12.950000000000001,0.8818347697051977,0.8111465023239084
pre,2.989784,13.0,0.8796206930112964,0.8058509878763558
pre,2.989784,13.05,0.8765204193251185,0.8010815185198791
pre,2.989784,13.100000000000001,0.8726699294657339,0.7969873705232858
pre,2.989784,13.15,0.8681919942628308,0.7937588331021816
pre,2.989784,13.200000000000001,0.8632019462816589,0.7916450347924208
pre,2.989784,13.25,0.8578126804631581,0.7909544288829007
pre,2.989784,13.3,0.8521371864011628,0.7920105055964138
pre,2.989784,13.350000000000001,0.8462893152024147,0.7951033652896133
pre,2.989784,13.4,0.8403842937178984,0.8004529047107172
pre,2.989784,13.450000000000001,0.8345402632175004,0.808079564482048
pre,2.989784,13.5,0.8288815504249308,0.8176946779985906
pre,2.989784,13.55,0.8235439034343551,0.8286741423735751
pre,2.989784,13.600000000000001,0.8186815652186935,0.8401556876010621
pre,2.989784,13.65,0.8144755394946656,0.8512002246053876
pre,2.989784,13.700000000000001,0.8111413441068428,0.8608781273747643
pre,2.989784,13.75,0.8089326626978761,0.8688719537364413
pre,2.989784,13.8,0.808134605316769,0.8750187640370748
pre,2.989784,13.850000000000001,0.8090381837337367,0.8793781192893346
pre,2.989784,13.9,0.811888396465212,0.8820231334323437
pre,2.989784,13.950000000000001,0.8168064651265518,0.8831901748977433
pre,2.989784,14.0,0.823703442539555,0.8829622327965921
pre,2.989784,14.05,0.8322184069876353,0.8815398006246115
pre,2.989784,14.100000000000001,0.84172213172256,0.8790898128306086
pre,2.989784,14.15,0.851418309568385,0.8757710169361161
pre,2.989784,14.200000000000001,0.8605127543951947,0.8717219572503894
pre,2.989784,14.25,0.8683889941592549,0.8670601872002752
pre,2.989784,14.3,0.8746974878849317,0.8618959504183272
pre,2.989784,14.350000000000001,0.8793223105373688,0.8563395976046648
pre,2.989784,14.4,0.8822941122072548,0.8505027226390824
pre,2.989784,14.450000000000001,0.8837135789899752,0.844496102626678
pre,2.989784,14.5,0.8837154720728596,0.8384284340240243
pre,2.989784,14.55,0.8824526976337003,0.8324079834542777
pre,2.989784,14.600000000000001,0.880085384356608,0.8265469141361814
pre,2.989784,14.65,0.8767699119833545,0.8209672104837052
pre,2.989784,14.700000000000001,0.8726517152303652,0.815806843602122
pre,2.989784,14.75,0.8678629099258711,0.8112251963973608
pre,2.989784,14.8,0.8625239480775497,0.8074093143061394
pre,2.989784,14.850000000000001,0.8567466031119979,0.8045867796475372
pre,2.989784,14.9,0.850635984551778,0.8030415243808768
pre,2.989784,14.950000000000001,0.8442909442228604,0.803091604368648
pre,2.989784,15.0,0.8378033692263496,0.8050207466932092
pre,2.989784,15.05,0.831257204151523,0.8090370070909558
pre,2.989784,15.100000000000001,0.8247277903442298,0.8151941041086797
pre,2.989784,15.15,0.8182817297954198,0.8232893468661067
pre,2.989784,15.200000000000001,0.8119772542866809,0.8328278502436307
pre,2.989784,15.25,0.8058650310668943,0.8430960500235216
pre,2.989784,15.3,0.7999893862761732,0.8532062769640429
pre,2.989784,15.350000000000001,0.7943900052907469,0.8623087563240847
pre,2.989784,15.4,0.7891042448208074,0.8699552844320565
pre,2.989784,15.450000000000001,0.7841702631720628,0.8758871739037787
pre,2.989784,15.5,0.779631287378531,0.8801160811587992
pre,2.989784,15.55,0.7755413878145107,0.8826280526185502
pre,2.989784,15.600000000000001,0.7719732001204115,0.8836620474141768
pre,2.989784,15.65,0.7690278587976056,0.8833183015882814
pre,2.989784,15.700000000000001,0.7668468748066241,0.8817387549927675
pre,2.989784,15.75,0.7656244053396666,0.8791029286403002
pre,2.989784,15.8,0.7656157097585691,0.8755748817246854
pre,2.989784,15.850000000000001,0.7671336314289772,0.8712959481834941
pre,2.989784,15.9,0.7705208692385135,0.8663875441527513
pre,2.989784,15.950000000000001,0.7760862484939496,0.8609624925430139
pre,2.989784,16.0,0.784002346070008,0.8551310289571634
pre,2.989784,16.05,0.7941847746883605,0.8490007290115379
pre,2.989784,16.1,0.806199861048055,0.8426731968769943
pre,2.989784,16.150000000000002,0.8192689142626647,0.8362415273264818
pre,2.989784,16.2,0.8323926230288481,0.8297903371147948
pre,2.989784,16.25,0.8446071752067925,0.8233975594624852
pre,2.989784,16.3,0.8552172410560499,0.8171367490810828
pre,2.989784,16.35,0.863913855200603,0.8110793504976657
pre,2.989784,16.400000000000002,0.87068364716407,0.8052972206280239
pre,2.989784,16.45,0.8756563508610745,0.7998662365469528
pre,2.989784,16.5,0.8789999801451567,0.794871815527316
pre,2.989784,16.55,0.8808872463367514,0.7904170783093372
pre,2.989784,16.6,0.8814890486482447,0.7866344006393873
pre,2.989784,16.650000000000002,0.880968571283773,0.7837006069548468
pre,2.989784,16.7,0.8794741633945339,0.7818522611061688
pre,2.989784,16.75,0.8771357248022903,0.7813858916915103
pre,2.989784,16.8,0.8740695220169686,0.7826255611780844
pre,2.989784,16.85,0.8703850317396156,0.7858846445840714
pre,2.989784,16.900000000000002,0.8661914567835985,0.7914303451391383
pre,2.989784,16.95,0.8616023678491792,0.7993525075728228
pre,2.989784,17.0,0.8567376257538344,0.8094244140688172
pre,2.989784,17.05,0.8517239021755233,0.8210168976060258
pre,2.989784,17.1,0.8466954309041379,0.8332120361105673
pre,2.989784,17.150000000000002,0.8417959679127365,0.8451620944659685
pre,2.989784,17.2,0.837182141651282,0.8558112252501361
pre,2.989784,17.25,0.833027639027989,0.8647410513468715
pre,2.989784,17.3,0.8295268775556339,0.8717523900888335
pre,2.989784,17.35,0.8268957748288722,0.8769338416121762
pre,2.989784,17.400000000000002,0.8253658932439926,0.8803416585172504
pre,2.989784,17.45,0.825167204903257,0.882232016698448
pre,2.989784,17.5,0.8264954581681869,0.8826938728617272
pre,2.989784,17.55,0.8294638316696874,0.8819436404999551
pre,2.989784,17.6,0.8340476967634345,0.880128904419365
pre,2.989784,17.650000000000002,0.8400394385122444,0.8774036509447105
pre,2.989784,17.7,0.8470392886069418,0.8739153592790165
pre,2.989784,17.75,0.8544984868956356,0.8697850262446067
pre,2.989784,17.8,0.8618128789960183,0.8651220038630076
pre,2.989784,17.85,0.8684402011455565,0.8600356397664137
pre,2.989784,17.900000000000002,0.8739834622055276,0.8546398243123523
pre,2.989784,17.95,0.8782183993997631,0.8490529816658083
pre,2.989784,18.0,0.8810645514478657,0.8433971864544327
pre,2.989784,18.05,0.8825365312032306,0.8377994402096769
pre,2.989784,18.1,0.8827072803697292,0.8323959042526801
pre,2.989784,18.150000000000002,0.8816844418346701,0.8273380896874081
pre,2.989784,18.2,0.8795959888969419,0.8227981488620573
pre,2.989784,18.25,0.8765790847239298,0.8189703378541446
pre,2.989784,18.3,0.8727712905967064,0.8160742345581316
pre,2.989784,18.35,0.8683053713561307,0.8143690397538921
pre,2.989784,18.400000000000002,0.8633076397709213,0.814146299406953
pre,2.989784,18.45,0.8578987089348263,0.8156648349236731
pre,2.989784,18.5,0.852195186178477,0.8190869949851252
pre,2.989784,18.55,0.8463114276301018,0.8244373985191271
pre,2.989784,18.6,0.8403613047410394,0.8315068014016654
pre,2.989784,18.650000000000002,0.8344604882903793,0.8398335518286337
pre,2.989784,18.7,0.8287298839026596,0.8487799289407243
pre,2.989784,18.75,0.8233007002861247,0.8575966290703756
pre,2.989784,18.8,0.8183213182381605,0.8656079331717649
pre,2.989784,18.85,0.8139655918566457,0.8723144619886565
pre,2.989784,18.900000000000002,0.8104412207154004,0.8774826723226761
pre,2.989784,18.95,0.8079950283160374,0.8810816051263177
pre,2.989784,19.0,0.8069092713384847,0.8831087042264741
pre,2.989784,19.05,0.8074807968249952,0.8836877020334726
pre,2.989784,19.1,0.8099744224349238,0.8829777585529779
pre,2.989784,19.150000000000002,0.8145486692962061,0.8810963045752909
pre,2.989784,19.200000000000003,0.8211660694007897,0.8781990165816416
pre,2.989784,19.25,0.829521295829333,0.8744392359825821
pre,2.989784,19.3,0.8390281240091874,0.8699529559578838
pre,2.989784,19.35,0.8488984239606199,0.8648626316917887
pre,2.989784,19.400000000000002,0.8583105975885251,0.8592843531949009
pre,2.989784,19.450000000000003,0.8665901971685368,0.8533309538554588
pre,2.989784,19.5,0.8733301901246943,0.8471105140707462
pre,2.989784,19.55,0.8783763747487733,0.8407231155127093
pre,2.989784,19.6,0.8817411380251164,0.8342593344440711
pre,2.989784,19.650000000000002,0.8835187791737229,0.8278012263346358
pre,2.989784,19.700000000000003,0.8838412199947557,0.8214245453636483
pre,2.989784,19.75,0.8828608072062079,0.8152011035524152
pre,2.989784,19.8,0.8807388119819684,0.8092010046164329
pre,2.989784,19.85,0.8776338988668946,0.8034953008887241
pre,2.989784,19.900000000000002,0.8736945171705996,0.7981599783332056
pre,2.989784,19.950000000000003,0.8690556504041363,0.7932820499273201
pre,2.989784,20.0,0.8638398911717307,0.7889684464886653
pre,2.989784,20.05,0.858160548591977,0.7853583829501525
pre,2.989784,20.1,0.8521241152104454,0.7826390543237915
pre,2.989784,20.150000000000002,0.8458310454259014,0.7810594687939183
pre,2.989784,20.200000000000003,0.8393752058339584,0.7809248358663968
pre,2.989784,20.25,0.8328428909610952,0.7825595833126153
pre,2.989784,20.3,0.8263120945960771,0.78627465733888
pre,2.989784,20.35,0.819852326372997,0.7923158711329793
pre,2.989784,20.400000000000002,0.8135249981955003,0.8007278950940847
pre,2.989784,20.450000000000003,0.8073843290434791,0.811206906423951
pre,2.989784,20.5,0.8014787620695875,0.823036423022906
pre,2.989784,20.55,0.7958529764230878,0.8352965999484905
pre,2.989784,20.6,0.7905506809118317,0.8471310454558034
pre,2.989784,20.650000000000002,0.7856184469634528,0.857502400789725
pre,2.989784,20.700000000000003,0.7811109261998528,0.8661125532539511
pre,2.989784,20.75,0.7770978925486426,0.8728075543035249
pre,2.989784,20.8,0.7736734732285144,0.8776588699532775
pre,2.989784,20.85,0.7709675696202648,0.8808069024308329
pre,2.989784,20.900000000000002,0.7691583840796704,0.8824359952515008
pre,2.989784,20.950000000000003,0.7684829125907051,0.8826825631335191
pre,2.989784,21.0,0.7692386284964954,0.8817502741034109
pre,2.989784,21.05,0.7717652084780937,0.8797808524081229
pre,2.989784,21.1,0.7763932614021816,0.8769303972958418
pre,2.989784,21.150000000000002,0.7833533500012586,0.873341516049106
pre,2.989784,21.200000000000003,0.7926568020506631,0.8691317600222068
pre,2.989784,21.25,0.8039873690278413,0.8644097061608891
pre,2.989784,21.3,0.8166653998827615,0.8592853224481755
pre,2.989784,21.35,0.8297391873191508,0.8538736072912665
pre,2.989784,21.400000000000002,0.8421946728402009,0.8482942451344563
pre,2.989784,21.450000000000003,0.8532308033241216,0.8426710058983803
pre,2.989784,21.5,0.8624090878328744,0.8371335693111811
pre,2.989784,21.55,0.8696388759010043,0.8318222054544266
pre,2.989784,21.6,0.8750169634797315,0.8268939839101999
pre,2.989784,21.650000000000002,0.8787043879780265,0.8225271632612662
pre,2.989784,21.700000000000003,0.8808742306684161,0.8189217074272263
pre,2.989784,21.75,0.8817007763537913,0.8163044530224498
pre,2.989784,21.8,0.8813521122719179,0.8149434581340205
pre,2.989784,21.85,0.8799842232837523,0.8151269094641098
pre,2.989784,21.900000000000002,0.8777361917122046,0.8170909896154794
pre,2.989784,21.950000000000003,0.8747304179672667,0.8209657170527067
pre,2.989784,22.0,0.8710796224671624,0.8267217936728795
pre,2.989784,22.05,0.8668939221200386,0.8340856321132544
pre,2.989784,22.1,0.8622860926227511,0.8425446331502097
pre,2.989784,22.150000000000002,0.85737425749924,0.8514330241992567
pre,2.989784,22.200000000000003,0.8522827645960677,0.8600063395111183
pre,2.989784,22.25,0.8471428510296464,0.8676482939295311
pre,2.989784,22.3,0.8420943353132446,0.8739083417850957
pre,2.989784,22.35,0.8372887979810014,0.8786159876512404
pre,2.989784,22.400000000000002,0.8328939509763461,0.8817827263370343
pre,2.989784,22.450000000000003,0.8290981382832592,0.8833876144464645
pre,2.989784,22.5,0.8261129285344051,0.8836027060086029
pre,2.989784,22.55,0.8241704283701323,0.8825611400622722
pre,2.989784,22.6,0.8235104698788648,0.8803910587889853
pre,2.989784,22.650000000000002,0.8243529185524815,0.8772487770992357
pre,2.989784,22.700000000000003,0.8268523671933045,0.8732826153819472
pre,2.989784,22.75,0.8310410105870204,0.8686241388542519
pre,2.989784,22.8,0.8367742811176582,0.8633938067049376
pre,2.989784,22.85,0.8437042046661051,0.8577070922172605
pre,2.989784,22.900000000000002,0.8513053144715417,0.8516761740912058
pre,2.989784,22.950000000000003,0.8589575093391925,0.8454076021487448
pre,2.989784,23.0,0.866064876262685,0.8389993356740992
pre,2.989784,23.05,0.8721650739320577,0.8325400653979242
pre,2.989784,23.1,0.8769745008814769,0.8261107933864043
pre,2.989784,23.150000000000002,0.8803734664387484,0.8197873099532729
pre,2.989784,23.200000000000003,0.882355924320334,0.813642697136625
pre,2.989784,23.25,0.8829841293966812,0.8077498328656487
pre,2.989784,23.3,0.8823603947692812,0.8021846166124039
pre,2.989784,23.35,0.8806114276906358,0.7970308414046596
pre,2.989784,23.400000000000002,0.8778753030861407,0.7923875180408079
pre,2.989784,23.450000000000003,0.8742921478391552,0.7883794596015851
pre,2.989784,23.5,0.8699976879045186,0.7851717309320149
pre,2.989784,23.55,0.865120526949341,0.7829860191353396
pre,2.989784,23.6,0.859782372186338,0.7821069757711044
pre,2.989784,23.650000000000002,0.854099608058318,0.7828569073375568
pre,2.989784,23.700000000000003,0.8481849857916532,0.7855530006726239
pre,2.989784,23.75,0.842149085295667,0.7904819085416088
pre,2.989784,23.8,0.836101937634215,0.7977857533802766
pre,2.989784,23.85,0.8301554757458526,0.8073295874091537
pre,2.989784,23.900000000000002,0.8244274127265148,0.8185854712302142
pre,2.989784,23.950000000000003,0.8190469336772502,0.8306682484201574
pre,2.989784,24.0,0.8141622889895022,0.8427215550817659
pre,2.989784,24.05,0.8099497970494408,0.8537276656213009
pre,2.989784,24.1,0.8066227929633166,0.8630614733089863
pre,2.989784,24.150000000000002,0.8044367030293355,0.8705004260810167
pre,2.989784,24.200000000000003,0.8036839909275266,0.8760938618080126
pre,2.989784,24.25,0.8046696739103492,0.8798552239514534
pre,2.989784,24.3,0.8076585451508563,0.8820819297054476
pre,2.989784,24.35,0.8127935649610497,0.882831911034947
pre,2.989784,24.400000000000002,0.8200011444943077,0.8823229080981181
pre,2.989784,24.450000000000003,0.8289208389939999,0.8807152286259033
pre,2.989784,24.5,0.838904056755793,0.8781590103177837
pre,2.989784,24.55,0.8491129844492237,0.8748070987119956
pre,2.989784,24.6,0.8587076610725166,0.8707858854541515
pre,2.989784,24.650000000000002,0.8670334646537473,0.866206248059908
pre,2.989784,24.700000000000003,0.873726740646597,0.8611769306665066
pre,2.989784,24.75,0.8786757895688887,0.8558104706571826
pre,2.989784,24.8,0.8819228635612445,0.8502238578232891
pre,2.989784,24.85,0.8835793849371033,0.8445374359053851
pre,2.989784,24.900000000000002,0.883787855344251,0.8388754751570353
pre,2.989784,24.950000000000003,0.882707390815233,0.8333697391255943
pre,2.989784,25.0,0.8805025491262233,0.8281654219288666
pre,2.989784,25.05,0.8773328155558372,0.8234271914194242
pre,2.989784,25.1,0.873345415304823,0.81934197680926
pre,2.989784,25.150000000000002,0.8686732481477348,0.8161207713240181
pre,2.989784,25.200000000000003,0.8634370572484216,0.8140104986997465
pre,2.989784,25.25,0.8577490850211813,0.8132997822154896
pre,2.989784,25.3,0.8517155630707723,0.8142682872941425
pre,2.989784,25.35,0.8454373511190852,0.8171149801313364
pre,2.989784,25.400000000000002,0.8390093439855516,0.8219207481193153
pre,2.989784,25.450000000000003,0.832519638157001,0.8285554541287976
pre,2.989784,25.5,0.8260491688231959,0.8366309959002445
pre,2.989784,25.55,0.8196721171200126,0.8455516760947394
pre,2.989784,25.6,0.81345715964226,0.8545850999447905
pre,2.989784,25.650000000000002,0.8074696153766561,0.8629898705554032
pre,2.989784,25.700000000000003,0.8017746481197285,0.8702222697863506
pre,2.989784,25.75,0.7964418137482457,0.8759523882369165
pre,2.989784,25.8,0.7915513344553996,0.8800841519227367
pre,2.989784,25.85,0.7872024782523626,0.8826482228719118
pre,2.989784,25.900000000000002,0.7835242057775091,0.8836874915990153
pre,2.989784,25.950000000000003,0.7806874100567889,0.8833979318652645
pre,2.989784,26.0,0.7789165099029576,0.8818878247667394
pre,2.989784,26.05,0.7784948288605569,0.8793072784436762
pre,2.989784,26.1,0.7797540549093491,0.8758147910652159
pre,2.989784,26.150000000000002,0.7830347387621868,0.8715526704763515
pre,2.989784,26.200000000000003,0.7886082309171052,0.8666468184183893
pre,2.989784,26.25,0.7965646771968712,0.861214533983294
pre,2.989784,26.3,0.8066969951533443,0.8553693935198263
pre,2.989784,26.35,0.8184360048063846,0.8492211491209792
pre,2.989784,26.400000000000002,0.8309011874766499,0.8428725785247424
pre,2.989784,26.450000000000003,0.8430735399187556,0.8364170848008365
pre,2.989784,26.5,0.854065764622225,0.8299388638010519
pre,2.989784,26.55,0.8633157345803263,0.8235147787657864
pre,2.989784,26.6,0.8706307947901962,0.8172166299624061
pre,2.989784,26.650000000000002,0.8760547515281678,0.8111132580526428
pre,2.989784,26.700000000000003,0.8797291134994343,0.8052727756302251
pre,2.989784,26.75,0.8818210601492383,0.7997657735515332
pre,2.989784,26.8,0.8825053085256575,0.7946703130697123
pre,2.989784,26.85,0.8819565527886879,0.79007934519067
pre,2.989784,26.900000000000002,0.8803416511496583,0.7861111765038248
pre,2.989784,26.950000000000003,0.877812555114699,0.7829234219594263
pre,2.989784,27.0,0.8745034841319742,0.7807288268612094
pre,2.989784,27.05,0.8705352980415394,0.7798030296620133
pre,2.989784,27.1,0.8660223566718389,0.7804645899302323
pre,2.989784,27.150000000000002,0.8610781969944442,0.783034864678751
pre,2.989784,27.200000000000003,0.8558188779539228,0.787813323530492
pre,2.989784,27.25,0.850364261444876,0.7949735348657921
pre,2.989784,27.3,0.844838735824765,0.804427285431699
pre,2.989784,27.35,0.8393728188082861,0.8156896471662344
pre,2.989784,27.400000000000002,0.8341064131819534,0.827880353960656
pre,2.989784,27.450000000000003,0.8291938012164582,0.8401386405065999
pre,2.989784,27.5,0.8248098405601415,0.8514975587976443
pre,2.989784,27.55,0.8211559936493079,0.8611925983878117
pre,2.989784,27.6,0.8184635605196092,0.8690091056478132
pre,2.989784,27.650000000000002,0.8169893837786478,0.8749562913972738
pre,2.989784,27.700000000000003,0.8169978713418108,0.879051372447772
pre,2.989784,27.75,0.8187230806817978,0.8815869252955482
pre,2.989784,27.8,0.8223086656914798,0.8826256350284001
pre,2.989784,27.85,0.827737421928667,0.882385504697302
pre,2.989784,27.900000000000002,0.8347701091818499,0.8810287050435663
pre,2.989784,27.950000000000003,0.8429307530394905,0.8786995149553782
pre,2.989784,28.0,0.8515625198072242,0.8755537872779454
pre,2.989784,28.05,0.8599486510615311,0.8717218477401629
pre,2.989784,28.1,0.8674667010119594,0.8673154306174089
pre,2.989784,28.150000000000002,0.8736907029910792,0.8624426844005629
pre,2.989784,28.200000000000003,0.8784110100563602,0.8572155531062945
pre,2.989784,28.25,0.8815820763991827,0.8517514384137624
pre,2.989784,28.3,0.8832533349217058,0.8461723806167616
pre,2.989784,28.35,0.8835259248807674,0.8406053056160465
pre,2.989784,28.400000000000002,0.8825303400970426,0.835185081812331
pre,2.989784,28.450000000000003,0.8804116518388021,0.8300600413551658
pre,2.989784,28.5,0.877319669833884,0.8253977512999523
pre,2.989784,28.55,0.8733992767879377,0.821387191079132
pre,2.989784,28.6,0.8687857990379613,0.8182392309508438
pre,2.989784,28.650000000000002,0.8636042514285812,0.8161975703831347
pre,2.989784,28.700000000000003,0.8579709734647106,0.8155443362191246
pre,2.989784,28.75,0.851995502571064,0.8165497046394933
pre,2.989784,28.8,0.8457816224662427,0.8193985898396094
pre,2.989784,28.85,0.8394275917472089,0.8241544463581205
pre,2.989784,28.900000000000002,0.8330261751149197,0.8306737652839693
pre,2.989784,28.950000000000003,0.8266651413085727,0.8385623783536631
pre,2.989784,29.0,0.8204286784010222,0.8472287375523284
pre,2.989784,29.05,0.814400007886451,0.8559623624865085
pre,2.989784,29.1,0.8086654487590338,0.8640650167322118
pre,2.989784,29.150000000000002,0.8033202377693744,0.8709999236331012
pre,2.989784,29.200000000000003,0.7984763971447018,0.8764672622208963
pre,2.989784,29.25,0.7942728399407052,0.8803734611113557
pre,2.989784,29.3,0.7908868598302157,0.8827463018281733
pre,2.989784,29.35,0.7885450854937277,0.8836262517144202
pre,2.989784,29.400000000000002,0.7875285739370017,0.8831995966370533
pre,2.989784,29.450000000000003,0.7881629577334968,0.8815796470191599
pre,2.989784,29.5,0.7907811770976036,0.8789116190754287
pre,2.989784,29.55,0.7956499011590343,0.8753489338434487
pre,2.989784,29.6,0.8028633385631405,0.8710308770592321
pre,2.989784,29.650000000000002,0.8122316716640814,0.8660826766398294
pre,2.989784,29.700000000000003,0.8232182678159423,0.8606221956281671
pre,2.989784,29.75,0.8349801925753499,0.854763868848338
pre,2.989784,29.8,0.846532884708343,0.8486181225888267
pre,2.989784,29.85,0.8569995756352123,0.8422883418882204
pre,2.989784,29.900000000000002,0.8658050732286949,0.8358690463843519
pre,2.989784,29.950000000000003,0.8727273907528624,0.8294467126197488
pre,2.989784,30.0,0.8777820631045649,0.8231022565869476
pre,2.989784,30.05,0.8810922882232933,0.8169139859639123
pre,2.989784,30.1,0.8828150516220415,0.8109605734228393
pre,2.989784,30.150000000000002,0.8831202530119598,0.8053244330762008
pre,2.989784,30.200000000000003,0.8821820559634925,0.8000964290420022
pre,2.989784,30.25,0.8801700742745584,0.7953829023885551
pre,2.989784,30.3,0.877240861509886,0.7913160943763715
pre,2.989784,30.35,0.8735337149521295,0.7880689363660605
pre,2.989784,30.400000000000002,0.8691736709153256,0.7858721082791034
pre,2.989784,30.450000000000003,0.8642772385353475,0.7850190147553644
pre,2.989784,30.5,0.8589575462559317,0.7858345504155089
pre,2.989784,30.55,0.853327377728899,0.78862947355943
pre,2.989784,30.6,0.8475002253920698,0.7936732635624605
pre,2.989784,30.650000000000002,0.8415907316051063,0.801072895582594
pre,2.989784,30.700000000000003,0.8357159083146921,0.8106457633390141
pre,2.989784,30.75,0.82999798213117,0.8218283911016474
pre,2.989784,30.8,0.8245691894592071,0.8337424175350037
pre,2.989784,30.85,0.8195784785505886,0.8455179228261591
pre,2.989784,30.900000000000002,0.8151996316450684,0.8561122984028351
pre,2.989784,30.950000000000003,0.8116394285195538,0.8650352884116485
pre,2.989784,31.0,0.8091427836363012,0.8720647168765541
pre,2.989784,31.05,0.8079891772098969,0.8772729129468658
pre,2.989784,31.1,0.8084724326459591,0.8806762982367767
pre,2.989784,31.150000000000002,0.8108552967857815,0.8825657351677016
pre,2.989784,31.200000000000003,0.8152969110334438,0.883001734339346
pre,2.989784,31.25,0.8217654500357998,0.8821973430697051
pre,2.989784,31.3,0.8299657488882426,0.8803144504820759
pre,2.989784,31.35,0.8393264888854873,0.8775081189907908
pre,2.989784,31.400000000000002,0.8490743003279251,0.8739270774214729
pre,2.989784,31.450000000000003,0.8583955154988115,0.8696942530056267
pre,2.989784,31.5,0.866619179563693,0.8649200598262413
pre,2.989784,31.55,0.8733290255703573,0.8597138976169606
pre,2.989784,31.6,0.878363620592224,0.8541885074270679
pre,2.989784,31.650000000000002,0.8817274170522781,0.8484596097675631
pre,2.989784,31.700000000000003,0.8835095015151566,0.8426446027793212
pre,2.989784,31.75,0.883838331187993,0.8368634950566645
pre,2.989784,31.8,0.8828643699200376,0.8312429029596267
pre,2.989784,31.85,0.8807477160455265,0.8259222564413007
pre,2.989784,31.900000000000002,0.8776464296672049,0.8210601004238003
pre,2.989784,31.950000000000003,0.8737088080504053,0.8168378336376063
pre,2.989784,32.0,0.8690701017250053,0.813463038860536
pre,2.989784,32.050000000000004,0.8638532889912521,0.8111819292197348
pre,2.989784,32.1,0.8581719489493519,0.8102877076458243
pre,2.989784,32.15,0.8521326626998544,0.8110743137617087
pre,2.989784,32.2,0.8458358165310712,0.8137653217971839
pre,2.989784,32.25,0.8393750869624,0.8184757445466981
pre,2.989784,32.300000000000004,0.8328364531867796,0.8251146707317801
pre,2.989784,32.35,0.8262974235979439,0.8333260625804092
pre,2.989784,32.4,0.8198267731134071,0.8425248441351461
pre,2.989784,32.45,0.8134848093455509,0.8519642771805112
pre,2.989784,32.5,0.8073240979383655,0.860835154868595
pre,2.989784,32.550000000000004,0.8013906128982728,0.8685616612514733
pre,2.989784,32.6,0.7957253539799966,0.8747583666061716
pre,2.989784,32.65,0.790366552126714,0.8793152831502932
pre,2.989784,32.7,0.7853526728128999,0.882265414732068
pre,2.989784,32.75,0.780726535372513,0.8836343446026163
pre,2.989784,32.800000000000004,0.7765408152359086,0.8836379697000312
pre,2.989784,32.85,0.7728654683791144,0.8823763764749685
pre,2.989784,32.9,0.7697973866196236,0.8800033960019473
pre,2.989784,32.95,0.7674720722178889,0.876684434194025
pre,2.989784,33.0,0.7660760260737757,0.8725675291365214
pre,2.989784,33.050000000000004,0.7658561241535566,0.8677809408913681
pre,2.989784,33.1,0.7671183824292479,0.8624419237138727
pre,2.989784,33.15,0.770204534982123,0.8566633481223875
pre,2.989784,33.2,0.7754336384929104,0.8505547775452833
pre,2.989784,33.25,0.7830039035605543,0.844219532979925
pre,2.989784,33.300000000000004,0.7928730805286628,0.8377515858372543
pre,2.989784,33.35,0.8046588599471471,0.8312348270111658
pre,2.989784,33.4,0.8176227326868462,0.8247442827866871
pre,2.989784,33.45,0.8307860550538524,0.8183478435023435
pre,2.989784,33.5,0.8431582904928372,0.8121077046579074
pre,2.989784,33.550000000000004,0.8540015969048624,0.8060815960920313
pre,2.989784,33.6,0.8629505337661287,0.8003244999159362
pre,2.989784,33.65,0.869963207955825,0.7948915650610869
pre,2.989784,33.7,0.8751561123704482,0.7898426441729057
pre,2.989784,33.75,0.8786951246087584,0.785248713787169
pre,2.989784,33.800000000000004,0.8807536944054863,0.7812004627776415
pre,2.989784,33.85,0.8815037903823848,0.7778194444072433
pre,2.989784,33.9,0.8811096562707429,0.775271749326069
pre,2.989784,33.95,0.8797220279127155,0.7737811288498846
pre,2.989784,34.0,0.8774742064768667,0.7736305055565774
pre,2.989784,34.050000000000004,0.8744839922070751,0.775139575859089
pre,2.989784,34.1,0.8708615048729333,0.7786334252225531
pre,2.989784,34.15,0.8667158443894488,0.7844071775113294
pre,2.989784,34.2,0.862159939791902,0.7925964898274007
pre,2.989784,34.25,0.8573127823700253,0.803018871315984
pre,2.989784,34.300000000000004,0.8523000772083519,0.8150501202866792
pre,2.989784,34.35,0.8472549098417264,0.8277194242369227
pre,2.989784,34.4,0.8423195280552196,0.8402293277943038
pre,2.989784,34.45,0.8376485421572244,0.8515556400138707
pre,2.989784,34.5,0.8334130928982361,0.8611414501966734
pre,2.989784,34.550000000000004,0.8298047595759735,0.8687847329482954
pre,2.989784,34.6,0.8270369735393456,0.8745742390320156
pre,2.989784,34.65,0.8253403883147585,0.8785617540086119
pre,2.989784,34.7,0.8249474566101705,0.8810097643354744
pre,2.989784,34.75,0.8260620530376185,0.8820185371401841
pre,2.989784,34.800000000000004,0.8288126451357228,0.8818137488751708
pre,2.989784,34.85,0.8331971473382738,0.880522616346378
pre,2.989784,34.9,0.8390344779910125,0.8782910990876417
pre,2.989784,34.95,0.8459483301791092,0.875273491061985
pre,2.989784,35.0,0.853404003610802,0.8715943414538982
pre,2.989784,35.050000000000004,0.8607960543533327,0.867362229629223
pre,2.989784,35.1,0.8675645429495972,0.8626845512663894
pre,2.989784,35.15,0.8732897309220208,0.8576745523697726
pre,2.989784,35.2,0.877723794226792,0.852453103029077
pre,2.989784,35.25,0.8807696559059287,0.8471483483265847
pre,2.989784,35.300000000000004,0.8824323270073834,0.8418963522534724
pre,2.989784,35.35,0.8827787984990552,0.8368441089806831
pre,2.989784,35.4,0.8819134005939671,0.83215425554806
pre,2.989784,35.45,0.8799625681455467,0.8280081848999815
pre,2.989784,35.5,0.8770629890064133,0.8246039827359373
pre,2.989784,35.550000000000004,0.8733527307127077,0.8221580379351261
pre,2.989784,35.6,0.8689654791772949,0.8209185991261169
pre,2.989784,35.65,0.8640284326834586,0.821148596999874
pre,2.989784,35.7,0.8586628163311424,0.8230552929734856
pre,2.989784,35.75,0.852985520771447,0.8267287219529894
pre,2.989784,35.800000000000004,0.8471108598232465,0.8321134359817933
pre,2.989784,35.85,0.8411522844935565,0.8389327517645431
pre,2.989784,35.9,0.8352245102406796,0.8466954128025961
pre,2.989784,35.95,0.8294467032648059,0.8547822701547395
pre,2.989784,36.0,0.8239472485794981,0.8625423878550667
pre,2.989784,36.050000000000004,0.8188703340398511,0.8694071290433782
pre,2.989784,36.1,0.8143841069606764,0.8749976074674947
pre,2.989784,36.15,0.8106892742964977,0.8791423646384244
pre,2.989784,36.2,0.8080254045956641,0.8818546910514105
pre,2.989784,36.25,0.8066695552766827,0.8831147309379357
pre,2.989784,36.300000000000004,0.8069194055163541,0.8830450111040657
pre,2.989784,36.35,0.8090518608869225,0.8817863284832158
pre,2.989784,36.4,0.8132530877105927,0.8794624570211502
pre,2.989784,36.45,0.8195295822692975,0.876213549488786
pre,2.989784,36.5,0.827628679140426,0.8721773870144305
pre,2.989784,36.550000000000004,0.8370122628187925,0.8674823390138181
pre,2.989784,36.6,0.8469163389878405,0.8622501717052922
pre,2.989784,36.65,0.8565066767585622,0.8565994490086016
pre,2.989784,36.7,0.8650683804460045,0.850645922139036
pre,2.989784,36.75,0.8721387785539697,0.8445004103789803
pre,2.989784,36.800000000000004,0.8775240419956193,0.8382674124795847
pre,2.989784,36.85,0.8812135882361246,0.8320465231354798
pre,2.989784,36.9,0.883291907891529,0.8259362034356281
pre,2.989784,36.95,0.8838861907840744,0.8200387747287371
pre,2.989784,37.0,0.8831465226519783,0.8144658096847992
pre,2.989784,37.050000000000004,0.8812339341250672,0.8093436267059968
pre,2.989784,37.1,0.8783087217253795,0.8048196996457723
pre,2.989784,37.15,0.8745216020773449,0.8010725807153276
pre,2.989784,37.2,0.8700101017105671,0.7983286778481964
pre,2.989784,37.25,0.864898919506258,0.7968764414869522
pre,2.989784,37.300000000000004,0.8593028768864909,0.7970400040912586
pre,2.989784,37.35,0.8533296594982415,0.7991154115977033
pre,2.989784,37.4,0.8470809424003317,0.8033388265819864
pre,2.989784,37.45,0.8406520392276084,0.8097957703769236
pre,2.989784,37.5,0.8341309382940731,0.8183118883742294
pre,2.989784,37.550000000000004,0.827597498479766,0.8283908466680621
pre,2.989784,37.6,0.8211231796544882,0.8392784126480138
pre,2.989784,37.65,0.8147713711857519,0.8500654219404882
pre,2.989784,37.7,0.8085982725387202,0.8597922235003856
pre,2.989784,37.75,0.802654314995991,0.8680009638142964
pre,2.989784,37.800000000000004,0.7969862039926982,0.8744280161013127
pre,2.989784,37.85,0.7916397595721418,0.8790995273200826
pre,2.989784,37.9,0.7866638389309836,0.8820021010935495
pre,2.989784,37.95,0.7821157308374832,0.8834064403282241
pre,2.989784,38.0,0.7780683375006934,0.8833886294940051
pre,2.989784,38.050000000000004,0.7746196075995271,0.882111333984382
pre,2.989784,38.1,0.7719041345946106,0.879757542270464
pre,2.989784,38.15,0.7701056913622976,0.8764916721924262
pre,2.989784,38.2,0.769467313809531,0.8724590166230215
pre,2.989784,38.25,0.7702917317881196,0.8677821688790213
pre,2.989784,38.300000000000004,0.7729209099828169,0.862573446851695
pre,2.989784,38.35,0.7776810486016599,0.856943132444308
pre,2.989784,38.400000000000006,0.7847886124052198,0.8510011164111402
pre,2.989784,38.45,0.7942294381124251,0.8448545315307623
pre,2.989784,38.5,0.8056558313017013,0.8386054471703865
pre,2.989784,38.550000000000004,0.8183566733183205,0.8323511994451548
pre,2.989784,38.6,0.8313650068074445,0.8261872401888569
pre,2.989784,38.650000000000006,0.8436735799837006,0.8202114210591804
pre,2.989784,38.7,0.8545088587744809,0.8145288943072291
pre,2.989784,38.75,0.8634664683028491,0.8092573623680004
pre,2.989784,38.800000000000004,0.8704779744129878,0.8045332384945635
pre,2.989784,38.85,0.8756496504174068,0.800520464696684
pre,2.989784,38.900000000000006,0.8791440332335555,0.7974251298644041
pre,2.989784,38.95,0.8811342255049845,0.7955130951102894
pre,2.989784,39.0,0.8817951497501821,0.7951026168817372
pre,2.989784,39.050000000000004,0.8812950664823993,0.7965083924069105
pre,2.989784,39.1,0.8797890000985147,0.7999965781784152
pre,2.989784,39.150000000000006,0.8774152741344754,0.8057313392515629
pre,2.989784,39.2,0.874296059018107,0.8136487728180345
pre,2.989784,39.25,0.8705440994308787,0.8233658645648031
pre,2.989784,39.300000000000004,0.8662699738601951,0.8342075171707708
pre,2.989784,39.35,0.8615870970278025,0.845302878229394
pre,2.989784,39.400000000000006,0.8566141752382835,0.8556689867275964
pre,2.989784,39.45,0.8514760144218606,0.8646121635597024
pre,2.989784,39.5,0.8463042731802802,0.8718229312717716
pre,2.989784,39.550000000000004,0.841239338348703,0.8772348664405982
pre,2.989784,39.6,0.8364337188346728,0.8808698815125499
pre,2.989784,39.650000000000006,0.8320566025457883,0.8828940243912738
pre,2.989784,39.7,0.8282984564404542,0.8834659051548099
pre,2.989784,39.75,0.8253735296265972,0.8827011846931025
pre,2.989784,39.800000000000004,0.8235167137137662,0.8807921587733218
pre,2.989784,39.85,0.8229697931378678,0.8779069327598195
pre,2.989784,39.900000000000006,0.8239522386906182,0.8742000978353095
pre,2.989784,39.95,0.8266138813855117,0.8698019871127524
pre,2.989784,40.0,0.8309766490987203,0.8648272208946457
pre,2.989784,40.050000000000004,0.8368800529060202,0.8593860162259935
pre,2.989784,40.1,0.8439570078553188,0.853588512465469
pre,2.989784,40.150000000000006,0.8516642411228473,0.8475437226881513
pre,2.989784,40.2,0.8593717687952063,0.8413568263695426
pre,2.989784,40.25,0.86648367173343,0.8351283720686844
pre,2.989784,40.300000000000004,0.8725467692363503,0.8289563291226932
pre,2.989784,40.35,0.8772912631888731,0.8229401143850101
pre,2.989784,40.400000000000006,0.8806094549354451,0.8171856024474109
pre,2.989784,40.45,0.8825040928183372,0.8118104798344351
pre,2.989784,40.5,0.8830431174702299,0.8069500282116361
pre,2.989784,40.550000000000004,0.8823330187684968,0.8027646442984201
pre,2.989784,40.6,0.8805029598797844,0.7994523869926403
pre,2.989784,40.650000000000006,0.8776924955188038,0.7972671175308752
pre,2.989784,40.7,0.8740422451863167,0.7965199296423008
pre,2.989784,40.75,0.8696877518675802,0.7975295702893002
pre,2.989784,40.800000000000004,0.8647570621715998,0.8005679637527481
pre,2.989784,40.85,0.8593711664303267,0.8058221182788445
pre,2.989784,40.900000000000006,0.8536456362131944,0.8132685790887577
pre,2.989784,40.95,0.8476922608475405,0.8225832720709122
pre,2.989784,41.0,0.8416204045968262,0.8331473156320393
pre,2.989784,41.050000000000004,0.8355385182897648,0.8441211052069152
pre,2.989784,41.1,0.8295564844370427,0.8545420379336668
pre,2.989784,41.150000000000006,0.8237893899470844,0.8636305951581325
pre,2.989784,41.2,0.8183631169878959,0.8710511704865925
pre,2.989784,41.25,0.8134218771775829,0.8766784035933045
pre,2.989784,41.300000000000004,0.8091373006299533,0.8805531950000134
pre,2.989784,41.35,0.8057177726326076,0.8827552301640205
pre,2.989784,41.400000000000006,0.8034145128967582,0.8835087808529383
pre,2.989784,41.45,0.8025183452719458,0.8828979546031421
pre,2.989784,41.5,0.8033379554086792,0.8811128402574666
pre,2.989784,41.550000000000004,0.8061501842983998,0.8783259407640924
pre,2.989784,41.6,0.8111200863417204,0.8746948717972527
pre,2.989784,41.650000000000006,0.8182044255953219,0.8703535630943172
pre,2.989784,41.7,0.8270746060667401,0.8654183970783109
pre,2.989784,41.75,0.8371046024854668,0.8600000256921903
pre,2.989784,41.800000000000004,0.847459037092442,0.8542084325435072
pre,2.989784,41.85,0.8572775547514084,0.8481522663020142
pre,2.989784,41.900000000000006,0.8658697565546183,0.8419359379616841
pre,2.989784,41.95,0.8728380137368222,0.8356582706019594
pre,2.989784,42.0,0.8780497273359666,0.8294139603999221
pre,2.989784,42.050000000000004,0.8815391498536198,0.8232970266510243
pre,2.989784,42.1,0.8834157880378345,0.8174052320514841
pre,2.989784,42.150000000000006,0.8838218769167824,0.8118449154551473
pre,2.989784,42.2,0.8829167347670837,0.8067363839643161
pre,2.989784,42.25,0.880865877421079,0.8022208275714824
pre,2.989784,42.300000000000004,0.8778305405086589,0.798470942426219
pre,2.989784,42.35,0.8739597933169739,0.7957076893192995
pre,2.989784,42.400000000000006,0.8693881108904139,0.7942146142159715
pre,2.989784,42.45,0.8642373724066379,0.7943158520655573
pre,2.989784,42.5,0.8586207143324751,0.7963161401322132
pre,2.989784,42.550000000000004,0.8526453202807771,0.8004678255155107
pre,2.989784,42.6,0.8464133246725414,0.806884263453567
pre,2.989784,42.650000000000006,0.8400213665787277,0.8154251633271856
pre,2.989784,42.7,0.8335598252314558,0.8256179944019829
pre,2.989784,42.75,0.8271125337448025,0.8367093655519331
pre,2.989784,42.800000000000004,0.8207573414853608,0.8477993247846564
pre,2.989784,42.85,0.8145676449362987,0.8578908645701597
pre,2.989784,42.900000000000006,0.8086149807826941,0.8664613410698487
pre,2.989784,42.95,0.8029728787093265,0.8732346897104939
pre,2.989784,43.0,0.7977222982489295,0.8782226936937326
pre,2.989784,43.050000000000004,0.792959028850164,0.8814214884497499
pre,2.989784,43.1,0.788803327257396,0.8830965087255376
pre,2.989784,43.150000000000006,0.7854115368238497,0.8833268968380121
pre,2.989784,43.2,0.7829881574581349,0.8822748972022239
pre,2.989784,43.25,0.7817943999084253,0.8801253570105487
pre,2.989784,43.300000000000004,0.7821452608273367,0.8770422405239535
pre,2.989784,43.35,0.7843830534292681,0.8731742705540926
pre,2.989784,43.400000000000006,0.7888156555054631,0.8686460877924991
pre,2.989784,43.45,0.7956170741358513,0.8635701331300684
pre,2.989784,43.5,0.804708738127387,0.858056374160648
pre,2.989784,43.550000000000004,0.815668703813774,0.8522151366999648
pre,2.989784,43.6,0.8277316708463935,0.8461553457957302
pre,2.989784,43.650000000000006,0.839911723704209,0.8399821610067059
pre,2.989784,43.7,0.8512480696286016,0.833797037779533
pre,2.989784,43.75,0.8610352103644103,0.8277005621748983
pre,2.989784,43.800000000000004,0.8689424322831809,0.821797079027171
pre,2.989784,43.85,0.8749318837677846,0.8162001397476235
pre,2.989784,43.900000000000006,0.8791144153318322,0.811038118608477
pre,2.989784,43.95,0.8816476183370384,0.8064602591401255
pre,2.989784,44.0,0.8827022291321137,0.802645302069678
pre,2.989784,44.050000000000004,0.8824533641674442,0.7998167552606869
pre,2.989784,44.1,0.881073116704588,0.7982584165708401
pre,2.989784,44.150000000000006,0.8787217515739141,0.7982929212253557
pre,2.989784,44.2,0.8755419711082882,0.8002174164117993
pre,2.989784,44.25,0.8716607848918325,0.8042665011956625
pre,2.989784,44.300000000000004,0.867195554321174,0.8105303377985515
pre,2.989784,44.35,0.8622600044833414,0.8188448261529484
pre,2.989784,44.400000000000006,0.8569684727076963,0.8287316304766091
pre,2.989784,44.45,0.8514377838725888,0.8394612193843338
pre,2.989784,44.5,0.8457879473241807,0.8501333651445196
pre,2.989784,44.550000000000004,0.840143242801829,0.8597992100892123
pre,2.989784,44.6,0.8346347627583437,0.8679837454681363
pre,2.989784,44.650000000000006,0.8294048127517242,0.8744066560632593
pre,2.989784,44.7,0.8246130099814382,0.8790775289146884
pre,2.989784,44.75,0.8204433094240458,0.8819884828794964
pre,2.989784,44.800000000000004,0.8171101836397334,0.8833917428812548
pre,2.989784,44.85,0.8148604976566202,0.8833774010498651
pre,2.989784,44.900000000000006,0.8139653089784523,0.8820955237367349
pre,2.989784,44.95,0.8146945153206806,0.8797301831492648
pre,2.989784,45.0,0.8172681866049308,0.876447028937587
pre,2.989784,45.050000000000004,0.8217864964575557,0.87239192670837
pre,2.989784,45.1,0.8281535119719262,0.8676880596710628
pre,2.989784,45.150000000000006,0.8360254712143945,0.8624480280434659
pre,2.989784,45.2,0.8448205924373209,0.856781958368458
pre,2.989784,45.25,0.853805657152339,0.8507990177563824
pre,2.989784,45.300000000000004,0.8622514594889159,0.8446048439372078
pre,2.989784,45.35,0.8695818577640719,0.838298963472154
pre,2.989784,45.400000000000006,0.8754530662757497,0.831974767294791
pre,2.989784,45.45,0.8797358627703113,0.825721861075015
pre,2.989784,45.5,0.8824387331539674,0.8196296463084889
pre,2.989784,45.550000000000004,0.8836442501578655,0.8137913862795302
pre,2.989784,45.6,0.8834743437638025,0.8083086962322331
pre,2.989784,45.650000000000006,0.8820718091652935,0.8032971238660979
pre,2.989784,45.7,0.8795896441895339,0.7988940309819538
pre,2.989784,45.75,0.8761793605843691,0.795270793006593
pre,2.989784,45.800000000000004,0.8719837768416568,0.7926503312536435
pre,2.989784,45.85,0.8671344306119365,0.7913191212894617
pre,2.989784,45.900000000000006,0.8617522844607174,0.7916019644602248
pre,2.989784,45.95,0.8559498904409937,0.7938055565810871
pre,2.989784,46.0,0.8498330865271984,0.7981892938853843
pre,2.989784,46.050000000000004,0.8435014969178161,0.8048680495266448
pre,2.989784,46.1,0.8370481883769594,0.8136964726986615
pre,2.989784,46.150000000000006,0.8305592088064636,0.8241837995556152
pre,2.989784,46.2,0.824113574711588,0.8355414585067795
pre,2.989784,46.25,0.8177839858188849,0.846870636277354
pre,2.989784,46.300000000000004,0.8116383825624044,0.8571566178109422
pre,2.989784,46.35,0.8057424621932748,0.8658743222763539
pre,2.989784,46.400000000000006,0.8001633642161379,0.8727639942346991
pre,2.989784,46.45,0.794974850717328,0.8778542098794495
pre,2.989784,46.5,0.7902643752106466,0.8811414882807402
pre,2.989784,46.550000000000004,0.7861423959163559,0.8829097864861232
pre,2.989784,46.6,0.7827537768486729,0.8832230998682105
pre,2.989784,46.650000000000006,0.7802901741999692,0.8822609513227676
pre,2.989784,46.7,0.778999948464816,0.880204275866947
pre,2.989784,46.75,0.779188551439589,0.8772142654240349
pre,2.989784,46.800000000000004,0.7811980350152601,0.8734399283103871
pre,2.989784,46.85,0.7853521710558437,0.8690057254701634
pre,2.989784,46.900000000000006,0.7918638416923223,0.8640236056768351
pre,2.989784,46.95,0.8007149691533118,0.8586033899935573
pre,2.989784,47.0,0.8115552602958934,0.8528561605162677
pre,2.989784,47.050000000000004,0.8236775754801435,0.8468929627641744
pre,2.989784,47.1,0.8361163147658879,0.8408227491697581
pre,2.989784,47.150000000000006,0.8478776729940263,0.8347527039952973
pre,2.989784,47.2,0.8581854753380135,0.828791509432421
pre,2.989784,47.25,0.8666377793381645,0.8230546628579687
pre,2.989784,47.300000000000004,0.8731533174420276,0.8176706388695433
pre,2.989784,47.35,0.8778301003010774,0.8127866732868934
pre,2.989784,47.400000000000006,0.8808235709386056,0.8085743150447817
pre,2.989784,47.45,0.8823040741490786,0.8052386489907102
pre,2.989784,47.5,0.882447143411672,0.8030353597750299
pre,2.989784,47.550000000000004,0.8814259694352711,0.8022735057230238
pre,2.989784,47.6,0.879402683175264,0.8032627665697942
pre,2.989784,47.650000000000006,0.8765215668617407,0.8062528111943659
pre,2.989784,47.7,0.8729110023023279,0.8113943154028862
pre,2.989784,47.75,0.8686887413688836,0.8186200324068551
pre,2.989784,47.800000000000004,0.8639682969600124,0.8275743476818422
pre,2.989784,47.85,0.8588639185884169,0.8376439183548527
pre,2.989784,47.900000000000006,0.8534929734457959,0.848012836885029
pre,2.989784,47.95,0.847976778395121,0.8577516495884774
pre,2.989784,48.0,0.8424415325896314,0.8662217017591592
pre,2.989784,48.050000000000004,0.8370205445957641,0.8730540642921786
pre,2.989784,48.1,0.8318582282388937,0.878151856131707
pre,2.989784,48.150000000000006,0.827115717370358,0.881545776286244
pre,2.989784,48.2,0.8229772860461813,0.8833119118260424
pre,2.989784,48.25,0.8196558877945319,0.8836659275228312
pre,2.989784,48.300000000000004,0.8173941808150772,0.8826963702745281
pre,2.989784,48.35,0.8164560274572963,0.8805809582873734
pre,2.989784,48.400000000000006,0.8171014505527484,0.8774926187094183
pre,2.989784,48.45,0.8195398922972641,0.8735851991383673
pre,2.989784,48.5,0.8238635226808573,0.8689888154158925
pre,2.989784,48.550000000000004,0.8299764867244418,0.8638193751508129
pre,2.989784,48.6,0.8375469407898257,0.8581880247958146
pre,2.989784,48.650000000000006,0.8460161614660935,0.8522040427433188
pre,2.989784,48.7,0.854682294118249,0.8459727190664504
pre,2.989784,48.75,0.8628449932279368,0.8395920325336224
pre,2.989784,48.800000000000004,0.8699437555079162,0.8331513950493935
pre,2.989784,48.85,0.8756377858586362,0.8267327970029351
pre,2.989784,48.900000000000006,0.8797893566536628,0.8204130938438174
pre,2.989784,48.95,0.8823967322052502,0.8142664870254728
pre,2.989784,49.0,0.8835341098650654,0.8083670639893762
pre,2.989784,49.050000000000004,0.8833160154622015,0.8027920254171752
pre,2.989784,49.1,0.8818813250599327,0.7976264973512226
pre,2.989784,49.150000000000006,0.8793786299559342,0.7929707547325946
pre,2.989784,49.2,0.8759570697217779,0.7889507117437872
pre,2.989784,49.25,0.8717582860089675,0.7857323504827403
pre,2.989784,49.300000000000004,0.8669136475362628,0.7835381800125695
pre,2.989784,49.35,0.8615445958900776,0.7826535927258069
pre,2.989784,49.400000000000006,0.8557645634515976,0.7834010998620141
pre,2.989784,49.45,0.8496806192274267,0.7860968452124125
pre,2.989784,49.5,0.8433941406934661,0.79102445679384
pre,2.989784,49.550000000000004,0.837000824553355,0.7983206667825462
pre,2.989784,49.6,0.8305907367412814,0.8078447933868091
pre,2.989784,49.650000000000006,0.8242489972792302,0.8190675985265986
pre,2.989784,49.7,0.8180574621772962,0.8311096225909552
pre,2.989784,49.75,0.812097639393093,0.8431100016901238
pre,2.989784,49.800000000000004,0.8064550903636176,0.8540444290342475
pre,2.989784,49.85,0.8012256418521547,0.8633114319359483
pre,2.989784,49.900000000000006,0.7965236668798068,0.8706862454857377
pre,2.989784,49.95,0.7924926262557085,0.8762207642203219
pre,2.989784,50.0,0.7893167791966099,0.8799275949143077
pre,2.989784,50.050000000000004,0.7872316994290531,0.8821035389315133
pre,2.989784,50.1,0.7865276316330357,0.8828058722383192
pre,2.989784,50.150000000000006,0.7875359247439414,0.8822498894779103
pre,2.989784,50.2,0.7905859130481844,0.8805971381440609
pre,2.989784,50.25,0.7959242666789602,0.877999029422631
pre,2.989784,50.300000000000004,0.8036040778921095,0.8746078060596699
pre,2.989784,50.35,0.8133777181980906,0.8705493460536162
pre,2.989784,50.400000000000006,0.8246471553189203,0.8659345367711085
pre,2.989784,50.45,0.8365247706598247,0.8608723066332281
pre,2.989784,50.5,0.8480234550482358,0.8554752647299984
pre,2.989784,50.550000000000004,0.8583012665979836,0.8498601604940521
pre,2.989784,50.6,0.8668497160115932,0.8441467224737355
pre,2.989784,50.650000000000006,0.8734965725471675,0.8384582772313205
pre,2.989784,50.7,0.8782892685744155,0.8329253909837143
pre,2.989784,50.75,0.8813611419485345,0.8276918696181887
pre,2.989784,50.800000000000004,0.8828725920252715,0.8229208973569366
pre,2.989784,50.85,0.8829957848535042,0.8187980923613554
pre,2.989784,50.900000000000006,0.8819055400919101,0.8155336150315851
pre,2.989784,50.95,0.8797700143933501,0.8133740419265842
pre,2.989784,51.0,0.8767418804154542,0.8126090403213058
pre,2.989784,51.050000000000004,0.8729573359695816,0.8135221551386971
pre,2.989784,51.1,0.8685393896110556,0.8163190350957803
pre,2.989784,51.150000000000006,0.8636035274006452,0.8210896302080546
pre,2.989784,51.2,0.8582628270140129,0.8277145324829599
pre,2.989784,51.25,0.8526306759230042,0.8358145433826969
pre,2.989784,51.300000000000004,0.8468216360563761,0.8447972534767725
pre,2.989784,51.35,0.8409519801088392,0.8539271515788052
pre,2.989784,51.400000000000006,0.8351412295374943,0.8624460637748791
pre,2.989784,51.45,0.829515419808248,0.8698035480073414
pre,2.989784,51.5,0.8242123211765243,0.8756531670724547
pre,2.989784,51.550000000000004,0.819388456669656,0.8798940987841188
pre,2.989784,51.6,0.8152272088589542,0.8825585396034186
pre,2.989784,51.650000000000006,0.8119462303535171,0.8836834367449578
pre,2.989784,51.7,0.8098003951965937,0.8834699080241097
pre,2.989784,51.75,0.8090739898136234,0.8820244591906765
pre,2.989784,51.800000000000004,0.8100538205025742,0.879497810887264
pre,2.989784,51.85,0.8129761766017516,0.8760501771281489
pre,2.989784,51.900000000000006,0.8179493989812308,0.8718253017746299
pre,2.989784,51.95,0.8248686397895055,0.8669496685273634
pre,2.989784,52.0,0.8333594348294644,0.8615405810019143
pre,2.989784,52.050000000000004,0.8427864658025873,0.8557114657665292
pre,2.989784,52.1,0.8523581635591096,0.849572056430593
pre,2.989784,52.150000000000006,0.8612962896310428,0.8432252714511382
pre,2.989784,52.2,0.8690040262333502,0.8367646110373667
pre,2.989784,52.25,0.8751482059619927,0.8302740867468198
pre,2.989784,52.300000000000004,0.8796213471655424,0.8238299197257513
pre,2.989784,52.35,0.8824563896108248,0.8175026543100384
pre,2.989784,52.400000000000006,0.8837540386861459,0.8113590643982307
pre,2.989784,52.45,0.8836482862036968,0.8054640923048301
pre,2.989784,52.5,0.8822916485172764,0.7998836319112976
pre,2.989784,52.550000000000004,0.8798431532067517,0.7946889375909275
pre,2.989784,52.6,0.8764579566284949,0.7899632299938584
pre,2.989784,52.650000000000006,0.8722804376559913,0.7858110077626791
pre,2.989784,52.7,0.8674419182373144,0.7823705499607274
pre,2.989784,52.75,0.8620623164430472,0.7798291758514071
pre,2.989784,52.800000000000004,0.8562529998021078,0.7784358017919215
pre,2.989784,52.85,0.8501186589247287,0.7784943673931178
pre,2.989784,52.900000000000006,0.843757614420315,0.7803293443547635
pre,2.989784,52.95,0.837261089476111,0.7842559202723478
pre,2.989784,53.0,0.8307122599946344,0.7905220076553446
pre,2.989784,53.050000000000004,0.8241856325719376,0.7991708401636396
pre,2.989784,53.1,0.8177469359801235,0.8098857091610634
pre,2.989784,53.150000000000006,0.8114535007043399,0.8219178576289486
pre,2.989784,53.2,0.8053550574794258,0.8343401174001226
pre,2.989784,53.25,0.7994949365149906,0.8463150522346373
pre,2.989784,53.300000000000004,0.7939117282021846,0.8567989581776283
pre,2.989784,53.35,0.7886415286645286,0.8655059534789976
pre,2.989784,53.400000000000006,0.7837209680484514,0.8722893060256224
pre,2.989784,53.45,0.7791913292850174,0.8772185895606054
pre,2.989784,53.5,0.7751041177415777,0.8804572703708068
pre,2.989784,53.550000000000004,0.7715285338936524,0.8821706161034896
pre,2.989784,53.6,0.7685611382171215,0.8825145338499305
pre,2.989784,53.650000000000006,0.7663375300490739,0.8816869375200372
pre,2.989784,53.7,0.7650446897379986,0.8798227735513898
pre,2.989784,53.75,0.7649301738030132,0.8770780614484202
pre,2.989784,53.800000000000004,0.7663005167727535,0.8735958340964037
pre,2.989784,53.85,0.7694971055799923,0.8694932532481567
pre,2.989784,53.900000000000006,0.7748368968213458,0.8648783425616775
pre,2.989784,53.95,0.7825143517231314,0.8598608385759245
pre,2.989784,54.0,0.7924813425653414,0.8545562675666118
pre,2.989784,54.050000000000004,0.8043476965633869,0.849085952605814
pre,2.989784,54.1,0.8173718694465127,0.8435765576416796
pre,2.989784,54.150000000000006,0.8305712319298448,0.8381618466326529
pre,2.989784,54.2,0.8429633116791665,0.8329871594610317
pre,2.989784,54.25,0.8538148166925489,0.8282151924141365
pre,2.989784,54.300000000000004,0.862771092176997,0.8240293158593972
pre,2.989784,54.35,0.8697936825444972,0.8206327655734176
pre,2.989784,54.400000000000006,0.8750017247958888,0.8182544038760861
pre,2.989784,54.45,0.8785617579716826,0.8171616016544354
pre,2.989784,54.5,0.880646623682655,0.8176304240143881
pre,2.989784,54.550000000000004,0.8814271096099362,0.8198709435614875
pre,2.989784,54.6,0.8810668933677374,0.8239783791297766
pre,2.989784,54.650000000000006,0.8797157521370005,0.829877646215557
pre,2.989784,54.7,0.8775053140616821,0.8372515421072712
pre,2.989784,54.75,0.8745524262817977,0.8455638320302893
pre,2.989784,54.800000000000004,0.8709665989279584,0.8541482626873282
pre,2.989784,54.85,0.8668564982537326,0.8623039039678133
pre,2.989784,54.900000000000006,0.8623348555838353,0.8694578992741081
pre,2.989784,54.95,0.857520655796171,0.8752301753136372
pre,2.989784,55.0,0.8525397326496672,0.8794754911140844
pre,2.989784,55.050000000000004,0.8475253988071115,0.8822214057394863
pre,2.989784,55.1,0.8426201946406922,0.8834536637493675
pre,2.989784,55.150000000000006,0.8379790295431525,0.8833458291511317
pre,2.989784,55.2,0.8337732460360964,0.8820248908241793
pre,2.989784,55.25,0.8301943657229409,0.87962255173833
pre,2.989784,55.300000000000004,0.8274552740378267,0.8762895590446156
pre,2.989784,55.35,0.825785324845403,0.872167976589223
pre,2.989784,55.400000000000006,0.8254146835527773,0.8673861225088484
pre,2.989784,55.45,0.8265438315521947,0.8620639227662499
pre,2.989784,55.5,0.8292972201632526,0.8563174483457179
pre,2.989784,55.550000000000004,0.8336686812124068,0.8502593604951748
pre,2.989784,55.6,0.8394744283346359,0.8439962848422531
pre,2.989784,55.650000000000006,0.8463385464599564,0.8376266640101451
pre,2.989784,55.7,0.8537300113298928,0.8312412538622082
pre,2.989784,55.75,0.8610494021619711,0.824925705406883
pre,2.989784,55.800000000000004,0.8677448904388801,0.8187639843436615
pre,2.989784,55.85,0.8734021492756848,0.8128419813398093
pre,2.989784,55.900000000000006,0.8777768820750528,0.8072514482964813
pre,2.989784,55.95,0.8807731935358903,0.8020951032865079
pre,2.989784,56.0,0.8823956611426264,0.7974940453126106
pre,2.989784,56.050000000000004,0.8827106468135139,0.793598980837075
pre,2.989784,56.1,0.8818216325891427,0.7906064883225733
pre,2.989784,56.150000000000006,0.8798541299488795,0.788775377950701
pre,2.989784,56.2,0.87694414879267,0.7884199075221754
pre,2.989784,56.25,0.8732291782206643,0.7898620580094231
pre,2.989784,56.300000000000004,0.868842539814902,0.7933927577872033
pre,2.989784,56.35,0.8639113209861661,0.7992211263100832
pre,2.989784,56.400000000000006,0.858556893571742,0.8073422504912698
pre,2.989784,56.45,0.8528965536663128,0.8174156199429994
pre,2.989784,56.5,0.8470453160280271,0.828749419753826
pre,2.989784,56.550000000000004,0.8411177189351615,0.8404570664534796
pre,2.989784,56.6,0.8352300947970935,0.8515952827491751
pre,2.989784,56.650000000000006,0.829503938193241,0.8612624481635134
pre,2.989784,56.7,0.8240708692119545,0.8691834434201356
pre,2.989784,56.75,0.819079375158165,0.8752456696732508
pre,2.989784,56.800000000000004,0.8147029769074641,0.8794917105737522
pre,2.989784,56.85,0.8111484853164145,0.8820746708046866
pre,2.989784,56.900000000000006,0.8086612596709417,0.8831675514811591
pre,2.989784,56.95,0.807521705448123,0.8828919433574711
pre,2.989784,57.0,0.8080249990958577,0.8814478008867235
pre,2.989784,57.050000000000004,0.8104354840511668,0.8789941607001288
pre,2.989784,57.1,0.8149135749691656,0.8756882957235786
pre,2.989784,57.150000000000006,0.821427297678213,0.8716663635175593
pre,2.989784,57.2,0.8296799599404207,0.8670442456297502
pre,2.989784,57.25,0.8390967063058163,0.861931621211351
pre,2.989784,57.300000000000004,0.8488984525652249,0.8564392661246494
pre,2.989784,57.35,0.858268204663794,0.8506802370119729
pre,2.989784,57.400000000000006,0.866530351442591,0.8447681364809196
pre,2.989784,57.45,0.8732702140093052,0.8388163672722658
pre,2.989784,57.5,0.8783273259077906,0.8329403736395298
pre,2.989784,57.550000000000004,0.8817082163029362,0.8272626238415265
pre,2.989784,57.6,0.8835038280847293,0.8219190982997739
pre,2.989784,57.650000000000006,0.8838438247599345,0.8170653015435569
pre,2.989784,57.7,0.882879325880687,0.8128805544560019
pre,2.989784,57.75,0.8807709199728623,0.8095743521056811
pre,2.989784,57.800000000000004,0.877677077004154,0.8074018191511295
pre,2.989784,57.85,0.8737462394472878,0.806667171372558
pre,2.989784,57.900000000000006,0.8691136812254652,0.8076697530584966
pre,2.989784,57.95,0.8639023297659245,0.8106392323141605
pre,2.989784,58.0,0.8582257248312902,0.8156963656801427
pre,2.989784,58.050000000000004,0.8521904621735945,0.8227412243823838
pre,2.989784,58.1,0.8458970055551593,0.8313961911145884
pre,2.989784,58.150000000000006,0.8394391670783026,0.8410500122851794
pre,2.989784,58.2,0.8329031181192683,0.8509099958389024
pre,2.989784,58.25,0.8263666243447255,0.860111173180312
pre,2.989784,58.300000000000004,0.8198988042426004,0.8680826964100287
pre,2.989784,58.35,0.8135604327830367,0.8744549519874302
pre,2.989784,58.400000000000006,0.807404726046635,0.8791399096847541
pre,2.989784,58.45,0.8014785815888996,0.8821667062347944
pre,2.989784,58.5,0.7958243302478526,0.8836058081592446
pre,2.989784,58.550000000000004,0.7904821393111638,0.883664976869361
pre,2.989784,58.6,0.7854933112314271,0.8824395240732741
pre,2.989784,58.650000000000006,0.7809047858711493,0.8800970945965756
pre,2.989784,58.7,0.7767751839206736,0.8768069843022658
pre,2.989784,58.75,0.7731829006462737,0.8727186213160892
pre,2.989784,58.800000000000004,0.7702364618184485,0.8679597450999348
pre,2.989784,58.85,0.7680866730136648,0.8626463282831137
pre,2.989784,58.900000000000006,0.7669386716304443,0.8568900844073076
pre,2.989784,58.95,0.767059113029185,0.8507998959134131
pre,2.989784,59.0,0.7687695198074744,0.8444789403893713
pre,2.989784,59.050000000000004,0.7724132619875276,0.8380214438616137
pre,2.989784,59.1,0.7782847392708341,0.831511756802799
pre,2.989784,59.150000000000006,0.7865209729564883,0.8250254530802235
pre,2.989784,59.2,0.796982910569022,0.8186310352447872
pre,2.989784,59.25,0.8091728485126509,0.8123914085510564
pre,2.989784,59.300000000000004,0.8222594503508305,0.8063651574364549
pre,2.989784,59.35,0.8352280530652348,0.8006083035518853
pre,2.989784,59.400000000000006,0.8471425676943652,0.7951772641096309
pre,2.989784,59.45,0.8573723747647131,0.7901334623313998
pre,2.989784,59.5,0.8656667256842111,0.7855498778953319
pre,2.989784,59.550000000000004,0.8720485991337685,0.7815198416340319
pre,2.989784,59.6,0.8766578572353202,0.7781684663073308
pre,2.989784,59.650000000000006,0.8796645668138225,0.7756665636109168
pre,2.989784,59.7,0.8812427683719493,0.7742434917333954
pre,2.989784,59.75,0.88156319418537,0.7741869485448563
pre,2.989784,59.800000000000004,0.8807875545436962,0.775818264566278
pre,2.989784,59.85,0.8790624282252312,0.7794614091457531
pre,2.989784,59.900000000000006,0.8765165616851645,0.785402549448747
pre,2.989784,59.95,0.873265372974504,0.7937566230153957
pre,2.989784,60.0,0.8694186113607856,0.8043071751925086
pre,2.989784,60.050000000000004,0.8650865769702633,0.8163926007179118
pre,2.989784,60.1,0.8603841705406735,0.8290455493447019
pre,2.989784,60.150000000000006,0.855432487026657,0.8414714785641875
pre,2.989784,60.2,0.8503593420146996,0.8526217804614369
pre,2.989784,60.25,0.8453002543318638,0.8620222323071906
pre,2.989784,60.300000000000004,0.8404007462681068,0.8694765709332154
pre,2.989784,60.35,0.8358200272847465,0.8750821075715913
pre,2.989784,60.400000000000006,0.8317353872509322,0.8789108752559308
pre,2.989784,60.45,0.8283457915363904,0.8812042212050524
pre,2.989784,60.5,0.8258720525676937,0.8820779063815744
pre,2.989784,60.550000000000004,0.8245495083939409,0.8817500711569035
pre,2.989784,60.6,0.8246083158726077,0.8803470897216485
pre,2.989784,60.650000000000006,0.8262375354305461,0.8780182760730877
pre,2.989784,60.7,0.8295337846249821,0.8749155773365733
pre,2.989784,60.75,0.8344446104073299,0.8711613614489626
pre,2.989784,60.800000000000004,0.8407266175977643,0.8668637867573468
pre,2.989784,60.85,0.8479435214922817,0.8621307176775952
pre,2.989784,60.900000000000006,0.8555207094468198,0.85707610909599
pre,2.989784,60.95,0.8628464803280369,0.8518213839325894
pre,2.989784,61.0,0.8693916360308364,0.8464950353781917
pre,2.989784,61.050000000000004,0.8747858309058719,0.841233486514628
pre,2.989784,61.1,0.8788324655368581,0.8361843845063975
pre,2.989784,61.150000000000006,0.8814729042111374,0.8315114679980464
pre,2.989784,61.2,0.882736565576217,0.8273974693925856
pre,2.989784,61.25,0.8827057954677741,0.8240419562295117
pre,2.989784,61.300000000000004,0.8814944166225188,0.8216640761335379
pre,2.989784,61.35,0.8792342328941853,0.8205159930230651
pre,2.989784,61.400000000000006,0.8760640433845849,0.8208610788826181
pre,2.989784,61.45,0.8721215478800447,0.8229013101633333
pre,2.989784,61.5,0.8675386968461898,0.8267201366547146
pre,2.989784,61.550000000000004,0.8624406173084282,0.8322491646852198
pre,2.989784,61.6,0.8569466659833843,0.8391940748915847
pre,2.989784,61.650000000000006,0.8511721681194314,0.8470487354075271
pre,2.989784,61.7,0.8452300787208772,0.8551846543201923
pre,2.989784,61.75,0.8392326434241231,0.8629484575300933
pre,2.989784,61.800000000000004,0.833293628270024,0.8697766020386326
pre,2.989784,61.85,0.8275317601608138,0.8753078357574647
pre,2.989784,61.900000000000006,0.8220758491711988,0.8793799331849285
pre,2.989784,61.95,0.8170717659326887,0.8820131585091997
pre,2.989784,62.0,0.8126909430551593,0.8831888654908693
pre,2.989784,62.050000000000004,0.8091391107013918,0.8830431343989653
pre,2.989784,62.1,0.8066621778924635,0.8817128461441354
pre,2.989784,62.150000000000006,0.8055434256289543,0.8793234030992181
pre,2.989784,62.2,0.8060837020575371,0.8760163555481317
pre,2.989784,62.25,0.8085555570406551,0.8719294312373563
pre,2.989784,62.300000000000004,0.8131286324321341,0.8671905195734152
pre,2.989784,62.35,0.8197779657657998,0.8619209540193647
pre,2.989784,62.400000000000006,0.8282080586533893,0.8562389088955893
pre,2.989784,62.45,0.8378357056051039,0.8502595983007941
pre,2.989784,62.5,0.8478650652805191,0.8440930494781512
pre,2.989784,62.550000000000004,0.8574583474635861,0.837842766996358
pre,2.989784,62.6,0.8659218360769698,0.8316072193512773
pre,2.989784,62.650000000000006,0.8728339374619954,0.8254835903593615
pre,2.989784,62.7,0.878034487249577,0.8195726672826196
pre,2.989784,62.75,0.8815356858954861,0.8139840944945496
pre,2.989784,62.800000000000004,0.8834337310134415,0.8088418063089822
pre,2.989784,62.85,0.883862389312402,0.8042905043317338
pre,2.989784,62.900000000000006,0.8829755280207129,0.8005056386804954
pre,2.989784,62.95,0.8809358112188866,0.7977100583756653
pre,2.989784,63.0,0.8779032089188467,0.7961888963116814
pre,2.989784,63.050000000000004,0.874027198781696,0.7962663125480608
pre,2.989784,63.1,0.8694434668150535,0.7982426243816417
pre,2.989784,63.150000000000006,0.864275028238544,0.8023614822982793
pre,2.989784,63.2,0.858635535725946,0.8087246521573571
pre,2.989784,63.25,0.852631949419066,0.8171790087557814
pre,2.989784,63.300000000000004,0.846365443517646,0.8272452708544409
pre,2.989784,63.35,0.8399309176778463,0.8381773139552424
pre,2.989784,63.400000000000006,0.8334160490693328,0.8490725517688872
pre,2.989784,63.45,0.8269006216833065,0.8589532365765017
pre,2.989784,63.5,0.820456468855117,0.8673266583612422
pre,2.989784,63.550000000000004,0.8141480768823393,0.8739178404957033
pre,2.989784,63.6,0.8080338360694377,0.8787418466794915
pre,2.989784,63.650000000000006,0.8021679840088253,0.8817890107068193
pre,2.989784,63.7,0.796603395666333,0.8833221993394459
pre,2.989784,63.75,0.791395496028618,0.8834236508576241
pre,2.989784,63.800000000000004,0.7866076296323579,0.8822518686298022
pre,2.989784,63.85,0.7823183378163296,0.8799914123858397
pre,2.989784,63.900000000000006,0.7786308318901155,0.8768071461537652
pre,2.989784,63.95,0.7756846452143168,0.8728462992947269
pre,2.989784,64.0,0.77366819075299,0.8682326833794765
pre,2.989784,64.05,0.7728286810260274,0.8630788616743267
pre,2.989784,64.10000000000001,0.7734721347091789,0.8574950806046765
pre,2.989784,64.15,0.7759417701070568,0.8515914689247255
pre,2.989784,64.2,0.7805620127582051,0.8454759277981398
pre,2.989784,64.25,0.787542883872395,0.8392517541242628
pre,2.989784,64.3,0.7968594834789464,0.8330178085823197
pre,2.989784,64.35000000000001,0.80814879870691,0.826871321380116
pre,2.989784,64.4,0.8206888833214959,0.8209122838418136
pre,2.989784,64.45,0.8335030390770002,0.8152485415721565
pre,2.989784,64.5,0.8455909643129508,0.8100011774013077
pre,2.989784,64.55,0.8561875828142049,0.805310627291166
pre,2.989784,64.60000000000001,0.8649019898456041,0.8013453606379787
pre,2.989784,64.65,0.8716720050632751,0.7983165848440691
pre,2.989784,64.7,0.8766047097445007,0.7964955192079035
pre,2.989784,64.75,0.8798623725743474,0.7962024628098623
pre,2.989784,64.8,0.8816183541332656,0.7977476677514985
pre,2.989784,64.85000000000001,0.882047460804643,0.8013884786780253
pre,2.989784,64.9,0.8813196128151836,0.8072684262347627
pre,2.989784,64.95,0.8795925476121681,0.8152947447015008
pre,2.989784,65.0,0.8770065354456764,0.8250550693387341
pre,2.989784,65.05,0.8736854746646726,0.8358583658942453
pre,2.989784,65.10000000000001,0.8697439559283482,0.8468268394507998
pre,2.989784,65.15,0.865293854104364,0.8569765869696877
pre,2.989784,65.2,0.8604493049773908,0.8656906730749607
pre,2.989784,65.25,0.8553291027812001,0.8726602065846678
pre,2.989784,65.3,0.8500575288903682,0.8778441780149966
pre,2.989784,65.35000000000001,0.8447652364143111,0.8812552245712515
pre,2.989784,65.4,0.8395913539082437,0.8830886913911863
pre,2.989784,65.45,0.8346872012584183,0.8834792548364783
pre,2.989784,65.5,0.8302212888627863,0.882553372946254
pre,2.989784,65.55,0.8263845172778961,0.88050078815699
pre,2.989784,65.60000000000001,0.8233934439464395,0.8774892877664566
pre,2.989784,65.65,0.8214879756339306,0.8736711509812729
pre,2.989784,65.7,0.8209181790641661,0.8691743620065016
pre,2.989784,65.75,0.8219148256932045,0.8641128316497686
pre,2.989784,65.8,0.8246405295568644,0.8585967574567042
pre,2.989784,65.85000000000001,0.8291277042387554,0.8527360483587153
pre,2.989784,65.9,0.835219426720482,0.84663872465541
pre,2.989784,65.95,0.8425412751491398,0.8404081654338822
pre,2.989784,66.0,0.8505312558558665,0.8341425195245342
pre,2.989784,66.05,0.8585305660790746,0.8279368515198398
pre,2.989784,66.10000000000001,0.8659169957839717,0.8218870244410786
pre,2.989784,66.15,0.8722180221115107,0.8160943899110795
pre,2.989784,66.2,0.8771561059011656,0.8106708430348696
pre,2.989784,66.25,0.8806261309805696,0.8057445560026893
pre,2.989784,66.3,0.8826360412098883,0.8014676593420516
pre,2.989784,66.35000000000001,0.8832593966069472,0.7980286371790444
pre,2.989784,66.4,0.8826079195584918,0.7956703977233859
pre,2.989784,66.45,0.880814429904686,0.7946965964511246
pre,2.989784,66.5,0.8780220441854919,0.795430735402494
pre,2.989784,66.55,0.8743738162140338,0.7981590431835173
pre,2.989784,66.60000000000001,0.8700066381647795,0.8030990879380586
pre,2.989784,66.65,0.8650488223896988,0.8102792034073272
pre,2.989784,66.7,0.8596207156791642,0.8194388702470337
pre,2.989784,66.75,0.8538364218100933,0.8300001228093491
pre,2.989784,66.8,0.8478053270346846,0.8411400260266663
pre,2.989784,66.85000000000001,0.8416331165010936,0.8519180391002771
pre,2.989784,66.9,0.835422730724343,0.8614267259391187
pre,2.989784,66.95,0.829275951953594,0.8693105869329285
pre,2.989784,67.0,0.8232962159903203,0.8753783008654594
pre,2.989784,67.05,0.8175930792197986,0.8796874756820636
pre,2.989784,67.10000000000001,0.8122886292773471,0.8822623632170561
pre,2.989784,67.15,0.8075259017358906,0.8833713713012097
pre,2.989784,67.2,0.8034789732130639,0.8830804884830719
pre,2.989784,67.25,0.8003628007888449,0.8815796330587462
pre,2.989784,67.3,0.7984392257454248,0.8790433370520258
pre,2.989784,67.35000000000001,0.798011855653543,0.8756319969966968
pre,2.989784,67.4,0.7993993772190978,0.8714847651045765
pre,2.989784,67.45,0.8028777429157902,0.8667201803826152
pre,2.989784,67.5,0.8085910637270471,0.8614491103179496
pre,2.989784,67.55,0.8164487786122276,0.8557816283085775
pre,2.989784,67.60000000000001,0.8260509466404838,0.8498276337359252
pre,2.989784,67.65,0.836691620431606,0.843694291834463
pre,2.989784,67.7,0.8474766883249779,0.8374843148661189
pre,2.989784,67.75,0.8575254723136275,0.8312970759664184
pre,2.989784,67.8,0.8661832754838528,0.8252321251715403
pre,2.989784,67.85000000000001,0.8731073477005985,0.819394055213533
pre,2.989784,67.9,0.8782227501419303,0.8138978863133289
pre,2.989784,67.95,0.8815986468327053,0.8088746779376641
pre,2.989784,68.0,0.8833636621017127,0.8044781584693866
pre,2.989784,68.05,0.8836715161008365,0.8008951551379064
pre,2.989784,68.10000000000001,0.8826890884353332,0.7983628047280207
pre,2.989784,68.15,0.8805854065669143,0.7971790436278458
pre,2.989784,68.2,0.877521458609354,0.797667000764777
pre,2.989784,68.25,0.8736435623682682,0.8001125396489779
pre,2.989784,68.3,0.8690832386851776,0.8047330169600144
pre,2.989784,68.35000000000001,0.8639603094936165,0.8115680544090794
pre,2.989784,68.4,0.8583872485487162,0.8203818816682784
pre,2.989784,68.45,0.8524721146051422,0.8306289318178887
pre,2.989784,68.5,0.8463194494372652,0.8415215827255293
pre,2.989784,68.55,0.840030005936739,0.8521288733437985
pre,2.989784,68.60000000000001,0.8337005148158878,0.8615514765674785
pre,2.989784,68.65,0.8274243441839897,0.869401255387764
pre,2.989784,68.7,0.8212934771045065,0.8754605412478271
pre,2.989784,68.75,0.8154020242328913,0.8797786402109112
pre,2.989784,68.8,0.8098514851968027,0.8823532732464019
pre,2.989784,68.85000000000001,0.8047579968209484,0.8834625245136944
pre,2.989784,68.9,0.8002617124191754,0.8831714272384283
pre,2.989784,68.95,0.7965377360117883,0.8816568845183224
pre,2.989784,69.0,0.7938067287608767,0.8790974830737237
pre,2.989784,69.05,0.7923407175821072,0.8756551559414276
pre,2.989784,69.10000000000001,0.7924558272244476,0.8714701329400029
pre,2.989784,69.15,0.7944805503973976,0.8666619864363323
pre,2.989784,69.2,0.7986895667277604,0.861342132733872
pre,2.989784,69.25,0.805204940663973,0.8556205497120772
pre,2.989784,69.3,0.8138874218385459,0.8496062244938938
pre,2.989784,69.35000000000001,0.8242661460196098,0.8434043298126555
pre,2.989784,69.4,0.8355581286112098,0.8371141686249051
pre,2.989784,69.45,0.8468144467305123,0.8308298621010458
pre,2.989784,69.5,0.8571435617584168,0.8246432547575977
pre,2.989784,69.55,0.8659279276546219,0.8186479421367685
pre,2.989784,69.60000000000001,0.8728843608174535,0.8129437654515949
pre,2.989784,69.65,0.8779896985295699,0.8076417934915213
pre,2.989784,69.7,0.8813446991954382,0.8028705526659812
pre,2.989784,69.75,0.8830948410187345,0.7987850964674759
pre,2.989784,69.8,0.8834041640405085,0.7955814707660109
pre,2.989784,69.85000000000001,0.8824449703863753,0.7935146390277997
pre,2.989784,69.9,0.880388004704632,0.7928969382985527
pre,2.989784,69.95,0.8773925102221467,0.7940493601541512
pre,2.989784,70.0,0.8736014949094832,0.7972531322516467
pre,2.989784,70.05,0.8691432974731262,0.8027084557240581
pre,2.989784,70.10000000000001,0.8641359433437913,0.8104053653241382
pre,2.989784,70.15,0.8586921410181372,0.8200213257614641
pre,2.989784,70.2,0.8529223807530217,0.8309162836293982
pre,2.989784,70.25,0.846935945941917,0.8422293080147152
pre,2.989784,70.3,0.8408410364082856,0.8529995458452877
pre,2.989784,70.35000000000001,0.8347453597560299,0.8623812373465097
pre,2.989784,70.4,0.8287580814457457,0.870065509556925
pre,2.989784,70.45,0.82299356562939,0.8759243159291674
pre,2.989784,70.5,0.817577086141708,0.8800026386338327
pre,2.989784,70.55,0.8126525074904263,0.8824026592484189
pre,2.989784,70.60000000000001,0.8083915281295464,0.8833356119193102
pre,2.989784,70.65,0.8050031097137306,0.8828942978213539
pre,2.989784,70.7,0.8027396114053976,0.881275615337965
pre,2.989784,70.75,0.8018934166325822,0.8786478267517012
pre,2.989784,70.8,0.8027747240856892,0.8751688326944143
pre,2.989784,70.85000000000001,0.8056610142057139,0.8709739732209197
pre,2.989784,70.9,0.8107160497392641,0.8661796214019952
pre,2.989784,70.95,0.8178922976093349,0.8608960720119335
pre,2.989784,71.0,0.8268541499451683,0.8552336957661312
pre,2.989784,71.05,0.8369658526946182,0.8493031341840434
pre,2.989784,71.10000000000001,0.8473850119987274,0.843212872290781
pre,2.989784,71.15,0.8572461376949057,0.837068090559349
pre,2.989784,71.2,0.865861345657642,0.830972462621727
pre,2.989784,71.25,0.8728381591306991,0.8250323640598435
pre,2.989784,71.3,0.8780498956294428,0.819362428255404
pre,2.989784,71.35000000000001,0.8815355500831132,0.8140914131215694
pre,2.989784,71.4,0.8834070817901384,0.8093679024106871
pre,2.989784,71.45,0.8838084177371895,0.8053672124249392
pre,2.989784,71.5,0.882899819361523,0.8023040298095017
pre,2.989784,71.55,0.88084732640522,0.8004499136751015
pre,2.989784,71.60000000000001,0.8778124502793876,0.8001232925315993
pre,2.989784,71.65,0.8739440972388185,0.8016272398295636
pre,2.989784,71.7,0.8693763862169482,0.8052020742334687
pre,2.989784,71.75,0.8642309688314143,0.810967015920324
pre,2.989784,71.8,0.8586209137022456,0.8188017709609715
pre,2.989784,71.85000000000001,0.8526535014975298,0.828280766842217
pre,2.989784,71.9,0.8464311458305497,0.8387281897346119
pre,2.989784,71.95,0.8400509684436533,0.8492758763029362
pre,2.989784,72.0,0.8336040888342205,0.8589780373797371
pre,2.989784,72.05,0.8271754411709934,0.8672882294813623
pre,2.989784,72.10000000000001,0.8208444999267768,0.8738856907197763
pre,2.989784,72.15,0.8146870492812924,0.8787332264655103
pre,2.989784,72.2,0.8087781137650073,0.8818408535122549
pre,2.989784,72.25,0.8031962743325709,0.8833919884886281
pre,2.989784,72.3,0.7980297091806294,0.883528434095072
pre,2.989784,72.35000000000001,0.7933843124536236,0.8823699142900657
pre,2.989784,72.4,0.7893940468680568,0.8801012558471671
pre,2.989784,72.45,0.786232877822996,0.8768914235025937
pre,2.989784,72.5,0.7841260802824257,0.8728898032814113
pre,2.989784,72.55,0.7833556519895268,0.8682224605211492
pre,2.989784,72.60000000000001,0.7842504293070651,0.8630033110970603
pre,2.989784,72.65,0.7871479953866445,0.8573428203760457
pre,2.989784,72.7,0.7923192974506369,0.8513500547507175
pre,2.989784,72.75,0.7998593962445619,0.8451302229547055
pre,2.989784,72.8,0.8095729145833347,0.8387817164131173
pre,2.989784,72.85000000000001,0.8209108174360774,0.8323955200858073
pre,2.989784,72.9,0.8330106251901764,0.8260569886060649
pre,2.989784,72.95,0.844871100363534,0.8198487749975779
pre,2.989784,73.0,0.8556034792480927,0.8138541061891298
pre,2.989784,73.05,0.864636114011002,0.8081603605284562
pre,2.989784,73.10000000000001,0.8717573865295631,0.8028636317974022
pre,2.989784,73.15,0.8769958001557489,0.798075272897333
pre,2.989784,73.2,0.8804839914553798,0.7939316581415183
pre,2.989784,73.25,0.8823834478333645,0.7906085838743342
pre,2.989784,73.3,0.8828667350629249,0.7883387982362111
pre,2.989784,73.35000000000001,0.8821090698150987,0.7874177439891153
pre,2.989784,73.4,0.8802798905001619,0.7881707003876911
pre,2.989784,73.45,0.8775338876672042,0.7909038080640816
pre,2.989784,73.5,0.8740081959695871,0.7958759859311866
pre,2.989784,73.55,0.8698264246433755,0.8031787739430558
pre,2.989784,73.60000000000001,0.8651043385123847,0.8126165509246541
pre,2.989784,73.65,0.8599554579179085,0.8236291350022413
pre,2.989784,73.7,0.8544943420842631,0.8353586218428484
pre,2.989784,73.75,0.848837796761112,0.8469149817047119
pre,2.989784,73.8,0.8431054981329379,0.8572648399290786
pre,2.989784,73.85000000000001,0.8374214705459536,0.865963391294741
pre,2.989784,73.9,0.8319172405110252,0.872785859358366
pre,2.989784,73.95,0.8267368943102958,0.8778022717268342
pre,2.989784,74.0,0.8220437701488776,0.8810258979123237
pre,2.989784,74.05,0.8180278656643234,0.8827460988628979
pre,2.989784,74.10000000000001,0.8149118927132024,0.8830214491031553
pre,2.989784,74.15,0.8129519336520423,0.8820577116817209
pre,2.989784,74.2,0.8124263276623174,0.8800219693843623
pre,2.989784,74.25,0.8136052058135503,0.8770718597393298
pre,2.989784,74.3,0.816695186834857,0.873354107287031
pre,2.989784,74.35000000000001,0.8217637648493471,0.8689906093131171
pre,2.989784,74.4,0.8286622056831575,0.8640919842472319
pre,2.989784,74.45,0.8369829030936008,0.8587679847013961
pre,2.989784,74.5,0.8460843199644099,0.8531309579136176
pre,2.989784,74.55,0.8552013245482744,0.847294879454576
pre,2.989784,74.60000000000001,0.8636109736585255,0.8413738639657697
pre,2.989784,74.65,0.8707760106671126,0.8354831530374522
pre,2.989784,74.7,0.8764067818010869,0.8297431310132134
pre,2.989784,74.75,0.8804157191008161,0.824285447026063
pre,2.989784,74.8,0.8828387236106834,0.8192594683105425
pre,2.989784,74.85000000000001,0.8837740236726523,0.8148370104545805
pre,2.989784,74.9,0.8833528495400041,0.8112167240933641
pre,2.989784,74.95,0.881724195547454,0.8086359690274966
pre,2.989784,75.0,0.8790434829037487,0.8073840952483917
pre,2.989784,75.05,0.8754618444847517,0.8077692603865878
pre,2.989784,75.10000000000001,0.8711203542847901,0.8100468146274593
pre,2.989784,75.15,0.8661481188697823,0.8143791330181158
pre,2.989784,75.2,0.8606637674671598,0.820747052020578
pre,2.989784,75.25,0.8547778410221255,0.8288680541712115
pre,2.989784,75.3,0.8485942784399996,0.838198465677163
pre,2.989784,75.35000000000001,0.8422105851943774,0.8480088311879959
pre,2.989784,75.4,0.8357172239877086,0.857437474913535
pre,2.989784,75.45,0.8291969657661985,0.8657992132236594
pre,2.989784,75.5,0.8227246857026054,0.872659674685107
pre,2.989784,75.55,0.8163677877585855,0.8778499698329372
pre,2.989784,75.60000000000001,0.8101872913723518,0.8813985710758556
pre,2.989784,75.65,0.8042396193483765,0.8832927105086462
pre,2.989784,75.7,0.7985792147930936,0.8837703253643686
pre,2.989784,75.75,0.7932622267815604,0.8829276215420814
pre,2.989784,75.8,0.7883516150055008,0.8809131744622944
pre,2.989784,75.85000000000001,0.7839241243125582,0.877899167285865
pre,2.989784,75.9,0.7800793637075105,0.874041947875457
pre,2.989784,75.95,0.7769511397143598,0.8694752876439147
pre,2.989784,76.0,0.774720032851908,0.8643179535757836
pre,2.989784,76.05,0.7736240966432334,0.8586827340349208
pre,2.989784,76.10000000000001,0.77396104358954,0.8526796288183935
pre,2.989784,76.15,0.776071071766597,0.8464139156017687
pre,2.989784,76.2,0.780286851453317,0.8399825709378937
pre,2.989784,76.25,0.7868439213829113,0.8334725058199732
pre,2.989784,76.3,0.7957615011657093,0.8269611361203277
pre,2.989784,76.35000000000001,0.8067349300181719,0.8205179373734366
pre,2.989784,76.4,0.8190937924985151,0.8142058819260948
pre,2.989784,76.45,0.831890753390197,0.8080825209911123
pre,2.989784,76.5,0.8441099263964517,0.8022012329683939
pre,2.989784,76.55,0.8549359163047205,0.7966133732943549
pre,2.989784,76.60000000000001,0.8639180994645621,0.7913718065137632
pre,2.989784,76.65,0.8709504175046336,0.7865360631704805
pre,2.989784,76.7,0.8761236188659152,0.78217931003319
pre,2.989784,76.75,0.8795943205337065,0.778397447822161
pre,2.989784,76.80000000000001,0.8815340530849759,0.7753207318029633
pre,2.989784,76.85000000000001,0.8821187627294431,0.7731274563887405
pre,2.989784,76.9,0.8815209572623042,0.7720551740010307
pre,2.989784,76.95,0.8799003826611987,0.7723971212289842
pre,2.989784,77.0,0.8774004638010954,0.7744764017841366
pre,2.989784,77.05000000000001,0.8741482109287569,0.7786181723845395
pre,2.989784,77.10000000000001,0.8702595092309446,0.7850930591854489
pre,2.989784,77.15,0.8658464746791721,0.7939773655325831
pre,2.989784,77.2,0.8610227948013641,0.8049842727841895
pre,2.989784,77.25,0.8559064227346715,0.8173590263985008
pre,2.989784,77.30000000000001,0.8506205332523334,0.830140156751106
pre,2.989784,77.35000000000001,0.8452943195081616,0.84254126452244
pre,2.989784,77.4,0.8400648949853863,0.8535008113125794
pre,2.989784,77.45,0.8350808160509886,0.8626852370210534
pre,2.989784,77.5,0.8305070167603064,0.8699255136240328
pre,2.989784,77.55000000000001,0.8265302260904688,0.8753088615519842
pre,2.989784,77.60000000000001,0.8233629460493989,0.8789791841614467
pre,2.989784,77.65,0.8212426181375432,0.8811152685729584
pre,2.989784,77.7,0.8204208889700579,0.8818814247977979
pre,2.989784,77.75,0.8211372992506382,0.8814728461968635
pre,2.989784,77.80000000000001,0.823573261157525,0.8800092920652992
pre,2.989784,77.85000000000001,0.8277907052468435,0.8776450132928337
pre,2.989784,77.9,0.8336698218398838,0.874528116302564
pre,2.989784,77.95,0.8408723346431142,0.870777274476288
pre,2.989784,78.0,0.8488584631710638,0.8664994955124085
pre,2.989784,78.05000000000001,0.8569721390330666,0.8618030469223334
pre,2.989784,78.10000000000001,0.8645679741247068,0.8568031963166622
pre,2.989784,78.15,0.8711371857512527,0.8516233487750342
pre,2.989784,78.2,0.8763679859738164,0.8463947792490356
pre,2.989784,78.25,0.8801289283295186,0.8412577118899671
pre,2.989784,78.30000000000001,0.882414034669923,0.8363646180613719
pre,2.989784,78.35000000000001,0.8832896462142822,0.8318845149823676
pre,2.989784,78.4,0.882862789123616,0.8280041469004202
pre,2.989784,78.45,0.8812652813175188,0.8249246890852986
pre,2.989784,78.5,0.8786399372272296,0.8228673633289839
pre,2.989784,78.55000000000001,0.8751308946420613,0.8220843569301202
pre,2.989784,78.60000000000001,0.8708766819185846,0.8228237180659173
pre,2.989784,78.65,0.8660072138668528,0.8252524275495249
pre,2.989784,78.7,0.8606440029398819,0.8294130488486606
pre,2.989784,78.75,0.8549018249051777,0.8351838808304671
pre,2.989784,78.80000000000001,0.8488903220926475,0.8422199674837038
pre,2.989784,78.85000000000001,0.8427150318262058,0.8499880089907873
pre,2.989784,78.9,0.8364781869632599,0.8578609133617598
pre,2.989784,78.95,0.8302799749880266,0.8652214870433618
pre,2.989784,79.0,0.8242208832449821,0.871546985072734
pre,2.989784,79.05000000000001,0.8184055840496345,0.8765651197338423
pre,2.989784,79.10000000000001,0.812948680950823,0.88015085563718
pre,2.989784,79.15,0.8079825013657899,0.8823265481139712
pre,2.989784,79.2,0.8036667398834572,0.8830920833773366
pre,2.989784,79.25,0.8001989994848596,0.8825932813702071
pre,2.989784,79.30000000000001,0.7978230796391023,0.8809578601684939
pre,2.989784,79.35000000000001,0.7968293970004297,0.8783135612148676
pre,2.989784,79.4,0.797537962485433,0.8747983592425996
pre,2.989784,79.45,0.8002530831568886,0.8705454461445051
pre,2.989784,79.5,0.8051842749793784,0.8656804344439553
pre,2.989784,79.55000000000001,0.8123433002683111,0.8603243706106675
pre,2.989784,79.60000000000001,0.8214520155563273,0.8545959664065739
pre,2.989784,79.65,0.8319092429812722,0.8486108813214703
pre,2.989784,79.7,0.8428627713915036,0.8424797348053983
pre,2.989784,79.75,0.8533928070388813,0.8363079973880808
pre,2.989784,79.80000000000001,0.8627303219299671,0.8301988003849787
pre,2.989784,79.85000000000001,0.8704139547052407,0.824257776864387
pre,2.989784,79.9,0.876280617434067,0.8185988563849944
pre,2.989784,79.95,0.880362221240914,0.813350079959392
pre,2.989784,80.0,0.8827743554391334,0.808659285296372
pre,2.989784,80.05000000000001,0.8836651553390239,0.804701615632485
pre,2.989784,80.10000000000001,0.8831988863499054,0.8016935097157508
pre,2.989784,80.15,0.8815453987924992,0.7999102336282641
pre,2.989784,80.2,0.8788703716121944,0.7996719565698575
pre,2.989784,80.25,0.875326405185639,0.8012794623975342
pre,2.989784,80.30000000000001,0.8710502312298569,0.8049713721584354
pre,2.989784,80.35000000000001,0.8661654695604099,0.8108612527202838
pre,2.989784,80.4,0.8607870298641506,0.8188201103822207
pre,2.989784,80.45,0.8550248482824266,0.8284081902378844
pre,2.989784,80.5,0.84898559775145,0.8389342958678909
pre,2.989784,80.55000000000001,0.8427727999825236,0.8495202284194138
pre,2.989784,80.60000000000001,0.8364865640953277,0.8592175597219595
pre,2.989784,80.65,0.8302240174797304,0.8674971981051653
pre,2.989784,80.7,0.8240810266186241,0.8740521118965336
pre,2.989784,80.75,0.818155490508708,0.8788597743234334
pre,2.989784,80.80000000000001,0.812552411369036,0.8819205905645331
pre,2.989784,80.85000000000001,0.8073909585832378,0.8834386849075229
pre,2.989784,80.9,0.8028135479144376,0.8835410832532299
pre,2.989784,80.95,0.7989965734516232,0.8823561628639458
pre,2.989784,81.0,0.7961606475983471,0.8800691229782525
pre,2.989784,81.05000000000001,0.7945761793717315,0.876848059348843
pre,2.989784,81.10000000000001,0.7945562086898615,0.8728415492285004
pre,2.989784,81.15,0.7964255118955149,0.8681750382824618
pre,2.989784,81.2,0.8004556801209397,0.8629623114453691
pre,2.989784,81.25,0.8067691736715463,0.857314088641483
pre,2.989784,81.30000000000001,0.8152322345139741,0.8513400139081122
pre,2.989784,81.35000000000001,0.8253861886584685,0.8451462775062524
pre,2.989784,81.4,0.836465288130376,0.8388329012019805
pre,2.989784,81.45,0.8475347443113727,0.832493495603925
pre,2.989784,81.5,0.8577149217510036,0.8262174680586358
pre,2.989784,81.55000000000001,0.8663826607049983,0.8200935200403073
pre,2.989784,81.60000000000001,0.8732496753965184,0.8142136382029475
pre,2.989784,81.65,0.8782797702904627,0.8086774713160402
pre,2.989784,81.7,0.881566880445158,0.8035977279909735
pre,2.989784,81.75,0.8832525747313976,0.7991077479990746
pre,2.989784,81.80000000000001,0.8834981300589841,0.7953731368145566
pre,2.989784,81.85000000000001,0.8824737896042223,0.7926088614259559
pre,2.989784,81.9,0.8803493764225003,0.7910934149957879
pre,2.989784,81.95,0.8772846860536437,0.791150005066614
pre,2.989784,82.0,0.8734236709053826,0.793090842020593
pre,2.989784,82.05000000000001,0.8688951768323766,0.7971851206991449
pre,2.989784,82.10000000000001,0.8638174987918554,0.8035770388592091
pre,2.989784,82.15,0.8583030415242339,0.8121644495540608
pre,2.989784,82.2,0.8524612178260165,0.8224999766721792
pre,2.989784,82.25,0.8463993409702204,0.833824385732374
pre,2.989784,82.30000000000001,0.8402225832315602,0.8452467638712573
pre,2.989784,82.35000000000001,0.8340342939763006,0.8557596054594239
pre,2.989784,82.4,0.8279375465510975,0.8647336660563272
pre,2.989784,82.45,0.8220383419591468,0.8718989087789609
pre,2.989784,82.5,0.8164506860775591,0.8772479386805736
pre,2.989784,82.55000000000001,0.8113036803858363,0.8807857473877299
pre,2.989784,82.60000000000001,0.8067504840862312,0.882770395452918
pre,2.989784,82.65,0.8029785712050022,0.8832870527851711
pre,2.989784,82.7,0.8002186632110646,0.882500099915859
pre,2.989784,82.75,0.7987477987399487,0.8805960463633604
pre,2.989784,82.80000000000001,0.798878044944922,0.8777362244952225
pre,2.989784,82.85000000000001,0.8009203345755626,0.8740728226374069
pre,2.989784,82.9,0.8051149036122692,0.8697333035082523
pre,2.989784,82.95,0.8115362571036387,0.8648305112268869
pre,2.989784,83.0,0.8199936475350956,0.8594741631247778
pre,2.989784,83.05000000000001,0.8299796150174178,0.8537752057067872
pre,2.989784,83.10000000000001,0.8407100750841419,0.8478450240279487
pre,2.989784,83.15,0.8512739910025229,0.8417932847890461
pre,2.989784,83.2,0.860854336865038,0.8357278565102525
pre,2.989784,83.25,0.8688984846465383,0.8297577353914849
pre,2.989784,83.30000000000001,0.8751682476808625,0.8239982001393672
pre,2.989784,83.35000000000001,0.8796472389085086,0.8185769968628087
pre,2.989784,83.4,0.8824301109583662,0.8136402157727041
pre,2.989784,83.45,0.8836551501393881,0.8093576607221875
pre,2.989784,83.5,0.8834806692761381,0.8059311854673855
pre,2.989784,83.55000000000001,0.8820750302411089,0.8036111194182949
pre,2.989784,83.60000000000001,0.879604955225484,0.8027025648269205
pre,2.989784,83.65,0.8762266915610043,0.8035174495719136
pre,2.989784,83.7,0.8720816135494965,0.8063105428926605
pre,2.989784,83.75,0.867296793694434,0.8112433784914095
pre,2.989784,83.80000000000001,0.8619890413865692,0.8182690610894668
pre,2.989784,83.85000000000001,0.8562689549722282,0.8270581700018675
pre,2.989784,83.9,0.850243038134761,0.8370175903225543
pre,2.989784,83.95,0.8440139974516976,0.8473501632285201
pre,2.989784,84.0,0.8376803022978285,0.8571320040292119
pre,2.989784,84.05000000000001,0.8313361038876476,0.8656876642957252
pre,2.989784,84.10000000000001,0.8250721821413023,0.8726341088045861
pre,2.989784,84.15,0.8189782288435236,0.8778502838585609
pre,2.989784,84.2,0.8131466584159059,0.8813715274530738
pre,2.989784,84.25,0.8076781813542186,0.8832410639924748
pre,2.989784,84.30000000000001,0.802689406688003,0.8836946076850174
pre,2.989784,84.35000000000001,0.7983225402339041,0.8828145211165441
pre,2.989784,84.4,0.7947565996774322,0.8807742951628198
pre,2.989784,84.45,0.7922179113632931,0.8777481384902834
pre,2.989784,84.5,0.7909850564678783,0.8738916347638658
pre,2.989784,84.55000000000001,0.7913794273862353,0.8693365561503953
pre,2.989784,84.60000000000001,0.7937294422935681,0.8641995861398732
pre,2.989784,84.65,0.7982994452507559,0.8585921205585653
pre,2.989784,84.7,0.805186978868332,0.85262358431206
pre,2.989784,84.75,0.8142145410796642,0.8463995379970088
pre,2.989784,84.80000000000001,0.8248650082514584,0.8400182685627975
pre,2.989784,84.85000000000001,0.8363202504101171,0.8335692955734602
pre,2.989784,84.9,0.847614551277729,0.8271343172166452
pre,2.989784,84.95,0.8578782721169897,0.8207893535069172
pre,2.989784,85.0,0.8665291684607296,0.8146070784596326
pre,2.989784,85.05000000000001,0.8733271110238557,0.8086591459797432
pre,2.989784,85.10000000000001,0.8782737926310542,0.8030190940448002
pre,2.989784,85.15,0.88148151921985,0.7977667077110657
pre,2.989784,85.2,0.883101185955845,0.7929946209154394
pre,2.989784,85.25,0.8832993925935283,0.7888179068718567
pre,2.989784,85.30000000000001,0.8822498516188153,0.7853873509848672
pre,2.989784,85.35000000000001,0.8801222387928102,0.7829056661927262
pre,2.989784,85.4,0.877073641071224,0.7816387741461319
pre,2.989784,85.45,0.8732450965515283,0.7819016021401208
pre,2.989784,85.5,0.8687631033497558,0.7840162817578739
pre,2.989784,85.55000000000001,0.8637446494431955,0.7882846855236721
pre,2.989784,85.60000000000001,0.8583023162866588,0.7949077953517936
pre,2.989784,85.65,0.8525471411862605,0.8038522979433487
pre,2.989784,85.7,0.846589494114914,0.814710321004352
pre,2.989784,85.75,0.8405392872885802,0.8266754035184598
pre,2.989784,85.80000000000001,0.8345068428497895,0.8388573774263252
pre,2.989784,85.85000000000001,0.8286052531266281,0.8503280002359451
pre,2.989784,85.9,0.8229546142630169,0.8602010602334547
pre,2.989784,85.95,0.817688251613968,0.8682511305740255
pre,2.989784,86.0,0.8129608020698518,0.8744205115458923
pre,2.989784,86.05000000000001,0.8089574350152503,0.8787353912029298
pre,2.989784,86.10000000000001,0.805902234088812,0.881445849550484
pre,2.989784,86.15,0.8040614118973031,0.8826465647667239
pre,2.989784,86.2,0.8037341697218034,0.8825240429744677
pre,2.989784,86.25,0.8052214461917886,0.88125989424697
pre,2.989784,86.30000000000001,0.8087650618114435,0.8789990505620444
pre,2.989784,86.35000000000001,0.8144606231021487,0.8758983540926999
pre,2.989784,86.4,0.8221647620238296,0.8720924275607131
pre,2.989784,86.45,0.8314377575709108,0.8676951478232766
pre,2.989784,86.5,0.8415674026687813,0.8628150450832732
pre,2.989784,86.55000000000001,0.8516958195503869,0.8575634176795668
pre,2.989784,86.60000000000001,0.8610132904694155,0.8520563873938718
pre,2.989784,86.65,0.8689395872372954,0.8464139999896
pre,2.989784,86.7,0.8751817124536581,0.8407600838776876
pre,2.989784,86.75,0.8796803978534842,0.8352249229631141
pre,2.989784,86.80000000000001,0.8825016580657244,0.8299506214951726
pre,2.989784,86.85000000000001,0.8837667815518576,0.825097391351238
pre,2.989784,86.9,0.8836240382086414,0.8208472451851101
pre,2.989784,86.95,0.8822350434434868,0.8174048302715015
pre,2.989784,87.0,0.8797641043627779,0.815005786585794
pre,2.989784,87.05000000000001,0.8763681997043272,0.8139289767777445
pre,2.989784,87.10000000000001,0.8721906185042574,0.8144615623996817
pre,2.989784,87.15,0.8673606982629873,0.8168246259055437
pre,2.989784,87.2,0.8619966719543388,0.8211292689297256
pre,2.989784,87.25,0.8562090655988966,0.8273032243269984
pre,2.989784,87.30000000000001,0.8501027195725275,0.8350214193198618
pre,2.989784,87.35000000000001,0.8437770373438744,0.8437307937694738
pre,2.989784,87.4,0.8373252415549649,0.8527333112316257
pre,2.989784,87.45,0.830833609458096,0.8612751533463862
pre,2.989784,87.5,0.82438129591902,0.8687721107557542
pre,2.989784,87.55000000000001,0.8180409637923322,0.8748225198014397
pre,2.989784,87.60000000000001,0.8118802707295705,0.8792909612116405
pre,2.989784,87.65,0.8059642872972906,0.8822074869390307
pre,2.989784,87.7,0.8003590384956106,0.8835641114711889
pre,2.989784,87.75,0.7951364903371873,0.8835611086281924
pre,2.989784,87.80000000000001,0.7903813474140807,0.8823138273917158
pre,2.989784,87.85000000000001,0.7862001425212446,0.8799612618386699
pre,2.989784,87.9,0.7827323685877449,0.8766622239915745
pre,2.989784,87.95,0.780162917726823,0.8725629143290784
pre,2.989784,88.0,0.7787326194916608,0.86779236626217
pre,2.989784,88.05000000000001,0.7787403017355088,0.8624694635867922
pre,2.989784,88.10000000000001,0.7805256911877133,0.8567086991326673
pre,2.989784,88.15,0.7844195525628469,0.8506211058306736
pre,2.989784,88.2,0.7906549161509431,0.8443114821749916
pre,2.989784,88.25,0.7992489860868129,0.8378755880771978
pre,2.989784,88.30000000000001,0.8098968041281852,0.8313997955349399
pre,2.989784,88.35000000000001,0.8219321883733507,0.8249627634504271
pre,2.989784,88.4,0.8344113939413392,0.8186377588473435
pre,2.989784,88.45,0.8463281509533608,0.8124948774365442
pre,2.989784,88.5,0.8568675432620114,0.8066032773428258
pre,2.989784,88.55000000000001,0.8655800071837763,0.8010342101707799
pre,2.989784,88.60000000000001,0.8723517557128191,0.7958657146152059
pre,2.989784,88.65,0.8772676302576812,0.791189666643876
pre,2.989784,88.7,0.8804794090015069,0.7871218440695825
pre,2.989784,88.75,0.8821563098416264,0.7838155476286868
pre,2.989784,88.80000000000001,0.8824740942081872,0.7814776187564517
pre,2.989784,88.85000000000001,0.8816069661662094,0.7803780899666092
pre,2.989784,88.9,0.8797183718189385,0.7808334097872058
pre,2.989784,88.95,0.8769545374783287,0.7831656925085525
pre,2.989784,89.0,0.8734455629326507,0.7876775183302842
pre,2.989784,89.05000000000001,0.869310011476863,0.794560268646272
pre,2.989784,89.10000000000001,0.8646614655793519,0.8037594023728636
pre,2.989784,89.15,0.8596139150116744,0.814833147100178
pre,2.989784,89.2,0.8542843934580647,0.8269352291023229
pre,2.989784,89.25,0.8487938954684584,0.8391880114792598
pre,2.989784,89.30000000000001,0.8432682219215571,0.8506540989474722
pre,2.989784,89.35000000000001,0.8378400069189059,0.8604869238889037
pre,2.989784,89.4,0.832652483910423,0.868469671736399
pre,2.989784,89.45,0.8278649048833917,0.874573437800785
pre,2.989784,89.5,0.8236588868944866,0.8788187404323767
pre,2.989784,89.55000000000001,0.8202440231680702,0.8814810246462466
pre,2.989784,89.60000000000001,0.8178596080667127,0.8826357189015526
pre,2.989784,89.65,0.8167673048647183,0.8824880429949341
pre,2.989784,89.7,0.8172281899891755,0.8812100109214921
pre,2.989784,89.75,0.8194585345427242,0.8789447482556565
pre,2.989784,89.80000000000001,0.8235652190595907,0.8758489299176434
pre,2.989784,89.85000000000001,0.8294747439841875,0.8720555722314652
pre,2.989784,89.9,0.8368817791572134,0.867677559321502
pre,2.989784,89.95,0.8452512875651524,0.8628231006900013
pre,2.989784,90.0,0.8538938377266099,0.8576036892543482
pre,2.989784,90.05000000000001,0.8621051330165838,0.8521361097152479
pre,2.989784,90.10000000000001,0.8693068141505761,0.8465416369448884
pre,2.989784,90.15,0.8751355796290597,0.8409460616881024
pre,2.989784,90.2,0.879433999925192,0.835482495774345
pre,2.989784,90.25,0.8821883921935,0.8302967663455576
pre,2.989784,90.30000000000001,0.8834662132225177,0.8255534231617676
pre,2.989784,90.35000000000001,0.8833778738007646,0.8214385820730999
pre,2.989784,90.4,0.8820597423786991,0.8181602874887882
pre,2.989784,90.45,0.8796594838340019,0.8159580644849926
pre,2.989784,90.5,0.8763262412573136,0.8151121279284248
pre,2.989784,90.55000000000001,0.8722024915350179,0.8159000497284938
pre,2.989784,90.60000000000001,0.8674206902128628,0.8185222839503994
pre,2.989784,90.65,0.8621032856492483,0.8230628099520739
pre,2.989784,90.7,0.8563645618919239,0.8294096154143333
pre,2.989784,90.75,0.8503123663782811,0.8371990997502413
pre,2.989784,90.80000000000001,0.844048904155331,0.8458570166988912
pre,2.989784,90.85000000000001,0.8376708319749016,0.8546797483672952
pre,2.989784,90.9,0.8312693379938076,0.8629467992034565
pre,2.989784,90.95,0.8249308289498094,0.8701033348732837
pre,2.989784,91.0,0.8187386192022937,0.875806187968764
pre,2.989784,91.05000000000001,0.8127758776646666,0.8799400334097087
pre,2.989784,91.10000000000001,0.8071300895806737,0.88253825194986
pre,2.989784,91.15,0.8018993509649102,0.8836153787890483
pre,2.989784,91.2,0.7972007557018848,0.8833651896959789
pre,2.989784,91.25,0.7931809801633211,0.8819014427433581
pre,2.989784,91.30000000000001,0.7900279613176858,0.8793663798431659
pre,2.989784,91.35000000000001,0.787981057210183,0.8759152943153677
pre,2.989784,91.4,0.7873335710627376,0.8716901100350445
pre,2.989784,91.45,0.7884176267923363,0.8668175500265467
pre,2.989784,91.5,0.7915589511204506,0.8614159567375872
pre,2.989784,91.55000000000001,0.7969941995921673,0.8555999298783994
pre,2.989784,91.60000000000001,0.8047594641912177,0.8494803412312817
pre,2.989784,91.65,0.8145861387164377,0.8431613693555376
pre,2.989784,91.7,0.8258560756516143,0.8367382676685347
pre,2.989784,91.75,0.8376730806401277,0.8302977492091022
pre,2.989784,91.80000000000001,0.8490541337620746,0.8239202010482736
pre,2.989784,91.85000000000001,0.8591786085943007,0.8176824526750506
pre,2.989784,91.9,0.8675599292800584,0.8116605323356972
pre,2.989784,91.95,0.8740432957464438,0.8059326854565056
pre,2.989784,92.0,0.8786825530488918,0.8005835366932649
pre,2.989784,92.05000000000001,0.8816122492585112,0.7957103391920175
pre,2.989784,92.10000000000001,0.882992841199611,0.7914322456705587
pre,2.989784,92.15,0.8829965266850621,0.7879035694164273
pre,2.989784,92.2,0.8817979541237535,0.785330562479154
pre,2.989784,92.25,0.8795644721771135,0.7839833293326046
pre,2.989784,92.30000000000001,0.876447864714632,0.7841799389035031
pre,2.989784,92.35000000000001,0.872583726951962,0.7862408803482849
pre,2.989784,92.4,0.8680946225600118,0.7904614718920315
pre,2.989784,92.45,0.8630958045006295,0.797030332763008
pre,2.989784,92.5,0.8577001487395881,0.805898310028037
pre,2.989784,92.55000000000001,0.852020664976188,0.8166454508282789
pre,2.989784,92.60000000000001,0.8461712450241756,0.8284725285770549
pre,2.989784,92.65,0.8402671870207885,0.8404933964502677
pre,2.989784,92.7,0.8344267664114843,0.8517535228885729
pre,2.989784,92.75,0.828774548572013,0.8614204257606803
pre,2.989784,92.80000000000001,0.8234466677937496,0.869261284778812
pre,2.989784,92.85000000000001,0.8185979343147631,0.8752346918854792
pre,2.989784,92.9,0.8144101099623102,0.8793601090901974
pre,2.989784,92.95,0.8110996147023367,0.8818934830626837
pre,2.989784,93.0,0.8089209984529677,0.8829241956205651
pre,2.989784,93.05000000000001,0.8081598562720984,0.8826354992778491
pre,2.989784,93.10000000000001,0.8091067167797675,0.8812105212771592
pre,2.989784,93.15,0.8120044302840893,0.8787986436664801
pre,2.989784,93.2,0.8169703490440177,0.8755559249572222
pre,2.989784,93.25,0.8239092277004523,0.8716151119656057
pre,2.989784,93.30000000000001,0.8324535402477384,0.8670897218328402
pre,2.989784,93.35000000000001,0.841968620150511,0.8620886039221091
pre,2.989784,93.4,0.8516564409536467,0.8567231855223519
pre,2.989784,93.45,0.8607252415898794,0.8511088402845952
pre,2.989784,93.5,0.868564767642925,0.8453636500829901
pre,2.989784,93.55000000000001,0.8748317185574744,0.8396082915205176
pre,2.989784,93.60000000000001,0.8794147677679577,0.8339688913412009
pre,2.989784,93.65,0.8823468829452584,0.8285825642454541
pre,2.989784,93.7,0.8837297712940163,0.8236039481127797
pre,2.989784,93.75,0.8836986623383052,0.8192096653302403
pre,2.989784,93.80000000000001,0.8824069812683202,0.8156002954739713
pre,2.989784,93.85000000000001,0.8800145832402105,0.8130086817160145
pre,2.989784,93.9,0.8766777095832893,0.8117140054762214
pre,2.989784,93.95,0.8725414936141249,0.8120138882110979
pre,2.989784,94.0,0.8677377357668544,0.8141512560207677
pre,2.989784,94.05000000000001,0.8623866472179174,0.8182677053892576
pre,2.989784,94.10000000000001,0.8565998257829055,0.8243324375003903
pre,2.989784,94.15,0.8504822303574412,0.8320602784413256
pre,2.989784,94.2,0.844132551755121,0.8409191344203572
pre,2.989784,94.25,0.8376424899267686,0.850212497398964
pre,2.989784,94.30000000000001,0.8310957786074591,0.8591439238210745
pre,2.989784,94.35000000000001,0.8245675358002309,0.8670780798491855
pre,2.989784,94.4,0.8181241397600533,0.8735676852513459
pre,2.989784,94.45,0.8118236079096796,0.8784495063943405
pre,2.989784,94.5,0.8057164101254214,0.8817443539294099
pre,2.989784,94.55000000000001,0.7998466989008172,0.8834333195527173
pre,2.989784,94.60000000000001,0.7942540167525782,0.883723573092116
pre,2.989784,94.65,0.7889756166405701,0.8827310965550064
pre,2.989784,94.7,0.7840496029446336,0.8805924392721338
pre,2.989784,94.75,0.7795192146828893,0.8774718599418733
pre,2.989784,94.80000000000001,0.7754386182914319,0.8735213143395467
pre,2.989784,94.85000000000001,0.771880654700296,0.8688729806152042
pre,2.989784,94.9,0.7689467940660459,0.8636463105893981
pre,2.989784,94.95,0.7667790282466467,0.8579553595215235
pre,2.989784,95.0,0.7655721269682904,0.8519109599150665
pre,2.989784,95.05000000000001,0.7655820122117369,0.8456183858071125
pre,2.989784,95.10000000000001,0.7671220439644494,0.839174007688775
pre,2.989784,95.15,0.7705349322161853,0.8326640522162487
pre,2.989784,95.2,0.7761286091622911,0.8261655790425189
pre,2.989784,95.25,0.7840734596116761,0.819748255379896
pre,2.989784,95.30000000000001,0.7942815849783066,0.8134759479760213
pre,2.989784,95.35000000000001,0.8063153482130967,0.8074080296210318
pre,2.989784,95.4,0.8193926908916664,0.8016010221572403
pre,2.989784,95.45,0.8325132329729488,0.7961113424450379
pre,2.989784,95.5,0.8447151804906256,0.7909996550133422
pre,2.989784,95.55000000000001,0.855307056225071,0.7863371385093307
pre,2.989784,95.60000000000001,0.8639841636784075,0.7822139626223842
pre,2.989784,95.65,0.8707353944227525,0.7787503692463323
pre,2.989784,95.7,0.8756914474755728,0.776110381014689
pre,2.989784,95.75,0.879020394838558,0.7745153238130108
pre,2.989784,95.80000000000001,0.8808949245752881,0.7742463278005498
pre,2.989784,95.85000000000001,0.8814858955374841,0.775622461273957
pre,2.989784,95.9,0.8809563588439089,0.7789683971496577
pre,2.989784,95.95,0.8794544036136667,0.7845822095743059
pre,2.989784,96.0,0.8771096781402873,0.7926091095319283
pre,2.989784,96.05000000000001,0.8740383226590777,0.8028864184897764
pre,2.989784,96.10000000000001,0.8703497485913291,0.8148166507617581
pre,2.989784,96.15,0.8661531636023537,0.8274361572718694
pre,2.989784,96.2,0.861562189596083,0.8399384191423349
pre,2.989784,96.25,0.8566967572167553,0.8513134265475601
pre,2.989784,96.30000000000001,0.8516836167072521,0.860957130888522
pre,2.989784,96.35000000000001,0.84665709719868,0.8686654464531008
pre,2.989784,96.4,0.841761080147132,0.8745164680220041
pre,2.989784,96.45,0.8371523584965631,0.8785513491977539
pre,2.989784,96.5,0.8330048215794893,0.8810448692704643
pre,2.989784,96.55000000000001,0.8295131048587984,0.8820856305345199
pre,2.989784,96.60000000000001,0.8268933013064308,0.881902963969557
pre,2.989784,96.65,0.8253770022485943,0.8806281628515255
pre,2.989784,96.7,0.825193915715038,0.8784056851878327
pre,2.989784,96.75,0.8265390586951199,0.875390592895314
pre,2.989784,96.80000000000001,0.8295242993463187,0.8717086950088145
pre,2.989784,96.85000000000001,0.8341231607108589,0.8674690633581864
pre,2.989784,96.9,0.840125934735916,0.8627790771875105
pre,2.989784,96.95,0.8471310836070821,0.8577516598873755
pre,2.989784,97.0,0.8545888613692013,0.8525071403035316
pre,2.989784,97.05000000000001,0.8618955120763357,0.8471728745508438
pre,2.989784,97.10000000000001,0.8685102587207446,0.8418838182745365
pre,2.989784,97.15,0.8740380338624658,0.8367855164493425
pre,2.989784,97.2,0.8782564424694292,0.8320389331257585
pre,2.989784,97.25,0.8810862594260885,0.827824004386776
pre,2.989784,97.30000000000001,0.8825428101296376,0.8243380834813072
pre,2.989784,97.35000000000001,0.8826994611586311,0.8217969473168891
pre,2.989784,97.4,0.8816640933915695,0.8204483056511607
pre,2.989784,97.45,0.8795647864065669,0.8205584445181637
pre,2.989784,97.5,0.8765387164611758,0.8223440341677793
pre,2.989784,97.55000000000001,0.8727233905070223,0.825907519573192
pre,2.989784,97.60000000000001,0.8682514949274838,0.8312092003380597
pre,2.989784,97.65,0.8632492741738492,0.8379889051816801
pre,2.989784,97.7,0.8578372997489216,0.8457659892504041
pre,2.989784,97.75,0.8521321676715227,0.8539231444608745
pre,2.989784,97.80000000000001,0.84624825366372,0.8617999718595705
pre,2.989784,97.85000000000001,0.8402994860815778,0.8688165300851987
pre,2.989784,97.9,0.8344016454586585,0.8745635137144293
pre,2.989784,97.95,0.8286758232948715,0.8788621416901767
pre,2.989784,98.0,0.8232535173369578,0.8817164885184132
pre,2.989784,98.05000000000001,0.8182835248269178,0.883107493755953
pre,2.989784,98.10000000000001,0.813940252565928,0.8831499240056768
pre,2.989784,98.15,0.8104320597982544,0.8819888167466787
pre,2.989784,98.2,0.8080064255832053,0.8797469682152996
pre,2.989784,98.25,0.806946028770297,0.8765653709632049
pre,2.989784,98.30000000000001,0.8075475180524199,0.8725833834191045
pre,2.989784,98.35000000000001,0.8100744095385153,0.8679303047747405
pre,2.989784,98.4,0.8146824488323788,0.862728117005254
pre,2.989784,98.45,0.821329945730694,0.8570952451920462
pre,2.989784,98.5,0.8297066873431953,0.851147292417998
pre,2.989784,98.55000000000001,0.8392221596988563,0.8449949571677455
pre,2.989784,98.60000000000001,0.849086535492894,0.8387423209049174
pre,2.989784,98.65,0.8584796526537747,0.8324878441489922
pre,2.989784,98.7,0.8667313276811003,0.8263277817125972
pre,2.989784,98.75,0.873439527673137,0.8203608628393178
pre,2.989784,98.80000000000001,0.8784535793838467,0.8146934215618883
pre,2.989784,98.85000000000001,0.881787808132518,0.8094447078661626
pre,2.989784,98.9,0.8835373013308342,0.8047530633407982
pre,2.989784,98.95,0.8838343651447722,0.8007850028883772
pre,2.989784,99.0,0.8828315312656854,0.7977505012117679
pre,2.989784,99.05000000000001,0.8806900475257627,0.7959204139636643
pre,2.989784,99.10000000000001,0.8775684310062746,0.7956152576628468
pre,2.989784,99.15,0.8736149026254504,0.7971461028026461
pre,2.989784,99.2,0.8689642067538568,0.8007732306880696
pre,2.989784,99.25,0.8637387468778461,0.8066468476275976
pre,2.989784,99.30000000000001,0.8580516966765371,0.8146830017483093
pre,2.989784,99.35000000000001,0.8520094375592572,0.8244742279425648
pre,2.989784,99.4,0.8457123054739438,0.8353275359236677
pre,2.989784,99.45,0.8392540248187327,0.8463646130698925
pre,2.989784,99.5,0.8327207235074922,0.856599034997256
pre,2.989784,99.55000000000001,0.8261902112366813,0.865391706094313
pre,2.989784,99.60000000000001,0.8197318030895507,0.872438029939372
pre,2.989784,99.65,0.8134067096576448,0.8776956285454979
pre,2.989784,99.7,0.8072689416268796,0.8811754327658651
pre,2.989784,99.75,0.8013667228730941,0.8830709453803978
pre,2.989784,99.80000000000001,0.7957444943866692,0.8835188888610985
pre,2.989784,99.85000000000001,0.7904456963838841,0.882646309076901
pre,2.989784,99.9,0.7855165784776268,0.8806438551251945
pre,2.989784,99.95,0.7810113924648636,0.8776789617274116
post,2.98988,0.0,0.7746093347578489,0.853439646890079
post,2.98988,0.05,0.7763269192657063,0.8635217040318973
post,2.98988,0.1,0.7792183216318692,0.8716979392023041
post,2.98988,0.15000000000000002,0.7845008950190523,0.8778703855045864
post,2.98988,0.2,0.7923717932437899,0.8821192093222083
post,2.98988,0.25,0.8025475315928258,0.8847722144196497
post,2.98988,0.30000000000000004,0.8144289642540522,0.8858885053432594
post,2.98988,0.35000000000000003,0.8271370888953974,0.8857501871052944
post,2.98988,0.4,0.8396559217574714,0.8845111345263603
post,2.98988,0.45,0.8510630064912962,0.8822818059654121
post,2.98988,0.5,0.8607608163100446,0.8792153355138241
post,2.98988,0.55,0.8685205537518652,0.875447955973982
post,2.98988,0.6000000000000001,0.8743747873309956,0.8710895568100239
post,2.98988,0.65,0.8784635098573935,0.8662420356682515
post,2.98988,0.7000000000000001,0.8809537897806332,0.8610099892532838
post,2.98988,0.75,0.8820199895723414,0.855504294470588
post,2.98988,0.8,0.8818365460711685,0.8498416229665111
post,2.98988,0.8500000000000001,0.880569782725421,0.8441436086152814
post,2.98988,0.9,0.8783696195379918,0.8385383066943279
post,2.98988,0.9500000000000001,0.8753689135552322,0.8331644758200925
post,2.98988,1.0,0.871687305518616,0.8281775354712138
post,2.98988,1.05,0.86743754134946,0.8237539820406281
post,2.98988,1.1,0.8627319121951335,0.8200918536604939
post,2.98988,1.1500000000000001,0.8576860031481763,0.8174149335021377
post,2.98988,1.2000000000000002,0.8524200801027055,0.8159857033012081
post,2.98988,1.25,0.8470597189955043,0.816085637407884
post,2.98988,1.3,0.8417371415759751,0.8179476973926927
post,2.98988,1.35,0.836594075849801,0.8217017118863118
post,2.98988,1.4000000000000001,0.8317862346237084,0.8273232333501984
post,2.98988,1.4500000000000002,0.8274888417281467,0.8345471331967607
post,2.98988,1.5,0.8239018167018127,0.8428706966691576
post,2.98988,1.55,0.8212519860001819,0.8516363098421527
post,2.98988,1.6,0.8197879915279219,0.8601106018607444
post,2.98988,1.6500000000000001,0.8197621220055654,0.8676774719427732
post,2.98988,1.7000000000000002,0.8213935695476997,0.8738861936285836
post,2.98988,1.75,0.8248123542855341,0.8785636681978031
post,2.98988,1.8,0.8299937014619221,0.8817079293643252
post,2.98988,1.85,0.8367039178156832,0.8833020613910825
post,2.98988,1.9000000000000001,0.8444887344904003,0.8835066464158525
post,2.98988,1.9500000000000002,0.8527246034777757,0.8824597982801947
post,2.98988,2.0,0.8607363059233614,0.880288411976846
post,2.98988,2.0500000000000003,0.8679297694373367,0.8771465248113707
post,2.98988,2.1,0.8738934344339933,0.8731814827644437
post,2.98988,2.15,0.8784164089245132,0.8685248505686093
post,2.98988,2.2,0.8814422911100586,0.8632975351187352
post,2.98988,2.25,0.883010255778468,0.857615570072094
post,2.98988,2.3000000000000003,0.8832122634804863,0.8515917318959146
post,2.98988,2.35,0.882171947746155,0.8453332651719865
post,2.98988,2.4000000000000004,0.8800289460936279,0.8389390516949046
post,2.98988,2.45,0.8769288225618912,0.8324990835950674
post,2.98988,2.5,0.8730135769425207,0.8260962113997707
post,2.98988,2.5500000000000003,0.8684172055951636,0.8198088666792351
post,2.98988,2.6,0.8632645533558523,0.8137139439014187
post,2.98988,2.6500000000000004,0.857672519959985,0.8078898028838134
post,2.98988,2.7,0.8517517730828886,0.8024200945914775
post,2.98988,2.75,0.8456079088288401,0.7973993832231033
post,2.98988,2.8000000000000003,0.8393420354121689,0.7929415183061224
post,2.98988,2.85,0.8330513605198343,0.7891917758383842
post,2.98988,2.9000000000000004,0.8268304488771832,0.7863429916627307
post,2.98988,2.95,0.820773655057364,0.7846501551906983
post,2.98988,3.0,0.8149790894343011,0.7844233080387999
post,2.98988,3.0500000000000003,0.809554414810597,0.7859860735190833
post,2.98988,3.1,0.8046246981698842,0.7896424025431273
post,2.98988,3.1500000000000004,0.800342244649797,0.7956224076939584
post,2.98988,3.2,0.7968975409398468,0.8039459116306397
post,2.98988,3.25,0.7945285596794327,0.8142887785924502
post,2.98988,3.3000000000000003,0.7935228981356827,0.825934097614949
post,2.98988,3.35,0.7942033679835577,0.8379731531248468
post,2.98988,3.4000000000000004,0.7968853409055544,0.8495003687715674
post,2.98988,3.45,0.8017992652974275,0.8595353857426082
post,2.98988,3.5,0.8089862942057208,0.8678047330161947
post,2.98988,3.5500000000000003,0.8181979302135196,0.8741791443828895
post,2.98988,3.6,0.8288542550276461,0.8787089402504761
post,2.98988,3.6500000000000004,0.8401023036272801,0.8815608365797607
post,2.98988,3.7,0.8509985071400086,0.8829006245545575
post,2.98988,3.75,0.8607347564883515,0.882867112259553
post,2.98988,3.8000000000000003,0.8688111018868936,0.8816623408523492
post,2.98988,3.85,0.875046322417732,0.8794356098889575
post,2.98988,3.9000000000000004,0.8794667787966071,0.876343840218401
post,2.98988,3.95,0.8821909466493922,0.8725262895653274
post,2.98988,4.0,0.8833698918236217,0.8680996498967208
post,2.98988,4.05,0.8831695128665527,0.8631731761405371
post,2.98988,4.1000000000000005,0.8817610409604487,0.8578575453866617
post,2.98988,4.15,0.8793113898686561,0.852267350928629
post,2.98988,4.2,0.875974485665844,0.8465201055220438
post,2.98988,4.25,0.8718879399385002,0.8407356110726549
post,2.98988,4.3,0.8671756685889364,0.8350380922570161
post,2.98988,4.3500000000000005,0.8619529256264623,0.8295612137211827
post,2.98988,4.4,0.8563304755919285,0.8244546975800287
post,2.98988,4.45,0.8504166916311053,0.8198897558717381
post,2.98988,4.5,0.8443179208256906,0.8160615119760614
post,2.98988,4.55,0.8381383958502099,0.8131946937116536
post,2.98988,4.6000000000000005,0.831980871796861,0.811558201928798
post,2.98988,4.65,0.8259486755170887,0.8114513335616358
post,2.98988,4.7,0.8201494885668883,0.81313718076063
post,2.98988,4.75,0.8147010447577935,0.8167879794345358
post,2.98988,4.800000000000001,0.8097388370949133,0.8224289888083477
post,2.98988,4.8500000000000005,0.8054255552799113,0.8298395828772237
post,2.98988,4.9,0.8019612653316672,0.8385383981058655
post,2.98988,4.95,0.7995910425788861,0.8478597100852707
post,2.98988,5.0,0.7986044955868733,0.8570057381450766
post,2.98988,5.050000000000001,0.7993176965112327,0.8652701916319778
post,2.98988,5.1000000000000005,0.802026990003191,0.8721671577314738
post,2.98988,5.15,0.8069302007460802,0.8774672544733183
post,2.98988,5.2,0.8140262247229764,0.881152583523553
post,2.98988,5.25,0.8230261468848107,0.883214831188436
post,2.98988,5.300000000000001,0.8333272779223666,0.8838259447382956
post,2.98988,5.3500000000000005,0.8440854032733194,0.8831272031632393
post,2.98988,5.4,0.8544004674155892,0.8812424774733977
post,2.98988,5.45,0.8635246586106836,0.8783362786981501
post,2.98988,5.5,0.8710109676300554,0.8745654743937137
post,2.98988,5.550000000000001,0.8767025759918866,0.8700667677115437
post,2.98988,5.6000000000000005,0.8806284530620134,0.8649617690502518
post,2.98988,5.65,0.8829010005297212,0.8593653176508175
post,2.98988,5.7,0.8836657011073283,0.8533890461027006
post,2.98988,5.75,0.8830845580306609,0.8471399269484308
post,2.98988,5.800000000000001,0.8813256769029806,0.8407167856061195
post,2.98988,5.8500000000000005,0.8785530335361418,0.8342083768891071
post,2.98988,5.9,0.8749180855945244,0.8276938725574297
post,2.98988,5.95,0.8705569748470317,0.8212445046554844
post,2.98988,6.0,0.8655925819069269,0.8149252218525354
post,2.98988,6.050000000000001,0.8601389201387453,0.808796035635038
post,2.98988,6.1000000000000005,0.8543045175234576,0.8029135047709735
post,2.98988,6.15,0.8481938007578241,0.7973331309962091
post,2.98988,6.2,0.8419069277793337,0.7921132419229612
post,2.98988,6.25,0.8355392062172613,0.7873206989081885
post,2.98988,6.300000000000001,0.8291810601967445,0.7830387015943752
post,2.98988,6.3500000000000005,0.8229190514804297,0.7793770432681164
post,2.98988,6.4,0.816838168807262,0.7764850383564957
post,2.98988,6.45,0.8110255519337246,0.7745655608621133
post,2.98988,6.5,0.8055758994954043,0.7738823099082773
post,2.98988,6.550000000000001,0.800598864512419,0.7747459197000669
post,2.98988,6.6000000000000005,0.7962285875004262,0.7774827094853038
post,2.98988,6.65,0.7926349680230703,0.7824102184285386
post,2.98988,6.7,0.7900347539728988,0.7897368362839391
post,2.98988,6.75,0.7886981090283588,0.7994151112579166
post,2.98988,6.800000000000001,0.7889423596012523,0.81098808669068
post,2.98988,6.8500000000000005,0.7911010226723483,0.8235389655992351
post,2.98988,6.9,0.7954578293320762,0.8361955646653952
post,2.98988,6.95,0.8021466853502285,0.8480617223160414
post,2.98988,7.0,0.8110390651699194,0.8582562356927067
post,2.98988,7.050000000000001,0.8216684235648731,0.8665765286590605
post,2.98988,7.1000000000000005,0.8332482910138123,0.8729958839741182
post,2.98988,7.15,0.8448111010784324,0.8775436487837397
post,2.98988,7.2,0.855448855605048,0.8805047165298204
post,2.98988,7.25,0.8645212892352065,0.8819539971659427
post,2.98988,7.300000000000001,0.8717431249681236,0.8821242865709166
post,2.98988,7.3500000000000005,0.8770913071971334,0.8811671598721422
post,2.98988,7.4,0.8806728685126807,0.8792142131229357
post,2.98988,7.45,0.8826385137829642,0.8764243379596197
post,2.98988,7.5,0.8831548504069171,0.8729326485480653
post,2.98988,7.550000000000001,0.8823949066443988,0.8688516482663404
post,2.98988,7.6000000000000005,0.8805294058627134,0.864288363605638
post,2.98988,7.65,0.8777177300776969,0.8593538151218498
post,2.98988,7.7,0.874102481169537,0.8541663807646762
post,2.98988,7.75,0.869811019725457,0.8488518228808618
post,2.98988,7.800000000000001,0.8649608420186221,0.8435433471212073
post,2.98988,7.8500000000000005,0.859664820814564,0.8383838025430169
post,2.98988,7.9,0.8540345544910692,0.8335300833309411
post,2.98988,7.95,0.8481815879008991,0.8291575541905678
post,2.98988,8.0,0.8422177028459923,0.825459972444307
post,2.98988,8.05,0.8362557009827211,0.8226478244114594
post,2.98988,8.1,0.8304116294352796,0.8209588072199105
post,2.98988,8.15,0.8248088802422616,0.8206571010983909
post,2.98988,8.200000000000001,0.8195842628626749,0.821978340974185
post,2.98988,8.25,0.8148958480790655,0.8250579768761712
post,2.98988,8.3,0.8109317684686771,0.8299017070955721
post,2.98988,8.35,0.8079178854682446,0.8363123375322187
post,2.98988,8.4,0.8061198907250176,0.8438629902196788
post,2.98988,8.450000000000001,0.8058327415145193,0.8519636487803395
post,2.98988,8.5,0.8073483368720379,0.859953629959787
post,2.98988,8.55,0.8108940454221553,0.8672250176561207
post,2.98988,8.6,0.8165482205991798,0.8733022554516597
post,2.98988,8.65,0.8241513866285194,0.8779711350006235
post,2.98988,8.700000000000001,0.8332558904949148,0.881180801381559
post,2.98988,8.75,0.8431568850960205,0.8829305036958818
post,2.98988,8.8,0.8530154165223865,0.8832884026045165
post,2.98988,8.85,0.8620532460336418,0.8824124504344227
post,2.98988,8.9,0.8697133291557577,0.8804239863302448
post,2.98988,8.950000000000001,0.8757175380430556,0.8774607771912395
post,2.98988,9.0,0.8800083126675949,0.8736638435783114
post,2.98988,9.05,0.8826478280047024,0.8691649298371338
post,2.98988,9.1,0.88375355916464,0.8640875536496876
post,2.98988,9.15,0.8834704103238459,0.8585510194882935
post,2.98988,9.200000000000001,0.8819575375238824,0.8526720515390039
post,2.98988,9.25,0.8793768784298643,0.8465632338464267
post,2.98988,9.3,0.8758831992154391,0.8403309474948382
post,2.98988,9.35,0.8716182252189317,0.8340756813774892
post,2.98988,9.4,0.866710255133831,0.8278950066895097
post,2.98988,9.450000000000001,0.8612765773161826,0.8218881370821848
post,2.98988,9.5,0.8554265192658199,0.8161611885431798
post,2.98988,9.55,0.8492631336834973,0.810832637557938
post,2.98988,9.600000000000001,0.8428831838473784,0.8060393225753497
post,2.98988,9.65,0.8363761506460006,0.8019447039632362
post,2.98988,9.700000000000001,0.8298231219565961,0.7987527342554771
post,2.98988,9.75,0.8232960569574911,0.7967256970164251
post,2.98988,9.8,0.8168575273555918,0.7961793592293426
post,2.98988,9.850000000000001,0.8105608382995902,0.797428570448156
post,2.98988,9.9,0.8044503999122166,0.8007413100381738
post,2.98988,9.950000000000001,0.7985622573605932,0.8062910209312882
post,2.98988,10.0,0.7929247265395318,0.8140278910690124
post,2.98988,10.05,0.7875591039941584,0.8235894997195893
post,2.98988,10.100000000000001,0.782480430448172,0.834317830303851
post,2.98988,10.15,0.7776983399808133,0.8453456418063192
post,2.98988,10.200000000000001,0.7732178878600415,0.8556930879038291
post,2.98988,10.25,0.7690404185056123,0.8646460501719244
post,2.98988,10.3,0.7651645514001515,0.8718834465120379
post,2.98988,10.350000000000001,0.761587237013233,0.8773257797854463
post,2.98988,10.4,0.7583049729297563,0.8809929951611892
post,2.98988,10.450000000000001,0.7553152777075299,0.8830309402951588
post,2.98988,10.5,0.7526185567268211,0.8836174438260387
post,2.98988,10.55,0.7502205489469119,0.8828602114114854
post,2.98988,10.600000000000001,0.7481356103224351,0.8809520173500489
post,2.98988,10.65,0.746391157499735,0.8780624185086633
post,2.98988,10.700000000000001,0.7450336166478297,0.8743468362169762
post,2.98988,10.75,0.744136218112754,0.8699366878731345
post,2.98988,10.8,0.7438084363247099,0.8649473706099491
post,2.98988,10.850000000000001,0.7442063114054307,0.8594895400924042
post,2.98988,10.9,0.7455410237284299,0.8536735733192502
post,2.98988,10.950000000000001,0.7480802304428121,0.8476086137123424
post,2.98988,11.0,0.7521328113138291,0.8413998408788959
post,2.98988,11.05,0.7580082674697597,0.8351475787910514
post,2.98988,11.100000000000001,0.7659399736753848,0.8289492335720363
post,2.98988,11.15,0.7759837525985429,0.8229032101489525
post,2.98988,11.200000000000001,0.787919896209506,0.8171138555650677
post,2.98988,11.25,0.8012039882964028,0.8116968198649555
post,2.98988,11.3,0.8150204513358025,0.8067849092446856
post,2.98988,11.350000000000001,0.8284541754857941,0.8025356220418917
post,2.98988,11.4,0.8407088811704275,0.7991433309468888
post,2.98988,11.450000000000001,0.85129784168901,0.79685701657466
post,2.98988,11.5,0.8600521809267786,0.7959839816041204
post,2.98988,11.55,0.8670220657388316,0.7968448793720891
post,2.98988,11.600000000000001,0.8723421101001927,0.7997196865281545
post,2.98988,11.65,0.8761671893662125,0.8048121798400835
post,2.98988,11.700000000000001,0.8786513883959514,0.8121240794243721
post,2.98988,11.75,0.8799394380814917,0.8213622977595447
post,2.98988,11.8,0.8801617661206523,0.8319261737631986
post,2.98988,11.850000000000001,0.8794345729273915,0.842978670517274
post,2.98988,11.9,0.8778612911025206,0.8535610154996205
post,2.98988,11.950000000000001,0.8755374727213753,0.8628336799855976
post,2.98988,12.0,0.8725589152001515,0.8704536511827288
post,2.98988,12.05,0.8690264704468962,0.8762662528997067
post,2.98988,12.100000000000001,0.8650486872476895,0.8803149504272232
post,2.98988,12.15,0.8607423949300711,0.8826615893272055
post,2.98988,12.200000000000001,0.8562323892532212,0.8835496217681401
post,2.98988,12.25,0.8516514734138536,0.883056561169515
post,2.98988,12.3,0.8471415509867967,0.8813739571172734
post,2.98988,12.350000000000001,0.8428558032460788,0.8786750992491689
post,2.98988,12.4,0.8389613776281433,0.8751189729875182
post,2.98988,12.450000000000001,0.8356413828082154,0.8708418287098292
post,2.98988,12.5,0.8330942018088315,0.8659610487289072
post,2.98988,12.55,0.8315272364684057,0.8605874350320734
post,2.98988,12.600000000000001,0.831141531270931,0.8548310432131137
post,2.98988,12.65,0.8321047933502864,0.8488010624356812
post,2.98988,12.700000000000001,0.8345126073670339,0.842603017749721
post,2.98988,12.75,0.838345670281414,0.8363372062544462
post,2.98988,12.8,0.8434345566216802,0.8300999439554195
post,2.98988,12.850000000000001,0.8494512505567413,0.8239869678512002
post,2.98988,12.9,0.8559408848578793,0.8180979934136878
post,2.98988,12.950000000000001,0.8623930528722631,0.8125417853697705
post,2.98988,13.0,0.8683291344108309,0.8074417134330452
post,2.98988,13.05,0.8733763580420213,0.8029426536810051
post,2.98988,13.100000000000001,0.8772993384295076,0.7992214694498134
post,2.98988,13.15,0.8799877141231762,0.7965035680588337
post,2.98988,13.200000000000001,0.881424309775249,0.7950760352095091
post,2.98988,13.25,0.8816542005849741,0.7952624835701143
post,2.98988,13.3,0.8807630535260106,0.7973638843522715
post,2.98988,13.350000000000001,0.8788607501000795,0.8016270184423809
post,2.98988,13.4,0.8760712443269004,0.8081493995427715
post,2.98988,13.450000000000001,0.8725237319325911,0.8167680979725006
post,2.98988,13.5,0.8683471880897656,0.826992575746334
post,2.98988,13.55,0.8636680479112171,0.8380548869559745
post,2.98988,13.600000000000001,0.8586103134696591,0.8490419192302767
post,2.98988,13.65,0.8532970671558854,0.8589676666979494
post,2.98988,13.700000000000001,0.8478526654217409,0.8673569172778515
post,2.98988,13.75,0.8424054527198744,0.8739424324954833
post,2.98988,13.8,0.8370912535139561,0.8787473702664849
post,2.98988,13.850000000000001,0.8320579551420183,0.8817671424711074
post,2.98988,13.9,0.8274711658083816,0.8832793896564585
post,2.98988,13.950000000000001,0.8235202121772447,0.8833553025518976
post,2.98988,14.0,0.8204225530055927,0.8821648811959633
post,2.98988,14.05,0.8184229557617669,0.8798910827302995
post,2.98988,14.100000000000001,0.8177817880259622,0.8766974776983585
post,2.98988,14.15,0.8187462321236271,0.8727306492547653
post,2.98988,14.200000000000001,0.8215002157189831,0.8681138321915445
post,2.98988,14.25,0.8260979134032572,0.8629592202090621
post,2.98988,14.3,0.8323974664237613,0.8573768684286697
post,2.98988,14.350000000000001,0.8400250138490959,0.8514768998683749
post,2.98988,14.4,0.8483995261856075,0.8453674306328773
post,2.98988,14.450000000000001,0.8568256937752563,0.839152244220288
post,2.98988,14.5,0.8646396169334423,0.832930996730674
post,2.98988,14.55,0.8713332986014917,0.8268020599796033
post,2.98988,14.600000000000001,0.8766116847932977,0.820867007721143
post,2.98988,14.65,0.8803669043295326,0.8152358833416817
post,2.98988,14.700000000000001,0.8826109960914461,0.81003277671012
post,2.98988,14.75,0.8834232471430509,0.8054021012670967
post,2.98988,14.8,0.8829210379668075,0.8015174958067479
post,2.98988,14.850000000000001,0.8812421406308015,0.7985967979842594
post,2.98988,14.9,0.8785338074318622,0.7969178872620507
post,2.98988,14.950000000000001,0.8749423363051523,0.7968020589065905
post,2.98988,15.0,0.8706063359680851,0.7985540078633927
post,2.98988,15.05,0.8656545184051204,0.8024296930146906
post,2.98988,15.100000000000001,0.8602063821515724,0.8085477967572651
post,2.98988,15.15,0.8543740108822319,0.8167813889651329
post,2.98988,15.200000000000001,0.848263472239256,0.8266823719777798
post,2.98988,15.25,0.8419753587773688,0.8375282869465639
post,2.98988,15.3,0.8356048829140346,0.8484230735852103
post,2.98988,15.350000000000001,0.8292422062688304,0.858386233392838
post,2.98988,15.4,0.8229735488846843,0.8668775813531984
post,2.98988,15.450000000000001,0.8168834236832985,0.8735889629922067
post,2.98988,15.5,0.8110582574112312,0.8785296666116622
post,2.98988,15.55,0.8055916842038021,0.881700975282449
post,2.98988,15.600000000000001,0.8005918227807723,0.8833317447658311
post,2.98988,15.65,0.7961907035557356,0.8835218706990824
post,2.98988,15.700000000000001,0.7925554939653043,0.8824155370653028
post,2.98988,15.75,0.7898997202314384,0.8802004764704152
post,2.98988,15.8,0.7884903312247641,0.8770425341916415
post,2.98988,15.850000000000001,0.788642541854618,0.8730903911906664
post,2.98988,15.9,0.7906907472254968,0.8684684992733138
post,2.98988,15.950000000000001,0.7949246356458022,0.8632882036357865
post,2.98988,16.0,0.8014906885092795,0.8576571148188039
post,2.98988,16.05,0.8102789142978941,0.8516811359013645
post,2.98988,16.1,0.8208435027163256,0.8454615937606821
post,2.98988,16.150000000000002,0.8324135387375475,0.8390915713431837
post,2.98988,16.2,0.844024872674066,0.832654336094776
post,2.98988,16.25,0.8547579861537715,0.8262238779717918
post,2.98988,16.3,0.8639517704545038,0.8198661655353633
post,2.98988,16.35,0.8713013721660168,0.8136401082584401
post,2.98988,16.400000000000002,0.8767723066485076,0.8075981963181016
post,2.98988,16.45,0.8804676827668422,0.8017874671045622
post,2.98988,16.5,0.8825371202091947,0.7962513736581688
post,2.98988,16.55,0.883146773858619,0.791032764935105
post,2.98988,16.6,0.8824695776622413,0.7861779750331152
post,2.98988,16.650000000000002,0.8806767364699732,0.7817420232098162
post,2.98988,16.7,0.8779285116842713,0.7777951246905119
post,2.98988,16.75,0.8743684426527982,0.7744309792271312
post,2.98988,16.8,0.8701245905994738,0.7717773387484123
post,2.98988,16.85,0.8653148545746936,0.7700082913285957
post,2.98988,16.900000000000002,0.8600522905215375,0.7693534125523073
post,2.98988,16.95,0.8544486239043487,0.7700917134942981
post,2.98988,17.0,0.8486155886538435,0.7725239086738686
post,2.98988,17.05,0.8426652460211385,0.7769462811598659
post,2.98988,17.1,0.8367107254965591,0.7835971494343718
post,2.98988,17.150000000000002,0.8308683752448208,0.7925515878453637
post,2.98988,17.2,0.8252617777773024,0.8035022233352347
post,2.98988,17.25,0.8200277379682775,0.8157146870318094
post,2.98988,17.3,0.8153240484081427,0.8282895928795981
post,2.98988,17.35,0.8113382046223477,0.840381766130429
post,2.98988,17.400000000000002,0.8082951129256881,0.8510191153990575
post,2.98988,17.45,0.8064592435567197,0.8599463177806778
post,2.98988,17.5,0.8061244554102953,0.8670448878290101
post,2.98988,17.55,0.8075822590844309,0.8725326754556468
post,2.98988,17.6,0.8110614567048439,0.8763616774262379
post,2.98988,17.650000000000002,0.8166439485108543,0.8787185139092051
post,2.98988,17.7,0.8241764674443873,0.879719680126962
post,2.98988,17.75,0.8332199295811276,0.8795448887150206
post,2.98988,17.8,0.8430761399346615,0.8783208875765735
post,2.98988,17.85,0.8529110677693027,0.8761962188961169
post,2.98988,17.900000000000002,0.8619456531586472,0.8733133529996988
post,2.98988,17.95,0.8696165533158002,0.8697870528734548
post,2.98988,18.0,0.8756411576398828,0.8657205827659586
post,2.98988,18.05,0.8799553299564981,0.8612189761814493
post,2.98988,18.1,0.8826187772416951,0.8563945076758477
post,2.98988,18.150000000000002,0.8837477217232184,0.8513672145982646
post,2.98988,18.2,0.8834856552541753,0.8462638959631168
post,2.98988,18.25,0.8819912689908385,0.8412184676156522
post,2.98988,18.3,0.879426145600488,0.8363745775067181
post,2.98988,18.35,0.8759449410737049,0.831888871002955
post,2.98988,18.400000000000002,0.8716899146463416,0.82793114473412
post,2.98988,18.45,0.8667896638781233,0.8246816511783185
post,2.98988,18.5,0.8613616632914226,0.8223387221569509
post,2.98988,18.55,0.8555153683086812,0.8211397940131545
post,2.98988,18.6,0.8493539031935999,0.821343761982762
post,2.98988,18.650000000000002,0.842974049042907,0.82314240285169
post,2.98988,18.7,0.8364652543188037,0.8266017318152454
post,2.98988,18.75,0.8299085121264714,0.8316701611549163
post,2.98988,18.8,0.8233755892716416,0.8381178865725254
post,2.98988,18.85,0.8169287077984678,0.845511714223548
post,2.98988,18.900000000000002,0.8106205785518599,0.8532657805497558
post,2.98988,18.95,0.804494644376469,0.8607701106610138
post,2.98988,19.0,0.7985854204913838,0.8674913715936918
post,2.98988,19.05,0.7929188519869032,0.8730345331608298
post,2.98988,19.1,0.7875126033902196,0.877187457816144
post,2.98988,19.150000000000002,0.7823761813954846,0.8800690926893264
post,2.98988,19.200000000000003,0.7775107524144714,0.8816186494561061
post,2.98988,19.25,0.7729085074764386,0.8818558695980947
post,2.98988,19.3,0.7685512833940316,0.8809061969002668
post,2.98988,19.35,0.7644080435573857,0.878874013395934
post,2.98988,19.400000000000002,0.7604305130346336,0.8758880135079614
post,2.98988,19.450000000000003,0.7565459157918853,0.8720840648803333
post,2.98988,19.5,0.7526448369470987,0.8675899114788911
post,2.98988,19.55,0.748560488686436,0.8625243706027241
post,2.98988,19.6,0.7440317911200601,0.8570014475634655
post,2.98988,19.650000000000002,0.7386331729933127,0.8511318969222377
post,2.98988,19.700000000000003,0.7316275870268751,0.845020701046469
post,2.98988,19.75,0.7216149802935333,0.8387636639641105
post,2.98988,19.8,0.7054791443341463,0.8324462628580188
post,2.98988,19.85,0.6737947393407318,0.8261448900332553
post,2.98988,19.900000000000002,0.5563491036097943,0.8199289830523475
post,2.98988,19.950000000000003,0.0,0.813862970228396
post,2.98988,20.0,,0.8080081226384929
post,2.98988,20.05,,0.8024250517363454
post,2.98988,20.1,,0.797177441134772
post,2.98988,20.150000000000002,,0.7923373475127966
post,2.98988,20.200000000000003,,0.7879924113536361
post,2.98988,20.25,,0.7842555289408416
post,2.98988,20.3,,0.7812775967115106
post,2.98988,20.35,,0.7792620705245861
post,2.98988,20.400000000000002,,0.7784717120438063
post,2.98988,20.450000000000003,,0.7792065982785427
post,2.98988,20.5,,0.7817591556520128
post,2.98988,20.55,,0.7863986436114655
post,2.98988,20.6,,0.7933005108673838
post,2.98988,20.650000000000002,,0.8024348970773878
post,2.98988,20.700000000000003,,0.8133343111001266
post,2.98988,20.75,,0.825192376549679
post,2.98988,20.8,,0.8371657908741774
post,2.98988,20.85,,0.8483183173193084
post,2.98988,20.900000000000002,,0.8579126196668415
post,2.98988,20.950000000000003,,0.865765145991681
post,2.98988,21.0,,0.8718813219321587
post,2.98988,21.05,,0.8763513185170991
post,2.98988,21.1,,0.8792606865398163
post,2.98988,21.150000000000002,,0.8807242123650718
post,2.98988,21.200000000000003,,0.8808900302543803
post,2.98988,21.25,,0.8799243587790284
post,2.98988,21.3,,0.8779673512938219
post,2.98988,21.35,,0.8751704276805781
post,2.98988,21.400000000000002,,0.8716644599478418
post,2.98988,21.450000000000003,,0.8675587701024045
post,2.98988,21.5,,0.8629573185135716
post,2.98988,21.55,,0.8579677698781327
post,2.98988,21.6,,0.8527036647753153
post,2.98988,21.650000000000002,,0.8472830518370553
post,2.98988,21.700000000000003,,0.8418274534041323
post,2.98988,21.75,,0.8364635279007232
post,2.98988,21.8,,0.8313273719119975
post,2.98988,21.85,,0.8265692390745487
post,2.98988,21.900000000000002,,0.8223554725444633
post,2.98988,21.950000000000003,,0.8188688921671551
post,2.98988,22.0,,0.8163190943009574
post,2.98988,22.05,,0.8149637970635373
post,2.98988,22.1,,0.8150880988465093
post,2.98988,22.150000000000002,,0.8169120847564645
post,2.98988,22.200000000000003,,0.8205404624331563
post,2.98988,22.25,,0.8259568014308473
post,2.98988,22.3,,0.8329490861504666
post,2.98988,22.35,,0.8410582350528393
post,2.98988,22.400000000000002,,0.8496434370010758
post,2.98988,22.450000000000003,,0.8579957057753538
post,2.98988,22.5,,0.8655386030586625
post,2.98988,22.55,,0.871807895864452
post,2.98988,22.6,,0.8765922473073188
post,2.98988,22.650000000000002,,0.879988578378091
post,2.98988,22.700000000000003,,0.8819583482024755
post,2.98988,22.75,,0.8825418712270665
post,2.98988,22.8,,0.8818734572908892
post,2.98988,22.85,,0.8800545539175142
post,2.98988,22.900000000000002,,0.8772276231326954
post,2.98988,22.950000000000003,,0.8735405862584622
post,2.98988,23.0,,0.869127194473825
post,2.98988,23.05,,0.8641067540637066
post,2.98988,23.1,,0.8585910471877489
post,2.98988,23.150000000000002,,0.8526881295072934
post,2.98988,23.200000000000003,,0.8465005848292682
post,2.98988,23.25,,0.8401211099581537
post,2.98988,23.3,,0.833629426425212
post,2.98988,23.35,,0.8270915254962101
post,2.98988,23.400000000000002,,0.8205597417228359
post,2.98988,23.450000000000003,,0.81407205000767
post,2.98988,23.5,,0.807650051469332
post,2.98988,23.55,,0.8012958009836723
post,2.98988,23.6,,0.7949873414711915
post,2.98988,23.650000000000002,,0.7886721146074008
post,2.98988,23.700000000000003,,0.7822569085973026
post,2.98988,23.75,,0.7755930594606615
post,2.98988,23.8,,0.7684579438983957
post,2.98988,23.85,,0.7605455919706907
post,2.98988,23.900000000000002,,0.751510670342676
post,2.98988,23.950000000000003,,0.741065104641142
post,2.98988,24.0,,0.7287937375623895
post,2.98988,24.05,,0.7139749609690508
post,2.98988,24.1,,0.6962354872658965
post,2.98988,24.150000000000002,,0.6758538080523584
post,2.98988,24.200000000000003,,0.6534386218835261
post,2.98988,24.25,,0.6295973041716247
post,2.98988,24.3,,0.6047939634670884
post,2.98988,24.35,,0.5795124659618098
post,2.98988,24.400000000000002,,0.5541676881122164
post,2.98988,24.450000000000003,,0.5290055437017176
post,2.98988,24.5,,0.5041742522309474
post,2.98988,24.55,,0.4797714826160634
post,2.98988,24.6,,0.4558648191985335
post,2.98988,24.650000000000002,,0.4324999191478482
post,2.98988,24.700000000000003,,0.4097044435669902
post,2.98988,24.75,,0.38749075010973266
post,2.98988,24.8,,0.3658579649164288
post,2.98988,24.85,,0.34479357457561916
post,2.98988,24.900000000000002,,0.3242747822983512
post,2.98988,24.950000000000003,,0.30426986925332833
post,2.98988,25.0,,0.2847396216143579
post,2.98988,25.05,,0.2656387183303163
post,2.98988,25.1,,0.24691697849613894
post,2.98988,25.150000000000002,,0.2285205145657896
post,2.98988,25.200000000000003,,0.21039296272976285
post,2.98988,25.25,,0.19247692507536182
post,2.98988,25.3,,0.17471557894759476
post,2.98988,25.35,,0.15705423343712693
post,2.98988,25.400000000000002,,0.139441564933251
post,2.98988,25.450000000000003,,0.12183035327194335
post,2.98988,25.5,,0.10417770153515671
post,2.98988,25.55,,0.08644488381096577
post,2.98988,25.6,,0.06859707686089955
post,2.98988,25.650000000000002,,0.05060329077266431
post,2.98988,25.700000000000003,,0.03243688836757966
post,2.98988,25.75,,0.014077258769793183
post,2.98988,25.8,,0.01
post,2.98988,25.85,,0.01
post,2.98988,25.900000000000002,,0.01
post,2.98988,25.950000000000003,,0.01
post,2.98988,26.0,,0.01
post,2.98988,26.05,,0.01
post,2.98988,26.1,,0.01
post,2.98988,26.150000000000002,,0.01
post,2.98988,26.200000000000003,,0.01
post,2.98988,26.25,,0.01
post,2.98988,26.3,,0.01
post,2.98988,26.35,,0.01
post,2.98988,26.400000000000002,,0.01
post,2.98988,26.450000000000003,,0.01
post,2.98988,26.5,,0.01
post,2.98988,26.55,,0.01
post,2.98988,26.6,,0.01
post,2.98988,26.650000000000002,,0.01
post,2.98988,26.700000000000003,,0.01
post,2.98988,26.75,,0.01
post,2.98988,26.8,,0.01
post,2.98988,26.85,,0.01
post,2.98988,26.900000000000002,,0.01
post,2.98988,26.950000000000003,,0.01
post,2.98988,27.0,,0.01
post,2.98988,27.05,,0.01
post,2.98988,27.1,,0.01
post,2.98988,27.150000000000002,,0.01
post,2.98988,27.200000000000003,,0.01
post,2.98988,27.25,,0.01
post,2.98988,27.3,,0.01
post,2.98988,27.35,,0.01
post,2.98988,27.400000000000002,,0.01
post,2.98988,27.450000000000003,,0.01
post,2.98988,27.5,,0.01
post,2.98988,27.55,,0.01
post,2.98988,27.6,,0.01
post,2.98988,27.650000000000002,,0.01
post,2.98988,27.700000000000003,,0.01
post,2.98988,27.75,,0.01
post,2.98988,27.8,,0.01
post,2.98988,27.85,,0.01
post,2.98988,27.900000000000002,,0.01
post,2.98988,27.950000000000003,,0.01
post,2.98988,28.0,,0.01
post,2.98988,28.05,,0.01
post,2.98988,28.1,,0.01
post,2.98988,28.150000000000002,,0.01
post,2.98988,28.200000000000003,,0.01
post,2.98988,28.25,,0.01
post,2.98988,28.3,,0.01
post,2.98988,28.35,,0.01
post,2.98988,28.400000000000002,,0.01
post,2.98988,28.450000000000003,,0.01
post,2.98988,28.5,,0.01
post,2.98988,28.55,,0.01
post,2.98988,28.6,,0.01
post,2.98988,28.650000000000002,,0.01
post,2.98988,28.700000000000003,,0.01
post,2.98988,28.75,,0.01
post,2.98988,28.8,,0.01
post,2.98988,28.85,,0.01
post,2.98988,28.900000000000002,,0.01
post,2.98988,28.950000000000003,,0.01
post,2.98988,29.0,,0.01
post,2.98988,29.05,,0.01
post,2.98988,29.1,,0.01
post,2.98988,29.150000000000002,,0.01
post,2.98988,29.200000000000003,,0.01
post,2.98988,29.25,,0.01
post,2.98988,29.3,,0.01
post,2.98988,29.35,,0.01
post,2.98988,29.400000000000002,,0.01
post,2.98988,29.450000000000003,,0.01
post,2.98988,29.5,,0.01
post,2.98988,29.55,,0.01
post,2.98988,29.6,,0.01
post,2.98988,29.650000000000002,,0.01
post,2.98988,29.700000000000003,,0.01
post,2.98988,29.75,,0.01
post,2.98988,29.8,,0.01
post,2.98988,29.85,,0.01
post,2.98988,29.900000000000002,,0.01
post,2.98988,29.950000000000003,,0.01
post,2.98988,30.0,,0.01
post,2.98988,30.05,,0.01
post,2.98988,30.1,,0.01
post,2.98988,30.150000000000002,,0.01
post,2.98988,30.200000000000003,,0.01
post,2.98988,30.25,,0.01
post,2.98988,30.3,,0.01
post,2.98988,30.35,,0.01
post,2.98988,30.400000000000002,,0.01
post,2.98988,30.450000000000003,,0.01
post,2.98988,30.5,,0.01
post,2.98988,30.55,,0.01
post,2.98988,30.6,,0.01
post,2.98988,30.650000000000002,,0.01
post,2.98988,30.700000000000003,,0.01
post,2.98988,30.75,,0.01
post,2.98988,30.8,,0.01
post,2.98988,30.85,,0.01
post,2.98988,30.900000000000002,,0.01
post,2.98988,30.950000000000003,,0.01
post,2.98988,31.0,,0.01
post,2.98988,31.05,,0.01
post,2.98988,31.1,,0.01
post,2.98988,31.150000000000002,,0.01
post,2.98988,31.200000000000003,,0.01
post,2.98988,31.25,,0.01
post,2.98988,31.3,,0.01
post,2.98988,31.35,,0.01
post,2.98988,31.400000000000002,,0.01
post,2.98988,31.450000000000003,,0.01
post,2.98988,31.5,,0.01
post,2.98988,31.55,,0.01
post,2.98988,31.6,,0.01
post,2.98988,31.650000000000002,,0.01
post,2.98988,31.700000000000003,,0.01
post,2.98988,31.75,,0.01
post,2.98988,31.8,,0.01
post,2.98988,31.85,,0.01
post,2.98988,31.900000000000002,,0.01
post,2.98988,31.950000000000003,,0.01
post,2.98988,32.0,,0.01
post,2.98988,32.050000000000004,,0.01
post,2.98988,32.1,,0.01
post,2.98988,32.15,,0.01
post,2.98988,32.2,,0.01
post,2.98988,32.25,,0.01
post,2.98988,32.300000000000004,,0.01
post,2.98988,32.35,,0.01
post,2.98988,32.4,,0.01
post,2.98988,32.45,,0.01
post,2.98988,32.5,,0.01
post,2.98988,32.550000000000004,,0.01
post,2.98988,32.6,,0.01
post,2.98988,32.65,,0.01
post,2.98988,32.7,,0.01
post,2.98988,32.75,,0.01
post,2.98988,32.800000000000004,,0.01
post,2.98988,32.85,,0.01
post,2.98988,32.9,,0.01
post,2.98988,32.95,,0.01
post,2.98988,33.0,,0.01
post,2.98988,33.050000000000004,,0.01
post,2.98988,33.1,,0.01
post,2.98988,33.15,,0.01
post,2.98988,33.2,,0.01
post,2.98988,33.25,,0.01
post,2.98988,33.300000000000004,,0.01
post,2.98988,33.35,,0.01
post,2.98988,33.4,,0.01
post,2.98988,33.45,,0.01
post,2.98988,33.5,,0.01
post,2.98988,33.550000000000004,,0.01
post,2.98988,33.6,,0.01
post,2.98988,33.65,,0.01
post,2.98988,33.7,,0.01
post,2.98988,33.75,,0.01
post,2.98988,33.800000000000004,,0.01
post,2.98988,33.85,,0.01
post,2.98988,33.9,,0.01
post,2.98988,33.95,,0.01
post,2.98988,34.0,,0.01
post,2.98988,34.050000000000004,,0.01
post,2.98988,34.1,,0.01
post,2.98988,34.15,,0.01
post,2.98988,34.2,,0.01
post,2.98988,34.25,,0.01
post,2.98988,34.300000000000004,,0.01
post,2.98988,34.35,,0.01
post,2.98988,34.4,,0.01
post,2.98988,34.45,,0.01
post,2.98988,34.5,,0.01
post,2.98988,34.550000000000004,,0.01
post,2.98988,34.6,,0.01
post,2.98988,34.65,,0.01
post,2.98988,34.7,,0.01
post,2.98988,34.75,,0.01
post,2.98988,34.800000000000004,,0.01
post,2.98988,34.85,,0.01
post,2.98988,34.9,,0.01
post,2.98988,34.95,,0.01
post,2.98988,35.0,,0.01
post,2.98988,35.050000000000004,,0.01
post,2.98988,35.1,,0.01
post,2.98988,35.15,,0.01
post,2.98988,35.2,,0.01
post,2.98988,35.25,,0.01
post,2.98988,35.300000000000004,,0.01
post,2.98988,35.35,,0.01
post,2.98988,35.4,,0.01
post,2.98988,35.45,,0.01
post,2.98988,35.5,,0.01
post,2.98988,35.550000000000004,,0.01
post,2.98988,35.6,,0.01
post,2.98988,35.65,,0.01
post,2.98988,35.7,,0.01
post,2.98988,35.75,,0.01
post,2.98988,35.800000000000004,,0.01
post,2.98988,35.85,,0.01
post,2.98988,35.9,,0.01
post,2.98988,35.95,,0.01
post,2.98988,36.0,,0.01
post,2.98988,36.050000000000004,,0.01
post,2.98988,36.1,,0.01
post,2.98988,36.15,,0.01
post,2.98988,36.2,,0.01
post,2.98988,36.25,,0.01
post,2.98988,36.300000000000004,,0.01
post,2.98988,36.35,,0.01
post,2.98988,36.4,,0.01
post,2.98988,36.45,,0.01
post,2.98988,36.5,,0.01
post,2.98988,36.550000000000004,,0.01
post,2.98988,36.6,,0.01
post,2.98988,36.65,,0.01
post,2.98988,36.7,,0.01
post,2.98988,36.75,,0.01
post,2.98988,36.800000000000004,,0.01
post,2.98988,36.85,,0.01
post,2.98988,36.9,,0.01
post,2.98988,36.95,,0.01
post,2.98988,37.0,,0.01
post,2.98988,37.050000000000004,,0.01
post,2.98988,37.1,,0.01
post,2.98988,37.15,,0.01
post,2.98988,37.2,,0.01
post,2.98988,37.25,,0.01
post,2.98988,37.300000000000004,,0.01
post,2.98988,37.35,,0.01
post,2.98988,37.4,,0.01
post,2.98988,37.45,,0.01
post,2.98988,37.5,,0.01
post,2.98988,37.550000000000004,,0.01
post,2.98988,37.6,,0.01
post,2.98988,37.65,,0.01
post,2.98988,37.7,,0.01
post,2.98988,37.75,,0.01
post,2.98988,37.800000000000004,,0.01
post,2.98988,37.85,,0.01
post,2.98988,37.9,,0.01
post,2.98988,37.95,,0.01
post,2.98988,38.0,,0.01
post,2.98988,38.050000000000004,,0.01
post,2.98988,38.1,,0.01
post,2.98988,38.15,,0.01
post,2.98988,38.2,,0.01
post,2.98988,38.25,,0.01
post,2.98988,38.300000000000004,,0.01
post,2.98988,38.35,,0.01
post,2.98988,38.400000000000006,,0.01
post,2.98988,38.45,,0.01
post,2.98988,38.5,,0.01
post,2.98988,38.550000000000004,,0.01
post,2.98988,38.6,,0.01
post,2.98988,38.650000000000006,,0.01
post,2.98988,38.7,,0.01
post,2.98988,38.75,,0.01
post,2.98988,38.800000000000004,,0.01
post,2.98988,38.85,,0.01
post,2.98988,38.900000000000006,,0.01
post,2.98988,38.95,,0.01
post,2.98988,39.0,,0.01
post,2.98988,39.050000000000004,,0.01
post,2.98988,39.1,,0.01
post,2.98988,39.150000000000006,,0.01
post,2.98988,39.2,,0.01
post,2.98988,39.25,,0.01
post,2.98988,39.300000000000004,,0.01
post,2.98988,39.35,,0.01
post,2.98988,39.400000000000006,,0.01
post,2.98988,39.45,,0.01
post,2.98988,39.5,,0.01
post,2.98988,39.550000000000004,,0.01
post,2.98988,39.6,,0.01
post,2.98988,39.650000000000006,,0.01
post,2.98988,39.7,,0.01
post,2.98988,39.75,,0.01
post,2.98988,39.800000000000004,,0.01
post,2.98988,39.85,,0.01
post,2.98988,39.900000000000006,,0.01
post,2.98988,39.95,,0.01
post,2.98988,40.0,,0.01
post,2.98988,40.050000000000004,,0.01
post,2.98988,40.1,,0.01
post,2.98988,40.150000000000006,,0.01
post,2.98988,40.2,,0.01
post,2.98988,40.25,,0.01
post,2.98988,40.300000000000004,,0.01
post,2.98988,40.35,,0.01
post,2.98988,40.400000000000006,,0.01
post,2.98988,40.45,,0.01
post,2.98988,40.5,,0.01
post,2.98988,40.550000000000004,,0.01
post,2.98988,40.6,,0.01
post,2.98988,40.650000000000006,,0.01
post,2.98988,40.7,,0.01
post,2.98988,40.75,,0.01
post,2.98988,40.800000000000004,,0.01
post,2.98988,40.85,,0.01
post,2.98988,40.900000000000006,,0.01
post,2.98988,40.95,,0.01
post,2.98988,41.0,,0.01
post,2.98988,41.050000000000004,,0.01
post,2.98988,41.1,,0.01
post,2.98988,41.150000000000006,,0.01
post,2.98988,41.2,,0.01
post,2.98988,41.25,,0.01
post,2.98988,41.300000000000004,,0.01
post,2.98988,41.35,,0.01
post,2.98988,41.400000000000006,,0.01
post,2.98988,41.45,,0.01
post,2.98988,41.5,,0.01
post,2.98988,41.550000000000004,,0.01
post,2.98988,41.6,,0.01
post,2.98988,41.650000000000006,,0.01
post,2.98988,41.7,,0.01
post,2.98988,41.75,,0.01
post,2.98988,41.800000000000004,,0.01
post,2.98988,41.85,,0.01
post,2.98988,41.900000000000006,,0.01
post,2.98988,41.95,,0.01
post,2.98988,42.0,,0.01
post,2.98988,42.050000000000004,,0.01
post,2.98988,42.1,,0.01
post,2.98988,42.150000000000006,,0.01
post,2.98988,42.2,,0.01
post,2.98988,42.25,,0.01
post,2.98988,42.300000000000004,,0.01
post,2.98988,42.35,,0.01
post,2.98988,42.400000000000006,,0.01
post,2.98988,42.45,,0.01
post,2.98988,42.5,,0.01
post,2.98988,42.550000000000004,,0.01
post,2.98988,42.6,,0.01
post,2.98988,42.650000000000006,,0.01
post,2.98988,42.7,,0.01
post,2.98988,42.75,,0.01
post,2.98988,42.800000000000004,,0.01
post,2.98988,42.85,,0.01
post,2.98988,42.900000000000006,,0.01
post,2.98988,42.95,,0.01
post,2.98988,43.0,,0.01
post,2.98988,43.050000000000004,,0.01
post,2.98988,43.1,,0.01
post,2.98988,43.150000000000006,,0.01
post,2.98988,43.2,,0.01
post,2.98988,43.25,,0.01
post,2.98988,43.300000000000004,,0.01
post,2.98988,43.35,,0.01
post,2.98988,43.400000000000006,,0.01
post,2.98988,43.45,,0.01
post,2.98988,43.5,,0.01
post,2.98988,43.550000000000004,,0.01
post,2.98988,43.6,,0.01
post,2.98988,43.650000000000006,,0.01
post,2.98988,43.7,,0.01
post,2.98988,43.75,,0.01
post,2.98988,43.800000000000004,,0.01
post,2.98988,43.85,,0.01
post,2.98988,43.900000000000006,,0.01
post,2.98988,43.95,,0.01
post,2.98988,44.0,,0.01
post,2.98988,44.050000000000004,,0.01
post,2.98988,44.1,,0.01
post,2.98988,44.150000000000006,,0.01
post,2.98988,44.2,,0.01
post,2.98988,44.25,,0.01
post,2.98988,44.300000000000004,,0.01
post,2.98988,44.35,,0.01
post,2.98988,44.400000000000006,,0.01
post,2.98988,44.45,,0.01
post,2.98988,44.5,,0.01
post,2.98988,44.550000000000004,,0.01
post,2.98988,44.6,,0.01
post,2.98988,44.650000000000006,,0.01
post,2.98988,44.7,,0.01
post,2.98988,44.75,,0.01
post,2.98988,44.800000000000004,,0.01
post,2.98988,44.85,,0.01
post,2.98988,44.900000000000006,,0.01
post,2.98988,44.95,,0.01
post,2.98988,45.0,,0.01
post,2.98988,45.050000000000004,,0.01
post,2.98988,45.1,,0.01
post,2.98988,45.150000000000006,,0.01
post,2.98988,45.2,,0.01
post,2.98988,45.25,,0.01
post,2.98988,45.300000000000004,,0.01
post,2.98988,45.35,,0.01
post,2.98988,45.400000000000006,,0.01
post,2.98988,45.45,,0.01
post,2.98988,45.5,,0.01
post,2.98988,45.550000000000004,,0.01
post,2.98988,45.6,,0.01
post,2.98988,45.650000000000006,,0.01
post,2.98988,45.7,,0.01
post,2.98988,45.75,,0.01
post,2.98988,45.800000000000004,,0.01
post,2.98988,45.85,,0.01
post,2.98988,45.900000000000006,,0.01
post,2.98988,45.95,,0.01
post,2.98988,46.0,,0.01
post,2.98988,46.050000000000004,,0.01
post,2.98988,46.1,,0.01
post,2.98988,46.150000000000006,,0.01
post,2.98988,46.2,,0.01
post,2.98988,46.25,,0.01
post,2.98988,46.300000000000004,,0.01
post,2.98988,46.35,,0.01
post,2.98988,46.400000000000006,,0.01
post,2.98988,46.45,,0.01
post,2.98988,46.5,,0.01
post,2.98988,46.550000000000004,,0.01
post,2.98988,46.6,,0.01
post,2.98988,46.650000000000006,,0.01
post,2.98988,46.7,,0.01
post,2.98988,46.75,,0.01
post,2.98988,46.800000000000004,,0.01
post,2.98988,46.85,,0.01
post,2.98988,46.900000000000006,,0.01
post,2.98988,46.95,,0.01
post,2.98988,47.0,,0.01
post,2.98988,47.050000000000004,,0.01
post,2.98988,47.1,,0.01
post,2.98988,47.150000000000006,,0.01
post,2.98988,47.2,,0.01
post,2.98988,47.25,,0.01
post,2.98988,47.300000000000004,,0.01
post,2.98988,47.35,,0.01
post,2.98988,47.400000000000006,,0.01
post,2.98988,47.45,,0.01
post,2.98988,47.5,,0.01
post,2.98988,47.550000000000004,,0.01
post,2.98988,47.6,,0.01
post,2.98988,47.650000000000006,,0.01
post,2.98988,47.7,,0.01
post,2.98988,47.75,,0.01
post,2.98988,47.800000000000004,,0.01
post,2.98988,47.85,,0.01
post,2.98988,47.900000000000006,,0.01
post,2.98988,47.95,,0.01
post,2.98988,48.0,,0.01
post,2.98988,48.050000000000004,,0.01
post,2.98988,48.1,,0.01
post,2.98988,48.150000000000006,,0.01
post,2.98988,48.2,,0.01
post,2.98988,48.25,,0.01
post,2.98988,48.300000000000004,,0.01
post,2.98988,48.35,,0.01
post,2.98988,48.400000000000006,,0.01
post,2.98988,48.45,,0.01
post,2.98988,48.5,,0.01
post,2.98988,48.550000000000004,,0.01
post,2.98988,48.6,,0.01
post,2.98988,48.650000000000006,,0.01
post,2.98988,48.7,,0.01
post,2.98988,48.75,,0.01
post,2.98988,48.800000000000004,,0.01
post,2.98988,48.85,,0.01
post,2.98988,48.900000000000006,,0.01
post,2.98988,48.95,,0.01
post,2.98988,49.0,,0.01
post,2.98988,49.050000000000004,,0.01
post,2.98988,49.1,,0.01
post,2.98988,49.150000000000006,,0.01
post,2.98988,49.2,,0.01
post,2.98988,49.25,,0.01
post,2.98988,49.300000000000004,,0.01
post,2.98988,49.35,,0.01
post,2.98988,49.400000000000006,,0.01
post,2.98988,49.45,,0.01
post,2.98988,49.5,,0.01
post,2.98988,49.550000000000004,,0.01
post,2.98988,49.6,,0.01
post,2.98988,49.650000000000006,,0.01
post,2.98988,49.7,,0.01
post,2.98988,49.75,,0.01
post,2.98988,49.800000000000004,,0.01
post,2.98988,49.85,,0.01
post,2.98988,49.900000000000006,,0.01
post,2.98988,49.95,,0.01
post,2.98988,50.0,,0.01
post,2.98988,50.050000000000004,,0.01
post,2.98988,50.1,,0.01
post,2.98988,50.150000000000006,,0.01
post,2.98988,50.2,,0.01
post,2.98988,50.25,,0.01
post,2.98988,50.300000000000004,,0.01
post,2.98988,50.35,,0.01
post,2.98988,50.400000000000006,,0.01
post,2.98988,50.45,,0.01
post,2.98988,50.5,,0.01
post,2.98988,50.550000000000004,,0.01
post,2.98988,50.6,,0.01
post,2.98988,50.650000000000006,,0.01
post,2.98988,50.7,,0.01
post,2.98988,50.75,,0.01
post,2.98988,50.800000000000004,,0.01
post,2.98988,50.85,,0.01
post,2.98988,50.900000000000006,,0.01
post,2.98988,50.95,,0.01
post,2.98988,51.0,,0.01
post,2.98988,51.050000000000004,,0.01
post,2.98988,51.1,,0.01
post,2.98988,51.150000000000006,,0.01
post,2.98988,51.2,,0.01
post,2.98988,51.25,,0.01
post,2.98988,51.300000000000004,,0.01
post,2.98988,51.35,,0.01
post,2.98988,51.400000000000006,,0.01
post,2.98988,51.45,,0.01
post,2.98988,51.5,,0.01
post,2.98988,51.550000000000004,,0.01
post,2.98988,51.6,,0.01
post,2.98988,51.650000000000006,,0.01
post,2.98988,51.7,,0.01
post,2.98988,51.75,,0.01
post,2.98988,51.800000000000004,,0.01
post,2.98988,51.85,,0.01
post,2.98988,51.900000000000006,,0.01
post,2.98988,51.95,,0.01
post,2.98988,52.0,,0.01
post,2.98988,52.050000000000004,,0.01
post,2.98988,52.1,,0.01
post,2.98988,52.150000000000006,,0.01
post,2.98988,52.2,,0.01
post,2.98988,52.25,,0.01
post,2.98988,52.300000000000004,,0.01
post,2.98988,52.35,,0.01
post,2.98988,52.400000000000006,,0.01
post,2.98988,52.45,,0.01
post,2.98988,52.5,,0.01
post,2.98988,52.550000000000004,,0.01
post,2.98988,52.6,,0.01
post,2.98988,52.650000000000006,,0.01
post,2.98988,52.7,,0.01
post,2.98988,52.75,,0.01
post,2.98988,52.800000000000004,,0.01
post,2.98988,52.85,,0.01
post,2.98988,52.900000000000006,,0.01
post,2.98988,52.95,,0.01
post,2.98988,53.0,,0.01
post,2.98988,53.050000000000004,,0.01
post,2.98988,53.1,,0.01
post,2.98988,53.150000000000006,,0.01
post,2.98988,53.2,,0.01
post,2.98988,53.25,,0.01
post,2.98988,53.300000000000004,,0.01
post,2.98988,53.35,,0.01
post,2.98988,53.400000000000006,,0.01
post,2.98988,53.45,,0.01
post,2.98988,53.5,,0.01
post,2.98988,53.550000000000004,,0.01
post,2.98988,53.6,,0.01
post,2.98988,53.650000000000006,,0.01
post,2.98988,53.7,,0.01
post,2.98988,53.75,,0.01
post,2.98988,53.800000000000004,,0.01
post,2.98988,53.85,,0.01
post,2.98988,53.900000000000006,,0.01
post,2.98988,53.95,,0.01
post,2.98988,54.0,,0.01
post,2.98988,54.050000000000004,,0.01
post,2.98988,54.1,,0.01
post,2.98988,54.150000000000006,,0.01
post,2.98988,54.2,,0.01
post,2.98988,54.25,,0.01
post,2.98988,54.300000000000004,,0.01
post,2.98988,54.35,,0.01
post,2.98988,54.400000000000006,,0.01
post,2.98988,54.45,,0.01
post,2.98988,54.5,,0.01
post,2.98988,54.550000000000004,,0.01
post,2.98988,54.6,,0.01
post,2.98988,54.650000000000006,,0.01
post,2.98988,54.7,,0.01
post,2.98988,54.75,,0.01
post,2.98988,54.800000000000004,,0.01
post,2.98988,54.85,,0.01
post,2.98988,54.900000000000006,,0.01
post,2.98988,54.95,,0.01
post,2.98988,55.0,,0.01
post,2.98988,55.050000000000004,,0.01
post,2.98988,55.1,,0.01
post,2.98988,55.150000000000006,,0.01
post,2.98988,55.2,,0.01
post,2.98988,55.25,,0.01
post,2.98988,55.300000000000004,,0.01
post,2.98988,55.35,,0.01
post,2.98988,55.400000000000006,,0.01
post,2.98988,55.45,,0.01
post,2.98988,55.5,,0.01
post,2.98988,55.550000000000004,,0.01
post,2.98988,55.6,,0.01
post,2.98988,55.650000000000006,,0.01
post,2.98988,55.7,,0.01
post,2.98988,55.75,,0.01
post,2.98988,55.800000000000004,,0.01
post,2.98988,55.85,,0.01
post,2.98988,55.900000000000006,,0.01
post,2.98988,55.95,,0.01
post,2.98988,56.0,,0.01
post,2.98988,56.050000000000004,,0.01
post,2.98988,56.1,,0.01
post,2.98988,56.150000000000006,,0.01
post,2.98988,56.2,,0.01
post,2.98988,56.25,,0.01
post,2.98988,56.300000000000004,,0.01
post,2.98988,56.35,,0.01
post,2.98988,56.400000000000006,,0.01
post,2.98988,56.45,,0.01
post,2.98988,56.5,,0.01
post,2.98988,56.550000000000004,,0.01
post,2.98988,56.6,,0.01
post,2.98988,56.650000000000006,,0.01
post,2.98988,56.7,,0.01
post,2.98988,56.75,,0.01
post,2.98988,56.800000000000004,,0.01
post,2.98988,56.85,,0.01
post,2.98988,56.900000000000006,,0.01
post,2.98988,56.95,,0.01
post,2.98988,57.0,,0.01
post,2.98988,57.050000000000004,,0.01
post,2.98988,57.1,,0.01
post,2.98988,57.150000000000006,,0.01
post,2.98988,57.2,,0.01
post,2.98988,57.25,,0.01
post,2.98988,57.300000000000004,,0.01
post,2.98988,57.35,,0.01
post,2.98988,57.400000000000006,,0.01
post,2.98988,57.45,,0.01
post,2.98988,57.5,,0.01
post,2.98988,57.550000000000004,,0.01
post,2.98988,57.6,,0.01
post,2.98988,57.650000000000006,,0.01
post,2.98988,57.7,,0.01
post,2.98988,57.75,,0.01
post,2.98988,57.800000000000004,,0.01
post,2.98988,57.85,,0.01
post,2.98988,57.900000000000006,,0.01
post,2.98988,57.95,,0.01
post,2.98988,58.0,,0.01
post,2.98988,58.050000000000004,,0.01
post,2.98988,58.1,,0.01
post,2.98988,58.150000000000006,,0.01
post,2.98988,58.2,,0.01
post,2.98988,58.25,,0.01
post,2.98988,58.300000000000004,,0.01
post,2.98988,58.35,,0.01
post,2.98988,58.400000000000006,,0.01
post,2.98988,58.45,,0.01
post,2.98988,58.5,,0.01
post,2.98988,58.550000000000004,,0.01
post,2.98988,58.6,,0.01
post,2.98988,58.650000000000006,,0.01
post,2.98988,58.7,,0.01
post,2.98988,58.75,,0.01
post,2.98988,58.800000000000004,,0.01
post,2.98988,58.85,,0.01
post,2.98988,58.900000000000006,,0.01
post,2.98988,58.95,,0.01
post,2.98988,59.0,,0.01
post,2.98988,59.050000000000004,,0.01
post,2.98988,59.1,,0.01
post,2.98988,59.150000000000006,,0.01
post,2.98988,59.2,,0.01
post,2.98988,59.25,,0.01
post,2.98988,59.300000000000004,,0.01
post,2.98988,59.35,,0.01
post,2.98988,59.400000000000006,,0.01
post,2.98988,59.45,,0.01
post,2.98988,59.5,,0.01
post,2.98988,59.550000000000004,,0.01
post,2.98988,59.6,,0.01
post,2.98988,59.650000000000006,,0.01
post,2.98988,59.7,,0.01
post,2.98988,59.75,,0.01
post,2.98988,59.800000000000004,,0.01
post,2.98988,59.85,,0.01
post,2.98988,59.900000000000006,,0.01
post,2.98988,59.95,,0.01
post,2.98988,60.0,,0.01
post,2.98988,60.050000000000004,,0.01
post,2.98988,60.1,,0.01
post,2.98988,60.150000000000006,,0.01
post,2.98988,60.2,,0.01
post,2.98988,60.25,,0.01
post,2.98988,60.300000000000004,,0.01
post,2.98988,60.35,,0.01
post,2.98988,60.400000000000006,,0.01
post,2.98988,60.45,,0.01
post,2.98988,60.5,,0.01
post,2.98988,60.550000000000004,,0.01
post,2.98988,60.6,,0.01
post,2.98988,60.650000000000006,,0.01
post,2.98988,60.7,,0.01
post,2.98988,60.75,,0.01
post,2.98988,60.800000000000004,,0.01
post,2.98988,60.85,,0.01
post,2.98988,60.900000000000006,,0.01
post,2.98988,60.95,,0.01
post,2.98988,61.0,,0.01
post,2.98988,61.050000000000004,,0.01
post,2.98988,61.1,,0.01
post,2.98988,61.150000000000006,,0.01
post,2.98988,61.2,,0.01
post,2.98988,61.25,,0.01
post,2.98988,61.300000000000004,,0.01
post,2.98988,61.35,,0.01
post,2.98988,61.400000000000006,,0.01
post,2.98988,61.45,,0.01
post,2.98988,61.5,,0.01
post,2.98988,61.550000000000004,,0.01
post,2.98988,61.6,,0.01
post,2.98988,61.650000000000006,,0.01
post,2.98988,61.7,,0.01
post,2.98988,61.75,,0.01
post,2.98988,61.800000000000004,,0.01
post,2.98988,61.85,,0.01
post,2.98988,61.900000000000006,,0.01
post,2.98988,61.95,,0.01
post,2.98988,62.0,,0.01
post,2.98988,62.050000000000004,,0.01
post,2.98988,62.1,,0.01
post,2.98988,62.150000000000006,,0.01
post,2.98988,62.2,,0.01
post,2.98988,62.25,,0.01
post,2.98988,62.300000000000004,,0.01
post,2.98988,62.35,,0.01
post,2.98988,62.400000000000006,,0.01
post,2.98988,62.45,,0.01
post,2.98988,62.5,,0.01
post,2.98988,62.550000000000004,,0.01
post,2.98988,62.6,,0.01
post,2.98988,62.650000000000006,,0.01
post,2.98988,62.7,,0.01
post,2.98988,62.75,,0.01
post,2.98988,62.800000000000004,,0.01
post,2.98988,62.85,,0.01
post,2.98988,62.900000000000006,,0.01
post,2.98988,62.95,,0.01
post,2.98988,63.0,,0.01
post,2.98988,63.050000000000004,,0.01
post,2.98988,63.1,,0.01
post,2.98988,63.150000000000006,,0.01
post,2.98988,63.2,,0.01
post,2.98988,63.25,,0.01
post,2.98988,63.300000000000004,,0.01
post,2.98988,63.35,,0.01
post,2.98988,63.400000000000006,,0.01
post,2.98988,63.45,,0.01
post,2.98988,63.5,,0.01
post,2.98988,63.550000000000004,,0.01
post,2.98988,63.6,,0.01
post,2.98988,63.650000000000006,,0.01
post,2.98988,63.7,,0.01
post,2.98988,63.75,,0.01
post,2.98988,63.800000000000004,,0.01
post,2.98988,63.85,,0.01
post,2.98988,63.900000000000006,,0.01
post,2.98988,63.95,,0.01
post,2.98988,64.0,,0.01
post,2.98988,64.05,,0.01
post,2.98988,64.10000000000001,,0.01
post,2.98988,64.15,,0.01
post,2.98988,64.2,,0.01
post,2.98988,64.25,,0.01
post,2.98988,64.3,,0.01
post,2.98988,64.35000000000001,,0.01
post,2.98988,64.4,,0.01
post,2.98988,64.45,,0.01
post,2.98988,64.5,,0.01
post,2.98988,64.55,,0.01
post,2.98988,64.60000000000001,,0.01
post,2.98988,64.65,,0.01
post,2.98988,64.7,,0.01
post,2.98988,64.75,,0.01
post,2.98988,64.8,,0.01
post,2.98988,64.85000000000001,,0.01
post,2.98988,64.9,,0.01
post,2.98988,64.95,,0.01
post,2.98988,65.0,,0.01
post,2.98988,65.05,,0.01
post,2.98988,65.10000000000001,,0.01
post,2.98988,65.15,,0.01
post,2.98988,65.2,,0.01
post,2.98988,65.25,,0.01
post,2.98988,65.3,,0.01
post,2.98988,65.35000000000001,,0.01
post,2.98988,65.4,,0.01
post,2.98988,65.45,,0.01
post,2.98988,65.5,,0.01
post,2.98988,65.55,,0.01
post,2.98988,65.60000000000001,,0.01
post,2.98988,65.65,,0.01
post,2.98988,65.7,,0.01
post,2.98988,65.75,,0.01
post,2.98988,65.8,,0.01
post,2.98988,65.85000000000001,,0.01
post,2.98988,65.9,,0.01
post,2.98988,65.95,,0.01
post,2.98988,66.0,,0.01
post,2.98988,66.05,,0.01
post,2.98988,66.10000000000001,,0.01
post,2.98988,66.15,,0.01
post,2.98988,66.2,,0.01
post,2.98988,66.25,,0.01
post,2.98988,66.3,,0.01
post,2.98988,66.35000000000001,,0.01
post,2.98988,66.4,,0.01
post,2.98988,66.45,,0.01
post,2.98988,66.5,,0.01
post,2.98988,66.55,,0.01
post,2.98988,66.60000000000001,,0.01
post,2.98988,66.65,,0.01
post,2.98988,66.7,,0.01
post,2.98988,66.75,,0.01
post,2.98988,66.8,,0.01
post,2.98988,66.85000000000001,,0.01
post,2.98988,66.9,,0.01
post,2.98988,66.95,,0.01
post,2.98988,67.0,,0.01
post,2.98988,67.05,,0.01
post,2.98988,67.10000000000001,,0.01
post,2.98988,67.15,,0.01
post,2.98988,67.2,,0.01
post,2.98988,67.25,,0.01
post,2.98988,67.3,,0.01
post,2.98988,67.35000000000001,,0.01
post,2.98988,67.4,,0.01
post,2.98988,67.45,,0.01
post,2.98988,67.5,,0.01
post,2.98988,67.55,,0.01
post,2.98988,67.60000000000001,,0.01
post,2.98988,67.65,,0.01
post,2.98988,67.7,,0.01
post,2.98988,67.75,,0.01
post,2.98988,67.8,,0.01
post,2.98988,67.85000000000001,,0.01
post,2.98988,67.9,,0.01
post,2.98988,67.95,,0.01
post,2.98988,68.0,,0.01
post,2.98988,68.05,,0.01
post,2.98988,68.10000000000001,,0.01
post,2.98988,68.15,,0.01
post,2.98988,68.2,,0.01
post,2.98988,68.25,,0.01
post,2.98988,68.3,,0.01
post,2.98988,68.35000000000001,,0.01
post,2.98988,68.4,,0.01
post,2.98988,68.45,,0.01
post,2.98988,68.5,,0.01
post,2.98988,68.55,,0.01
post,2.98988,68.60000000000001,,0.01
post,2.98988,68.65,,0.01
post,2.98988,68.7,,0.01
post,2.98988,68.75,,0.01
post,2.98988,68.8,,0.01
post,2.98988,68.85000000000001,,0.01
post,2.98988,68.9,,0.01
post,2.98988,68.95,,0.01
post,2.98988,69.0,,0.01
post,2.98988,69.05,,0.01
post,2.98988,69.10000000000001,,0.01
post,2.98988,69.15,,0.01
post,2.98988,69.2,,0.01
post,2.98988,69.25,,0.01
post,2.98988,69.3,,0.01
post,2.98988,69.35000000000001,,0.01
post,2.98988,69.4,,0.01
post,2.98988,69.45,,0.01
post,2.98988,69.5,,0.01
post,2.98988,69.55,,0.01
post,2.98988,69.60000000000001,,0.01
post,2.98988,69.65,,0.01
post,2.98988,69.7,,0.01
post,2.98988,69.75,,0.01
post,2.98988,69.8,,0.01
post,2.98988,69.85000000000001,,0.01
post,2.98988,69.9,,0.01
post,2.98988,69.95,,0.01
post,2.98988,70.0,,0.01
post,2.98988,70.05,,0.01
post,2.98988,70.10000000000001,,0.01
post,2.98988,70.15,,0.01
post,2.98988,70.2,,0.01
post,2.98988,70.25,,0.01
post,2.98988,70.3,,0.01
post,2.98988,70.35000000000001,,0.01
post,2.98988,70.4,,0.01
post,2.98988,70.45,,0.01
post,2.98988,70.5,,0.01
post,2.98988,70.55,,0.01
post,2.98988,70.60000000000001,,0.01
post,2.98988,70.65,,0.01
post,2.98988,70.7,,0.01
post,2.98988,70.75,,0.01
post,2.98988,70.8,,0.01
post,2.98988,70.85000000000001,,0.01
post,2.98988,70.9,,0.01
post,2.98988,70.95,,0.01
post,2.98988,71.0,,0.01
post,2.98988,71.05,,0.01
post,2.98988,71.10000000000001,,0.01
post,2.98988,71.15,,0.01
post,2.98988,71.2,,0.01
post,2.98988,71.25,,0.01
post,2.98988,71.3,,0.01
post,2.98988,71.35000000000001,,0.01
post,2.98988,71.4,,0.01
post,2.98988,71.45,,0.01
post,2.98988,71.5,,0.01
post,2.98988,71.55,,0.01
post,2.98988,71.60000000000001,,0.01
post,2.98988,71.65,,0.01
post,2.98988,71.7,,0.01
post,2.98988,71.75,,0.01
post,2.98988,71.8,,0.01
post,2.98988,71.85000000000001,,0.01
post,2.98988,71.9,,0.01
post,2.98988,71.95,,0.01
post,2.98988,72.0,,0.01
post,2.98988,72.05,,0.01
post,2.98988,72.10000000000001,,0.01
post,2.98988,72.15,,0.01
post,2.98988,72.2,,0.01
post,2.98988,72.25,,0.01
post,2.98988,72.3,,0.01
post,2.98988,72.35000000000001,,0.01
post,2.98988,72.4,,0.01
post,2.98988,72.45,,0.01
post,2.98988,72.5,,0.01
post,2.98988,72.55,,0.01
post,2.98988,72.60000000000001,,0.01
post,2.98988,72.65,,0.01
post,2.98988,72.7,,0.01
post,2.98988,72.75,,0.01
post,2.98988,72.8,,0.01
post,2.98988,72.85000000000001,,0.01
post,2.98988,72.9,,0.01
post,2.98988,72.95,,0.01
post,2.98988,73.0,,0.01
post,2.98988,73.05,,0.01
post,2.98988,73.10000000000001,,0.01
post,2.98988,73.15,,0.01
post,2.98988,73.2,,0.01
post,2.98988,73.25,,0.01
post,2.98988,73.3,,0.01
post,2.98988,73.35000000000001,,0.01
post,2.98988,73.4,,0.01
post,2.98988,73.45,,0.01
post,2.98988,73.5,,0.01
post,2.98988,73.55,,0.01
post,2.98988,73.60000000000001,,0.01
post,2.98988,73.65,,0.01
post,2.98988,73.7,,0.01
post,2.98988,73.75,,0.01
post,2.98988,73.8,,0.01
post,2.98988,73.85000000000001,,0.01
post,2.98988,73.9,,0.01
post,2.98988,73.95,,0.01
post,2.98988,74.0,,0.01
post,2.98988,74.05,,0.01
post,2.98988,74.10000000000001,,0.01
post,2.98988,74.15,,0.01
post,2.98988,74.2,,0.01
post,2.98988,74.25,,0.01
post,2.98988,74.3,,0.01
post,2.98988,74.35000000000001,,0.01
post,2.98988,74.4,,0.01
post,2.98988,74.45,,0.01
post,2.98988,74.5,,0.01
post,2.98988,74.55,,0.01
post,2.98988,74.60000000000001,,0.01
post,2.98988,74.65,,0.01
post,2.98988,74.7,,0.01
post,2.98988,74.75,,0.01
post,2.98988,74.8,,0.01
post,2.98988,74.85000000000001,,0.01
post,2.98988,74.9,,0.01
post,2.98988,74.95,,0.01
post,2.98988,75.0,,0.01
post,2.98988,75.05,,0.01
post,2.98988,75.10000000000001,,0.01
post,2.98988,75.15,,0.01
post,2.98988,75.2,,0.01
post,2.98988,75.25,,0.01
post,2.98988,75.3,,0.01
post,2.98988,75.35000000000001,,0.01
post,2.98988,75.4,,0.01
post,2.98988,75.45,,0.01
post,2.98988,75.5,,0.01
post,2.98988,75.55,,0.01
post,2.98988,75.60000000000001,,0.01
post,2.98988,75.65,,0.01
post,2.98988,75.7,,0.01
post,2.98988,75.75,,0.01
post,2.98988,75.8,,0.01
post,2.98988,75.85000000000001,,0.01
post,2.98988,75.9,,0.01
post,2.98988,75.95,,0.01
post,2.98988,76.0,,0.01
post,2.98988,76.05,,0.01
post,2.98988,76.10000000000001,,0.01
post,2.98988,76.15,,0.01
post,2.98988,76.2,,0.01
post,2.98988,76.25,,0.01
post,2.98988,76.3,,0.01
post,2.98988,76.35000000000001,,0.01
post,2.98988,76.4,,0.01
post,2.98988,76.45,,0.01
post,2.98988,76.5,,0.01
post,2.98988,76.55,,0.01
post,2.98988,76.60000000000001,,0.01
post,2.98988,76.65,,0.01
post,2.98988,76.7,,0.01
post,2.98988,76.75,,0.01
post,2.98988,76.80000000000001,,0.01
post,2.98988,76.85000000000001,,0.01
post,2.98988,76.9,,0.01
post,2.98988,76.95,,0.01
post,2.98988,77.0,,0.01
post,2.98988,77.05000000000001,,0.01
post,2.98988,77.10000000000001,,0.01
post,2.98988,77.15,,0.01
post,2.98988,77.2,,0.01
post,2.98988,77.25,,0.01
post,2.98988,77.30000000000001,,0.01
post,2.98988,77.35000000000001,,0.01
post,2.98988,77.4,,0.01
post,2.98988,77.45,,0.01
post,2.98988,77.5,,0.01
post,2.98988,77.55000000000001,,0.01
post,2.98988,77.60000000000001,,0.01
post,2.98988,77.65,,0.01
post,2.98988,77.7,,0.01
post,2.98988,77.75,,0.01
post,2.98988,77.80000000000001,,0.01
post,2.98988,77.85000000000001,,0.01
post,2.98988,77.9,,0.01
post,2.98988,77.95,,0.01
post,2.98988,78.0,,0.01
post,2.98988,78.05000000000001,,0.01
post,2.98988,78.10000000000001,,0.01
post,2.98988,78.15,,0.01
post,2.98988,78.2,,0.01
post,2.98988,78.25,,0.01
post,2.98988,78.30000000000001,,0.01
post,2.98988,78.35000000000001,,0.01
post,2.98988,78.4,,0.01
post,2.98988,78.45,,0.01
post,2.98988,78.5,,0.01
post,2.98988,78.55000000000001,,0.01
post,2.98988,78.60000000000001,,0.01
post,2.98988,78.65,,0.01
post,2.98988,78.7,,0.01
post,2.98988,78.75,,0.01
post,2.98988,78.80000000000001,,0.01
post,2.98988,78.85000000000001,,0.01
post,2.98988,78.9,,0.01
post,2.98988,78.95,,0.01
post,2.98988,79.0,,0.01
post,2.98988,79.05000000000001,,0.01
post,2.98988,79.10000000000001,,0.01
post,2.98988,79.15,,0.01
post,2.98988,79.2,,0.01
post,2.98988,79.25,,0.01
post,2.98988,79.30000000000001,,0.01
post,2.98988,79.35000000000001,,0.01
post,2.98988,79.4,,0.01
post,2.98988,79.45,,0.01
post,2.98988,79.5,,0.01
post,2.98988,79.55000000000001,,0.01
post,2.98988,79.60000000000001,,0.01
post,2.98988,79.65,,0.01
post,2.98988,79.7,,0.01
post,2.98988,79.75,,0.01
post,2.98988,79.80000000000001,,0.01
post,2.98988,79.85000000000001,,0.01
post,2.98988,79.9,,0.01
post,2.98988,79.95,,0.01
post,2.98988,80.0,,0.01
post,2.98988,80.05000000000001,,0.01
post,2.98988,80.10000000000001,,0.01
post,2.98988,80.15,,0.01
post,2.98988,80.2,,0.01
post,2.98988,80.25,,0.01
post,2.98988,80.30000000000001,,0.01
post,2.98988,80.35000000000001,,0.01
post,2.98988,80.4,,0.01
post,2.98988,80.45,,0.01
post,2.98988,80.5,,0.01
post,2.98988,80.55000000000001,,0.01
post,2.98988,80.60000000000001,,0.01
post,2.98988,80.65,,0.01
post,2.98988,80.7,,0.01
post,2.98988,80.75,,0.01
post,2.98988,80.80000000000001,,0.01
post,2.98988,80.85000000000001,,0.01
post,2.98988,80.9,,0.01
post,2.98988,80.95,,0.01
post,2.98988,81.0,,0.01
post,2.98988,81.05000000000001,,0.01
post,2.98988,81.10000000000001,,0.01
post,2.98988,81.15,,0.01
post,2.98988,81.2,,0.01
post,2.98988,81.25,,0.01
post,2.98988,81.30000000000001,,0.01
post,2.98988,81.35000000000001,,0.01
post,2.98988,81.4,,0.01
post,2.98988,81.45,,0.01
post,2.98988,81.5,,0.01
post,2.98988,81.55000000000001,,0.01
post,2.98988,81.60000000000001,,0.01
post,2.98988,81.65,,0.01
post,2.98988,81.7,,0.01
post,2.98988,81.75,,0.01
post,2.98988,81.80000000000001,,0.01
post,2.98988,81.85000000000001,,0.01
post,2.98988,81.9,,0.01
post,2.98988,81.95,,0.01
post,2.98988,82.0,,0.01
post,2.98988,82.05000000000001,,0.01
post,2.98988,82.10000000000001,,0.01
post,2.98988,82.15,,0.01
post,2.98988,82.2,,0.01
post,2.98988,82.25,,0.01
post,2.98988,82.30000000000001,,0.01
post,2.98988,82.35000000000001,,0.01
post,2.98988,82.4,,0.01
post,2.98988,82.45,,0.01
post,2.98988,82.5,,0.01
post,2.98988,82.55000000000001,,0.01
post,2.98988,82.60000000000001,,0.01
post,2.98988,82.65,,0.01
post,2.98988,82.7,,0.01
post,2.98988,82.75,,0.01
post,2.98988,82.80000000000001,,0.01
post,2.98988,82.85000000000001,,0.01
post,2.98988,82.9,,0.01
post,2.98988,82.95,,0.01
post,2.98988,83.0,,0.01
post,2.98988,83.05000000000001,,0.01
post,2.98988,83.10000000000001,,0.01
post,2.98988,83.15,,0.01
post,2.98988,83.2,,0.01
post,2.98988,83.25,,0.01
post,2.98988,83.30000000000001,,0.01
post,2.98988,83.35000000000001,,0.01
post,2.98988,83.4,,0.01
post,2.98988,83.45,,0.01
post,2.98988,83.5,,0.01
post,2.98988,83.55000000000001,,0.01
post,2.98988,83.60000000000001,,0.01
post,2.98988,83.65,,0.01
post,2.98988,83.7,,0.01
post,2.98988,83.75,,0.01
post,2.98988,83.80000000000001,,0.01
post,2.98988,83.85000000000001,,0.01
post,2.98988,83.9,,0.01
post,2.98988,83.95,,0.01
post,2.98988,84.0,,0.01
post,2.98988,84.05000000000001,,0.01
post,2.98988,84.10000000000001,,0.01
post,2.98988,84.15,,0.01
post,2.98988,84.2,,0.01
post,2.98988,84.25,,0.01
post,2.98988,84.30000000000001,,0.01
post,2.98988,84.35000000000001,,0.01
post,2.98988,84.4,,0.01
post,2.98988,84.45,,0.01
post,2.98988,84.5,,0.01
post,2.98988,84.55000000000001,,0.01
post,2.98988,84.60000000000001,,0.01
post,2.98988,84.65,,0.01
post,2.98988,84.7,,0.01
post,2.98988,84.75,,0.01
post,2.98988,84.80000000000001,,0.01
post,2.98988,84.85000000000001,,0.01
post,2.98988,84.9,,0.01
post,2.98988,84.95,,0.01
post,2.98988,85.0,,0.01
post,2.98988,85.05000000000001,,0.01
post,2.98988,85.10000000000001,,0.01
post,2.98988,85.15,,0.01
post,2.98988,85.2,,0.01
post,2.98988,85.25,,0.01
post,2.98988,85.30000000000001,,0.01
post,2.98988,85.35000000000001,,0.01
post,2.98988,85.4,,0.01
post,2.98988,85.45,,0.01
post,2.98988,85.5,,0.01
post,2.98988,85.55000000000001,,0.01
post,2.98988,85.60000000000001,,0.01
post,2.98988,85.65,,0.01
post,2.98988,85.7,,0.01
post,2.98988,85.75,,0.01
post,2.98988,85.80000000000001,,0.01
post,2.98988,85.85000000000001,,0.01
post,2.98988,85.9,,0.01
post,2.98988,85.95,,0.01
post,2.98988,86.0,,0.01
post,2.98988,86.05000000000001,,0.01
post,2.98988,86.10000000000001,,0.01
post,2.98988,86.15,,0.01
post,2.98988,86.2,,0.01
post,2.98988,86.25,,0.01
post,2.98988,86.30000000000001,,0.01
post,2.98988,86.35000000000001,,0.01
post,2.98988,86.4,,0.01
post,2.98988,86.45,,0.01
post,2.98988,86.5,,0.01
post,2.98988,86.55000000000001,,0.01
post,2.98988,86.60000000000001,,0.01
post,2.98988,86.65,,0.01
post,2.98988,86.7,,0.01
post,2.98988,86.75,,0.01
post,2.98988,86.80000000000001,,0.01
post,2.98988,86.85000000000001,,0.01
post,2.98988,86.9,,0.01
post,2.98988,86.95,,0.01
post,2.98988,87.0,,0.01
post,2.98988,87.05000000000001,,0.01
post,2.98988,87.10000000000001,,0.01
post,2.98988,87.15,,0.01
post,2.98988,87.2,,0.01
post,2.98988,87.25,,0.01
post,2.98988,87.30000000000001,,0.01
post,2.98988,87.35000000000001,,0.01
post,2.98988,87.4,,0.01
post,2.98988,87.45,,0.01
post,2.98988,87.5,,0.01
post,2.98988,87.55000000000001,,0.01
post,2.98988,87.60000000000001,,0.01
post,2.98988,87.65,,0.01
post,2.98988,87.7,,0.01
post,2.98988,87.75,,0.01
post,2.98988,87.80000000000001,,0.01
post,2.98988,87.85000000000001,,0.01
post,2.98988,87.9,,0.01
post,2.98988,87.95,,0.01
post,2.98988,88.0,,0.01
post,2.98988,88.05000000000001,,0.01
post,2.98988,88.10000000000001,,0.01
post,2.98988,88.15,,0.01
post,2.98988,88.2,,0.01
post,2.98988,88.25,,0.01
post,2.98988,88.30000000000001,,0.01
post,2.98988,88.35000000000001,,0.01
post,2.98988,88.4,,0.01
post,2.98988,88.45,,0.01
post,2.98988,88.5,,0.01
post,2.98988,88.55000000000001,,0.01
post,2.98988,88.60000000000001,,0.01
post,2.98988,88.65,,0.01
post,2.98988,88.7,,0.01
post,2.98988,88.75,,0.01
post,2.98988,88.80000000000001,,0.01
post,2.98988,88.85000000000001,,0.01
post,2.98988,88.9,,0.01
post,2.98988,88.95,,0.01
post,2.98988,89.0,,0.01
post,2.98988,89.05000000000001,,0.01
post,2.98988,89.10000000000001,,0.01
post,2.98988,89.15,,0.01
post,2.98988,89.2,,0.01
post,2.98988,89.25,,0.01
post,2.98988,89.30000000000001,,0.01
post,2.98988,89.35000000000001,,0.01
post,2.98988,89.4,,0.01
post,2.98988,89.45,,0.01
post,2.98988,89.5,,0.01
post,2.98988,89.55000000000001,,0.01
post,2.98988,89.60000000000001,,0.01
post,2.98988,89.65,,0.01
post,2.98988,89.7,,0.01
post,2.98988,89.75,,0.01
post,2.98988,89.80000000000001,,0.01
post,2.98988,89.85000000000001,,0.01
post,2.98988,89.9,,0.01
post,2.98988,89.95,,0.01
post,2.98988,90.0,,0.01
post,2.98988,90.05000000000001,,0.01
post,2.98988,90.10000000000001,,0.01
post,2.98988,90.15,,0.01
post,2.98988,90.2,,0.01
post,2.98988,90.25,,0.01
post,2.98988,90.30000000000001,,0.01
post,2.98988,90.35000000000001,,0.01
post,2.98988,90.4,,0.01
post,2.98988,90.45,,0.01
post,2.98988,90.5,,0.01
post,2.98988,90.55000000000001,,0.01
post,2.98988,90.60000000000001,,0.01
post,2.98988,90.65,,0.01
post,2.98988,90.7,,0.01
post,2.98988,90.75,,0.01
post,2.98988,90.80000000000001,,0.01
post,2.98988,90.85000000000001,,0.01
post,2.98988,90.9,,0.01
post,2.98988,90.95,,0.01
post,2.98988,91.0,,0.01
post,2.98988,91.05000000000001,,0.01
post,2.98988,91.10000000000001,,0.01
post,2.98988,91.15,,0.01
post,2.98988,91.2,,0.01
post,2.98988,91.25,,0.01
post,2.98988,91.30000000000001,,0.01
post,2.98988,91.35000000000001,,0.01
post,2.98988,91.4,,0.01
post,2.98988,91.45,,0.01
post,2.98988,91.5,,0.01
post,2.98988,91.55000000000001,,0.01
post,2.98988,91.60000000000001,,0.01
post,2.98988,91.65,,0.01
post,2.98988,91.7,,0.01
post,2.98988,91.75,,0.01
post,2.98988,91.80000000000001,,0.01
post,2.98988,91.85000000000001,,0.01
post,2.98988,91.9,,0.01
post,2.98988,91.95,,0.01
post,2.98988,92.0,,0.01
post,2.98988,92.05000000000001,,0.01
post,2.98988,92.10000000000001,,0.01
post,2.98988,92.15,,0.01
post,2.98988,92.2,,0.01
post,2.98988,92.25,,0.01
post,2.98988,92.30000000000001,,0.01
post,2.98988,92.35000000000001,,0.01
post,2.98988,92.4,,0.01
post,2.98988,92.45,,0.01
post,2.98988,92.5,,0.01
post,2.98988,92.55000000000001,,0.01
post,2.98988,92.60000000000001,,0.01
post,2.98988,92.65,,0.01
post,2.98988,92.7,,0.01
post,2.98988,92.75,,0.01
post,2.98988,92.80000000000001,,0.01
post,2.98988,92.85000000000001,,0.01
post,2.98988,92.9,,0.01
post,2.98988,92.95,,0.01
post,2.98988,93.0,,0.01
post,2.98988,93.05000000000001,,0.01
post,2.98988,93.10000000000001,,0.01
post,2.98988,93.15,,0.01
post,2.98988,93.2,,0.01
post,2.98988,93.25,,0.01
post,2.98988,93.30000000000001,,0.01
post,2.98988,93.35000000000001,,0.01
post,2.98988,93.4,,0.01
post,2.98988,93.45,,0.01
post,2.98988,93.5,,0.01
post,2.98988,93.55000000000001,,0.01
post,2.98988,93.60000000000001,,0.01
post,2.98988,93.65,,0.01
post,2.98988,93.7,,0.01
post,2.98988,93.75,,0.01
post,2.98988,93.80000000000001,,0.01
post,2.98988,93.85000000000001,,0.01
post,2.98988,93.9,,0.01
post,2.98988,93.95,,0.01
post,2.98988,94.0,,0.01
post,2.98988,94.05000000000001,,0.01
post,2.98988,94.10000000000001,,0.01
post,2.98988,94.15,,0.01
post,2.98988,94.2,,0.01
post,2.98988,94.25,,0.01
post,2.98988,94.30000000000001,,0.01
post,2.98988,94.35000000000001,,0.01
post,2.98988,94.4,,0.01
post,2.98988,94.45,,0.01
post,2.98988,94.5,,0.01
post,2.98988,94.55000000000001,,0.01
post,2.98988,94.60000000000001,,0.01
post,2.98988,94.65,,0.01
post,2.98988,94.7,,0.01
post,2.98988,94.75,,0.01
post,2.98988,94.80000000000001,,0.01
post,2.98988,94.85000000000001,,0.01
post,2.98988,94.9,,0.01
post,2.98988,94.95,,0.01
post,2.98988,95.0,,0.01
post,2.98988,95.05000000000001,,0.01
post,2.98988,95.10000000000001,,0.01
post,2.98988,95.15,,0.01
post,2.98988,95.2,,0.01
post,2.98988,95.25,,0.01
post,2.98988,95.30000000000001,,0.01
post,2.98988,95.35000000000001,,0.01
post,2.98988,95.4,,0.01
post,2.98988,95.45,,0.01
post,2.98988,95.5,,0.01
post,2.98988,95.55000000000001,,0.01
post,2.98988,95.60000000000001,,0.01
post,2.98988,95.65,,0.01
post,2.98988,95.7,,0.01
post,2.98988,95.75,,0.01
post,2.98988,95.80000000000001,,0.01
post,2.98988,95.85000000000001,,0.01
post,2.98988,95.9,,0.01
post,2.98988,95.95,,0.01
post,2.98988,96.0,,0.01
post,2.98988,96.05000000000001,,0.01
post,2.98988,96.10000000000001,,0.01
post,2.98988,96.15,,0.01
post,2.98988,96.2,,0.01
post,2.98988,96.25,,0.01
post,2.98988,96.30000000000001,,0.01
post,2.98988,96.35000000000001,,0.01
post,2.98988,96.4,,0.01
post,2.98988,96.45,,0.01
post,2.98988,96.5,,0.01
post,2.98988,96.55000000000001,,0.01
post,2.98988,96.60000000000001,,0.01
post,2.98988,96.65,,0.01
post,2.98988,96.7,,0.01
post,2.98988,96.75,,0.01
post,2.98988,96.80000000000001,,0.01
post,2.98988,96.85000000000001,,0.01
post,2.98988,96.9,,0.01
post,2.98988,96.95,,0.01
post,2.98988,97.0,,0.01
post,2.98988,97.05000000000001,,0.01
post,2.98988,97.10000000000001,,0.01
post,2.98988,97.15,,0.01
post,2.98988,97.2,,0.01
post,2.98988,97.25,,0.01
post,2.98988,97.30000000000001,,0.01
post,2.98988,97.35000000000001,,0.01
post,2.98988,97.4,,0.01
post,2.98988,97.45,,0.01
post,2.98988,97.5,,0.01
post,2.98988,97.55000000000001,,0.01
post,2.98988,97.60000000000001,,0.01
post,2.98988,97.65,,0.01
post,2.98988,97.7,,0.01
post,2.98988,97.75,,0.01
post,2.98988,97.80000000000001,,0.01
post,2.98988,97.85000000000001,,0.01
post,2.98988,97.9,,0.01
post,2.98988,97.95,,0.01
post,2.98988,98.0,,0.01
post,2.98988,98.05000000000001,,0.01
post,2.98988,98.10000000000001,,0.01
post,2.98988,98.15,,0.01
post,2.98988,98.2,,0.01
post,2.98988,98.25,,0.01
post,2.98988,98.30000000000001,,0.01
post,2.98988,98.35000000000001,,0.01
post,2.98988,98.4,,0.01
post,2.98988,98.45,,0.01
post,2.98988,98.5,,0.01
post,2.98988,98.55000000000001,,0.01
post,2.98988,98.60000000000001,,0.01
post,2.98988,98.65,,0.01
post,2.98988,98.7,,0.01
post,2.98988,98.75,,0.01
post,2.98988,98.80000000000001,,0.01
post,2.98988,98.85000000000001,,0.01
post,2.98988,98.9,,0.01
post,2.98988,98.95,,0.01
post,2.98988,99.0,,0.01
post,2.98988,99.05000000000001,,0.01
post,2.98988,99.10000000000001,,0.01
post,2.98988,99.15,,0.01
post,2.98988,99.2,,0.01
post,2.98988,99.25,,0.01
post,2.98988,99.30000000000001,,0.01
post,2.98988,99.35000000000001,,0.01
post,2.98988,99.4,,0.01
post,2.98988,99.45,,0.01
post,2.98988,99.5,,0.01
post,2.98988,99.55000000000001,,0.01
post,2.98988,99.60000000000001,,0.01
post,2.98988,99.65,,0.01
post,2.98988,99.7,,0.01
post,2.98988,99.75,,0.01
post,2.98988,99.80000000000001,,0.01
post,2.98988,99.85000000000001,,0.01
post,2.98988,99.9,,0.01
post,2.98988,99.95,,0.01
