role,Q1,time,gt,rc
inter,2.9897475,0.0,0.7807198157739843,0.8095654000688668
inter,2.9897475,0.05,0.7842206042211458,0.8049718971922596
inter,2.9897475,0.1,0.7900384654275957,0.8011273588558561
inter,2.9897475,0.15,0.7982322386089841,0.7982496033384093
inter,2.9897475,0.2,0.808552574739952,0.7966071278343639
inter,2.9897475,0.25,0.8203872142558767,0.7965073789740282
inter,2.9897475,0.3,0.8328262521297368,0.7982651675045166
inter,2.9897475,0.35,0.8448542146309743,0.8021439741477449
inter,2.9897475,0.4,0.8556131572659316,0.8082649157287244
inter,2.9897475,0.45,0.8645914406189055,0.8164890290432646
inter,2.9897475,0.5,0.8716305800332877,0.8263754799175257
inter,2.9897475,0.55,0.8767940249839887,0.8371892621849246
inter,2.9897475,0.6000000000000001,0.8802273400783612,0.8480298604631309
inter,2.9897475,0.65,0.8820980688462439,0.8580063855510672
inter,2.9897475,0.7000000000000001,0.8825816207473687,0.8665218348409356
inter,2.9897475,0.75,0.8818535270118513,0.8732829646737793
inter,2.9897475,0.8,0.8800794304505364,0.8782435637170103
inter,2.9897475,0.8500000000000001,0.8774090425628723,0.8814576607116379
inter,2.9897475,0.9,0.8739753626520576,0.883094743381848
inter,2.9897475,0.95,0.8698986582039555,0.8832956050921973
inter,2.9897475,1.0,0.8652931531100181,0.8822200409595625
inter,2.9897475,1.05,0.8602727509525815,0.8800499577687014
inter,2.9897475,1.1,0.8549539988284119,0.87694192926055
inter,2.9897475,1.15,0.8494571889280756,0.8730401222603501
inter,2.9897475,1.2000000000000002,0.8439071383973272,0.8684753355540914
inter,2.9897475,1.25,0.8384350037217441,0.8633649583029632
inter,2.9897475,1.3,0.833181805327297,0.8578199089888698
inter,2.9897475,1.35,0.8283036767852763,0.8519495377913948
inter,2.9897475,1.4,0.8239782323439072,0.8458618067571688
inter,2.9897475,1.4500000000000002,0.8204105774353041,0.8396619437930442
inter,2.9897475,1.5,0.8178360823511812,0.833452424687914
inter,2.9897475,1.55,0.8165150390807264,0.8273348633405314
inter,2.9897475,1.6,0.8167127209907962,0.8214136926521518
inter,2.9897475,1.65,0.8186584927438314,0.8158017027544172
inter,2.9897475,1.7000000000000002,0.8224836160729599,0.810626998250445
inter,2.9897475,1.75,0.8281489427872731,0.8060408901168298
inter,2.9897475,1.8,0.8353872758903624,0.802226982506989
inter,2.9897475,1.85,0.8436939012386557,0.7994119430940666
inter,2.9897475,1.9,0.8523920796839893,0.79787227245382
inter,2.9897475,1.95,0.8607634007717503,0.7979198600056973
inter,2.9897475,2.0,0.868197876933513,0.7998690303380408
inter,2.9897475,2.0500000000000003,0.8742948345803107,0.8039733135514452
inter,2.9897475,2.1,0.8788666934763057,0.8103236120436162
inter,2.9897475,2.15,0.8818833436889657,0.8187412565463272
inter,2.9897475,2.2,0.8834038478652275,0.8287381188977487
inter,2.9897475,2.25,0.8835348394626938,0.8395477368349729
inter,2.9897475,2.3000000000000003,0.8824098719712177,0.8502589630506143
inter,2.9897475,2.35,0.8801762606911,0.8600088925291832
inter,2.9897475,2.4000000000000004,0.8769841736160592,0.868238807920461
inter,2.9897475,2.45,0.8729780351490241,0.8746909596515403
inter,2.9897475,2.5,0.8682922427161669,0.8793372334155449
inter,2.9897475,2.5500000000000003,0.8630508532009498,0.8822469962122823
inter,2.9897475,2.6,0.8573694000605472,0.8836092856664594
inter,2.9897475,2.6500000000000004,0.8513567690372646,0.8835523354533308
inter,2.9897475,2.7,0.8451161418178065,0.8822451736907027
inter,2.9897475,2.75,0.8387451474202762,0.8798664171274716
inter,2.9897475,2.8000000000000003,0.832335887316855,0.8765705104605163
inter,2.9897475,2.85,0.8259754837568606,0.8725000694615053
inter,2.9897475,2.9000000000000004,0.8197475780994433,0.8677834369285065
inter,2.9897475,2.95,0.8137350413009441,0.8625358645442565
inter,2.9897475,3.0,0.808024152017075,0.856866667957562
inter,2.9897475,3.0500000000000003,0.8027105509489391,0.8508832162674939
inter,2.9897475,3.1,0.7979072926200201,0.8446903394368614
inter,2.9897475,3.1500000000000004,0.7937550422862929,0.8383886698777194
inter,2.9897475,3.2,0.7904337620481907,0.8320744273733381
inter,2.9897475,3.25,0.7881734584327333,0.8258409056909228
inter,2.9897475,3.3000000000000003,0.7872587626012536,0.8197814555873554
inter,2.9897475,3.35,0.7880177178697255,0.8139940126424056
inter,2.9897475,3.4000000000000004,0.7907825649150302,0.8085869615484089
inter,2.9897475,3.45,0.7958133498328155,0.8036863108633004
inter,2.9897475,3.5,0.8031901112769797,0.7994446428748136
inter,2.9897475,3.5500000000000003,0.8127030542958311,0.7960524439249876
inter,2.9897475,3.6,0.823792043889833,0.7937502008902865
inter,2.9897475,3.65,0.8355979482270923,0.7928302780355753
inter,2.9897475,3.7,0.8471330466198045,0.7936159955312062
inter,2.9897475,3.75,0.8575314548897918,0.7964213318316944
inter,2.9897475,3.8,0.8662428193512218,0.8014798928561304
inter,2.9897475,3.85,0.8730618772805224,0.8088146299252645
inter,2.9897475,3.9,0.8780177644606589,0.8181671491239728
inter,2.9897475,3.95,0.8812370826382964,0.8289383425984101
inter,2.9897475,4.0,0.8828778365320856,0.8402776850999074
inter,2.9897475,4.05,0.8831110161776279,0.8512279000245718
inter,2.9897475,4.1000000000000005,0.8821118829448185,0.8609618792831739
inter,2.9897475,4.15,0.8800497944736788,0.8690139251558742
inter,2.9897475,4.2,0.8770795817632115,0.875218768312065
inter,2.9897475,4.25,0.8733396798873769,0.8796037072705678
inter,2.9897475,4.3,0.8689546300555482,0.8822719397270323
inter,2.9897475,4.3500000000000005,0.8640406604309918,0.883428485928394
inter,2.9897475,4.4,0.8587110214706478,0.8831928067693572
inter,2.9897475,4.45,0.8530789246010779,0.881757824200376
inter,2.9897475,4.5,0.8472585138807743,0.8792922017925574
inter,2.9897475,4.55,0.8413653616853384,0.8759458196342518
inter,2.9897475,4.6000000000000005,0.8355178426528872,0.8718578648454096
inter,2.9897475,4.65,0.8298401803195563,0.8671523128639541
inter,2.9897475,4.7,0.824467451571514,0.8619420122641438
inter,2.9897475,4.75,0.8195524552194173,0.856336494637913
inter,2.9897475,4.800000000000001,0.8152738385421134,0.850445368581158
inter,2.9897475,4.8500000000000005,0.8118439887590421,0.8443776674786891
inter,2.9897475,4.9,0.8095130538437006,0.8382408426792003
inter,2.9897475,4.95,0.8085634670325804,0.8321415708466742
inter,2.9897475,5.0,0.8092864976598542,0.8261886034586094
inter,2.9897475,5.050000000000001,0.8119328446437507,0.8204976751098575
inter,2.9897475,5.1000000000000005,0.8166374856988425,0.8151982841074265
inter,2.9897475,5.15,0.8233332329930879,0.810441396137012
inter,2.9897475,5.2,0.8316851889893513,0.8064074902038624
inter,2.9897475,5.25,0.8410880633379624,0.8033156268079514
inter,2.9897475,5.300000000000001,0.850758012617297,0.8014312872916064
inter,2.9897475,5.3500000000000005,0.8598950041590002,0.8010570022440335
inter,2.9897475,5.4,0.8678653809461102,0.8025021127569655
inter,2.9897475,5.45,0.8742939336495946,0.8060262428044492
inter,2.9897475,5.5,0.8790470324771719,0.8117522350206872
inter,2.9897475,5.550000000000001,0.8821447889597122,0.8195461796721328
inter,2.9897475,5.6000000000000005,0.8836820569560817,0.8289863745162465
inter,2.9897475,5.65,0.8837910321233828,0.8393662587633867
inter,2.9897475,5.7,0.8826226080246032,0.8498171134751056
inter,2.9897475,5.75,0.8803367089317068,0.8594804959123538
inter,2.9897475,5.800000000000001,0.8770904021625536,0.8677491838244316
inter,2.9897475,5.8500000000000005,0.8730301729046538,0.8743081264517867
inter,2.9897475,5.9,0.8682893455172003,0.8790899621149836
inter,2.9897475,5.95,0.862989509565004,0.8821474545234714
inter,2.9897475,6.0,0.8572433480021325,0.8836284713248106
inter,2.9897475,6.050000000000001,0.8511567814739488,0.8836849093528907
inter,2.9897475,6.1000000000000005,0.844829552155928,0.8824655915789524
inter,2.9897475,6.15,0.8383546389718544,0.8801497632333695
inter,2.9897475,6.2,0.8318173506726158,0.8768950739650978
inter,2.9897475,6.25,0.8252947326725608,0.8728459643248248
inter,2.9897475,6.300000000000001,0.8188555428830598,0.868133511328009
inter,2.9897475,6.3500000000000005,0.8125608142536727,0.8628750668168234
inter,2.9897475,6.4,0.8064649718485875,0.8571805522694481
inter,2.9897475,6.45,0.8006175322830215,0.8511566928591594
inter,2.9897475,6.5,0.795065509997576,0.8449065632396408
inter,2.9897475,6.550000000000001,0.7898567547321784,0.8385276633291815
inter,2.9897475,6.6000000000000005,0.7850445409059832,0.8321111859148239
inter,2.9897475,6.65,0.7806938430161057,0.8257427691783272
inter,2.9897475,6.7,0.7768896475129698,0.8195043734223665
inter,2.9897475,6.75,0.7737475445930674,0.813477273466309
inter,2.9897475,6.800000000000001,0.7714260618569619,0.8077460832907409
inter,2.9897475,6.8500000000000005,0.7701386057888797,0.8024039451309071
inter,2.9897475,6.9,0.7701599440048837,0.7975594828495879
inter,2.9897475,6.95,0.771817731717238,0.7933462451798096
inter,2.9897475,7.0,0.7754557270593275,0.7899350189581061
inter,2.9897475,7.050000000000001,0.7813592771439585,0.7875473383026006
inter,2.9897475,7.1000000000000005,0.7896434501629463,0.7864618162487389
inter,2.9897475,7.15,0.8001336762092791,0.7870007379472468
inter,2.9897475,7.2,0.8122946813128147,0.7894965981017976
inter,2.9897475,7.25,0.8252605602595947,0.7942306219847584
inter,2.9897475,7.300000000000001,0.8380109825256118,0.8013144248196639
inter,2.9897475,7.35,0.8496258772386112,0.8105913085328854
inter,2.9897475,7.4,0.8595119501739504,0.8215546810430391
inter,2.9897475,7.45,0.8674519537078875,0.8333755986511927
inter,2.9897475,7.5,0.8734855374570466,0.8450996439474404
inter,2.9897475,7.550000000000001,0.8777585520706992,0.8557652512255576
inter,2.9897475,7.6,0.8804405037960612,0.8648060935468352
inter,2.9897475,7.65,0.8817060063971683,0.8719630654944535
inter,2.9897475,7.7,0.8817280044672644,0.8772402453486278
inter,2.9897475,7.75,0.8806703866389303,0.8807319761363722
inter,2.9897475,7.800000000000001,0.8786800440782557,0.882655456611838
inter,2.9897475,7.85,0.875886615371768,0.8831241545269218
inter,2.9897475,7.9,0.8724072517002218,0.8823355855885731
inter,2.9897475,7.95,0.8683531688987373,0.8804632051009695
inter,2.9897475,8.0,0.8638361325123356,0.8776570973887493
inter,2.9897475,8.05,0.8589723095166726,0.8740602516491274
inter,2.9897475,8.1,0.8538836503316165,0.8698011575309633
inter,2.9897475,8.15,0.8486984845307007,0.8649948394478718
inter,2.9897475,8.200000000000001,0.8435527844956928,0.8597515045239005
inter,2.9897475,8.25,0.8385928631186452,0.8541828276271396
inter,2.9897475,8.3,0.8339794990534589,0.8484032284881324
inter,2.9897475,8.35,0.8298927541074494,0.8425291626045198
inter,2.9897475,8.4,0.8265358701400858,0.8366795663138495
inter,2.9897475,8.450000000000001,0.8241353997886827,0.8309785600486708
inter,2.9897475,8.5,0.822933218664946,0.8255605436696353
inter,2.9897475,8.55,0.8231651395822525,0.8205773946635923
inter,2.9897475,8.6,0.8250220283604499,0.8162058327036427
inter,2.9897475,8.65,0.8285947626839198,0.8126532625428153
inter,2.9897475,8.700000000000001,0.8338150754032997,0.8101633957509603
inter,2.9897475,8.75,0.8404131432871944,0.8090155758369116
inter,2.9897475,8.8,0.847920469715229,0.809500660718521
inter,2.9897475,8.85,0.8557304648528339,0.8118804123511728
inter,2.9897475,8.9,0.8632140487962348,0.8163088936955437
inter,2.9897475,8.950000000000001,0.8698380784454951,0.8227424781811945
inter,2.9897475,9.0,0.8752437620448639,0.8308740575386696
inter,2.9897475,9.05,0.8792533575983443,0.8401333911241358
inter,2.9897475,9.1,0.88182419327517,0.8497638849259407
inter,2.9897475,9.15,0.8829980575897286,0.8589673333150496
inter,2.9897475,9.2,0.88286646231591,0.8670791042183494
inter,2.9897475,9.25,0.8815499499776188,0.8736823039636407
inter,2.9897475,9.3,0.8791848581257915,0.8786312501685812
inter,2.9897475,9.35,0.8759128216696369,0.8819153156625227
inter,2.9897475,9.4,0.8718725589577891,0.8836060660151185
inter,2.9897475,9.45,0.8671959049336085,0.8838645409758521
inter,2.9897475,9.5,0.8620071631105206,0.8828272627470621
inter,2.9897475,9.55,0.8564243792292331,0.8806548878932415
inter,2.9897475,9.6,0.8505610764361151,0.8775061593501363
inter,2.9897475,9.65,0.844527728473521,0.8735272699928808
inter,2.9897475,9.7,0.8384331216835547,0.8688535794179553
inter,2.9897475,9.75,0.8323862296627625,0.8636073160129281
inter,2.9897475,9.8,0.826499261660015,0.8579011641743763
inter,2.9897475,9.85,0.8208923753670264,0.851842361573218
inter,2.9897475,9.9,0.8157003158854578,0.8455326786041361
inter,2.9897475,9.95,0.8110808899341151,0.8390664076699023
inter,2.9897475,10.0,0.807224444319345,0.8325290986409514
inter,2.9897475,10.05,0.8043620848391262,0.8259974301223761
inter,2.9897475,10.1,0.8027677625840316,0.8195396534399847
inter,2.9897475,10.15,0.8027464930673222,0.813216420767529
inter,2.9897475,10.2,0.8045984839444466,0.8070818456324339
inter,2.9897475,10.25,0.8085526246326143,0.8011847559329753
inter,2.9897475,10.3,0.814674974746038,0.7955704802705186
inter,2.9897475,10.35,0.8227765346528475,0.7902836107831533
inter,2.9897475,10.4,0.8323641248044563,0.7853720685269499
inter,2.9897475,10.45,0.8426823147505585,0.7808927082842051
inter,2.9897475,10.5,0.8528536811352952,0.7769187234639076
inter,2.9897475,10.55,0.8620878747859251,0.7735491565519504
inter,2.9897475,10.6,0.8698444724706766,0.7709205687190368
inter,2.9897475,10.65,0.8758769959952526,0.7692196731867568
inter,2.9897475,10.7,0.8801574050019685,0.7686926130755226
inter,2.9897475,10.75,0.8827677500350273,0.769643594263859
inter,2.9897475,10.8,0.8838376231059386,0.7724119357518019
inter,2.9897475,10.85,0.8835201892676422,0.7773182498953993
inter,2.9897475,10.9,0.8819798727013348,0.7845745985536714
inter,2.9897475,10.95,0.8793815344161178,0.7941667933713343
inter,2.9897475,11.0,0.8758805952071885,0.8057570497290698
inter,2.9897475,11.05,0.8716182342094944,0.8185656860600988
inter,2.9897475,11.1,0.8667219313467116,0.8315934808421077
inter,2.9897475,11.15,0.8613086561461443,0.8438970112564227
inter,2.9897475,11.2,0.8554883538263547,0.8546668286227518
inter,2.9897475,11.25,0.8493657949126635,0.8635813703477687
inter,2.9897475,11.3,0.8430406917870038,0.870544833143254
inter,2.9897475,11.35,0.8366070119673724,0.8756568910566783
inter,2.9897475,11.4,0.8301524719541379,0.8791100025240517
inter,2.9897475,11.45,0.8237587934278635,0.8810535480087649
inter,2.9897475,11.5,0.8175029464934358,0.8816891762028412
inter,2.9897475,11.55,0.8114594815559101,0.8811791376676636
inter,2.9897475,11.6,0.8057041132276336,0.8796557990680156
inter,2.9897475,11.65,0.8003188445811966,0.8772645896065112
inter,2.9897475,11.7,0.7953990000343583,0.8741385478289359
inter,2.9897475,11.75,0.7910624770802869,0.870394381929286
inter,2.9897475,11.8,0.7874610777090713,0.8661407496264225
inter,2.9897475,11.85,0.7847925713468072,0.8614877394427194
inter,2.9897475,11.9,0.7833100852877805,0.8565524575673894
inter,2.9897475,11.95,0.7833214646881874,0.851460533345512
inter,2.9897475,12.0,0.7851674485539337,0.8463460825437364
inter,2.9897475,12.05,0.7891655868213873,0.8413524539442399
inter,2.9897475,12.1,0.7955164709495022,0.8366347866638182
inter,2.9897475,12.15,0.8041858227200008,0.8323643859004806
inter,2.9897475,12.2,0.8148080053544602,0.8287322920944734
inter,2.9897475,12.25,0.8266658006343844,0.8259492481177868
inter,2.9897475,12.3,0.838797910944777,0.8242456414979445
inter,2.9897475,12.35,0.8502244251271142,0.8238618317182358
inter,2.9897475,12.4,0.860192369987182,0.8250156258383609
inter,2.9897475,12.45,0.8683149183865443,0.8278378669437513
inter,2.9897475,12.5,0.8745164234747719,0.8323165251093394
inter,2.9897475,12.55,0.8788924714738581,0.8382743163014265
inter,2.9897475,12.6,0.8815944966753251,0.8453306453023466
inter,2.9897475,12.65,0.8827908866404647,0.8529391762092347
inter,2.9897475,12.7,0.8826568917388634,0.8604796229057636
inter,2.9897475,12.75,0.8813663284777496,0.8673776658065013
inter,2.9897475,12.8,0.8790823897198746,0.8732053273550784
inter,2.9897475,12.85,0.8759507620890938,0.8777219852455522
inter,2.9897475,12.9,0.8721014614299577,0.8808196063606155
inter,2.9897475,12.95,0.867653508053279,0.8825130541734841
inter,2.9897475,13.0,0.8627211062650875,0.8828771905972376
inter,2.9897475,13.05,0.8574182838141168,0.8820234356331189
inter,2.9897475,13.1,0.8518610397763289,0.8800817634789085
inter,2.9897475,13.15,0.846168079500859,0.8771856884431047
inter,2.9897475,13.2,0.8404617475317249,0.8734696908790809
inter,2.9897475,13.25,0.8348703145413134,0.8690668416445335
inter,2.9897475,13.3,0.8295321142511436,0.8641047728807641
inter,2.9897475,13.35,0.8246014895764348,0.8587051711253427
inter,2.9897475,13.4,0.8202559430187977,0.8529856741707943
inter,2.9897475,13.45,0.8167031150852806,0.8470608316847771
inter,2.9897475,13.5,0.814184259771678,0.8410427264172045
inter,2.9897475,13.55,0.8129693307298553,0.8350428361977364
inter,2.9897475,13.6,0.8133361059034641,0.8291754477006495
inter,2.9897475,13.65,0.8155264268216856,0.8235628114048715
inter,2.9897475,13.7,0.819678623374512,0.8183421932903954
inter,2.9897475,13.75,0.8257488090583853,0.8136735813356105
inter,2.9897475,13.8,0.8334482419592024,0.8097468972168655
inter,2.9897475,13.85,0.8422347058362761,0.8067897868204533
inter,2.9897475,13.9,0.8513844684672952,0.8050734926197484
inter,2.9897475,13.95,0.8601398519874844,0.8048983504811859
inter,2.9897475,14.0,0.8678689992448922,0.806559373076684
inter,2.9897475,14.05,0.8741734246605688,0.8102828020885896
inter,2.9897475,14.1,0.8788824133491183,0.8161412828225839
inter,2.9897475,14.15,0.8819846929740027,0.8239475499187412
inter,2.9897475,14.2,0.8835546538890844,0.8332334689639461
inter,2.9897475,14.25,0.8837097111113403,0.843278382855403
inter,2.9897475,14.3,0.8825918110118738,0.8532358586419094
inter,2.9897475,14.35,0.8803542852591238,0.8623219934531708
inter,2.9897475,14.4,0.8771508430720935,0.869983934241362
inter,2.9897475,14.45,0.8731275382160454,0.8759710011387586
inter,2.9897475,14.5,0.8684188934000471,0.8802278436610972
inter,2.9897475,14.55,0.8631481346180442,0.8828063448174192
inter,2.9897475,14.6,0.8574294602278809,0.8838579134945925
inter,2.9897475,14.65,0.8513700623675678,0.8835280400120182
inter,2.9897475,14.7,0.845070894643694,0.881970865934718
inter,2.9897475,14.75,0.8386263982152411,0.8793576434287855
inter,2.9897475,14.8,0.832123920976735,0.8758417401133315
inter,2.9897475,14.85,0.8256434610507292,0.871564732982127
inter,2.9897475,14.9,0.819258062385116,0.866654882032016
inter,2.9897475,14.95,0.8130349818547589,0.8612282039493683
inter,2.9897475,15.0,0.8070377057112852,0.8553942653703547
inter,2.9897475,15.05,0.8013289686842932,0.8492587919272018
inter,2.9897475,15.1,0.7959750465511047,0.8429224135445221
inter,2.9897475,15.15,0.79105170821116,0.8364789265755883
inter,2.9897475,15.2,0.7866522266082975,0.8300149229790774
inter,2.9897475,15.25,0.782897616196837,0.8236105896245501
inter,2.9897475,15.3,0.7799487474273716,0.8173413666729976
inter,2.9897475,15.35,0.7780184532563605,0.811280450369798
inter,2.9897475,15.4,0.777378788319607,0.8055020667773528
inter,2.9897475,15.45,0.7783544957546045,0.8000858084751306
inter,2.9897475,15.5,0.7812902234191634,0.7951227156590258
inter,2.9897475,15.55,0.7864794994734144,0.7907238063491911
inter,2.9897475,15.6,0.7940576550850371,0.7870314987967645
inter,2.9897475,15.65,0.8038823593004293,0.7842333421726163
inter,2.9897475,15.7,0.8154535692096645,0.7825737929115999
inter,2.9897475,15.75,0.8279369529004824,0.7823531708766615
inter,2.9897475,15.8,0.8403195551827396,0.7839071265799434
inter,2.9897475,15.85,0.8516633510186078,0.7875601344289831
inter,2.9897475,15.9,0.8613378248119253,0.7935488655244143
inter,2.9897475,15.95,0.8690843383863537,0.8018832205305557
inter,2.9897475,16.0,0.8749180446037894,0.812274214294128
inter,2.9897475,16.05,0.8789707535362464,0.8240480275110403
inter,2.9897475,16.1,0.8814078585509685,0.8362734970171499
inter,2.9897475,16.150000000000002,0.8824035028196026,0.847979479566699
inter,2.9897475,16.2,0.8821340507787389,0.858296621856901
inter,2.9897475,16.25,0.8807680491349132,0.8668193054243845
inter,2.9897475,16.3,0.8784596943507429,0.8734139031226973
inter,2.9897475,16.35,0.8753460625097926,0.8781457488795498
inter,2.9897475,16.400000000000002,0.8715496670480347,0.8811710526900852
inter,2.9897475,16.45,0.8671852536832029,0.8826702532649605
inter,2.9897475,16.5,0.8623661780582857,0.8827945810658564
inter,2.9897475,16.55,0.8572082273269378,0.8817427436932423
inter,2.9897475,16.6,0.8518312060154825,0.8796670112234931
inter,2.9897475,16.650000000000002,0.846359656910431,0.8767140841675876
inter,2.9897475,16.7,0.840924231437008,0.8730215330444324
inter,2.9897475,16.75,0.8356646080654514,0.8687110645326852
inter,2.9897475,16.8,0.8307341338751095,0.8638943198558777
inter,2.9897475,16.85,0.826305718814045,0.8586819779100583
inter,2.9897475,16.900000000000002,0.8225776876383477,0.8531885547322747
inter,2.9897475,16.95,0.8197771929062306,0.8475329547318895
inter,2.9897475,17.0,0.8181566452649212,0.8418381699759572
inter,2.9897475,17.05,0.8179774414751154,0.8362326247846933
inter,2.9897475,17.1,0.8194747036363644,0.83085386718627
inter,2.9897475,17.150000000000002,0.8228003624314235,0.8258546709032227
inter,2.9897475,17.2,0.8279549071727799,0.8214101512861964
inter,2.9897475,17.25,0.8347257177555513,0.8177228738486672
inter,2.9897475,17.3,0.8426667107236139,0.815026359103135
inter,2.9897475,17.35,0.8511459084564219,0.8135860563494705
inter,2.9897475,17.400000000000002,0.859459759161918,0.813680087335166
inter,2.9897475,17.45,0.8669783036274636,0.8155628877833083
inter,2.9897475,17.5,0.8732588455838705,0.8193894156480526
inter,2.9897475,17.55,0.8780696116954694,0.8251478746333112
inter,2.9897475,17.6,0.8813476731475722,0.8325792609464151
inter,2.9897475,17.650000000000002,0.883131768250208,0.841180064801905
inter,2.9897475,17.7,0.8835161217175174,0.8502579851067992
inter,2.9897475,17.75,0.8826261825193747,0.8590636111780097
inter,2.9897475,17.8,0.8806045783347469,0.8669354806661101
inter,2.9897475,17.85,0.8775997891226851,0.8734307964780711
inter,2.9897475,17.900000000000002,0.8737567780461025,0.8783619609962949
inter,2.9897475,17.95,0.8692117893935958,0.8816802026225832
inter,2.9897475,18.0,0.8640910926629947,0.8834414869308898
inter,2.9897475,18.05,0.8585123653110619,0.8837739708641552
inter,2.9897475,18.1,0.8525866002011313,0.8828195873057817
inter,2.9897475,18.15,0.8464193375725722,0.8807268752146394
inter,2.9897475,18.2,0.8401111372426906,0.8776492246861525
inter,2.9897475,18.25,0.8337578852999842,0.873731482890667
inter,2.9897475,18.3,0.8274516228153795,0.8691098169125528
inter,2.9897475,18.35,0.8212824028467097,0.8639088129193224
inter,2.9897475,18.4,0.8153415208168219,0.8582435373145845
inter,2.9897475,18.45,0.8097264126816851,0.8522231398070126
inter,2.9897475,18.5,0.8045475121803376,0.8459511201454224
inter,2.9897475,18.55,0.7999372545338911,0.8395237397516673
inter,2.9897475,18.6,0.7960609147000479,0.8330291515896643
inter,2.9897475,18.65,0.7931277409687657,0.8265476844465707
inter,2.9897475,18.7,0.7913985989437197,0.8201528103105267
inter,2.9897475,18.75,0.7911827402552492,0.8139127245592851
inter,2.9897475,18.8,0.7928124641345565,0.8078924733445315
inter,2.9897475,18.85,0.7965847368305944,0.8021566611023109
inter,2.9897475,18.9,0.8026676222113591,0.7967732299791227
inter,2.9897475,18.95,0.810988947970026,0.7918189825741605
inter,2.9897475,19.0,0.8211514885207094,0.7873874260874876
inter,2.9897475,19.05,0.8324277697560521,0.7835993133040499
inter,2.9897475,19.1,0.8438799640166764,0.7806156860963881
inter,2.9897475,19.15,0.8545752165452944,0.7786511417630803
inter,2.9897475,19.200000000000003,0.8638200765609547,0.7779799515910801
inter,2.9897475,19.25,0.8712594992258164,0.7789256830909164
inter,2.9897475,19.3,0.8768289359257126,0.7818278987785072
inter,2.9897475,19.35,0.8806137625550324,0.7869825181670199
inter,2.9897475,19.4,0.8827560576982588,0.7945209991793998
inter,2.9897475,19.450000000000003,0.8834179009926156,0.8043138504578016
inter,2.9897475,19.5,0.8827718696450093,0.8158641083927154
inter,2.9897475,19.55,0.8809905202453013,0.8283001116764604
inter,2.9897475,19.6,0.8782360935123058,0.8406633446507908
inter,2.9897475,19.65,0.8746552936890671,0.8519699463743183
inter,2.9897475,19.700000000000003,0.8703793719956778,0.8616186530696857
inter,2.9897475,19.75,0.865528124034007,0.8693421052455073
inter,2.9897475,19.8,0.8602153638799191,0.8751484822954881
inter,2.9897475,19.85,0.854552664589528,0.8791518211741128
inter,2.9897475,19.9,0.8486508181674521,0.8815693669749999
inter,2.9897475,19.950000000000003,0.8426201312398527,0.8825207968022382
inter,2.9897475,20.0,0.8365709769129114,0.8822183082119482
inter,2.9897475,20.05,0.8306156233711948,0.8808213749009924
inter,2.9897475,20.1,0.824871853376661,0.8784742638408721
inter,2.9897475,20.15,0.8194685653634338,0.8753202608660062
inter,2.9897475,20.200000000000003,0.8145533141967993,0.8714877904928827
inter,2.9897475,20.25,0.810301306673854,0.8670913420878991
inter,2.9897475,20.3,0.8069243382839419,0.8622406848770572
inter,2.9897475,20.35,0.8046761925252992,0.8570486250552787
inter,2.9897475,20.4,0.8038481482165541,0.8516338074295872
inter,2.9897475,20.450000000000003,0.8047454935056803,0.8461206991870911
inter,2.9897475,20.5,0.8076360866640844,0.840639920861811
inter,2.9897475,20.55,0.8126696318001878,0.835330558858277
inter,2.9897475,20.6,0.8197837277638744,0.8303448458266112
inter,2.9897475,20.65,0.8286311427562141,0.8258546043384565
inter,2.9897475,20.700000000000003,0.8385732674013676,0.8220562789953447
inter,2.9897475,20.75,0.848779172233467,0.819173058481026
inter,2.9897475,20.8,0.8584033235070128,0.8174562847946412
inter,2.9897475,20.85,0.8667824187446928,0.8171723758222152
inter,2.9897475,20.9,0.8735393816244877,0.8185694784108252
inter,2.9897475,20.950000000000003,0.8785536624338279,0.8218099553180387
inter,2.9897475,21.0,0.881863206657428,0.8269084639278126
inter,2.9897475,21.05,0.883577046791651,0.833662750029563
inter,2.9897475,21.1,0.8838368463997183,0.8416365372525576
inter,2.9897475,21.15,0.8828010972999136,0.8502022563794823
inter,2.9897475,21.200000000000003,0.880634306893627,0.8586544468928081
inter,2.9897475,21.25,0.877496642711929,0.8663394323029198
inter,2.9897475,21.3,0.8735360320270321,0.8727901608620064
inter,2.9897475,21.35,0.8688860149002201,0.8777724566007611
inter,2.9897475,21.4,0.8636679354119882,0.8811975671998357
inter,2.9897475,21.450000000000003,0.8579945404134475,0.8831071356874659
inter,2.9897475,21.5,0.8519725212421698,0.8835954415341123
inter,2.9897475,21.55,0.8457032619592837,0.8828002356203892
inter,2.9897475,21.6,0.8392823217323886,0.880862554568019
inter,2.9897475,21.65,0.8327986508611565,0.8779292817876507
inter,2.9897475,21.700000000000003,0.8263342835255603,0.874143062245423
inter,2.9897475,21.75,0.8199648346744051,0.8696404661718097
inter,2.9897475,21.8,0.8137608940948332,0.8645485310604233
inter,2.9897475,21.85,0.8077903930775808,0.8589852603634188
inter,2.9897475,21.9,0.802122122975934,0.8530627460621433
inter,2.9897475,21.950000000000003,0.7968307202053777,0.8468879278941074
inter,2.9897475,22.0,0.7920034645367119,0.8405616501174832
inter,2.9897475,22.05,0.7877493786982448,0.8341784280310377
inter,2.9897475,22.1,0.784210346585017,0.8278275267584326
inter,2.9897475,22.15,0.7815735289215707,0.8215950624456654
inter,2.9897475,22.200000000000003,0.7800817475280798,0.8155672509104008
inter,2.9897475,22.25,0.7800353050803837,0.8098348182135781
inter,2.9897475,22.3,0.7817743133912884,0.8044985491965917
inter,2.9897475,22.35,0.7856279903571093,0.7996764617578486
inter,2.9897475,22.4,0.7918257846096929,0.7955133547820105
inter,2.9897475,22.450000000000003,0.8003790714246112,0.7921931585051897
inter,2.9897475,22.5,0.8109751965990372,0.789951855090537
inter,2.9897475,22.55,0.8229431262924529,0.7890802806763141
inter,2.9897475,22.6,0.835335691871177,0.7899048861482156
inter,2.9897475,22.65,0.8471515516996665,0.7927484228004268
inter,2.9897475,22.700000000000003,0.8575817802925138,0.7978626601386177
inter,2.9897475,22.75,0.866184234235669,0.8052970513408705
inter,2.9897475,22.8,0.8728492463175616,0.8148205868785096
inter,2.9897475,22.85,0.8776616102430445,0.825847015276463
inter,2.9897475,22.9,0.8807731995325708,0.8375152754368488
inter,2.9897475,22.950000000000003,0.8823530673702269,0.8488611778964681
inter,2.9897475,23.0,0.8825765339926339,0.8589973083523267
inter,2.9897475,23.05,0.881617716580129,0.8674419452423952
inter,2.9897475,23.1,0.879640908470523,0.8740086598133011
inter,2.9897475,23.15,0.8767930939372618,0.8787274838716741
inter,2.9897475,23.200000000000003,0.8732046750890899,0.8817029852439886
inter,2.9897475,23.25,0.8689947324441734,0.8831480278692075
inter,2.9897475,23.3,0.8642773031228059,0.883180759693264
inter,2.9897475,23.35,0.8591665596724372,0.8820002433095528
inter,2.9897475,23.4,0.8537794262162027,0.8797742241925355
inter,2.9897475,23.450000000000003,0.8482365059478213,0.876652207709666
inter,2.9897475,23.5,0.8426629545986903,0.8727744191972507
inter,2.9897475,23.55,0.8371905642941575,0.8682658425362528
inter,2.9897475,23.6,0.8319616164637587,0.863239756151178
inter,2.9897475,23.65,0.827134434067865,0.8578062231304506
inter,2.9897475,23.700000000000003,0.8228899254582044,0.8520766581843342
inter,2.9897475,23.75,0.8194375823883828,0.8461639280889353
inter,2.9897475,23.8,0.8170175685392419,0.8401815532872428
inter,2.9897475,23.85,0.8158939862383029,0.834244599080232
inter,2.9897475,23.9,0.8163323148862975,0.8284728170790587
inter,2.9897475,23.950000000000003,0.8185552172905838,0.8229961009051971
inter,2.9897475,24.0,0.8226769365302142,0.817961853780813
inter,2.9897475,24.05,0.8286305048927899,0.8135425579096904
inter,2.9897475,24.1,0.8361133280369135,0.8099425133125633
inter,2.9897475,24.15,0.844587659343056,0.8074048428919192
inter,2.9897475,24.200000000000003,0.8533544813662977,0.8062120315939838
inter,2.9897475,24.25,0.8616961569219623,0.8066627926723912
inter,2.9897475,24.3,0.8690224637337745,0.8090327405495611
inter,2.9897475,24.35,0.8749610538233884,0.8134976064627054
inter,2.9897475,24.4,0.8793529732783185,0.8200341174510759
inter,2.9897475,24.450000000000003,0.8821851885494894,0.8283503471885856
inter,2.9897475,24.5,0.8835268968056644,0.8378762719719423
inter,2.9897475,24.55,0.8834903882641271,0.8478379654303254
inter,2.9897475,24.6,0.8822137775582464,0.8573996284280091
inter,2.9897475,24.65,0.8798460001724896,0.8658660666076026
inter,2.9897475,24.700000000000003,0.8765376273440735,0.8727929852881889
inter,2.9897475,24.75,0.8724320261090396,0.8780274876533939
inter,2.9897475,24.8,0.8676621877037538,0.8815605241182585
inter,2.9897475,24.85,0.8623508244741716,0.8834657897621746
inter,2.9897475,24.9,0.8566122879491501,0.8839155161063268
inter,2.9897475,24.950000000000003,0.8505543596551454,0.883042586643054
inter,2.9897475,25.0,0.8442790402906376,0.8810126157948782
inter,2.9897475,25.05,0.8378825627301753,0.877988720947385
inter,2.9897475,25.1,0.8314553286659617,0.874118952795367
inter,2.9897475,25.15,0.8250823970775039,0.8695399785304986
inter,2.9897475,25.200000000000003,0.8188449065929962,0.8643746332086159
inter,2.9897475,25.25,0.8128226629745647,0.8587355693058761
inter,2.9897475,25.3,0.8070981229160532,0.8527301611549846
inter,2.9897475,25.35,0.8017620877019405,0.8464610417308939
inter,2.9897475,25.4,0.7969213898624292,0.8400240752263644
inter,2.9897475,25.450000000000003,0.7927089055181922,0.8335068552454711
inter,2.9897475,25.5,0.7892951312865618,0.8269884788510328
inter,2.9897475,25.55,0.7868996168681686,0.820540060299281
inter,2.9897475,25.6,0.7857973525329617,0.8142257524182774
inter,2.9897475,25.65,0.7863114475090474,0.808104151225817
inter,2.9897475,25.700000000000003,0.7887798109813716,0.8022300294482057
inter,2.9897475,25.75,0.7934852035002248,0.7966567506382687
inter,2.9897475,25.8,0.8005503992754648,0.7914398993937539
inter,2.9897475,25.85,0.8098238519788268,0.7866425872492058
inter,2.9897475,25.9,0.8208076065208064,0.7823427922219778
inter,2.9897475,25.950000000000003,0.832679154227477,0.7786430212344086
inter,2.9897475,26.0,0.8444523095946395,0.7756823197067424
inter,2.9897475,26.05,0.8552130755220764,0.7736494223086104
inter,2.9897475,26.1,0.8643463100378483,0.7727923893405099
inter,2.9897475,26.15,0.871591863955013,0.7734164704936377
inter,2.9897475,26.200000000000003,0.8769511765026815,0.7758619304645162
inter,2.9897475,26.25,0.8805442683082672,0.7804513589142894
inter,2.9897475,26.3,0.8825276464867927,0.7874005224560574
inter,2.9897475,26.35,0.8830716817715099,0.7966948885236845
inter,2.9897475,26.4,0.8823515197578651,0.8079986238556811
inter,2.9897475,26.450000000000003,0.8805383921347018,0.8205505297742085
inter,2.9897475,26.5,0.8777901614567825,0.8333657643346507
inter,2.9897475,26.55,0.8742472925660121,0.8454923731276257
inter,2.9897475,26.6,0.8700359375207626,0.8561025780717413
inter,2.9897475,26.65,0.8652731728085388,0.8648579824611844
inter,2.9897475,26.700000000000003,0.8600726367875439,0.8716618718787539
inter,2.9897475,26.75,0.8545480336646506,0.8766074299851827
inter,2.9897475,26.8,0.8488144651651718,0.8798860385613791
inter,2.9897475,26.85,0.8429889747868062,0.8816472138334837
inter,2.9897475,26.9,0.837191776506489,0.8820859339322686
inter,2.9897475,26.950000000000003,0.8315490789576276,0.8813758153793667
inter,2.9897475,27.0,0.8261978446250523,0.879653612274365
inter,2.9897475,27.05,0.8212923841457545,0.8770648016759163
inter,2.9897475,27.1,0.8170121628060676,0.8737436219189513
inter,2.9897475,27.15,0.8135692308964776,0.8698081104266542
inter,2.9897475,27.200000000000003,0.8112119425842944,0.865367887171813
inter,2.9897475,27.25,0.8102190372338537,0.8605336117572007
inter,2.9897475,27.3,0.8108763228038538,0.8554223058116504
inter,2.9897475,27.35,0.8134284577564513,0.850158561615151
inter,2.9897475,27.4,0.8180058584473833,0.8448744898084175
inter,2.9897475,27.450000000000003,0.8245405605832973,0.839710790095164
inter,2.9897475,27.5,0.8327042663445534,0.8348198668553115
inter,2.9897475,27.55,0.841906304397592,0.83037096602355
inter,2.9897475,27.6,0.8513794001391968,0.8265548220652806
inter,2.9897475,27.65,0.8603435343495079,0.8235847597766994
inter,2.9897475,27.700000000000003,0.8681714385189787,0.8216972636941796
inter,2.9897475,27.75,0.8744901414479784,0.8211438333626067
inter,2.9897475,27.8,0.879159993503224,0.822160373266799
inter,2.9897475,27.85,0.8821935340171874,0.8249079394887946
inter,2.9897475,27.9,0.8836807275489243,0.8294064108071622
inter,2.9897475,27.950000000000003,0.8837489252295351,0.835498329343471
inter,2.9897475,28.0,0.8825472814683828,0.8428070607032692
inter,2.9897475,28.05,0.8802333393410358,0.8507714122574701
inter,2.9897475,28.1,0.8769625984528963,0.8587390417896557
inter,2.9897475,28.15,0.8728810395410044,0.8660864809215888
inter,2.9897475,28.200000000000003,0.868122043393093,0.872346060588343
inter,2.9897475,28.25,0.8628073757229686,0.8772517280248656
inter,2.9897475,28.3,0.8570498739710334,0.8806825733176753
inter,2.9897475,28.35,0.850955509984115,0.8826553213938114
inter,2.9897475,28.4,0.8446239667089916,0.8832439631109875
inter,2.9897475,28.450000000000003,0.8381481051506843,0.8825675196109335
inter,2.9897475,28.5,0.8316131283350875,0.8807607280263139
inter,2.9897475,28.55,0.8250960518133298,0.877962188447136
inter,2.9897475,28.6,0.818665738788428,0.8743100461840061
inter,2.9897475,28.65,0.8123835340657773,0.869939615553216
inter,2.9897475,28.700000000000003,0.8063044811866058,0.8649794457569797
inter,2.9897475,28.75,0.8004791672529848,0.8595505309641892
inter,2.9897475,28.8,0.7949563388684154,0.853768646939603
inter,2.9897475,28.85,0.7897865342162966,0.8477454357554636
inter,2.9897475,28.9,0.7850271577678648,0.8415883296983351
inter,2.9897475,28.950000000000003,0.780749162078044,0.8354013468969234
inter,2.9897475,29.0,0.7770460447593588,0.8292873761330274
inter,2.9897475,29.05,0.7740450400531296,0.8233519060333769
inter,2.9897475,29.1,0.7719196777813208,0.8177085170044514
inter,2.9897475,29.15,0.7709008903473304,0.8124858383158975
inter,2.9897475,29.200000000000003,0.7712804410124873,0.8078352557978311
inter,2.9897475,29.25,0.7733959129019375,0.8039395082252048
inter,2.9897475,29.3,0.7775842303366762,0.8010229996106539
inter,2.9897475,29.35,0.7840954214806642,0.799359186119356
inter,2.9897475,29.4,0.7929749175836575,0.7992571314726863
inter,2.9897475,29.450000000000003,0.8039505357981407,0.8010283057683936
inter,2.9897475,29.5,0.8163849374891345,0.8049258838561667
inter,2.9897475,29.55,0.8293463795856175,0.8110509706294259
inter,2.9897475,29.6,0.841813562083462,0.8192393656438655
inter,2.9897475,29.65,0.8529425359902177,0.8290253818895431
inter,2.9897475,29.700000000000003,0.8622465036558105,0.839663489434447
inter,2.9897475,29.75,0.8695973430081639,0.8502585379396155
inter,2.9897475,29.8,0.8750756959285872,0.8599523253169531
inter,2.9897475,29.85,0.8788387016055522,0.868168681201563
inter,2.9897475,29.9,0.8810587648700405,0.8746349321356359
inter,2.9897475,29.950000000000003,0.8819103944854255,0.8793092262191734
inter,2.9897475,30.0,0.8815647271967726,0.8822513388405681
inter,2.9897475,30.05,0.8801821757190975,0.8836365261589424
inter,2.9897475,30.1,0.8779059556761187,0.8836020839638695
inter,2.9897475,30.15,0.8748619658883396,0.8823100971066365
inter,2.9897475,30.200000000000003,0.8711654862831886,0.8799399115265616
inter,2.9897475,30.25,0.8669277953956728,0.876647058395322
inter,2.9897475,30.3,0.8622618711035224,0.8725747277353355
inter,2.9897475,30.35,0.8572854419651502,0.867852224970149
inter,2.9897475,30.4,0.8521220396746426,0.8625956362305596
inter,2.9897475,30.450000000000003,0.8469016892692964,0.8569146709385803
inter,2.9897475,30.5,0.8417625703615732,0.8509166882969812
inter,2.9897475,30.55,0.8368542076636262,0.8447061528096531
inter,2.9897475,30.6,0.8323419935149384,0.838382953989559
inter,2.9897475,30.65,0.828412092567181,0.8320421170792162
inter,2.9897475,30.700000000000003,0.8252748912086568,0.8257751535894166
inter,2.9897475,30.75,0.8231635479150005,0.8196728148272113
inter,2.9897475,30.8,0.822323079811677,0.8138292991786272
inter,2.9897475,30.85,0.8229844377803842,0.8083477519555866
inter,2.9897475,30.9,0.825320336791349,0.8033470932053907
inter,2.9897475,30.950000000000003,0.8293868398811274,0.7989706817025553
inter,2.9897475,31.0,0.8350645296851188,0.7953974574799167
inter,2.9897475,31.05,0.8420253785570503,0.7928546924203891
inter,2.9897475,31.1,0.8497501586414002,0.7916238985760274
inter,2.9897475,31.15,0.8576064473299598,0.7920252005535389
inter,2.9897475,31.200000000000003,0.8649731690293393,0.7943828706860488
inter,2.9897475,31.25,0.8713550124248608,0.798961447238139
inter,2.9897475,31.3,0.8764419403772576,0.8058490735847448
inter,2.9897475,31.35,0.8800989219562595,0.8148614858594972
inter,2.9897475,31.4,0.8823122733722635,0.8254775820532515
inter,2.9897475,31.450000000000003,0.8831414354709909,0.8368845165410537
inter,2.9897475,31.5,0.8826889799706542,0.8481351298177143
inter,2.9897475,31.55,0.8810818137374659,0.8583179982726418
inter,2.9897475,31.6,0.8784596679681,0.8668936710121087
inter,2.9897475,31.65,0.8749646732173716,0.8736224687754447
inter,2.9897475,31.700000000000003,0.8707343484353662,0.8785052702800388
inter,2.9897475,31.75,0.8658985413113791,0.8816268422190471
inter,2.9897475,31.8,0.8605795453804759,0.8831994943917587
inter,2.9897475,31.85,0.8548936535720707,0.8833381847935093
inter,2.9897475,31.9,0.8489528320294539,0.8822311322645043
inter,2.9897475,31.950000000000003,0.8428660409330124,0.8800544261449262
inter,2.9897475,32.0,0.8367405338164392,0.8769600914652639
inter,2.9897475,32.050000000000004,0.8306838090075335,0.8730903540527536
inter,2.9897475,32.1,0.8248068430580361,0.8685727794620248
inter,2.9897475,32.15,0.819229052510452,0.8635220015960418
inter,2.9897475,32.2,0.8140852180582975,0.8580478535658025
inter,2.9897475,32.25,0.8095342212401466,0.8522603264720782
inter,2.9897475,32.300000000000004,0.8057688228437204,0.8462697583965534
inter,2.9897475,32.35,0.8030237246534658,0.8401857061328346
inter,2.9897475,32.4,0.8015772352074422,0.8341173109300825
inter,2.9897475,32.45,0.8017380413181995,0.8281757960921122
inter,2.9897475,32.5,0.8038067791951107,0.8224790949525257
inter,2.9897475,32.550000000000004,0.8080062710094461,0.8171585277190264
inter,2.9897475,32.6,0.8143873555324772,0.8123665068841714
inter,2.9897475,32.65,0.8227362816448559,0.8082842635912891
inter,2.9897475,32.7,0.8325308078218249,0.8051301262078763
inter,2.9897475,32.75,0.8429903329318799,0.803167060632918
inter,2.9897475,32.800000000000004,0.853225829032791,0.8026942561332396
inter,2.9897475,32.85,0.8624555477645238,0.8040172332006296
inter,2.9897475,32.9,0.8701589193030601,0.8073927963601594
inter,2.9897475,32.95,0.8761145939320013,0.8129446090067792
inter,2.9897475,33.0,0.880310299895598,0.8205445566752881
inter,2.9897475,33.050000000000004,0.8828373845684545,0.8297829789212063
inter,2.9897475,33.1,0.8838303618666193,0.8399699296154397
inter,2.9897475,33.15,0.8834452424904631,0.8502537108090401
inter,2.9897475,33.2,0.8818482392271758,0.8597910522976056
inter,2.9897475,33.25,0.879204478798014,0.8679701665394396
inter,2.9897475,33.300000000000004,0.8756684218653311,0.8744679024930001
inter,2.9897475,33.35,0.8713802458259767,0.8792068795231371
inter,2.9897475,33.4,0.8664663922074707,0.8822343390691813
inter,2.9897475,33.45,0.8610431549417037,0.8836850573059033
inter,2.9897475,33.5,0.8552202504726568,0.8837162043408046
inter,2.9897475,33.550000000000004,0.8491025960690815,0.8824724186124971
inter,2.9897475,33.6,0.8427903742633901,0.8801306541866583
inter,2.9897475,33.65,0.8363784047796935,0.8768487191572503
inter,2.9897475,33.7,0.829955818427528,0.8727711288114327
inter,2.9897475,33.75,0.8236066036537785,0.8680293002795068
inter,2.9897475,33.800000000000004,0.8174112613176867,0.8627410038292744
inter,2.9897475,33.85,0.8114497043075487,0.8570163017125432
inter,2.9897475,33.9,0.8058056101579895,0.8509615791414875
inter,2.9897475,33.95,0.8005725432149872,0.8446789804672425
inter,2.9897475,34.0,0.7958621769143486,0.8382644067572005
inter,2.9897475,34.050000000000004,0.7918147280599548,0.8318066610927558
inter,2.9897475,34.1,0.7886107590159246,0.8253879558835715
inter,2.9897475,34.15,0.7864820115801295,0.819085365316593
inter,2.9897475,34.2,0.7857156667723061,0.8129731741381752
inter,2.9897475,34.25,0.7866422199335453,0.8071260368422576
inter,2.9897475,34.300000000000004,0.789594834604712,0.8016230972904023
inter,2.9897475,34.35,0.794830143489921,0.7965536763632468
inter,2.9897475,34.4,0.8024191541396194,0.7920252556325557
inter,2.9897475,34.45,0.8121363713610646,0.7881742993314064
inter,2.9897475,34.5,0.8234036668707907,0.785179669994294
inter,2.9897475,34.550000000000004,0.8353444301367517,0.7832753717427053
inter,2.9897475,34.6,0.8469650158122752,0.7827526724155539
inter,2.9897475,34.65,0.8574039465414871,0.7839428659982106
inter,2.9897475,34.7,0.8661272450812856,0.7871761961153935
inter,2.9897475,34.75,0.8729451720259014,0.7927134871625029
inter,2.9897475,34.800000000000004,0.8778979398182701,0.8006094225319421
inter,2.9897475,34.85,0.881117551630069,0.8106362151834186
inter,2.9897475,34.9,0.8827645485861622,0.8221882585068194
inter,2.9897475,34.95,0.8830113075185152,0.8343626365763172
inter,2.9897475,35.0,0.8820332685531709,0.8461947543021955
inter,2.9897475,35.050000000000004,0.8799993003665482,0.8567564732763825
inter,2.9897475,35.1,0.8770630064827297,0.8655820575423391
inter,2.9897475,35.15,0.873361485238472,0.8724851031799539
inter,2.9897475,35.2,0.8690183176915555,0.8775137221868649
inter,2.9897475,35.25,0.8641493261255772,0.8807934842307813
inter,2.9897475,35.300000000000004,0.8588679488701215,0.8825325584202579
inter,2.9897475,35.35,0.8532881765678246,0.8828593187552326
inter,2.9897475,35.4,0.8475255395939191,0.8819790526400537
inter,2.9897475,35.45,0.8416976930210373,0.8800494613889571
inter,2.9897475,35.5,0.8359259545494959,0.8772176910699118
inter,2.9897475,35.550000000000004,0.8303385586039821,0.8736237004088439
inter,2.9897475,35.6,0.8250758562076239,0.8693918138538967
inter,2.9897475,35.65,0.8202972606631895,0.8646347478360368
inter,2.9897475,35.7,0.816189147904066,0.8594628260360963
inter,2.9897475,35.75,0.8129717877856965,0.853989619983491
inter,2.9897475,35.800000000000004,0.8109014467528061,0.8483329430182693
inter,2.9897475,35.85,0.8102612526506248,0.8426144301952775
inter,2.9897475,35.9,0.8113326600081328,0.8369605105676973
inter,2.9897475,35.95,0.8143410574271165,0.8315056867648165
inter,2.9897475,36.0,0.8193785489150198,0.8263982593111441
inter,2.9897475,36.05,0.826321397833318,0.8218075506263135
inter,2.9897475,36.1,0.8347788069271788,0.8179297070465095
inter,2.9897475,36.15,0.8441081249455045,0.8149914991950494
inter,2.9897475,36.2,0.8535251630718494,0.8132530277780796
inter,2.9897475,36.25,0.8622701583186742,0.81299399340423
inter,2.9897475,36.3,0.8697712997184303,0.8144806924730553
inter,2.9897475,36.35,0.8757140277520169,0.817899237738719
inter,2.9897475,36.4,0.8800009678185012,0.8232845928517165
inter,2.9897475,36.45,0.8826679664655153,0.8304331066463297
inter,2.9897475,36.5,0.883815797014249,0.8388916354116595
inter,2.9897475,36.55,0.8835780412034511,0.8479946586140142
inter,2.9897475,36.6,0.8821062779507165,0.8569864938904928
inter,2.9897475,36.65,0.8795584702410478,0.865169405819957
inter,2.9897475,36.7,0.8760884997806591,0.872042425788152
inter,2.9897475,36.75,0.8718395918647747,0.8773662392952994
inter,2.9897475,36.8,0.8669422363085173,0.881062963184237
inter,2.9897475,36.85,0.8615158935985583,0.8831814823187726
inter,2.9897475,36.9,0.8556717084789576,0.8838337526156912
inter,2.9897475,36.95,0.8495142262949692,0.88316556943267
inter,2.9897475,37.0,0.8431416427020522,0.88132191060007
inter,2.9897475,37.05,0.8366451326652551,0.8784582854218654
inter,2.9897475,37.1,0.8301080498059019,0.8747217845183348
inter,2.9897475,37.15,0.8236055223494453,0.8702509335838576
inter,2.9897475,37.2,0.8172046343570437,0.8651728940135968
inter,2.9897475,37.25,0.8109652004538114,0.8596043270304261
inter,2.9897475,37.3,0.8049411273024677,0.8536554214153286
inter,2.9897475,37.35,0.7991824313735029,0.8474309944696568
inter,2.9897475,37.4,0.7937380877820802,0.8410290164387915
inter,2.9897475,37.45,0.7886599603351133,0.8345394078008473
inter,2.9897475,37.5,0.7840082582739281,0.8280440591984951
inter,2.9897475,37.55,0.7798587587165929,0.8216176206834547
inter,2.9897475,37.6,0.7763123844162175,0.815328886100814
inter,2.9897475,37.65,0.7735068650858957,0.8092427342803169
inter,2.9897475,37.7,0.771629297806519,0.8034225796696614
inter,2.9897475,37.75,0.7709260910755639,0.7979337165473609
inter,2.9897475,37.8,0.7717029743922044,0.7928482093429043
inter,2.9897475,37.85,0.7743032304903391,0.7882519300359683
inter,2.9897475,37.9,0.7790516937167841,0.7842541807166816
inter,2.9897475,37.95,0.7861588579925003,0.7809999742898199
inter,2.9897475,38.0,0.7955995372132756,0.7786836990812163
inter,2.9897475,38.05,0.8070102394975583,0.7775588790618976
inter,2.9897475,38.1,0.8196685598537722,0.777934215572705
inter,2.9897475,38.15,0.832594600146813,0.7801499290019019
inter,2.9897475,38.2,0.8447904616654894,0.7845253070424273
inter,2.9897475,38.25,0.855486823317204,0.7912674415615406
inter,2.9897475,38.3,0.8642987281797122,0.8003447396493544
inter,2.9897475,38.35,0.8711633962131387,0.8114007736127001
inter,2.9897475,38.400000000000006,0.8761921171066546,0.8236750889391037
inter,2.9897475,38.45,0.8795480252340909,0.8362015552678369
inter,2.9897475,38.5,0.8814041769709038,0.8480111019862034
inter,2.9897475,38.55,0.8819352007877302,0.8583030308499567
inter,2.9897475,38.6,0.8813107081222149,0.8667327938655149
inter,2.9897475,38.650000000000006,0.8796872970853474,0.8732225188614826
inter,2.9897475,38.7,0.8772030770064683,0.8778597131101962
inter,2.9897475,38.75,0.8739809148737304,0.8808378802988127
inter,2.9897475,38.8,0.8701345176498244,0.8823012122673719
inter,2.9897475,38.85,0.8657751344651945,0.8824393771765874
inter,2.9897475,38.900000000000006,0.8610167535621035,0.8814329524467726
inter,2.9897475,38.95,0.8559785148426359,0.8794249979912366
inter,2.9897475,39.0,0.8507854845235155,0.8765611785554287
inter,2.9897475,39.05,0.8455694921597596,0.8729758036767411
inter,2.9897475,39.1,0.8404711636998324,0.8687873820734117
inter,2.9897475,39.150000000000006,0.8356435032371369,0.8641062530119897
inter,2.9897475,39.2,0.8312566458765365,0.859043692310611
inter,2.9897475,39.25,0.8275026226303578,0.8537164663629766
inter,2.9897475,39.3,0.8245980036374454,0.8482474748590269
inter,2.9897475,39.35,0.8227805297356587,0.8427656951806894
inter,2.9897475,39.400000000000006,0.8222950098310476,0.837407703514981
inter,2.9897475,39.45,0.8233629412267093,0.8323214721546792
inter,2.9897475,39.5,0.8261338936648227,0.8276723471295343
inter,2.9897475,39.55,0.830625306572905,0.8236488347920127
inter,2.9897475,39.6,0.8366672173849712,0.8204652014999592
inter,2.9897475,39.650000000000006,0.8438798040987728,0.8183632107455985
inter,2.9897475,39.7,0.8517045623999318,0.817606050012309
inter,2.9897475,39.75,0.8594998048273299,0.8184496797438754
inter,2.9897475,39.8,0.8666659029999599,0.8210904867905072
inter,2.9897475,39.85,0.8727501544965128,0.8255898793618489
inter,2.9897475,39.900000000000006,0.8774905512675026,0.8318200415720163
inter,2.9897475,39.95,0.8807874246671717,0.8394167308997631
inter,2.9897475,40.0,0.8826494002560114,0.8478067022177818
inter,2.9897475,40.05,0.8831488185534634,0.8563004880067665
inter,2.9897475,40.1,0.8823960071621596,0.8642199444491209
inter,2.9897475,40.150000000000006,0.8805222489738658,0.8710361908926272
inter,2.9897475,40.2,0.8776688460360275,0.8764457396760112
inter,2.9897475,40.25,0.873977277311082,0.8803175799893123
inter,2.9897475,40.3,0.8695832720372356,0.8826649600159499
inter,2.9897475,40.35,0.8646147151842143,0.883560818393722
inter,2.9897475,40.400000000000006,0.8591922231452513,0.8831352436534802
inter,2.9897475,40.45,0.8534308288137337,0.8815269807695526
inter,2.9897475,40.5,0.8474415783105992,0.8788814438801559
inter,2.9897475,40.55,0.8413327877753166,0.8753421717636798
inter,2.9897475,40.6,0.8352114259022123,0.8710476034076197
inter,2.9897475,40.650000000000006,0.8291853145422574,0.8661279083780741
inter,2.9897475,40.7,0.823366739284361,0.8607037330890893
inter,2.9897475,40.75,0.8178778675434977,0.8548891168435386
inter,2.9897475,40.8,0.8128581481402619,0.8487931153542837
inter,2.9897475,40.85,0.8084733905597542,0.842519169307824
inter,2.9897475,40.900000000000006,0.8049255235998344,0.8361646415954304
inter,2.9897475,40.95,0.8024597033038209,0.8298217020101065
inter,2.9897475,41.0,0.8013633839173364,0.8235793419508938
inter,2.9897475,41.05,0.8019481460602056,0.8175265663206093
inter,2.9897475,41.1,0.8045041692140101,0.8117568759404145
inter,2.9897475,41.150000000000006,0.8092233648904629,0.8063739066587445
inter,2.9897475,41.2,0.8161021522138242,0.8014985130452426
inter,2.9897475,41.25,0.8248554972264724,0.7972779937531866
inter,2.9897475,41.3,0.8348927403678321,0.7938980220580162
inter,2.9897475,41.35,0.8453886367345143,0.7915953963663847
inter,2.9897475,41.400000000000006,0.855461550494995,0.790660906076757
inter,2.9897475,41.45,0.8643774611624011,0.7914195779024281
inter,2.9897475,41.5,0.8716894973934937,0.7941914857379581
inter,2.9897475,41.55,0.8772354912685836,0.7992241568829536
inter,2.9897475,41.6,0.8810354013557098,0.8065629959781387
inter,2.9897475,41.650000000000006,0.8831949988907768,0.8159732488646826
inter,2.9897475,41.7,0.8838552435739898,0.8268708553059745
inter,2.9897475,41.75,0.8831754965448247,0.8384032588707894
inter,2.9897475,41.8,0.8813227767902485,0.8496092806581015
inter,2.9897475,41.85,0.8784601983797846,0.8596174662007412
inter,2.9897475,41.900000000000006,0.8747392421017378,0.8679451221662623
inter,2.9897475,41.95,0.8702967320211366,0.8744080362880772
inter,2.9897475,42.0,0.8652563317131858,0.8790322776670545
inter,2.9897475,42.05,0.8597325198488988,0.8819183047040271
inter,2.9897475,42.1,0.8538338470426537,0.8832780920573715
inter,2.9897475,42.150000000000006,0.8476642312903832,0.8832291878004357
inter,2.9897475,42.2,0.8413227534533609,0.8819680657329534
inter,2.9897475,42.25,0.8349030344371142,0.8796639243568893
inter,2.9897475,42.3,0.8284930965503619,0.8764667175038016
inter,2.9897475,42.35,0.8221761809261444,0.8725165770345942
inter,2.9897475,42.400000000000006,0.8160327132637291,0.8679384493829558
inter,2.9897475,42.45,0.8101435642071836,0.8628456298882575
inter,2.9897475,42.5,0.8045948440061995,0.8573480227191286
inter,2.9897475,42.55,0.7994845685436704,0.8515563635297381
inter,2.9897475,42.6,0.7949314807119086,0.8455820684064383
inter,2.9897475,42.650000000000006,0.7910859682496605,0.8395363340014164
inter,2.9897475,42.7,0.7881419345333383,0.8335309709586036
inter,2.9897475,42.75,0.7863465221272593,0.8276814222100798
inter,2.9897475,42.8,0.7860010130708974,0.8221120083060227
inter,2.9897475,42.85,0.7874420149553499,0.816963109233651
inter,2.9897475,42.900000000000006,0.7909906499341172,0.8123988964500204
inter,2.9897475,42.95,0.7968641705332898,0.8086146930211418
inter,2.9897475,43.0,0.8050613931493483,0.805844871701964
inter,2.9897475,43.05,0.8152615522144783,0.8043667972969657
inter,2.9897475,43.1,0.8267935233545504,0.8044827573119747
inter,2.9897475,43.150000000000006,0.8387271459023083,0.806485090007378
inter,2.9897475,43.2,0.8500795617460465,0.8105860635670166
inter,2.9897475,43.25,0.8600694920934427,0.8168223940139412
inter,2.9897475,43.3,0.8682602805873348,0.8249626343880879
inter,2.9897475,43.35,0.8745430795666115,0.8344895255454329
inter,2.9897475,43.400000000000006,0.8789918545161538,0.8446483562196664
inter,2.9897475,43.45,0.8817505386735353,0.8545790207984139
inter,2.9897475,43.5,0.8829836780944986,0.8635234408931226
inter,2.9897475,43.55,0.8828653478398253,0.870972003374327
inter,2.9897475,43.6,0.8815698729071078,0.8767150877091073
inter,2.9897475,43.650000000000006,0.8792621485734602,0.8807235417007964
inter,2.9897475,43.7,0.8760917117893492,0.8830617631200905
inter,2.9897475,43.75,0.8721915634959219,0.883901472039396
inter,2.9897475,43.8,0.8676824365124515,0.8833768182953067
inter,2.9897475,43.85,0.86267908604735,0.8816499583300752
inter,2.9897475,43.900000000000006,0.8572948948247813,0.878890123499861
inter,2.9897475,43.95,0.8516441092050009,0.87524860634676
inter,2.9897475,44.0,0.8458425634782205,0.8708651483214187
inter,2.9897475,44.05,0.8400084059890162,0.8658655289324493
inter,2.9897475,44.1,0.8342640442278862,0.8603639039931659
inter,2.9897475,44.150000000000006,0.8287399169712895,0.8544686218555535
inter,2.9897475,44.2,0.8235802073684467,0.8482840829720412
inter,2.9897475,44.25,0.8189501796789616,0.8419090677282701
inter,2.9897475,44.3,0.8150441294485299,0.8354349601837975
inter,2.9897475,44.35,0.8120916262004394,0.8289453514558525
inter,2.9897475,44.400000000000006,0.8103575355064382,0.8225166663701449
inter,2.9897475,44.45,0.8101288501973644,0.8162195080265242
inter,2.9897475,44.5,0.8116800133100218,0.810120654369897
inter,2.9897475,44.55,0.81521164598086,0.8042856280909935
inter,2.9897475,44.6,0.8207694757781255,0.7987821582040031
inter,2.9897475,44.650000000000006,0.8281651505481218,0.7936851752437682
inter,2.9897475,44.7,0.8369376078856695,0.7890839748479416
inter,2.9897475,44.75,0.8463939591934858,0.7850920189334757
inter,2.9897475,44.8,0.8557350852857056,0.7818594205180375
inter,2.9897475,44.85,0.8642344139296505,0.7795866213755622
inter,2.9897475,44.900000000000006,0.8713826155136446,0.7785333597220554
inter,2.9897475,44.95,0.8769254684213881,0.7790128303528525
inter,2.9897475,45.0,0.8808095876787753,0.7813655404050891
inter,2.9897475,45.05,0.8830922858586018,0.7859045853208517
inter,2.9897475,45.1,0.8838848965522005,0.7928163996494619
inter,2.9897475,45.150000000000006,0.8833278069656237,0.8020412117348144
inter,2.9897475,45.2,0.8815750012400513,0.8131834649717194
inter,2.9897475,45.25,0.878784929196821,0.8254528412158482
inter,2.9897475,45.3,0.8751094157399698,0.8378864916154615
inter,2.9897475,45.35,0.8706884159899383,0.8495053388852002
inter,2.9897475,45.400000000000006,0.8656493666937809,0.8595678502687546
inter,2.9897475,45.45,0.8601093980453687,0.8677477625701262
inter,2.9897475,45.5,0.8541778779105047,0.8739959032837341
inter,2.9897475,45.55,0.847957769306168,0.8784066284537311
inter,2.9897475,45.6,0.8415455782143786,0.8811824715467532
inter,2.9897475,45.650000000000006,0.8350305670669806,0.8824550678363593
inter,2.9897475,45.7,0.8284940006458712,0.8824213244528812
inter,2.9897475,45.75,0.8220088640646348,0.8812569045091315
inter,2.9897475,45.8,0.815640175155203,0.879106122479683
inter,2.9897475,45.85,0.8094458774291806,0.8761142972801231
inter,2.9897475,45.900000000000006,0.8034783145745742,0.8724142256195887
inter,2.9897475,45.95,0.7977863725888168,0.868123348608791
inter,2.9897475,46.0,0.7924184839448056,0.8633518914545406
inter,2.9897475,46.05,0.7874267392081439,0.8582115671106741
inter,2.9897475,46.1,0.7828726256216209,0.8528194825631079
inter,2.9897475,46.150000000000006,0.7788346064588035,0.8472984629787511
inter,2.9897475,46.2,0.775418017116226,0.8417770791713297
inter,2.9897475,46.25,0.7727669793851476,0.8363914490175279
inter,2.9897475,46.3,0.7710768608177083,0.8312893757684119
inter,2.9897475,46.35,0.7706032524556153,0.8266366188696039
inter,2.9897475,46.400000000000006,0.7716596032558624,0.8226227528706836
inter,2.9897475,46.45,0.7745909910757728,0.819463940960919
inter,2.9897475,46.5,0.7797119497937823,0.817404984187825
inter,2.9897475,46.55,0.7872048679099297,0.8167123157778831
inter,2.9897475,46.6,0.7969983335943458,0.8176445564421485
inter,2.9897475,46.650000000000006,0.8086741973187574,0.8203983222619056
inter,2.9897475,46.7,0.8214579975510206,0.8250338680146699
inter,2.9897475,46.75,0.8343544105162138,0.8314136309286851
inter,2.9897475,46.8,0.8463792734221538,0.8391603933319803
inter,2.9897475,46.85,0.8568229116333004,0.8476857601384791
inter,2.9897475,46.900000000000006,0.8653531360991945,0.8562877047784787
inter,2.9897475,46.95,0.8719469189881474,0.8642812626432415
inter,2.9897475,47.0,0.8767281932249512,0.8711375194741923
inter,2.9897475,47.05,0.8798625849060306,0.876560617535018
inter,2.9897475,47.1,0.8815239598737641,0.8804266800208795
inter,2.9897475,47.150000000000006,0.8818874377370955,0.8827564568165365
inter,2.9897475,47.2,0.8811208710039515,0.8836271356314516
inter,2.9897475,47.25,0.8793768531518127,0.8831737484672879
inter,2.9897475,47.3,0.8767912121307183,0.8815358559948039
inter,2.9897475,47.35,0.8734848257244393,0.8788608576384873
inter,2.9897475,47.400000000000006,0.8695701887994083,0.8752933256184627
inter,2.9897475,47.45,0.8651586084732706,0.8709720016515133
inter,2.9897475,47.5,0.8603647487976196,0.866026749020511
inter,2.9897475,47.55,0.8553086418917923,0.8605775868349609
inter,2.9897475,47.6,0.850116388820053,0.8547378416451341
inter,2.9897475,47.650000000000006,0.844921115403608,0.848615741610573
inter,2.9897475,47.7,0.839865214919509,0.8423136279305029
inter,2.9897475,47.75,0.835104120164261,0.8359273065970841
inter,2.9897475,47.8,0.8308111120400642,0.82954671956188
inter,2.9897475,47.85,0.8271818711797267,0.8232576753795362
inter,2.9897475,47.900000000000006,0.8244363651486388,0.8171446312350781
inter,2.9897475,47.95,0.8228141594715539,0.8112946263946329
inter,2.9897475,48.0,0.8225579816835277,0.805802288646433
inter,2.9897475,48.05,0.8238806035986052,0.8007762690201348
inter,2.9897475,48.1,0.8269139110309418,0.7963478338523603
inter,2.9897475,48.150000000000006,0.8316484984855969,0.792682253822258
inter,2.9897475,48.2,0.8378821401057247,0.7899922745612112
inter,2.9897475,48.25,0.8452042209304312,0.7885470237382198
inter,2.9897475,48.3,0.8530380696571012,0.7886620646985739
inter,2.9897475,48.35,0.8607435997916771,0.7906695731420825
inter,2.9897475,48.400000000000006,0.8677397042913375,0.7948620122535504
inter,2.9897475,48.45,0.873605183685528,0.801392046230916
inter,2.9897475,48.5,0.8781065081151286,0.8101522012597483
inter,2.9897475,48.55,0.8811637880225224,0.8207063497669294
inter,2.9897475,48.6,0.8827977491206037,0.8322820906331514
inter,2.9897475,48.650000000000006,0.8830872953423257,0.8439418129560083
inter,2.9897475,48.7,0.8821463471233358,0.8547129051717727
inter,2.9897475,48.75,0.8801082186516387,0.863951579154416
inter,2.9897475,48.8,0.8771143855246262,0.8713411426429442
inter,2.9897475,48.85,0.8733054577106114,0.8768511684681597
inter,2.9897475,48.900000000000006,0.8688159313204448,0.8805587091229519
inter,2.9897475,48.95,0.8637724818752467,0.8826626363069798
inter,2.9897475,49.0,0.8582948216417283,0.8832903651659486
inter,2.9897475,49.05,0.8524974342355711,0.8826220465265294
inter,2.9897475,49.1,0.8464911321691526,0.8808419021060395
inter,2.9897475,49.150000000000006,0.8403843318151396,0.878103354657136
inter,2.9897475,49.2,0.8342845763659347,0.8745514031907075
inter,2.9897475,49.25,0.8283009974674139,0.8703176980764891
inter,2.9897475,49.3,0.8225482797310227,0.8655193813628159
inter,2.9897475,49.35,0.8171524869216796,0.8602670033961796
inter,2.9897475,49.400000000000006,0.8122588506734614,0.8546713940866828
inter,2.9897475,49.45,0.8080410665761337,0.8488453852128676
inter,2.9897475,49.5,0.8047107449294703,0.8429030078635537
inter,2.9897475,49.55,0.8025231666342948,0.8369595429066988
inter,2.9897475,49.6,0.8017731662332676,0.8311337562659412
inter,2.9897475,49.650000000000006,0.802771472159549,0.8255524421277581
inter,2.9897475,49.7,0.8057920926540546,0.8203572117606714
inter,2.9897475,49.75,0.8109894659159663,0.8157121933626533
inter,2.9897475,49.8,0.8183006171993018,0.8118108507813072
inter,2.9897475,49.85,0.827370253394322,0.8088824953233279
inter,2.9897475,49.900000000000006,0.8375454964410939,0.8071967876405182
inter,2.9897475,49.95,0.8479736507122305,0.8070489645066808
inter,2.9897475,50.0,0.8577934934584626,0.8087268101675489
inter,2.9897475,50.05,0.8663310816238343,0.8124443975198257
inter,2.9897475,50.1,0.8732124547658076,0.8182576061995362
inter,2.9897475,50.150000000000006,0.8783248661312724,0.8259631625426437
inter,2.9897475,50.2,0.8817144442078725,0.8350855820595028
inter,2.9897475,50.25,0.8834966229830952,0.8449098644031865
inter,2.9897475,50.3,0.8838170696891658,0.8546093582461319
inter,2.9897475,50.35,0.8828371204704878,0.8634296709686753
inter,2.9897475,50.400000000000006,0.8807231328720163,0.8708382379079994
inter,2.9897475,50.45,0.8776361497362787,0.8765937407674018
inter,2.9897475,50.5,0.8737243677726049,0.8806400820446814
inter,2.9897475,50.55,0.8691212420176908,0.8830341205534571
inter,2.9897475,50.6,0.8639479366448879,0.8839213570954866
inter,2.9897475,50.650000000000006,0.8583173093777066,0.8834461746946267
inter,2.9897475,50.7,0.8523366508557915,0.8817607346645632
inter,2.9897475,50.75,0.8461085286945709,0.8790320230808892
inter,2.9897475,50.8,0.839730365407348,0.8754116677288555
inter,2.9897475,50.85,0.833293821973823,0.8710401507720428
inter,2.9897475,50.900000000000006,0.8268847843975385,0.8660447700084969
inter,2.9897475,50.95,0.820584328711476,0.8605409745160265
inter,2.9897475,51.0,0.8144708146419137,0.8546377085171057
inter,2.9897475,51.05,0.8086232550849596,0.8484393489429916
inter,2.9897475,51.1,0.8031262168678353,0.8420441094524326
inter,2.9897475,51.150000000000006,0.7980766011300254,0.835542207737695
inter,2.9897475,51.2,0.7935925905333427,0.829015307856022
inter,2.9897475,51.25,0.7898247085263127,0.822536858163513
inter,2.9897475,51.3,0.786967771962335,0.8161729585734463
inter,2.9897475,51.35,0.7852705609044344,0.809983655559393
inter,2.9897475,51.400000000000006,0.7850363310895628,0.8040245386007482
inter,2.9897475,51.45,0.7866031682552725,0.7983488624520175
inter,2.9897475,51.5,0.7902916099523858,0.7930107118611811
inter,2.9897475,51.55,0.7963145910094199,0.7880697007794484
inter,2.9897475,51.6,0.8046621482307738,0.7835975873916818
inter,2.9897475,51.650000000000006,0.8150000278234991,0.7796871177589554
inter,2.9897475,51.7,0.826643797315371,0.7764632682082392
inter,2.9897475,51.75,0.8386522688981568,0.7740962904227329
inter,2.9897475,51.8,0.8500428561438369,0.772813373028048
inter,2.9897475,51.85,0.8600409320044456,0.7729014218858454
inter,2.9897475,51.900000000000006,0.8682239778733691,0.7746932862201077
inter,2.9897475,51.95,0.8744937598969356,0.7785241178288516
inter,2.9897475,52.0,0.8789306341820244,0.7846633309379755
inter,2.9897475,52.05,0.8816815271201583,0.7931816009328364
inter,2.9897475,52.1,0.8829125545895261,0.8038700056644271
inter,2.9897475,52.150000000000006,0.882798263336969,0.8161142475425458
inter,2.9897475,52.2,0.8815125094408972,0.8289513507967657
inter,2.9897475,52.25,0.8792197549350914,0.8414376979857575
inter,2.9897475,52.3,0.8760686729417829,0.8526197402649799
inter,2.9897475,52.35,0.8721912245514637,0.8620438061071061
inter,2.9897475,52.400000000000006,0.8677075540758625,0.8695112526540059
inter,2.9897475,52.45,0.8627322598304061,0.8750831961667018
inter,2.9897475,52.5,0.8573789560893745,0.878905200107338
inter,2.9897475,52.55,0.8517625018740834,0.8811758175889672
inter,2.9897475,52.6,0.8459997453707926,0.882046725901891
inter,2.9897475,52.650000000000006,0.8402103216901752,0.8817200322133848
inter,2.9897475,52.7,0.8345187120717295,0.8803335850406598
inter,2.9897475,52.75,0.8290581456306991,0.878031260392922
inter,2.9897475,52.8,0.8239764082532973,0.8749526285729184
inter,2.9897475,52.85,0.8194431509332952,0.871220529302766
inter,2.9897475,52.900000000000006,0.8156575270546003,0.8669461260579336
inter,2.9897475,52.95,0.8128535937210983,0.8622387222370278
inter,2.9897475,53.0,0.8112986402531007,0.8572127609990698
inter,2.9897475,53.05,0.8112773742310423,0.8519901712924605
inter,2.9897475,53.1,0.8130539754540753,0.8467004011375268
inter,2.9897475,53.150000000000006,0.8168082564410754,0.8414809230618159
inter,2.9897475,53.2,0.8225548240452953,0.8364795899431421
inter,2.9897475,53.25,0.8300689569473988,0.8318591653937506
inter,2.9897475,53.3,0.8388586763184198,0.8278026226135241
inter,2.9897475,53.35,0.8482177314580336,0.824515437222102
inter,2.9897475,53.400000000000006,0.8573574067902431,0.822226002116238
inter,2.9897475,53.45,0.8655854638113469,0.8211830539072743
inter,2.9897475,53.5,0.8724313557935569,0.8216320818588392
inter,2.9897475,53.55,0.8776732496775733,0.8237704996333092
inter,2.9897475,53.6,0.8812743985113779,0.8276684741333409
inter,2.9897475,53.650000000000006,0.8832984243370151,0.833238791082068
inter,2.9897475,53.7,0.8838589124706112,0.8401793499511231
inter,2.9897475,53.75,0.8830969986661504,0.8479858005204142
inter,2.9897475,53.8,0.881166519883169,0.8560243074650519
inter,2.9897475,53.85,0.8782243320533326,0.8636470662060025
inter,2.9897475,53.900000000000006,0.874420165302686,0.8703243361971387
inter,2.9897475,53.95,0.8698919255077341,0.8757167557983321
inter,2.9897475,54.0,0.8647655000195565,0.879662425898597
inter,2.9897475,54.05,0.8591569102080892,0.8821349513442515
inter,2.9897475,54.1,0.8531746811672108,0.883191900248373
inter,2.9897475,54.150000000000006,0.8469209706320566,0.8829387233452576
inter,2.9897475,54.2,0.840491402645572,0.881507814244632
inter,2.9897475,54.25,0.8339743127270742,0.8790368551578588
inter,2.9897475,54.3,0.8274501247052157,0.8756644772976215
inter,2.9897475,54.35,0.8209912514696346,0.8715273584096322
inter,2.9897475,54.400000000000006,0.8146626272094935,0.8667567719473611
inter,2.9897475,54.45,0.8085228751021583,0.8614761168224657
inter,2.9897475,54.5,0.8026261509066168,0.8558027385481356
inter,2.9897475,54.55,0.7970248005597538,0.849849686695153
inter,2.9897475,54.6,0.7917730810284862,0.8437257950019843
inter,2.9897475,54.650000000000006,0.7869322790082562,0.8375360103289635
inter,2.9897475,54.7,0.7825777497128419,0.831383169824516
inter,2.9897475,54.75,0.7788080112769501,0.8253711926592976
inter,2.9897475,54.8,0.7757561442313302,0.8196099266974819
inter,2.9897475,54.85,0.7736023808355782,0.814221671517493
inter,2.9897475,54.900000000000006,0.7725848018161195,0.8093486613350888
inter,2.9897475,54.95,0.7730014382835418,0.8051612617219273
inter,2.9897475,55.0,0.7751929916720423,0.8018676881094945
inter,2.9897475,55.05,0.7794922485215903,0.7997239036363012
inter,2.9897475,55.1,0.7861342565862818,0.7990296314911384
inter,2.9897475,55.150000000000006,0.795136483145154,0.8001002092889213
inter,2.9897475,55.2,0.8061914348666428,0.8032185381846683
inter,2.9897475,55.25,0.818625395784129,0.8085566605604245
inter,2.9897475,55.3,0.8314876934012825,0.8160487633197645
inter,2.9897475,55.35,0.8437622238509099,0.8253436946696033
inter,2.9897475,55.400000000000006,0.8546341832181262,0.8357812316208553
inter,2.9897475,55.45,0.8636570708538104,0.84650519123824
inter,2.9897475,55.5,0.8707282126632039,0.856608507299012
inter,2.9897475,55.55,0.8759403983550663,0.8654085175452159
inter,2.9897475,55.6,0.8794518085882598,0.8725123985496287
inter,2.9897475,55.650000000000006,0.8814346563798914,0.8778283354839125
inter,2.9897475,55.7,0.8820649768651139,0.8813865452852039
inter,2.9897475,55.75,0.8815145350212598,0.883309136074293
inter,2.9897475,55.8,0.879942421251134,0.8837712296000778
inter,2.9897475,55.85,0.8774914252738272,0.8829087308901414
inter,2.9897475,55.900000000000006,0.8742877466282735,0.8809063056462353
inter,2.9897475,55.95,0.8704467065455211,0.8779268741943044
inter,2.9897475,56.0,0.8660801805002195,0.8741177708493905
inter,2.9897475,56.05,0.8613018843773366,0.8696138583243739
inter,2.9897475,56.1,0.8562300899255958,0.8645353775362951
inter,2.9897475,56.150000000000006,0.850988584600546,0.8589936316139577
inter,2.9897475,56.2,0.8457074642758567,0.8530967437604249
inter,2.9897475,56.25,0.8405250184448485,0.8469504719489884
inter,2.9897475,56.3,0.8355912054964463,0.8406565221818915
inter,2.9897475,56.35,0.8310724734216892,0.8343116432018371
inter,2.9897475,56.400000000000006,0.8271569389908199,0.8280084407004135
inter,2.9897475,56.45,0.8240579336002759,0.8218376355726636
inter,2.9897475,56.5,0.8220124821154483,0.8158917697243079
inter,2.9897475,56.55,0.821269637831591,0.8102702808050227
inter,2.9897475,56.6,0.8220632476272187,0.8050858331666682
inter,2.9897475,56.650000000000006,0.8245654101504325,0.8004722626780938
inter,2.9897475,56.7,0.8288259707086295,0.7965947943048673
inter,2.9897475,56.75,0.8347124612414948,0.7936626092669632
inter,2.9897475,56.8,0.8418770935392911,0.79193885889289
inter,2.9897475,56.85,0.8497782581144891,0.7917333036321825
inter,2.9897475,56.900000000000006,0.8577671577764127,0.7933743633504416
inter,2.9897475,56.95,0.8652130722877305,0.7971554685228188
inter,2.9897475,57.0,0.8716246877344959,0.8032447891033597
inter,2.9897475,57.05,0.876703230318543,0.811555462959789
inter,2.9897475,57.1,0.8803249450738369,0.821690626801199
inter,2.9897475,57.150000000000006,0.8824866880845204,0.8329216657941398
inter,2.9897475,57.2,0.8832553869628742,0.8443335974331722
inter,2.9897475,57.25,0.8827378862256048,0.8549638964921519
inter,2.9897475,57.3,0.8810653095763976,0.8641403927506056
inter,2.9897475,57.35,0.8783795565353159,0.8715121714661117
inter,2.9897475,57.400000000000006,0.8748237819283916,0.8770238282729693
inter,2.9897475,57.45,0.870535705206662,0.8807387255030205
inter,2.9897475,57.5,0.8656447830031128,0.8828316813186815
inter,2.9897475,57.55,0.8602725077064561,0.8834482241995921
inter,2.9897475,57.6,0.8545340773285596,0.882748517408088
inter,2.9897475,57.650000000000006,0.8485400224653631,0.8809217299475662
inter,2.9897475,57.7,0.8423973571209472,0.8781253251492065
inter,2.9897475,57.75,0.8362106346593098,0.8745053985954915
inter,2.9897475,57.8,0.8300836006801968,0.8701952120856556
inter,2.9897475,57.85,0.824122069960898,0.8653131937859697
inter,2.9897475,57.900000000000006,0.8184384765154541,0.8599700902369859
inter,2.9897475,57.95,0.8131583774555505,0.8542756858502754
inter,2.9897475,58.0,0.8084289457797101,0.8483403627887783
inter,2.9897475,58.05,0.8044289119767202,0.8422740051267035
inter,2.9897475,58.1,0.8013781543027689,0.8361856859526082
inter,2.9897475,58.150000000000006,0.7995426721444774,0.8301854387259231
inter,2.9897475,58.2,0.799227685600448,0.8243881351117077
inter,2.9897475,58.25,0.8007485303493362,0.8189195173934017
inter,2.9897475,58.3,0.8043697601697873,0.8139237032097846
inter,2.9897475,58.35,0.8102149437999692,0.8095709434262293
inter,2.9897475,58.400000000000006,0.8181653878189818,0.8060655780590982
inter,2.9897475,58.45,0.8277925802012429,0.8036546544207921
inter,2.9897475,58.5,0.8383734026002745,0.8026275488722323
inter,2.9897475,58.55,0.8490112032503132,0.8032915023081812
inter,2.9897475,58.6,0.8588505007937977,0.8059298624224022
inter,2.9897475,58.650000000000006,0.8672645555244859,0.8107251650324228
inter,2.9897475,58.7,0.8739429776147127,0.8176449603494529
inter,2.9897475,58.75,0.8788249761374168,0.8263821357051744
inter,2.9897475,58.8,0.8819849885837032,0.8363341040778084
inter,2.9897475,58.85,0.8835530758498119,0.8466909166709937
inter,2.9897475,58.900000000000006,0.8836829868627136,0.8565767186174204
inter,2.9897475,58.95,0.8825413272606195,0.8652877288910048
inter,2.9897475,59.0,0.8802960440195549,0.8723890001757385
inter,2.9897475,59.05,0.877106564425162,0.8777468144133156
inter,2.9897475,59.1,0.8731181428925775,0.8813702586094317
inter,2.9897475,59.150000000000006,0.8684612367536938,0.8833482662551467
inter,2.9897475,59.2,0.8632549107382163,0.8838637034955807
inter,2.9897475,59.25,0.8576111077860527,0.8830452605368329
inter,2.9897475,59.3,0.8516372685771149,0.8810681666875065
inter,2.9897475,59.35,0.8454369871214762,0.8780974458666602
inter,2.9897475,59.400000000000006,0.8391096415560259,0.8742815354059894
inter,2.9897475,59.45,0.8327501471481029,0.8697569224190937
inter,2.9897475,59.5,0.8264496068564697,0.8646456492058896
inter,2.9897475,59.55,0.8202972318852917,0.8590597275722702
inter,2.9897475,59.6,0.8143837314339232,0.8531066440936493
inter,2.9897475,59.650000000000006,0.8088063913201557,0.8468901777335297
inter,2.9897475,59.7,0.8036761174443519,0.8405084693709637
inter,2.9897475,59.75,0.7991266095114681,0.8340526176973027
inter,2.9897475,59.8,0.7953253290914692,0.8276067413908504
inter,2.9897475,59.85,0.7924846241063019,0.8212490774665636
inter,2.9897475,59.900000000000006,0.7908689745932398,0.8150539583911538
inter,2.9897475,59.95,0.790790722545523,0.8090946107610549
inter,2.9897475,60.0,0.7925827464827441,0.8034467788059224
inter,2.9897475,60.05,0.7965373696970799,0.7981936412577781
inter,2.9897475,60.1,0.802810588398079,0.7934327440533351
inter,2.9897475,60.150000000000006,0.8113104923283098,0.7892855912053645
inter,2.9897475,60.2,0.8216146241344677,0.7859101022907549
inter,2.9897475,60.25,0.8329751607367126,0.7835144151225992
inter,2.9897475,60.3,0.844442218517478,0.7823652834933897
inter,2.9897475,60.35,0.8550930600948244,0.7827796020021605
inter,2.9897475,60.400000000000006,0.8642521071917355,0.7850957230479119
inter,2.9897475,60.45,0.8715897394241151,0.7896168802836028
inter,2.9897475,60.5,0.8770565960048787,0.796506050729161
inter,2.9897475,60.55,0.8807453925632646,0.8056708096748867
inter,2.9897475,60.6,0.8828013473265468,0.8166778673329411
inter,2.9897475,60.650000000000006,0.8833880881542322,0.8287267330390844
inter,2.9897475,60.7,0.8826787369460184,0.8408637849457548
inter,2.9897475,60.75,0.8808451179473059,0.8521018084652946
inter,2.9897475,60.8,0.8780486816665534,0.8617665400364782
inter,2.9897475,60.85,0.8744350857650646,0.8695456411028133
inter,2.9897475,60.900000000000006,0.8701344456392988,0.8754122757916762
inter,2.9897475,60.95,0.8652658744298559,0.8794595845265127
inter,2.9897475,61.0,0.8599430188002914,0.8818951982052529
inter,2.9897475,61.05,0.8542775796907646,0.8828420006309718
inter,2.9897475,61.1,0.8483806858636589,0.8824953850328746
inter,2.9897475,61.150000000000006,0.8423632004083397,0.8810323937866348
inter,2.9897475,61.2,0.8363363745987697,0.8786011918865615
inter,2.9897475,61.25,0.8304138468704387,0.8753466363898152
inter,2.9897475,61.3,0.82471547188213,0.8714003165795412
inter,2.9897475,61.35,0.8193731405914958,0.866879053163546
inter,2.9897475,61.400000000000006,0.8145384960464702,0.8618932463635551
inter,2.9897475,61.45,0.8103919401179982,0.8565547686661571
inter,2.9897475,61.5,0.8071511994800633,0.8509798052490313
inter,2.9897475,61.55,0.8050756055881708,0.8452886528949637
inter,2.9897475,61.6,0.8044593529836467,0.8396058613084478
inter,2.9897475,61.650000000000006,0.8056045470488122,0.8340624475747097
inter,2.9897475,61.7,0.8087654193889893,0.8288005302122842
inter,2.9897475,61.75,0.8140653976506882,0.8239801431087134
inter,2.9897475,61.8,0.8214041891315185,0.8197859397631776
inter,2.9897475,61.85,0.8303922287028312,0.8164314279738396
inter,2.9897475,61.900000000000006,0.8403592959872777,0.8141625321170143
inter,2.9897475,61.95,0.8504658942120564,0.8132534252181652
inter,2.9897475,62.0,0.8598861925300393,0.813979279250157
inter,2.9897475,62.05,0.8679995831922092,0.8165692440141384
inter,2.9897475,62.1,0.8744681965844737,0.8211270955362657
inter,2.9897475,62.150000000000006,0.8792005028042662,0.827555321636307
inter,2.9897475,62.2,0.8822462407912401,0.835503956220093
inter,2.9897475,62.25,0.883718777421924,0.844386924583388
inter,2.9897475,62.3,0.8837618434224065,0.8534724205463479
inter,2.9897475,62.35,0.8825348759882127,0.8620250405353194
inter,2.9897475,62.400000000000006,0.8802018946402983,0.8694498647834128
inter,2.9897475,62.45,0.8769214011561357,0.8754019439819123
inter,2.9897475,62.5,0.8728390237631672,0.8797499211718511
inter,2.9897475,62.55,0.8680863247821308,0.8825008355570535
inter,2.9897475,62.6,0.8627832470772276,0.8837296595852416
inter,2.9897475,62.650000000000006,0.8570414979906663,0.8835825485871934
inter,2.9897475,62.7,0.8509668166249033,0.8821992136714618
inter,2.9897475,62.75,0.8446594664954324,0.8797336230468062
inter,2.9897475,62.8,0.8382135965246608,0.8763363955913978
inter,2.9897475,62.85,0.8317164470128723,0.8721496119182917
inter,2.9897475,62.900000000000006,0.8252480699916093,0.8673054410642604
inter,2.9897475,62.95,0.8188818311269866,0.8619245143908923
inter,2.9897475,63.0,0.8126857549812867,0.856119489483498
inter,2.9897475,63.05,0.8067247766981456,0.8499976493230579
inter,2.9897475,63.1,0.8010640713105123,0.8436601456931913
inter,2.9897475,63.150000000000006,0.7957737653960235,0.8372004783741547
inter,2.9897475,63.2,0.7909353812315814,0.830704099535943
inter,2.9897475,63.25,0.7866505335566155,0.8242490057474666
inter,2.9897475,63.3,0.783051735383171,0.8179069617642887
inter,2.9897475,63.35,0.7803147873206884,0.8117453542544825
inter,2.9897475,63.400000000000006,0.7786700531378452,0.8058295835470178
inter,2.9897475,63.45,0.7784067492900789,0.8002261937684021
inter,2.9897475,63.5,0.7798602521865373,0.7950073535972868
inter,2.9897475,63.55,0.7833689139085755,0.7902573530238158
inter,2.9897475,63.6,0.789191928285472,0.7860816397665513
inter,2.9897475,63.650000000000006,0.7973942473497484,0.7826186117406355
inter,2.9897475,63.7,0.8077338887895007,0.7800533156919783
inter,2.9897475,63.75,0.8196059824592479,0.7786287151463884
inter,2.9897475,63.8,0.8321027728860928,0.778644754309171
inter,2.9897475,63.85,0.8442079982421236,0.7804386966933551
inter,2.9897475,63.900000000000006,0.8550546013699031,0.7843375671662907
inter,2.9897475,63.95,0.8641241857737219,0.7905804723895324
inter,2.9897475,64.0,0.8712518682748117,0.7991820154029148
inter,2.9897475,64.05,0.8764999432093472,0.8098549513725422
inter,2.9897475,64.10000000000001,0.8800141720122377,0.8219122852639161
inter,2.9897475,64.15,0.8819623802584444,0.8344008858462103
inter,2.9897475,64.2,0.88252002924086,0.8463598974757454
inter,2.9897475,64.25,0.8818625250473486,0.8569040076333504
inter,2.9897475,64.3,0.8801556811837324,0.8656395842132509
inter,2.9897475,64.35000000000001,0.8775489250197648,0.8724311988537584
inter,2.9897475,64.4,0.8741750375037365,0.8773515946897105
inter,2.9897475,64.45,0.8701541376734718,0.8805658329781303
inter,2.9897475,64.5,0.8656002559878115,0.8822492439496492
inter,2.9897475,64.55,0.8606272199854054,0.8825650030847083
inter,2.9897475,64.60000000000001,0.8553517096364844,0.8817082404382192
inter,2.9897475,64.65,0.8498943879454458,0.8798247306114524
inter,2.9897475,64.7,0.8443806732289808,0.8770604151586157
inter,2.9897475,64.75,0.8389425175869594,0.873552535180193
inter,2.9897475,64.8,0.833721872363265,0.8694222136097844
inter,2.9897475,64.85000000000001,0.8288758454436465,0.8647806195032333
inter,2.9897475,64.9,0.8245829173587267,0.8597383955530256
inter,2.9897475,64.95,0.821048703130282,0.8544110223426422
inter,2.9897475,65.0,0.8185083479034594,0.848919839086081
inter,2.9897475,65.05,0.8172206937306296,0.8433918687218237
inter,2.9897475,65.10000000000001,0.8174478305096948,0.8379610186266889
inter,2.9897475,65.15,0.8194139952751253,0.8327715305780342
inter,2.9897475,65.2,0.8232437497386159,0.8279837536443032
inter,2.9897475,65.25,0.828891092420652,0.8237804750997546
inter,2.9897475,65.3,0.8360840797541053,0.8203704362940438
inter,2.9897475,65.35000000000001,0.8443179481588049,0.8179903534200347
inter,2.9897475,65.4,0.8529211345039754,0.816902566138937
inter,2.9897475,65.45,0.861185719262959,0.8173706574765368
inter,2.9897475,65.5,0.868512613286883,0.8196162313154081
inter,2.9897475,65.55,0.8745097022011148,0.8237388137182299
inter,2.9897475,65.60000000000001,0.8789936012985883,0.8296630272973875
inter,2.9897475,65.65,0.8819346440022379,0.8370749096853667
inter,2.9897475,65.7,0.883391130268006,0.8454380440654748
inter,2.9897475,65.75,0.883468434633869,0.8540697814660823
inter,2.9897475,65.8,0.8822993015726007,0.8622696918103675
inter,2.9897475,65.85000000000001,0.8800300993471089,0.8694547002485621
inter,2.9897475,65.9,0.8768099603894017,0.8752642941132154
inter,2.9897475,65.95,0.87278258885589,0.8795448714281014
inter,2.9897475,66.0,0.8680819398154259,0.882277183172272
inter,2.9897475,66.05,0.8628319076040929,0.883523554329315
inter,2.9897475,66.10000000000001,0.8571480799879513,0.8834088553540635
inter,2.9897475,66.15,0.851139572451896,0.8820720744972825
inter,2.9897475,66.2,0.8449099981271244,0.879658890498914
inter,2.9897475,66.25,0.8385577150423008,0.8763151612617449
inter,2.9897475,66.3,0.8321760195367457,0.8721812678997671
inter,2.9897475,66.35000000000001,0.8258539369785247,0.8673897991747652
inter,2.9897475,66.4,0.8196780505006156,0.8620632002150588
inter,2.9897475,66.45,0.8137356639082352,0.8563163290253606
inter,2.9897475,66.5,0.8081195753572561,0.8502587998691216
inter,2.9897475,66.55,0.8029347676956017,0.8439946071821454
inter,2.9897475,66.60000000000001,0.798307252123513,0.8376212357213874
inter,2.9897475,66.65,0.7943949081544087,0.8312299858198952
inter,2.9897475,66.7,0.791398955820173,0.8249074434172778
inter,2.9897475,66.75,0.7895727401977007,0.8187379491858066
inter,2.9897475,66.8,0.7892208480737468,0.8128072192564753
inter,2.9897475,66.85000000000001,0.7906776115086777,0.807207034490849
inter,2.9897475,66.9,0.7942533544821806,0.8020412068474164
inter,2.9897475,66.95,0.8001439887699667,0.7974334974814079
inter,2.9897475,67.0,0.8083181474656345,0.7935382056195847
inter,2.9897475,67.05,0.8184241357068665,0.7905533557754263
inter,2.9897475,67.10000000000001,0.8297685083127263,0.7887321542784287
inter,2.9897475,67.15,0.8414213889693892,0.7883794724216681
inter,2.9897475,67.2,0.8524229342886124,0.7898271207557724
inter,2.9897475,67.25,0.8620314588603339,0.7933854688868389
inter,2.9897475,67.3,0.8698449264084819,0.7992631784353669
inter,2.9897475,67.35000000000001,0.875771533245326,0.8074295228088534
inter,2.9897475,67.4,0.8798884554229042,0.8175511621403078
inter,2.9897475,67.45,0.8823368766538848,0.8289374051474293
inter,2.9897475,67.5,0.8832790484721772,0.8406773919419508
inter,2.9897475,67.55,0.8828879586074766,0.8517924914023122
inter,2.9897475,67.60000000000001,0.8813373366617739,0.8615086437027228
inter,2.9897475,67.65,0.878791226748458,0.8694326326915267
inter,2.9897475,67.7,0.8753981546630643,0.8754711233791888
inter,2.9897475,67.75,0.8712908407924713,0.8796797372888867
inter,2.9897475,67.8,0.8665899692716353,0.882216020137753
inter,2.9897475,67.85000000000001,0.8614099792629074,0.883248967924659
inter,2.9897475,67.9,0.855863300651732,0.8829277059639645
inter,2.9897475,67.95,0.850062195245975,0.8814478025654094
inter,2.9897475,68.0,0.8441192425760546,0.8789675600211114
inter,2.9897475,68.05,0.8381479389952816,0.8756342854020949
inter,2.9897475,68.10000000000001,0.8322645316236325,0.8715840850634662
inter,2.9897475,68.15,0.8265916597700517,0.8669376494062139
inter,2.9897475,68.2,0.821263981744825,0.8618065549768319
inter,2.9897475,68.25,0.816435656655557,0.8563012790287229
inter,2.9897475,68.3,0.8122890208146528,0.8505342988981556
inter,2.9897475,68.35000000000001,0.8090426698995408,0.844619629492664
inter,2.9897475,68.4,0.806955109519807,0.8386724276727135
inter,2.9897475,68.45,0.8063173405152304,0.8328106126670634
inter,2.9897475,68.5,0.8074254440095019,0.8271587818408311
inter,2.9897475,68.55,0.8105253508148462,0.8218544654819199
inter,2.9897475,68.60000000000001,0.8157316666083095,0.8170557921915166
inter,2.9897475,68.65,0.8229377263829729,0.8129485670419316
inter,2.9897475,68.7,0.831754558268164,0.8097525829679474
inter,2.9897475,68.75,0.8415207827700907,0.8077275048083848
inter,2.9897475,68.8,0.8514142607537305,0.8071646087042695
inter,2.9897475,68.85000000000001,0.8606285291471677,0.8083566966834304
inter,2.9897475,68.9,0.868557146182989,0.8115431814492599
inter,2.9897475,68.95,0.8748682014332232,0.8168292365826911
inter,2.9897475,69.0,0.8794671832517954,0.8240780494281987
inter,2.9897475,69.05,0.8823991474997197,0.8328840088397196
inter,2.9897475,69.10000000000001,0.8837732636767335,0.8425824452598909
inter,2.9897475,69.15,0.8837302032184083,0.8523631009423881
inter,2.9897475,69.2,0.8824268255273048,0.8614368322848026
inter,2.9897475,69.25,0.8800253255460783,0.8692089520059713
inter,2.9897475,69.3,0.8766828866855565,0.8753672072771708
inter,2.9897475,69.35000000000001,0.8725445896502859,0.8798193932055222
inter,2.9897475,69.4,0.8677417432052273,0.8826065264368522
inter,2.9897475,69.45,0.8623941364735677,0.8838423721085541
inter,2.9897475,69.5,0.8566132317352639,0.8836851386428419
inter,2.9897475,69.55,0.8505042210117055,0.88227681218389
inter,2.9897475,69.60000000000001,0.8441664073739163,0.8797857050531933
inter,2.9897475,69.65,0.8376925039542067,0.8763669547572945
inter,2.9897475,69.7,0.8311677593061096,0.8721637889599656
inter,2.9897475,69.75,0.824669519907097,0.8673070211600062
inter,2.9897475,69.8,0.8182674532679999,0.8619146108806276
inter,2.9897475,69.85000000000001,0.8120244511278311,0.856096808480073
inter,2.9897475,69.9,0.8059982185277701,0.8499592124910959
inter,2.9897475,69.95,0.8002436428400985,0.8436017411973492
inter,2.9897475,70.0,0.7948161601797474,0.8371166255439086
inter,2.9897475,70.05,0.7897763940158613,0.8305875490718497
inter,2.9897475,70.10000000000001,0.7851966143010866,0.824089825376605
inter,2.9897475,70.15,0.7811691650139497,0.8176911411184716
inter,2.9897475,70.2,0.7778172897816034,0.8114527533229309
inter,2.9897475,70.25,0.7753075387368923,0.8054309946252791
inter,2.9897475,70.3,0.7738614790257835,0.7996792035447895
inter,2.9897475,70.35000000000001,0.7737612505339069,0.79425055743248
inter,2.9897475,70.4,0.7753391032816125,0.789202319963715
inter,2.9897475,70.45,0.778937370111165,0.7846019047821852
inter,2.9897475,70.5,0.7848301477838329,0.7805350797699596
inter,2.9897475,70.55,0.7931091936770356,0.7771165489665858
inter,2.9897475,70.60000000000001,0.8035665247186297,0.7745026484705428
inter,2.9897475,70.65,0.8156314340809705,0.7729039454765716
inter,2.9897475,70.7,0.8284131286606304,0.7725913548619552
inter,2.9897475,70.75,0.840889668015589,0.773887762506325
inter,2.9897475,70.8,0.8521637711577084,0.7771336359449469
inter,2.9897475,70.85000000000001,0.8616781335723926,0.782627320989098
inter,2.9897475,70.9,0.869244047933924,0.7905046397593851
inter,2.9897475,70.95,0.8749139701692847,0.8006458098419647
inter,2.9897475,71.0,0.8788353181665742,0.8125568806641909
inter,2.9897475,71.05,0.8811772839248929,0.8253366769837239
inter,2.9897475,71.10000000000001,0.8821152027823649,0.8380241028051154
inter,2.9897475,71.15,0.8818233551251469,0.8496431998932273
inter,2.9897475,71.2,0.8804667498830558,0.8595922780783337
inter,2.9897475,71.25,0.8781933231730856,0.8676066635612928
inter,2.9897475,71.3,0.8751341503471906,0.8736945487855117
inter,2.9897475,71.35000000000001,0.8714078130598489,0.8779827443240334
inter,2.9897475,71.4,0.8671269388971584,0.8806827567427746
inter,2.9897475,71.45,0.8624045198416574,0.8819231946679587
inter,2.9897475,71.5,0.8573573826641072,0.8819192090899758
inter,2.9897475,71.55,0.8521074531906967,0.8808175836550552
inter,2.9897475,71.60000000000001,0.8467824511194477,0.8787590691602519
inter,2.9897475,71.65,0.8415174242821204,0.8758868339483807
inter,2.9897475,71.7,0.8364578364122025,0.8723283398505292
inter,2.9897475,71.75,0.8317641800392734,0.8681970454583025
inter,2.9897475,71.8,0.8276173816206011,0.8636018645865834
inter,2.9897475,71.85000000000001,0.8242233644539578,0.8586554091967611
inter,2.9897475,71.9,0.8218138064771264,0.8534775012503042
inter,2.9897475,71.95,0.8206384355820333,0.8481955371083209
inter,2.9897475,72.0,0.8209431026310908,0.8429446514286943
inter,2.9897475,72.05,0.8229289069370903,0.8378694894912297
inter,2.9897475,72.10000000000001,0.8266935957268593,0.8331281413873313
inter,2.9897475,72.15,0.8321678237896577,0.8288975624723379
inter,2.9897475,72.2,0.8390692393220777,0.825376945495027
inter,2.9897475,72.25,0.8469045186414677,0.8227881300047946
inter,2.9897475,72.3,0.8550355628173834,0.821375312745912
inter,2.9897475,72.35000000000001,0.8628037810023971,0.8213881705547922
inter,2.9897475,72.4,0.8696567662116766,0.8230443910383765
inter,2.9897475,72.45,0.875232410713643,0.8264540266363062
inter,2.9897475,72.5,0.8793590760116042,0.8315786125728939
inter,2.9897475,72.55,0.8820043872703269,0.8381776690256202
inter,2.9897475,72.60000000000001,0.8832199214361153,0.8457987849564156
inter,2.9897475,72.65,0.8831041136619383,0.8538334775988783
inter,2.9897475,72.7,0.8817841859059153,0.8616264102468758
inter,2.9897475,72.75,0.8794008308559688,0.8686022195033296
inter,2.9897475,72.8,0.8760988757602034,0.8743637943006395
inter,2.9897475,72.85000000000001,0.8720186911815428,0.8787150752669551
inter,2.9897475,72.9,0.8672925246202032,0.881588311392448
inter,2.9897475,72.95,0.8620440595074923,0.8830260958714448
inter,2.9897475,73.0,0.8563898748184136,0.8831206449946812
inter,2.9897475,73.05,0.8504411690867365,0.8820004725132526
inter,2.9897475,73.10000000000001,0.8443049660743146,0.8798020654145208
inter,2.9897475,73.15,0.8380849782625198,0.8766642127882655
inter,2.9897475,73.2,0.8318827827824291,0.8727243181232455
inter,2.9897475,73.25,0.8257999781560535,0.8681155777538018
inter,2.9897475,73.3,0.8199418203955176,0.862963503535345
inter,2.9897475,73.35000000000001,0.8144226852488899,0.8573868487471585
inter,2.9897475,73.4,0.809373566044188,0.8514997802974604
inter,2.9897475,73.45,0.8049514410451545,0.8454122852214737
inter,2.9897475,73.5,0.8013497425739049,0.8392302315675879
inter,2.9897475,73.55,0.7988069609209298,0.8330567289870926
inter,2.9897475,73.60000000000001,0.797608299880131,0.8269949276602202
inter,2.9897475,73.65,0.7980711799982743,0.8211523645429071
inter,2.9897475,73.7,0.8005036987845819,0.8156470725462778
inter,2.9897475,73.75,0.8051295588378332,0.8106148607035908
inter,2.9897475,73.8,0.8119876961981051,0.8062172719290449
inter,2.9897475,73.85000000000001,0.820836288614215,0.8026507867669701
inter,2.9897475,73.9,0.8311127003753106,0.8001573552679295
inter,2.9897475,73.95,0.8419893985561424,0.7990265097947825
inter,2.9897475,74.0,0.852547941454906,0.7995726492440954
inter,2.9897475,74.05,0.8619959748186374,0.8020952373589348
inter,2.9897475,74.10000000000001,0.8698334129768522,0.8068076670746727
inter,2.9897475,74.15,0.8758680050812564,0.8137205410519764
inter,2.9897475,74.2,0.8801124752816204,0.8225674879010123
inter,2.9897475,74.25,0.8826751554292138,0.8327680193677116
inter,2.9897475,74.3,0.8837007993489795,0.8435075618175775
inter,2.9897475,74.35000000000001,0.8833516040229433,0.8538711636996754
inter,2.9897475,74.4,0.8817969538239089,0.8630904935386589
inter,2.9897475,74.45,0.879203157105399,0.8706915970123633
inter,2.9897475,74.5,0.8757246370292572,0.876513039763425
inter,2.9897475,74.55,0.8715002911097081,0.8805603246525995
inter,2.9897475,74.60000000000001,0.8666551856880651,0.8829166102931035
inter,2.9897475,74.65,0.861305115139265,0.8837786567017551
inter,2.9897475,74.7,0.8555604725039038,0.8832699454908189
inter,2.9897475,74.75,0.8495281314071746,0.8815711977445555
inter,2.9897475,74.8,0.8433116558928817,0.8788522938031939
inter,2.9897475,74.85000000000001,0.8370110024010651,0.8752635979675224
inter,2.9897475,74.9,0.8307228037995406,0.87094381482225
inter,2.9897475,74.95,0.8245418686053343,0.8660168940032638
inter,2.9897475,75.0,0.818564195961729,0.8605958303323302
inter,2.9897475,75.05,0.8128917145942832,0.8547893200044477
inter,2.9897475,75.10000000000001,0.8076389767664863,0.84870391117524
inter,2.9897475,75.15,0.8029418922105298,0.8424426169642811
inter,2.9897475,75.2,0.7989683483112279,0.8361035875613422
inter,2.9897475,75.25,0.7959288634157802,0.8297804590765094
inter,2.9897475,75.3,0.7940838779161625,0.8235642223066324
inter,2.9897475,75.35000000000001,0.7937401948814014,0.8175465166268263
inter,2.9897475,75.4,0.7952259368966055,0.8118243489084217
inter,2.9897475,75.45,0.7988326503786143,0.806506063383794
inter,2.9897475,75.5,0.8047244696355983,0.801718777892994
inter,2.9897475,75.55,0.812829090065268,0.7976178984829152
inter,2.9897475,75.60000000000001,0.8227546078296816,0.7943991627868375
inter,2.9897475,75.65,0.8337883583207446,0.7923104625977482
inter,2.9897475,75.7,0.8450067005263002,0.791650840375107
inter,2.9897475,75.75,0.855495214509405,0.7927471904808028
inter,2.9897475,75.8,0.8645630708011854,0.7959095589861056
inter,2.9897475,75.85000000000001,0.8718547949349104,0.8013554557168183
inter,2.9897475,75.9,0.8772961913408656,0.8090733047956902
inter,2.9897475,75.95,0.8809649140293615,0.8187616972803096
inter,2.9897475,76.0,0.8829980323735387,0.8297733351137465
inter,2.9897475,76.05,0.8835545343358517,0.8412286977924945
inter,2.9897475,76.10000000000001,0.8828049399581095,0.8521606932093718
inter,2.9897475,76.15,0.8809205464190112,0.8617818289928821
inter,2.9897475,76.2,0.8780637533235416,0.8696658952354798
inter,2.9897475,76.25,0.8743819516373713,0.8756890352408501
inter,2.9897475,76.3,0.8700069662092356,0.8798933616230918
inter,2.9897475,76.35000000000001,0.8650588937922639,0.8824078086076684
inter,2.9897475,76.4,0.8596513013752088,0.8834209699325962
inter,2.9897475,76.45,0.853894656696118,0.8830637406747402
inter,2.9897475,76.5,0.8478976284513534,0.8815313965078906
inter,2.9897475,76.55,0.8417672083304444,0.8789877826455441
inter,2.9897475,76.60000000000001,0.8356089983053127,0.8755814083317652
inter,2.9897475,76.65,0.8295286496947342,0.8714496926703278
inter,2.9897475,76.7,0.8236349630632892,0.8667146872027569
inter,2.9897475,76.75,0.8180448867740974,0.8614884068897186
inter,2.9897475,76.80000000000001,0.8128905284029778,0.8558805582015326
inter,2.9897475,76.85000000000001,0.8083280046709219,0.850001459875578
inter,2.9897475,76.9,0.8045474587750109,0.8439612864183655
inter,2.9897475,76.95,0.8017815586246804,0.8378693156365752
inter,2.9897475,77.0,0.800307915995093,0.8318351159009953
inter,2.9897475,77.05000000000001,0.8004369181703863,0.8259718469045177
inter,2.9897475,77.10000000000001,0.8024745093809136,0.8204017262944527
inter,2.9897475,77.15,0.8066529173806609,0.815263264910132
inter,2.9897475,77.2,0.8130356253562431,0.8107190366131175
inter,2.9897475,77.25,0.8214217431835289,0.806963463985764
inter,2.9897475,77.30000000000001,0.8312978509347272,0.8042314583913823
inter,2.9897475,77.35000000000001,0.84188268960657,0.8028024517444828
inter,2.9897475,77.4,0.8522763753547403,0.8029819507264578
inter,2.9897475,77.45,0.8616790188208301,0.8050663112951966
inter,2.9897475,77.5,0.8695526438903736,0.809272687464627
inter,2.9897475,77.55000000000001,0.875666329221566,0.8156388071540934
inter,2.9897475,77.60000000000001,0.8800048433549559,0.8239320769706402
inter,2.9897475,77.65,0.88266067242909,0.8336268363077589
inter,2.9897475,77.7,0.8837699479287198,0.8439560438428537
inter,2.9897475,77.75,0.8834896447966085,0.8540430214094797
inter,2.9897475,77.80000000000001,0.8819871732708204,0.8631178121865852
inter,2.9897475,77.85000000000001,0.8794284379550079,0.8706713505131147
inter,2.9897475,77.9,0.8759689218787282,0.8764973458253662
inter,2.9897475,77.95,0.8717496233197686,0.8805738505096036
inter,2.9897475,78.0,0.8668974236620419,0.8829681191536155
inter,2.9897475,78.05000000000001,0.8615289847002029,0.8838601123024671
inter,2.9897475,78.10000000000001,0.855754571870482,0.8833804146587495
inter,2.9897475,78.15,0.8496799930086872,0.8816950343098777
inter,2.9897475,78.2,0.8434067830787955,0.8789746559202691
inter,2.9897475,78.25,0.8370316811601756,0.8753708541257478
inter,2.9897475,78.30000000000001,0.830646442272576,0.8710235153592896
inter,2.9897475,78.35000000000001,0.8243386047418251,0.8660583163627085
inter,2.9897475,78.4,0.8181934882336082,0.8605892320894395
inter,2.9897475,78.45,0.8122975928672247,0.854724660357757
inter,2.9897475,78.5,0.8067436311537655,0.848569511657598
inter,2.9897475,78.55000000000001,0.8016374997227769,0.8422236344675986
inter,2.9897475,78.60000000000001,0.7971074052696299,0.8357800753023451
inter,2.9897475,78.65,0.7933149136129278,0.829324781972549
inter,2.9897475,78.7,0.7904664360617716,0.8229374667452753
inter,2.9897475,78.75,0.7888214198002733,0.8166933566976485
inter,2.9897475,78.80000000000001,0.7886898357233257,0.8106657988344262
inter,2.9897475,78.85000000000001,0.7904075131193445,0.8049296554935171
inter,2.9897475,78.9,0.7942779219518922,0.7995658306605873
inter,2.9897475,78.95,0.8004779152430205,0.794667621848055
inter,2.9897475,79.0,0.8089440624042946,0.7903495865396066
inter,2.9897475,79.05000000000001,0.819283027319836,0.786759305567824
inter,2.9897475,79.10000000000001,0.8307658427344822,0.7840911981669124
inter,2.9897475,79.15,0.8424416179619753,0.7825973433306974
inter,2.9897475,79.2,0.8533639161219361,0.7825839533218547
inter,2.9897475,79.25,0.8628221919536764,0.7843882663195881
inter,2.9897475,79.30000000000001,0.8704565300021018,0.7883282421233428
inter,2.9897475,79.35000000000001,0.8762029327040326,0.7946177585362668
inter,2.9897475,79.4,0.8801512231058463,0.8032320300472601
inter,2.9897475,79.45,0.8824476770539277,0.8138342789910044
inter,2.9897475,79.5,0.8832569545150971,0.8257057739860342
inter,2.9897475,79.55000000000001,0.8827528660738709,0.837904910690944
inter,2.9897475,79.60000000000001,0.8811081088627093,0.8494525449894595
inter,2.9897475,79.65,0.8784852782211404,0.8595418879916662
inter,2.9897475,79.7,0.8750311000183422,0.8678013489480231
inter,2.9897475,79.75,0.8708763584093796,0.8741388332896721
inter,2.9897475,79.80000000000001,0.8661405780876599,0.8786273281811222
inter,2.9897475,79.85000000000001,0.8609378682923666,0.8814438882544733
inter,2.9897475,79.9,0.855380817608492,0.882745826060407
inter,2.9897475,79.95,0.8495821647370456,0.8827007635577618
inter,2.9897475,80.0,0.8436552676721683,0.8815003736847021
inter,2.9897475,80.05000000000001,0.8377148424584839,0.8792951739567131
inter,2.9897475,80.10000000000001,0.8318790458592034,0.8762315366484906
inter,2.9897475,80.15,0.8262734177797346,0.8724451181778323
inter,2.9897475,80.2,0.8210368049190775,0.8680559096880371
inter,2.9897475,80.25,0.8163290451827783,0.8631750735824564
inter,2.9897475,80.30000000000001,0.812339567046584,0.8579137188423772
inter,2.9897475,80.35000000000001,0.8092947885372568,0.8523869861557226
inter,2.9897475,80.4,0.8074599531466712,0.8467142733597228
inter,2.9897475,80.45,0.8071283376833555,0.8410190585144479
inter,2.9897475,80.5,0.8085888696365897,0.8354305513551018
inter,2.9897475,80.55000000000001,0.8120655142508173,0.8300877211029283
inter,2.9897475,80.60000000000001,0.8176334568820942,0.8251456846260239
inter,2.9897475,80.65,0.8251325928618981,0.8207827434743177
inter,2.9897475,80.7,0.8341182009921262,0.8172051795383274
inter,2.9897475,80.75,0.843892148111506,0.8146508152706279
inter,2.9897475,80.80000000000001,0.8536258824352665,0.8133886232581169
inter,2.9897475,80.85000000000001,0.8625488114247101,0.8136964105916453
inter,2.9897475,80.9,0.8701099971487727,0.8158216986161478
inter,2.9897475,80.95,0.8760305022824774,0.8199028913114266
inter,2.9897475,81.0,0.8802500962418578,0.8259004116885884
inter,2.9897475,81.05000000000001,0.8828279719653397,0.833523754069595
inter,2.9897475,81.10000000000001,0.8838792354665345,0.8422396312957693
inter,2.9897475,81.15,0.8835474691523777,0.8513394750580787
inter,2.9897475,81.2,0.8819906127470831,0.8600756889480791
inter,2.9897475,81.25,0.8793699997519716,0.8678068286857705
inter,2.9897475,81.30000000000001,0.8758403659303163,0.8741222441066162
inter,2.9897475,81.35000000000001,0.8715437503485983,0.8788588218133137
inter,2.9897475,81.4,0.8666089067455892,0.8819860792193198
inter,2.9897475,81.45,0.8611537641085631,0.8835652532952359
inter,2.9897475,81.5,0.8552883778914411,0.883733368723164
inter,2.9897475,81.55000000000001,0.8491166182306924,0.8826308985427004
inter,2.9897475,81.60000000000001,0.8427362539553225,0.8804087505415312
inter,2.9897475,81.65,0.8362381410879599,0.8772196205834399
inter,2.9897475,81.7,0.8297053774041389,0.8732074825327909
inter,2.9897475,81.75,0.8232129393958345,0.8685072198495608
inter,2.9897475,81.80000000000001,0.8168279571341057,0.8632420030518678
inter,2.9897475,81.85000000000001,0.8106106180053136,0.8575259789011872
inter,2.9897475,81.9,0.804615698684593,0.8514676010313779
inter,2.9897475,81.95,0.7988948151344142,0.8451695030665505
inter,2.9897475,82.0,0.79349959057774,0.8387268780805669
inter,2.9897475,82.05000000000001,0.7884860457510701,0.8322267446585607
inter,2.9897475,82.10000000000001,0.7839206166455409,0.8257483101427884
inter,2.9897475,82.15,0.7798882174042389,0.8193639762354418
inter,2.9897475,82.2,0.7765025443588176,0.81314094307797
inter,2.9897475,82.25,0.773918288839972,0.8071433272619141
inter,2.9897475,82.30000000000001,0.7723433287462238,0.8014348725703295
inter,2.9897475,82.35000000000001,0.7720462735868132,0.7960827810478837
inter,2.9897475,82.4,0.7733504445993664,0.791163323573968
inter,2.9897475,82.45,0.7766012362993767,0.7867697815471586
inter,2.9897475,82.5,0.7820960909912155,0.7830230694167956
inter,2.9897475,82.55000000000001,0.789976370909238,0.7800848073510886
inter,2.9897475,82.60000000000001,0.8001064365509144,0.7781704884988763
inter,2.9897475,82.65,0.8119938329924943,0.7775553256704276
inter,2.9897475,82.7,0.8248040970342788,0.7785636536545607
inter,2.9897475,82.75,0.8375231158140919,0.7815349445310658
inter,2.9897475,82.80000000000001,0.849203145945172,0.7867637178779372
inter,2.9897475,82.85000000000001,0.8592066998442708,0.7943770625512091
inter,2.9897475,82.9,0.8672736791104018,0.8042401754926262
inter,2.9897475,82.95,0.8734212084484092,0.8158478035154427
inter,2.9897475,83.0,0.8777868137798187,0.8283202685094928
inter,2.9897475,83.05000000000001,0.8805380846438859,0.8406996163154022
inter,2.9897475,83.10000000000001,0.8818496352859445,0.8520028149754251
inter,2.9897475,83.15,0.8818960885762926,0.8616392258557489
inter,2.9897475,83.2,0.8808442082827415,0.869346898785394
inter,2.9897475,83.25,0.8788444707561079,0.8751383127767907
inter,2.9897475,83.30000000000001,0.876030117513972,0.8791296847135752
inter,2.9897475,83.35000000000001,0.872520827447077,0.8815382678439362
inter,2.9897475,83.4,0.8684291186363071,0.8824847330146935
inter,2.9897475,83.45,0.8638670702948378,0.8821819531911218
inter,2.9897475,83.5,0.8589504526317217,0.8807874047016527
inter,2.9897475,83.55000000000001,0.8538003236660475,0.8784451433698917
inter,2.9897475,83.60000000000001,0.8485436823715038,0.8752982305921707
inter,2.9897475,83.65,0.8433146813999448,0.8714746787050379
inter,2.9897475,83.7,0.8382572705248841,0.8670887025841196
inter,2.9897475,83.75,0.8335293724715448,0.8622500122269513
inter,2.9897475,83.80000000000001,0.8293079778102587,0.8570715261797321
inter,2.9897475,83.85000000000001,0.8257937020227604,0.8516721451633135
inter,2.9897475,83.9,0.8232121322471466,0.8461767445697068
inter,2.9897475,83.95,0.8218077089911335,0.8407165235768636
inter,2.9897475,84.0,0.8218246818572877,0.8354313267436742
inter,2.9897475,84.05000000000001,0.8234702440515614,0.8304743234848873
inter,2.9897475,84.10000000000001,0.8268598883712371,0.8260183900632291
inter,2.9897475,84.15,0.8319552561795803,0.822260939083012
inter,2.9897475,84.2,0.8385150696200814,0.8194258578062056
inter,2.9897475,84.25,0.846088278641177,0.8177646705312259
inter,2.9897475,84.30000000000001,0.8540672179103003,0.8175425364246427
inter,2.9897475,84.35000000000001,0.8618016846365916,0.819004271899201
inter,2.9897475,84.4,0.8687240389107609,0.8223048951713235
inter,2.9897475,84.45,0.8744415548487351,0.8274503484738076
inter,2.9897475,84.5,0.8787519504020239,0.834228997500439
inter,2.9897475,84.55000000000001,0.8815994346582686,0.8421974039721836
inter,2.9897475,84.60000000000001,0.8830204237371526,0.8507258038331558
inter,2.9897475,84.65,0.8831036996846928,0.8591125466589334
inter,2.9897475,84.7,0.8819700761537113,0.8667129488580575
inter,2.9897475,84.75,0.8797564286049759,0.873071546561485
inter,2.9897475,84.80000000000001,0.8766061194590323,0.8779633302302756
inter,2.9897475,84.85000000000001,0.8726597403997641,0.8813044465192996
inter,2.9897475,84.9,0.8680507028345523,0.8831378354333681
inter,2.9897475,84.95,0.8629042331917242,0.8835593500184321
inter,2.9897475,85.0,0.8573385461739378,0.8827061459500938
inter,2.9897475,85.05000000000001,0.851466591129564,0.8807192136386439
inter,2.9897475,85.10000000000001,0.8453974532122535,0.877744696925591
inter,2.9897475,85.15,0.8392374457378929,0.8739246512047097
inter,2.9897475,85.2,0.8330914935880034,0.8693951634419673
inter,2.9897475,85.25,0.8270654924560921,0.8642828630213996
inter,2.9897475,85.30000000000001,0.8212701771542255,0.8587055974499457
inter,2.9897475,85.35000000000001,0.815826851163277,0.852775451594329
inter,2.9897475,85.4,0.8108751196341265,0.8465993805478704
inter,2.9897475,85.45,0.8065823314114982,0.8402783172619556
inter,2.9897475,85.5,0.8031534602535958,0.8339070881289143
inter,2.9897475,85.55000000000001,0.8008382025444567,0.8275756417598339
inter,2.9897475,85.60000000000001,0.7999291046144369,0.8213713280044304
inter,2.9897475,85.65,0.8007414208834359,0.8153823859904191
inter,2.9897475,85.7,0.8035641043806452,0.8097026327916972
inter,2.9897475,85.75,0.8085793688819615,0.8044373253966921
inter,2.9897475,85.80000000000001,0.8157629156471047,0.7997106887745393
inter,2.9897475,85.85000000000001,0.8247991498661909,0.7956758520412869
inter,2.9897475,85.9,0.8350627119650356,0.792527479568175
inter,2.9897475,85.95,0.845704477541925,0.7905137923960507
inter,2.9897475,86.0,0.8558335230915091,0.7899351870988295
inter,2.9897475,86.05000000000001,0.86473339157055,0.7911206975364019
inter,2.9897475,86.10000000000001,0.8719822903352242,0.7943827574429435
inter,2.9897475,86.15,0.8774442432456505,0.7999421929472192
inter,2.9897475,86.2,0.8811555978572525,0.8077904375437235
inter,2.9897475,86.25,0.8832302312152827,0.8176259741865061
inter,2.9897475,86.30000000000001,0.8838136009165973,0.8287938136606237
inter,2.9897475,86.35000000000001,0.8830683140993757,0.8404039210235691
inter,2.9897475,86.4,0.8811626345850025,0.8514837876059361
inter,2.9897475,86.45,0.8782597740972504,0.8612319285450785
inter,2.9897475,86.5,0.8745099140419372,0.8692267465054573
inter,2.9897475,86.55000000000001,0.870048450677745,0.8753474225577751
inter,2.9897475,86.60000000000001,0.8649980032532583,0.8796392163611265
inter,2.9897475,86.65,0.8594725371583202,0.8822373278513969
inter,2.9897475,86.7,0.8535806109226113,0.883328709350063
inter,2.9897475,86.75,0.8474266266555075,0.8830482231006448
inter,2.9897475,86.80000000000001,0.8411106374745835,0.8815930712390221
inter,2.9897475,86.85000000000001,0.8347278654328921,0.8791254988950546
inter,2.9897475,86.9,0.8283688476379448,0.8757937113818843
inter,2.9897475,86.95,0.8221206883774625,0.8717351410604961
inter,2.9897475,87.0,0.8160696331499074,0.8670718008723795
inter,2.9897475,87.05000000000001,0.8103051493521988,0.8619157462151384
inter,2.9897475,87.10000000000001,0.804925779107971,0.8563770954128104
inter,2.9897475,87.15,0.8000470531247658,0.8505672994692057
inter,2.9897475,87.2,0.795811551706926,0.8445986374575468
inter,2.9897475,87.25,0.7924004162073692,0.8385836083601599
inter,2.9897475,87.30000000000001,0.7900438702943421,0.8326362730700093
inter,2.9897475,87.35000000000001,0.7890256721107333,0.8268758188445476
inter,2.9897475,87.4,0.7896719628227674,0.82143240628606
inter,2.9897475,87.45,0.7923127497073694,0.8164546956189801
inter,2.9897475,87.5,0.7972062274965835,0.8121173960154872
inter,2.9897475,87.55000000000001,0.8044328692057399,0.8086283011754388
inter,2.9897475,87.60000000000001,0.8137863376582771,0.8062356916082223
inter,2.9897475,87.65,0.8247153971238121,0.8052269329276287
inter,2.9897475,87.7,0.8363692060775356,0.805903055788866
inter,2.9897475,87.75,0.8477715392153797,0.8085359686033026
inter,2.9897475,87.80000000000001,0.8580581830365679,0.8132900315438485
inter,2.9897475,87.85000000000001,0.86667883621821,0.8201144929521418
inter,2.9897475,87.9,0.873420789789995,0.8286874868550672
inter,2.9897475,87.95,0.8783069826842432,0.8384054185790374
inter,2.9897475,88.0,0.8814598898039743,0.8484717540114833
inter,2.9897475,88.05000000000001,0.8830349072277707,0.8580441928715856
inter,2.9897475,88.10000000000001,0.8832016602294988,0.8664465005682203
inter,2.9897475,88.15,0.8821344608632024,0.8732641708572689
inter,2.9897475,88.2,0.8800030162196306,0.8783692654891783
inter,2.9897475,88.25,0.8769629578651476,0.8817689411688777
inter,2.9897475,88.30000000000001,0.8731532640890723,0.8835494140922012
inter,2.9897475,88.35000000000001,0.8686990814830482,0.8838854782084613
inter,2.9897475,88.4,0.8637169168671731,0.8829094456487907
inter,2.9897475,88.45,0.8583197311272937,0.8807916459526838
inter,2.9897475,88.5,0.8526198105505409,0.8776941746560594
inter,2.9897475,88.55000000000001,0.8467296890219672,0.8737642445052544
inter,2.9897475,88.60000000000001,0.8407625380450094,0.8691372594871218
inter,2.9897475,88.65,0.8348333784138483,0.8639346406956027
inter,2.9897475,88.7,0.8290619168336056,0.8582682120282105
inter,2.9897475,88.75,0.8235773324297552,0.8522449556710768
inter,2.9897475,88.80000000000001,0.8185250139599733,0.8459672220708013
inter,2.9897475,88.85000000000001,0.8140748508502784,0.8395306566929398
inter,2.9897475,88.9,0.8104298510729652,0.8330228341404511
inter,2.9897475,88.95,0.8078322230235426,0.8265231857269423
inter,2.9897475,89.0,0.8065613530583308,0.8201036941274513
inter,2.9897475,89.05000000000001,0.8069157173444085,0.8138301719427726
inter,2.9897475,89.10000000000001,0.8091697882701467,0.8077640087151209
inter,2.9897475,89.15,0.813502063858042,0.8019643834460397
inter,2.9897475,89.2,0.8199060916478687,0.7964913675770826
inter,2.9897475,89.25,0.8281119978844441,0.7914105173499498
inter,2.9897475,89.30000000000001,0.8375643681856525,0.7867994780429375
inter,2.9897475,89.35000000000001,0.8474877972788782,0.7827569938269192
inter,2.9897475,89.4,0.8570492695196931,0.7794144829266989
inter,2.9897475,89.45,0.8655431440587152,0.7769494322960624
inter,2.9897475,89.5,0.872524942176662,0.7755968835265099
inter,2.9897475,89.55000000000001,0.8778139091522928,0.7756504910698058
inter,2.9897475,89.60000000000001,0.8814082296991724,0.7774459075788006
inter,2.9897475,89.65,0.883396659201618,0.7813150407106578
inter,2.9897475,89.7,0.883908730239966,0.7875132975202487
inter,2.9897475,89.75,0.8830956904054847,0.7960839474324146
inter,2.9897475,89.80000000000001,0.8811190971840185,0.8067794261183917
inter,2.9897475,89.85000000000001,0.8781389544072,0.8189464761255214
inter,2.9897475,89.9,0.8743055731698511,0.8316248827189479
inter,2.9897475,89.95,0.869755861472201,0.8438654156861629
inter,2.9897475,90.0,0.8646139746454811,0.8547402011892862
inter,2.9897475,90.05000000000001,0.8589944233515663,0.8638305286744105
inter,2.9897475,90.1,0.8530047858958105,0.8709671983616084
inter,2.9897475,90.15,0.8467467562768678,0.8762201529653523
inter,2.9897475,90.2,0.8403157661845195,0.8797436269611664
inter,2.9897475,90.25,0.8338000801134384,0.8817260955020642
inter,2.9897475,90.3,0.8272801246300909,0.8823250224971416
inter,2.9897475,90.35,0.8208284127376526,0.8817386038318865
inter,2.9897475,90.4,0.8145101399371147,0.8801085553268823
inter,2.9897475,90.45,0.8083844436082589,0.8775800103525204
inter,2.9897475,90.5,0.8025063711328968,0.8742913630789289
inter,2.9897475,90.55,0.7969297109028303,0.8703645800874606
inter,2.9897475,90.6,0.7917109638374497,0.8659108100495193
inter,2.9897475,90.65,0.7869148214987259,0.8610400815308842
inter,2.9897475,90.7,0.7826215454602958,0.855867546151985
inter,2.9897475,90.75,0.7789365720474027,0.8505151592215309
inter,2.9897475,90.8,0.7760022752453316,0.845111573748062
inter,2.9897475,90.85,0.7740105200164206,0.8397929726654271
inter,2.9897475,90.9,0.7732122964304737,0.8347059740210849
inter,2.9897475,90.95,0.7739168899215345,0.8300127978431021
inter,2.9897475,91.0,0.7764687435260961,0.8258970591430207
inter,2.9897475,91.05,0.7811892060007752,0.822566555393835
inter,2.9897475,91.1,0.7882788259981571,0.820254384093958
inter,2.9897475,91.15,0.7976963715083238,0.8192161665656565
inter,2.9897475,91.2,0.8090583489266944,0.8197056017190605
inter,2.9897475,91.25,0.8216232050882621,0.8219297329048368
inter,2.9897475,91.3,0.8344069155907741,0.825969325696351
inter,2.9897475,91.35,0.8464122555477134,0.8317385139862913
inter,2.9897475,91.4,0.8568947942454674,0.8389241580917348
inter,2.9897475,91.45,0.8654827246306553,0.847002554882054
inter,2.9897475,91.5,0.8721285352143086,0.8553154643425024
inter,2.9897475,91.55,0.8769443784784456,0.8631913637805476
inter,2.9897475,91.6,0.8800935664548717,0.8700793705493548
inter,2.9897475,91.65,0.8817496237728052,0.8756354325415471
inter,2.9897475,91.7,0.8820883924745004,0.8797034520313243
inter,2.9897475,91.75,0.8812794817905419,0.8822636553715568
inter,2.9897475,91.8,0.8794797870258312,0.8833767897869498
inter,2.9897475,91.85,0.8768291209552376,0.883157726374966
inter,2.9897475,91.9,0.8734511003607057,0.881742765177632
inter,2.9897475,91.95,0.8694602186921431,0.8792733576034217
inter,2.9897475,92.0,0.8649686178217062,0.875891368102575
inter,2.9897475,92.05,0.8600908708702485,0.8717351225500717
inter,2.9897475,92.1,0.8549462502730206,0.8669363244041716
inter,2.9897475,92.15,0.8496595356509098,0.8616177219488231
inter,2.9897475,92.2,0.8443619689888533,0.8558953194065957
inter,2.9897475,92.25,0.8391934796616984,0.8498803243106788
inter,2.9897475,92.3,0.8343065275132054,0.8436789447982702
inter,2.9897475,92.35,0.8298711887061815,0.8373921428687093
inter,2.9897475,92.4,0.8260803400182292,0.831116746362711
inter,2.9897475,92.45,0.823152712098423,0.8249478369519149
inter,2.9897475,92.5,0.8213300231135735,0.8189824975345882
inter,2.9897475,92.55,0.8208628164346669,0.8133250802297752
inter,2.9897475,92.6,0.8219796395502245,0.8080936962553461
inter,2.9897475,92.65,0.8248365493901053,0.8034279467817573
inter,2.9897475,92.7,0.8294547201545707,0.7994985092080301
inter,2.9897475,92.75,0.8356619797526462,0.796519009300386
inter,2.9897475,92.8,0.8430676360937519,0.79475556718112
inter,2.9897475,92.85,0.8510971153900116,0.7945179415242322
inter,2.9897475,92.9,0.8590883015302947,0.796129561395282
inter,2.9897475,92.95,0.8664240262594863,0.7998728947381029
inter,2.9897475,93.0,0.8726449610465274,0.805899831830664
inter,2.9897475,93.05,0.8774872377731815,0.8141047342453184
inter,2.9897475,93.1,0.8808560085531414,0.8240750884999716
inter,2.9897475,93.15,0.8827660033694058,0.8350822891532941
inter,2.9897475,93.2,0.8832948603791245,0.8462196989198448
inter,2.9897475,93.25,0.882556311150895,0.8565511021597411
inter,2.9897475,93.3,0.8806850731778204,0.8654344573587509
inter,2.9897475,93.35,0.8778246950016635,0.8725336814484944
inter,2.9897475,93.4,0.8741182097648278,0.8777970107480865
inter,2.9897475,93.45,0.8697021235421055,0.8812823771071803
inter,2.9897475,93.5,0.864704305595345,0.8831610334136389
inter,2.9897475,93.55,0.8592447495260036,0.883578360776061
inter,2.9897475,93.6,0.8534373402240535,0.8826929485447972
inter,2.9897475,93.65,0.8473913683053529,0.880691926225488
inter,2.9897475,93.7,0.8412125450391975,0.8777333112350916
inter,2.9897475,93.75,0.8350040030507305,0.8739627141710701
inter,2.9897475,93.8,0.8288679823580954,0.8695125357013164
inter,2.9897475,93.85,0.8229087941263642,0.8645007246368083
inter,2.9897475,93.9,0.8172374819801796,0.8590378458174701
inter,2.9897475,93.95,0.8119784521346051,0.8532330167305026
inter,2.9897475,94.0,0.8072781104477003,0.8471947601836212
inter,2.9897475,94.05,0.8033149710597982,0.8410296394207553
inter,2.9897475,94.1,0.8003094131249494,0.8348419189131893
inter,2.9897475,94.15,0.798528723280209,0.8287352143843786
inter,2.9897475,94.2,0.7982800617993536,0.8228160341440071
inter,2.9897475,94.25,0.7998808028858708,0.8171992755630778
inter,2.9897475,94.3,0.803596777574013,0.8120152413553897
inter,2.9897475,94.35,0.8095503405428482,0.8074174771212509
inter,2.9897475,94.4,0.817618106830033,0.8035914905837079
inter,2.9897475,94.45,0.8273639738056702,0.800764956317615
inter,2.9897475,94.5,0.8380526748355144,0.7992140728525433
inter,2.9897475,94.55,0.8487811265335922,0.7992487029436659
inter,2.9897475,94.6,0.8586859822429693,0.8011792987283487
inter,2.9897475,94.65,0.8671448301623322,0.8052527567181021
inter,2.9897475,94.7,0.8738524692647665,0.8115520730768937
inter,2.9897475,94.75,0.8787541074763268,0.8198909968315351
inter,2.9897475,94.8,0.8819294733579226,0.829779033977281
inter,2.9897475,94.85,0.8835111197462204,0.8404543014804583
inter,2.9897475,94.9,0.8836549265095307,0.8510144612405879
inter,2.9897475,94.95,0.8825279283512928,0.8606165334870302
inter,2.9897475,95.0,0.8802985720786519,0.8687080540693122
inter,2.9897475,95.05,0.8771267282909749,0.87503804000973
inter,2.9897475,95.1,0.8731573328400943,0.8795761203323501
inter,2.9897475,95.15,0.8685203862234551,0.8823895556590757
inter,2.9897475,95.2,0.8633348036143748,0.8836627786263825
inter,2.9897475,95.25,0.8577126354417882,0.8835259178870717
inter,2.9897475,95.3,0.8517617247838124,0.8821455992338014
inter,2.9897475,95.35,0.8455864238855633,0.8796990340475863
inter,2.9897475,95.4,0.8392872973729538,0.8763404071307577
inter,2.9897475,95.45,0.832960999131168,0.8722119498722717
inter,2.9897475,95.5,0.8267011272416981,0.8674416731493916
inter,2.9897475,95.55,0.8206004464645452,0.8621447241793619
inter,2.9897475,95.6,0.8147546908767915,0.8564303034114593
inter,2.9897475,95.65,0.8092681688592835,0.8504052655500034
inter,2.9897475,95.7,0.8042614042207339,0.844173294061176
inter,2.9897475,95.75,0.7998808342474566,0.837833183822018
inter,2.9897475,95.8,0.7963098950583858,0.8314785748097331
inter,2.9897475,95.85,0.7937791155217916,0.8251992658742628
inter,2.9897475,95.9,0.7925701593081387,0.819083871461014
inter,2.9897475,95.95,0.7930048844101716,0.8132238588903649
inter,2.9897475,96.0,0.79540758367768,0.8077188226083357
inter,2.9897475,96.05,0.8000319916785616,0.8026831091843333
inter,2.9897475,96.1,0.8069582920954662,0.7982543562155467
inter,2.9897475,96.15,0.8159870761766158,0.7946045916248591
inter,2.9897475,96.2,0.8265836206408388,0.7919532451258197
inter,2.9897475,96.25,0.8379192278126841,0.7905748507543359
inter,2.9897475,96.3,0.8490381316328954,0.7907866923395602
inter,2.9897475,96.35,0.8590896032691876,0.7929171639667425
inter,2.9897475,96.4,0.8675176742517439,0.7972457180188558
inter,2.9897475,96.45,0.8741006610708107,0.8038956319299861
inter,2.9897475,96.5,0.8788458123069645,0.812723771090659
inter,2.9897475,96.55,0.8818670270299592,0.8232562875185028
inter,2.9897475,96.6,0.8833142565649968,0.8347051336608597
inter,2.9897475,96.65,0.8833536429949579,0.8461305089052377
inter,2.9897475,96.7,0.8821575046982133,0.8565853550667974
inter,2.9897475,96.75,0.8798950909485087,0.8654798267809537
inter,2.9897475,96.8,0.8767232619149415,0.8725307143546248
inter,2.9897475,96.85,0.8727821425150456,0.8777201819806245
inter,2.9897475,96.9,0.8681978062480716,0.8811286959330961
inter,2.9897475,96.95,0.8630870987618277,0.8829610457715935
inter,2.9897475,97.0,0.8575622874783088,0.8833374346582131
inter,2.9897475,97.05,0.8517336993133839,0.8824403549237382
inter,2.9897475,97.1,0.8457104663249246,0.8804505633876245
inter,2.9897475,97.15,0.8396006609470092,0.8775213411645844
inter,2.9897475,97.2,0.8335121097609083,0.87379652593488
inter,2.9897475,97.25,0.8275546839288342,0.8694059115577619
inter,2.9897475,97.3,0.8218444350941578,0.8644654653569463
inter,2.9897475,97.35,0.8165097225532009,0.8590853719127798
inter,2.9897475,97.4,0.8116992819690367,0.8533759361821567
inter,2.9897475,97.45,0.8075916737863085,0.8474484515824264
inter,2.9897475,97.5,0.8044044746345131,0.8414141422493919
inter,2.9897475,97.55,0.8023990952312156,0.8353843152543359
inter,2.9897475,97.6,0.8018745011855442,0.8294726811671014
inter,2.9897475,97.65,0.8031399681111092,0.8237998716971817
inter,2.9897475,97.7,0.8064580065159668,0.8185001066673879
inter,2.9897475,97.75,0.8119581250600167,0.8137289226584735
inter,2.9897475,97.8,0.8195394326610383,0.8096706421714152
inter,2.9897475,97.85,0.8288033943292669,0.8065460286450774
inter,2.9897475,97.9,0.8390602083954644,0.8046190765914056
inter,2.9897475,97.95,0.84944495699411,0.8041874844539962
inter,2.9897475,98.0,0.8591110094699751,0.8055521318240626
inter,2.9897475,98.05,0.867425067651373,0.8089601002968205
inter,2.9897475,98.1,0.8740540698800108,0.8145204661941539
inter,2.9897475,98.15,0.8789144520067615,0.8220896957889257
inter,2.9897475,98.2,0.8820661440953541,0.8312460259330812
inter,2.9897475,98.25,0.8836299662919591,0.8412975754672075
inter,2.9897475,98.3,0.883754444260941,0.8514016150276172
inter,2.9897475,98.35,0.8826020610543278,0.8607395732813727
inter,2.9897475,98.4,0.8803390046606576,0.8687160904896328
inter,2.9897475,98.45,0.8771248777286833,0.875025895978552
inter,2.9897475,98.5,0.8731057782906497,0.8795924059549399
inter,2.9897475,98.55,0.8684131613216168,0.8824647373257402
inter,2.9897475,98.6,0.8631668005459893,0.8837767663381806
inter,2.9897475,98.65,0.8574786430781235,0.8836832113680709
inter,2.9897475,98.7,0.8514552739898181,0.8823298623831602
inter,2.9897475,98.75,0.8451985251917147,0.8798906686405412
inter,2.9897475,98.8,0.8388049587862315,0.8765219401133661
inter,2.9897475,98.85,0.8323652896108821,0.872367301177207
inter,2.9897475,98.9,0.8259644821656925,0.8675572989431449
inter,2.9897475,98.95,0.8196828489080824,0.8622092432501177
inter,2.9897475,99.0,0.8135982855688303,0.8564329849900594
inter,2.9897475,99.05,0.8077897996922743,0.8503343988912526
inter,2.9897475,99.1,0.8023426025725192,0.8440144990272194
inter,2.9897475,99.15,0.7973551178696983,0.8375674221608269
inter,2.9897475,99.2,0.7929481770321897,0.8310796073207924
inter,2.9897475,99.25,0.7892762757749793,0.8246301971550828
inter,2.9897475,99.3,0.786539494114618,0.8182922272423645
inter,2.9897475,99.35,0.7849926125726997,0.812134533459143
inter,2.9897475,99.4,0.7849440731918409,0.8062242732337642
inter,2.9897475,99.45,0.786733447446149,0.8006302307114378
inter,2.9897475,99.5,0.7906748318585117,0.7954274981200173
inter,2.9897475,99.55,0.7969633984259595,0.7907042112804618
inter,2.9897475,99.6,0.8055585713596212,0.7865708817700805
inter,2.9897475,99.65,0.8160876763126935,0.7831725059545072
inter,2.9897475,99.7,0.8278322865539303,0.7807023407933916
inter,2.9897475,99.75,0.839832794248207,0.7794122151488571
inter,2.9897475,99.8,0.8511189965383616,0.7796090509863077
inter,2.9897475,99.85,0.8609472397362472,0.7816320059468448
inter,2.9897475,99.9,0.8689362043007093,0.7858011271200318
inter,2.9897475,99.95,0.8750132227777778,0.7923298543860599
pre,2.989784,0.0,0.8002715843541558,0.8309090870709963
pre,2.989784,0.05,0.797865943086544,0.8244802487999477
pre,2.989784,0.1,0.7968350537758596,0.8181771457787474
pre,2.989784,0.15,0.7974986048899081,0.8120734680938949
pre,2.989784,0.2,0.800162159107473,0.8062435078216883
pre,2.989784,0.25,0.8050383819216596,0.8007659435257671
pre,2.989784,0.3,0.8121454299187285,0.79572953034016
pre,2.989784,0.35,0.8212128122755735,0.7912413760470931
pre,2.989784,0.4,0.8316466851665508,0.7874384156073878
pre,2.989784,0.45,0.84259922470041,0.7845020109755889
pre,2.989784,0.5,0.8531495726851709,0.7826718358717557
pre,2.989784,0.55,0.8625227214634205,0.7822457408769145
pre,2.989784,0.6000000000000001,0.8702492604855585,0.7835532085485731
pre,2.989784,0.65,0.8761601407635162,0.7869139858414232
pre,2.989784,0.7000000000000001,0.88028394744326,0.7925933766287544
pre,2.989784,0.75,0.8827349387979602,0.8006506846911959
pre,2.989784,0.8,0.8836605282529405,0.8108221165273651
pre,2.989784,0.8500000000000001,0.8832249223946541,0.8224686647564249
pre,2.989784,0.9,0.8815980867204716,0.8346822680920304
pre,2.989784,0.95,0.8789459665983588,0.8465195627071176
pre,2.989784,1.0,0.8754213537172986,0.8570503636875364
pre,2.989784,1.05,0.8711613736072635,0.8658066337932178
pre,2.989784,1.1,0.8662899481906376,0.8726311687134702
pre,2.989784,1.15,0.8609221435216521,0.8776187893703717
pre,2.989784,1.2000000000000002,0.855167978951973,0.8808586835680939
pre,2.989784,1.25,0.8491341947796976,0.8825642779604079
pre,2.989784,1.3,0.8429243900797103,0.8828647857359112
pre,2.989784,1.35,0.8366387560728182,0.8819601463823511
pre,2.989784,1.4,0.8303744799532076,0.8800110064830481
pre,2.989784,1.4500000000000002,0.824227428408147,0.8771678921123245
pre,2.989784,1.5,0.8182953993590848,0.8735689100152813
pre,2.989784,1.55,0.8126831463329912,0.8693354665072163
pre,2.989784,1.6,0.807509385940889,0.8645791407810264
pre,2.989784,1.65,0.8029158601801224,0.859411035397509
pre,2.989784,1.7000000000000002,0.7990779870804126,0.8539459808655706
pre,2.989784,1.75,0.7962152198973071,0.8483022582073481
pre,2.989784,1.8,0.7945967648767391,0.84260101935765
pre,2.989784,1.85,0.7945348714175157,0.8369681081184966
pre,2.989784,1.9,0.7963546480936076,0.8315384067404202
pre,2.989784,1.95,0.8003300317279416,0.8264618102735053
pre,2.989784,2.0,0.8065884010855285,0.8219091177381241
pre,2.989784,2.0500000000000003,0.8150033158815762,0.8180758007328548
pre,2.989784,2.1,0.8251242052971842,0.8151863138588666
pre,2.989784,2.15,0.8361917335640369,0.8135020620293272
pre,2.989784,2.2,0.8472725671620857,0.8133087536480763
pre,2.989784,2.25,0.8574832029533875,0.8148659616639972
pre,2.989784,2.3000000000000003,0.8661924511336231,0.818340649815285
pre,2.989784,2.35,0.8731045171745483,0.8237724623191914
pre,2.989784,2.4000000000000004,0.8781785160432609,0.8309580728265181
pre,2.989784,2.45,0.8815064747751317,0.839424431278222
pre,2.989784,2.5,0.8832292858295553,0.848497203584261
pre,2.989784,2.5500000000000003,0.883507890491538,0.8574235536505165
pre,2.989784,2.6,0.8825124288001371,0.8655208908958214
pre,2.989784,2.6500000000000004,0.8804128474104729,0.872293414708907
pre,2.989784,2.7,0.8773692770791474,0.8775115167336498
pre,2.989784,2.75,0.8735260727582085,0.8811274835822152
pre,2.989784,2.8000000000000003,0.8690124021215165,0.8831837228665175
pre,2.989784,2.85,0.8639467558339451,0.8837793856922825
pre,2.989784,2.9000000000000004,0.8584416385057574,0.8830632821983561
pre,2.989784,2.95,0.8526065190346525,0.8811764319392444
pre,2.989784,3.0,0.846548761995574,0.8782731778155577
pre,2.989784,3.0500000000000003,0.8403735925324667,0.8745006680174328
pre,2.989784,3.1,0.8341843934041241,0.8699971203684099
pre,2.989784,3.1500000000000004,0.8280842157553664,0.8648895655359609
pre,2.989784,3.2,0.822178939701903,0.8592956129169084
pre,2.989784,3.25,0.8165823042625998,0.853326722220566
pre,2.989784,3.3000000000000003,0.8114229490617013,0.8470878842829206
pre,2.989784,3.35,0.8068533345827358,0.8406755756639479
pre,2.989784,3.4000000000000004,0.8030599901649181,0.8341770909761669
pre,2.989784,3.45,0.8002725181247335,0.8276714403849749
pre,2.989784,3.5,0.7987668925039728,0.8212305972912174
pre,2.989784,3.5500000000000003,0.7988546382331905,0.8149206047228112
pre,2.989784,3.6,0.8008473891378556,0.8088026907095746
pre,2.989784,3.65,0.8049881451243377,0.802934799305057
pre,2.989784,3.7,0.8113566424731684,0.7973741039650662
pre,2.989784,3.75,0.8197694579511072,0.7921810031075088
pre,2.989784,3.8,0.8297266979954078,0.7874249790148338
pre,2.989784,3.85,0.8404497565511244,0.7831926625209984
pre,2.989784,3.9,0.8510279600736531,0.779598450921011
pre,2.989784,3.95,0.8606398074220986,0.7767976855166457
pre,2.989784,4.0,0.8687249503820608,0.7750003389028002
pre,2.989784,4.05,0.8750383376436421,0.7744773626997048
pre,2.989784,4.1000000000000005,0.8795596945590356,0.7755479479687428
pre,2.989784,4.15,0.8823819717574963,0.7785447233823483
pre,2.989784,4.2,0.8836427933537166,0.7837735440537008
pre,2.989784,4.25,0.8835000982875034,0.7913961334941146
pre,2.989784,4.3,0.8821221576513876,0.8012965833004924
pre,2.989784,4.3500000000000005,0.8796758623054423,0.8129828588714184
pre,2.989784,4.4,0.8763177727931107,0.8255927864038067
pre,2.989784,4.45,0.8721896326796044,0.8381798273965188
pre,2.989784,4.5,0.8674188226279566,0.8497832224541966
pre,2.989784,4.55,0.8621223470305895,0.859723487545605
pre,2.989784,4.6000000000000005,0.8564109193707496,0.8677371289563418
pre,2.989784,4.65,0.8503911322348915,0.8738403047510171
pre,2.989784,4.7,0.8441657873825312,0.8781451823220596
pre,2.989784,4.75,0.8378334590271905,0.8808543138854694
pre,2.989784,4.800000000000001,0.8314883943034611,0.8820917854182819
pre,2.989784,4.8500000000000005,0.8252214304137813,0.882062610203204
pre,2.989784,4.9,0.8191222427945839,0.880923939068187
pre,2.989784,4.95,0.8132831159362071,0.8788239440940373
pre,2.989784,5.0,0.8078044702660914,0.8759068137366993
pre,2.989784,5.050000000000001,0.8028024125994945,0.8722990162863468
pre,2.989784,5.1000000000000005,0.7984183867061536,0.86811316423705
pre,2.989784,5.15,0.7948303680203572,0.8634584468341021
pre,2.989784,5.2,0.7922634242880107,0.8584483273196541
pre,2.989784,5.25,0.7909948859728512,0.8532027839658749
pre,2.989784,5.300000000000001,0.7913453918670965,0.8478478414235389
pre,2.989784,5.3500000000000005,0.7936438912315154,0.8425159926160606
pre,2.989784,5.4,0.7981574386753842,0.8373490394135337
pre,2.989784,5.45,0.8049890338824492,0.8325028675151023
pre,2.989784,5.5,0.8139689947079646,0.8281523656564215
pre,2.989784,5.550000000000001,0.8245886169991448,0.8244933892497367
pre,2.989784,5.6000000000000005,0.83603569713305,0.8217436002490864
pre,2.989784,5.65,0.8473454784170729,0.8201482500744649
pre,2.989784,5.7,0.8576430391136374,0.8199701011206327
pre,2.989784,5.75,0.8663378927425633,0.8214404925473358
pre,2.989784,5.800000000000001,0.8731821211615262,0.8246836578345261
pre,2.989784,5.8500000000000005,0.8781733011997088,0.8296973510071777
pre,2.989784,5.9,0.8814221189476047,0.8362760665232496
pre,2.989784,5.95,0.8830789444550823,0.8439765694962391
pre,2.989784,6.0,0.8833100842748165,0.8521833304418108
pre,2.989784,6.050000000000001,0.8822892090356538,0.8602235618709927
pre,2.989784,6.1000000000000005,0.8801862267495552,0.8674951818401736
pre,2.989784,6.15,0.8771585894657443,0.8735540609211876
pre,2.989784,6.2,0.8733477277286024,0.8781819395512013
pre,2.989784,6.25,0.8688804461806137,0.8813198591403996
pre,2.989784,6.300000000000001,0.8638738985410842,0.883003403595554
pre,2.989784,6.3500000000000005,0.8584407301497484,0.8833060129250794
pre,2.989784,6.4,0.852692001033914,0.8823636785198886
pre,2.989784,6.45,0.8467380974164829,0.8803104635195165
pre,2.989784,6.5,0.8406889404349327,0.8772864739454467
pre,2.989784,6.550000000000001,0.8346548256688395,0.8734312524846487
pre,2.989784,6.6000000000000005,0.8287487410984012,0.8688798881351066
pre,2.989784,6.65,0.8230905528941987,0.8637595540521312
pre,2.989784,6.7,0.817813182533232,0.8581903281448271
pre,2.989784,6.75,0.8130706487995969,0.8522869166828059
pre,2.989784,6.800000000000001,0.8090472774098125,0.8461581254271149
pre,2.989784,6.8500000000000005,0.8059661409460368,0.8399062237254397
pre,2.989784,6.9,0.8040924722131157,0.8336282861367154
pre,2.989784,6.95,0.8037249282211055,0.8274191109731894
pre,2.989784,7.0,0.8051649887622491,0.8213749038166702
pre,2.989784,7.050000000000001,0.8086568377715516,0.8155976972601013
pre,2.989784,7.1000000000000005,0.8143007483511144,0.8102006291432567
pre,2.989784,7.15,0.8219600282203162,0.8053143983977837
pre,2.989784,7.2,0.8312022851676186,0.8010957753113507
pre,2.989784,7.25,0.8413207267292375,0.7977397614193115
pre,2.989784,7.300000000000001,0.8514590408745382,0.7954942457405458
pre,2.989784,7.35,0.8608037680628368,0.7946607982432152
pre,2.989784,7.4,0.8687680185786941,0.7955600786321565
pre,2.989784,7.45,0.8750520594522533,0.7984826028615677
pre,2.989784,7.5,0.8795922333728614,0.8036494259578342
pre,2.989784,7.550000000000001,0.8824525864819021,0.8110728302818304
pre,2.989784,7.6,0.8837535186474864,0.8204489900768247
pre,2.989784,7.65,0.8836428178653749,0.8311404959177394
pre,2.989784,7.7,0.8822818966539364,0.8422964242588973
pre,2.989784,7.75,0.8798351107122145,0.8529785373612195
pre,2.989784,7.800000000000001,0.8764597185279942,0.8624010987234885
pre,2.989784,7.85,0.872299367370845,0.8701224872038363
pre,2.989784,7.9,0.8674837030321476,0.8760141362878588
pre,2.989784,7.95,0.8621311836779294,0.8801462315915835
pre,2.989784,8.0,0.8563524898587193,0.882579393642902
pre,2.989784,8.05,0.8502525894952135,0.883520018187069
pre,2.989784,8.1,0.8439310224900649,0.883088129123497
pre,2.989784,8.15,0.8374811683151456,0.8814715152953388
pre,2.989784,8.200000000000001,0.8309894727716602,0.8788405459664869
pre,2.989784,8.25,0.8245352526819157,0.8753460659392384
pre,2.989784,8.3,0.818191305288356,0.8711248053484439
pre,2.989784,8.35,0.812025372766592,0.8662985134691348
pre,2.989784,8.4,0.8061025345122041,0.8609801179367701
pre,2.989784,8.450000000000001,0.8004887159483989,0.8552803207332231
pre,2.989784,8.5,0.7952556331092289,0.8493086725630816
pre,2.989784,8.55,0.7904875353986304,0.8431717292898456
pre,2.989784,8.6,0.7862902365659256,0.836972414148387
pre,2.989784,8.65,0.7828021970909977,0.8308118355219215
pre,2.989784,8.700000000000001,0.7802069575347906,0.8247927935773496
pre,2.989784,8.75,0.7787437924508123,0.8190244355264578
pre,2.989784,8.8,0.7787101143857659,0.8136278813076964
pre,2.989784,8.85,0.7804450458038634,0.8087426761158145
pre,2.989784,8.9,0.7842805644758993,0.8045345246950788
pre,2.989784,8.950000000000001,0.7904537025947013,0.8012061350009096
pre,2.989784,9.0,0.7989888580234824,0.7990109195621117
pre,2.989784,9.05,0.8095905999622168,0.7982519568695112
pre,2.989784,9.1,0.8216010681735586,0.7992442353479431
pre,2.989784,9.15,0.8340828564083598,0.8022630569466772
pre,2.989784,9.2,0.8460262161689535,0.8075016537830276
pre,2.989784,9.25,0.8566100701185805,0.8149294631163481
pre,2.989784,9.3,0.8653734380130031,0.8242003193839903
pre,2.989784,9.35,0.8721960613659532,0.8346567723787293
pre,2.989784,9.4,0.8771592947154518,0.845451180162346
pre,2.989784,9.45,0.8804140489670548,0.8556721132864505
pre,2.989784,9.5,0.8821293158129496,0.8646095417205432
pre,2.989784,9.55,0.8824809113393716,0.871852003052055
pre,2.989784,9.6,0.8816433300318937,0.877297425602654
pre,2.989784,9.65,0.8797800267644994,0.8810157032589285
pre,2.989784,9.7,0.8770378526178386,0.8830759967560737
pre,2.989784,9.75,0.8735473424209329,0.8836702254082708
pre,2.989784,9.8,0.8694272191882955,0.8829240442276258
pre,2.989784,9.85,0.8647910965818552,0.8810206551718518
pre,2.989784,9.9,0.8597529270639437,0.8781271796059784
pre,2.989784,9.95,0.8544296559728995,0.8743925105846562
pre,2.989784,10.0,0.8489421729898383,0.8699514117182691
pre,2.989784,10.05,0.8434161424714937,0.8649243211399802
pre,2.989784,10.1,0.8379839887835627,0.859423629584133
pre,2.989784,10.15,0.83278861549106,0.8535588572219006
pre,2.989784,10.2,0.8279887874920181,0.8474364341000404
pre,2.989784,10.25,0.8237654684796543,0.8411574987936266
pre,2.989784,10.3,0.8203274803942527,0.8348173277931057
pre,2.989784,10.35,0.8179133795618059,0.8285068673196357
pre,2.989784,10.4,0.8167844331207514,0.822315373650193
pre,2.989784,10.45,0.8172021698532268,0.8163337582260417
pre,2.989784,10.5,0.8193846888135323,0.8106587533014001
pre,2.989784,10.55,0.8234426009178469,0.8053982514786184
pre,2.989784,10.6,0.8293078406745358,0.8006784561298226
pre,2.989784,10.65,0.8366814433650259,0.7966538239095543
pre,2.989784,10.7,0.8450333194431845,0.7935208209985238
pre,2.989784,10.75,0.8536772141979472,0.7915321199931438
pre,2.989784,10.8,0.8619065522259995,0.7909935921501008
pre,2.989784,10.85,0.8691388324399096,0.7922291800560811
pre,2.989784,10.9,0.8750052772778975,0.7955346475838893
pre,2.989784,10.95,0.8793431206286673,0.8011310106217834
pre,2.989784,11.0,0.88213617018927,0.8090099109524506
pre,2.989784,11.05,0.8834504001372208,0.8188346413754661
pre,2.989784,11.1,0.8833955386321739,0.8299318206986059
pre,2.989784,11.15,0.8821071641064118,0.8414184915434166
pre,2.989784,11.2,0.8797328614268212,0.852338472181243
pre,2.989784,11.25,0.8764217037165107,0.8619064887348683
pre,2.989784,11.3,0.8723165466889983,0.8697136643851027
pre,2.989784,11.35,0.8675501247438852,0.8756586224813507
pre,2.989784,11.4,0.8622451057205799,0.8798266246658449
pre,2.989784,11.45,0.8565159496084077,0.882307750787168
pre,2.989784,11.5,0.8504706564082694,0.8832947832250009
pre,2.989784,11.55,0.8442115775535036,0.882917637077527
pre,2.989784,11.6,0.8378355186168,0.8813683322148779
pre,2.989784,11.65,0.8314338163405622,0.8788134762489752
pre,2.989784,11.7,0.8250930089269202,0.875402673118206
pre,2.989784,11.75,0.8188964971475132,0.8712712280500263
pre,2.989784,11.8,0.8129274574410945,0.8665393599309857
pre,2.989784,11.85,0.8072732648291296,0.861319312991564
pre,2.989784,11.9,0.8020317389706901,0.8557223334028141
pre,2.989784,11.95,0.7973195096825468,0.8498599925383056
pre,2.989784,12.0,0.7932825282208322,0.8438426216191702
pre,2.989784,12.05,0.7901077540319701,0.8377789863202308
pre,2.989784,12.1,0.7880333812029101,0.8317785680145907
pre,2.989784,12.15,0.7873516663452509,0.8259558047707243
pre,2.989784,12.2,0.7883941968644478,0.8204356932295712
pre,2.989784,12.25,0.7914874811181979,0.815360150065302
pre,2.989784,12.3,0.7968711815773761,0.8108944515409634
pre,2.989784,12.35,0.8045868645889426,0.8072346440942004
pre,2.989784,12.4,0.8143734570279034,0.8046188495471441
pre,2.989784,12.45,0.8256192767619474,0.8033342380259209
pre,2.989784,12.5,0.8374335644637311,0.8036898830689907
pre,2.989784,12.55,0.8488313300203157,0.8059630265723019
pre,2.989784,12.6,0.8589878755539254,0.8103527439767179
pre,2.989784,12.65,0.867407358988839,0.816888784284447
pre,2.989784,12.7,0.873929972330993,0.8253086731791236
pre,2.989784,12.75,0.8786061534688381,0.8350423361748531
pre,2.989784,12.8,0.8815695517848847,0.8453107983837506
pre,2.989784,12.85,0.8829802986699534,0.8552476755638013
pre,2.989784,12.9,0.8830104226660062,0.8641107531498671
pre,2.989784,12.95,0.8818347697051977,0.8714208511056977
pre,2.989784,13.0,0.8796206930112964,0.8770006147200797
pre,2.989784,13.05,0.8765204193251185,0.8808802262959131
pre,2.989784,13.1,0.8726699294657339,0.883092986901284
pre,2.989784,13.15,0.8681919942628308,0.8838241736854094
pre,2.989784,13.2,0.8632019462816589,0.8832002214415327
pre,2.989784,13.25,0.8578126804631581,0.8813866297354542
pre,2.989784,13.3,0.8521371864011628,0.8785528291944064
pre,2.989784,13.35,0.8462893152024147,0.8748501188689406
pre,2.989784,13.4,0.8403842937178984,0.8704165291948919
pre,2.989784,13.45,0.8345402632175004,0.8653759928722183
pre,2.989784,13.5,0.8288815504249308,0.8598426426855345
pre,2.989784,13.55,0.8235439034343551,0.853925897166758
pre,2.989784,13.6,0.8186815652186935,0.8477305454855991
pre,2.989784,13.65,0.8144755394946656,0.8413542861517027
pre,2.989784,13.7,0.8111413441068428,0.8348864764721973
pre,2.989784,13.75,0.8089326626978761,0.8284087493454015
pre,2.989784,13.8,0.808134605316769,0.8219963457434949
pre,2.989784,13.85,0.8090381837337367,0.8157195364690818
pre,2.989784,13.9,0.811888396465212,0.8096452182644992
pre,2.989784,13.95,0.8168064651265518,0.8038390791375927
pre,2.989784,14.0,0.823703442539555,0.7983689322381614
pre,2.989784,14.05,0.8322184069876353,0.7933098118978675
pre,2.989784,14.1,0.84172213172256,0.7887513543748461
pre,2.989784,14.15,0.851418309568385,0.7848079349413982
pre,2.989784,14.2,0.8605127543951947,0.7816317635243278
pre,2.989784,14.25,0.8683889941592549,0.7794274412927554
pre,2.989784,14.3,0.8746974878849317,0.7784606084985402
pre,2.989784,14.35,0.8793223105373688,0.7790468602156396
pre,2.989784,14.4,0.8822941122072548,0.7815179558512799
pre,2.989784,14.45,0.8837135789899752,0.7861823032271388
pre,2.989784,14.5,0.8837154720728596,0.7932292437622702
pre,2.989784,14.55,0.8824526976337003,0.8025825893088234
pre,2.989784,14.6,0.880085384356608,0.8137998099420315
pre,2.989784,14.65,0.8767699119833545,0.8260788695156356
pre,2.989784,14.7,0.8726517152303652,0.8384711286490331
pre,2.989784,14.75,0.8678629099258711,0.8500145602807924
pre,2.989784,14.8,0.8625239480775497,0.8599660262133358
pre,2.989784,14.85,0.8567466031119979,0.8680215091950529
pre,2.989784,14.9,0.850635984551778,0.8741612686900679
pre,2.989784,14.95,0.8442909442228604,0.8784947481239452
pre,2.989784,15.0,0.8378033692263496,0.8812041115155732
pre,2.989784,15.05,0.831257204151523,0.8824212041865067
pre,2.989784,15.1,0.8247277903442298,0.8823372238590312
pre,2.989784,15.15,0.8182817297954198,0.8811247238852801
pre,2.989784,15.2,0.8119772542866809,0.8789349879892222
pre,2.989784,15.25,0.8058650310668943,0.8759139310965952
pre,2.989784,15.3,0.7999893862761732,0.8721911721979472
pre,2.989784,15.35,0.7943900052907469,0.8678816825419289
pre,2.989784,15.4,0.7891042448208074,0.8630955445929323
pre,2.989784,15.45,0.7841702631720628,0.857945823043052
pre,2.989784,15.5,0.779631287378531,0.8525508372816705
pre,2.989784,15.55,0.7755413878145107,0.8470335457442515
pre,2.989784,15.6,0.7719732001204115,0.8415218767118222
pre,2.989784,15.65,0.7690278587976056,0.8361516376813007
pre,2.989784,15.7,0.7668468748066241,0.8310715623542951
pre,2.989784,15.75,0.7656244053396666,0.8264490719602203
pre,2.989784,15.8,0.7656157097585691,0.8224739961627852
pre,2.989784,15.85,0.7671336314289772,0.8193603306155873
pre,2.989784,15.9,0.7705208692385135,0.8173523044561873
pre,2.989784,15.95,0.7760862484939496,0.8167222005789593
pre,2.989784,16.0,0.784002346070008,0.8177304059560548
pre,2.989784,16.05,0.7941847746883605,0.8205556484865063
pre,2.989784,16.1,0.806199861048055,0.8252565430208575
pre,2.989784,16.150000000000002,0.8192689142626647,0.8317000803583394
pre,2.989784,16.2,0.8323926230288481,0.8394951141768224
pre,2.989784,16.25,0.8446071752067925,0.8480374835087702
pre,2.989784,16.3,0.8552172410560499,0.856621772756568
pre,2.989784,16.35,0.863913855200603,0.8645723431509292
pre,2.989784,16.400000000000002,0.87068364716407,0.8713650145127568
pre,2.989784,16.45,0.8756563508610745,0.8767141898594853
pre,2.989784,16.5,0.8789999801451567,0.8805055099780578
pre,2.989784,16.55,0.8808872463367514,0.8827866089750303
pre,2.989784,16.6,0.8814890486482447,0.8836069284593977
pre,2.989784,16.650000000000002,0.880968571283773,0.883110702717382
pre,2.989784,16.7,0.8794741633945339,0.8814335762440721
pre,2.989784,16.75,0.8771357248022903,0.8787212833992682
pre,2.989784,16.8,0.8740695220169686,0.8751185301152449
pre,2.989784,16.85,0.8703850317396156,0.8707641703027417
pre,2.989784,16.900000000000002,0.8661914567835985,0.8657880659132712
pre,2.989784,16.95,0.8616023678491792,0.8603110036388517
pre,2.989784,17.0,0.8567376257538344,0.8544474730502761
pre,2.989784,17.05,0.8517239021755233,0.8483059503924923
pre,2.989784,17.1,0.8466954309041379,0.841987364662129
pre,2.989784,17.150000000000002,0.8417959679127365,0.8355848056396401
pre,2.989784,17.2,0.837182141651282,0.8291850420410803
pre,2.989784,17.25,0.833027639027989,0.8228707758851591
pre,2.989784,17.3,0.8295268775556339,0.81672317728184
pre,2.989784,17.35,0.8268957748288722,0.8108248935035848
pre,2.989784,17.400000000000002,0.8253658932439926,0.8052639610860144
pre,2.989784,17.45,0.825167204903257,0.8001393133884928
pre,2.989784,17.5,0.8264954581681869,0.7955686826764378
pre,2.989784,17.55,0.8294638316696874,0.7916997650685232
pre,2.989784,17.6,0.8340476967634345,0.7887248968919113
pre,2.989784,17.650000000000002,0.8400394385122444,0.7868947627530891
pre,2.989784,17.7,0.8470392886069418,0.7865148283662634
pre,2.989784,17.75,0.8544984868956356,0.787912655107698
pre,2.989784,17.8,0.8618128789960183,0.7913944969390767
pre,2.989784,17.85,0.8684402011455565,0.7971961204407458
pre,2.989784,17.900000000000002,0.8739834622055276,0.8053254426285007
pre,2.989784,17.95,0.8782183993997631,0.815456696778869
pre,2.989784,18.0,0.8810645514478657,0.8269111140834257
pre,2.989784,18.05,0.8825365312032306,0.8387859046866862
pre,2.989784,18.1,0.8827072803697292,0.8501208925525259
pre,2.989784,18.15,0.8816844418346701,0.8600762510679821
pre,2.989784,18.2,0.8795959888969419,0.8682425532281098
pre,2.989784,18.25,0.8765790847239298,0.8745125646468607
pre,2.989784,18.3,0.8727712905967064,0.8789795468512243
pre,2.989784,18.35,0.8683053713561307,0.8817437387789507
pre,2.989784,18.4,0.8633076397709213,0.8829985062617601
pre,2.989784,18.45,0.8578987089348263,0.882880153052446
pre,2.989784,18.5,0.852195186178477,0.8815832621894569
pre,2.989784,18.55,0.8463114276301018,0.8792713108950984
pre,2.989784,18.6,0.8403613047410394,0.8760939700197208
pre,2.989784,18.65,0.8344604882903793,0.8721868825134588
pre,2.989784,18.7,0.8287298839026596,0.8676700960443934
pre,2.989784,18.75,0.8233007002861247,0.8626555365068257
pre,2.989784,18.8,0.8183213182381605,0.8572550339147529
pre,2.989784,18.85,0.8139655918566457,0.8515827439170062
pre,2.989784,18.9,0.8104412207154004,0.8457541054103295
pre,2.989784,18.95,0.8079950283160374,0.8398855758237822
pre,2.989784,19.0,0.8069092713384847,0.8340970408884137
pre,2.989784,19.05,0.8074807968249952,0.8285165062720156
pre,2.989784,19.1,0.8099744224349238,0.8232862574699488
pre,2.989784,19.15,0.8145486692962061,0.8185691643791848
pre,2.989784,19.200000000000003,0.8211660694007897,0.814553761504947
pre,2.989784,19.25,0.829521295829333,0.8114603314964589
pre,2.989784,19.3,0.8390281240091874,0.8095506512726809
pre,2.989784,19.35,0.8488984239606199,0.8091198631233154
pre,2.989784,19.4,0.8583105975885251,0.8104497582183388
pre,2.989784,19.450000000000003,0.8665901971685368,0.8137470140287577
pre,2.989784,19.5,0.8733301901246943,0.8191025457014897
pre,2.989784,19.55,0.8783763747487733,0.8263646521598413
pre,2.989784,19.6,0.8817411380251164,0.8350921047028869
pre,2.989784,19.65,0.8835187791737229,0.8446070514257983
pre,2.989784,19.700000000000003,0.8838412199947557,0.8541160387783607
pre,2.989784,19.75,0.8828608072062079,0.8628636441153552
pre,2.989784,19.8,0.8807388119819684,0.8702954731996885
pre,2.989784,19.85,0.8776338988668946,0.8761263957830644
pre,2.989784,19.9,0.8736945171705996,0.8802854702860478
pre,2.989784,19.950000000000003,0.8690556504041363,0.8828296607103435
pre,2.989784,20.0,0.8638398911717307,0.8838487985338007
pre,2.989784,20.05,0.858160548591977,0.8835020314683771
pre,2.989784,20.1,0.8521241152104454,0.8819288250280769
pre,2.989784,20.15,0.8458310454259014,0.8792926826564446
pre,2.989784,20.200000000000003,0.8393752058339584,0.875746775293292
pre,2.989784,20.25,0.8328428909610952,0.8714327109290282
pre,2.989784,20.3,0.8263120945960771,0.8664796469756593
pre,2.989784,20.35,0.819852326372997,0.861005616660323
pre,2.989784,20.4,0.8135249981955003,0.8551221009074961
pre,2.989784,20.450000000000003,0.8073843290434791,0.8489349885667087
pre,2.989784,20.5,0.8014787620695875,0.8425423515881016
pre,2.989784,20.55,0.7958529764230878,0.836032805294115
pre,2.989784,20.6,0.7905506809118317,0.8294856667122015
pre,2.989784,20.65,0.7856184469634528,0.8229717946403775
pre,2.989784,20.700000000000003,0.7811109261998528,0.8165542285529256
pre,2.989784,20.75,0.7770978925486426,0.8102885630876187
pre,2.989784,20.8,0.7736734732285144,0.8042233187153124
pre,2.989784,20.85,0.7709675696202648,0.7984007277054893
pre,2.989784,20.9,0.7691583840796704,0.7928582867554245
pre,2.989784,20.950000000000003,0.7684829125907051,0.7876312353025628
pre,2.989784,21.0,0.7692386284964954,0.782755996146418
pre,2.989784,21.05,0.7717652084780937,0.7782746349474061
pre,2.989784,21.1,0.7763932614021816,0.7742405498905608
pre,2.989784,21.15,0.7833533500012586,0.770725792210726
pre,2.989784,21.200000000000003,0.7926568020506631,0.7678304846289495
pre,2.989784,21.25,0.8039873690278413,0.7656944479620218
pre,2.989784,21.3,0.8166653998827615,0.7645095988435591
pre,2.989784,21.35,0.8297391873191508,0.7645279887830833
pre,2.989784,21.4,0.8421946728402009,0.7660565658565859
pre,2.989784,21.450000000000003,0.8532308033241216,0.7694268890912359
pre,2.989784,21.5,0.8624090878328744,0.7749517898226488
pre,2.989784,21.55,0.8696388759010043,0.7828238776626637
pre,2.989784,21.6,0.8750169634797315,0.7929855795176378
pre,2.989784,21.65,0.8787043879780265,0.8050232131550401
pre,2.989784,21.700000000000003,0.8808742306684161,0.8181053908468388
pre,2.989784,21.75,0.8817007763537913,0.8312540635221397
pre,2.989784,21.8,0.8813521122719179,0.8435449671037487
pre,2.989784,21.85,0.8799842232837523,0.8542321255277108
pre,2.989784,21.9,0.8777361917122046,0.8630424882532408
pre,2.989784,21.950000000000003,0.8747304179672667,0.8699260351206691
pre,2.989784,22.0,0.8710796224671624,0.8750126546056165
pre,2.989784,22.05,0.8668939221200386,0.8784769344488333
pre,2.989784,22.1,0.8622860926227511,0.8804669803140699
pre,2.989784,22.15,0.85737425749924,0.8811804569724004
pre,2.989784,22.200000000000003,0.8522827645960677,0.8807594828183691
pre,2.989784,22.25,0.8471428510296464,0.8793440223857707
pre,2.989784,22.3,0.8420943353132446,0.8770804575026121
pre,2.989784,22.35,0.8372887979810014,0.8740956734274687
pre,2.989784,22.4,0.8328939509763461,0.8705007299246039
pre,2.989784,22.450000000000003,0.8290981382832592,0.8664018691622398
pre,2.989784,22.5,0.8261129285344051,0.8619095784926598
pre,2.989784,22.55,0.8241704283701323,0.85714273528355
pre,2.989784,22.6,0.8235104698788648,0.8522290040435477
pre,2.989784,22.65,0.8243529185524815,0.8473045644380024
pre,2.989784,22.700000000000003,0.8268523671933045,0.8425153541943942
pre,2.989784,22.75,0.8310410105870204,0.8380200006226682
pre,2.989784,22.8,0.8367742811176582,0.8339928869059249
pre,2.989784,22.85,0.8437042046661051,0.8306240643218189
pre,2.989784,22.9,0.8513053144715417,0.8281175732152076
pre,2.989784,22.950000000000003,0.8589575093391925,0.8266957394185426
pre,2.989784,23.0,0.866064876262685,0.8265912358443577
pre,2.989784,23.05,0.8721650739320577,0.82800012196562
pre,2.989784,23.1,0.8769745008814769,0.83100172539241
pre,2.989784,23.15,0.8803734664387484,0.8355472084157143
pre,2.989784,23.200000000000003,0.882355924320334,0.8414362452034343
pre,2.989784,23.25,0.8829841293966812,0.8482728920902447
pre,2.989784,23.3,0.8823603947692812,0.8555171387986339
pre,2.989784,23.35,0.8806114276906358,0.8625872203604579
pre,2.989784,23.4,0.8778753030861407,0.8689653365191264
pre,2.989784,23.450000000000003,0.8742921478391552,0.8742720632330404
pre,2.989784,23.5,0.8699976879045186,0.8782858953021996
pre,2.989784,23.55,0.865120526949341,0.8809482813033962
pre,2.989784,23.6,0.859782372186338,0.8822797579905963
pre,2.989784,23.65,0.854099608058318,0.8823411778465584
pre,2.989784,23.700000000000003,0.8481849857916532,0.8812437935903248
pre,2.989784,23.75,0.842149085295667,0.8791102717640586
pre,2.989784,23.8,0.836101937634215,0.8760677245216408
pre,2.989784,23.85,0.8301554757458526,0.8722473537444997
pre,2.989784,23.9,0.8244274127265148,0.8677804354160149
pre,2.989784,23.950000000000003,0.8190469336772502,0.8627945578359967
pre,2.989784,24.0,0.8141622889895022,0.8574134301777558
pre,2.989784,24.05,0.8099497970494408,0.8517575358342708
pre,2.989784,24.1,0.8066227929633166,0.8459443557788418
pre,2.989784,24.15,0.8044367030293355,0.8400899830003997
pre,2.989784,24.200000000000003,0.8036839909275266,0.8343129798838606
pre,2.989784,24.25,0.8046696739103492,0.8287397783922912
pre,2.989784,24.3,0.8076585451508563,0.823511062822367
pre,2.989784,24.35,0.8127935649610497,0.8187880776900545
pre,2.989784,24.4,0.8200011444943077,0.8147576496942405
pre,2.989784,24.450000000000003,0.8289208389939999,0.8116385239277027
pre,2.989784,24.5,0.838904056755793,0.809691692953714
pre,2.989784,24.55,0.8491129844492237,0.8092125184325576
pre,2.989784,24.6,0.8587076610725166,0.8104824256259486
pre,2.989784,24.65,0.8670334646537473,0.8137069928884132
pre,2.989784,24.700000000000003,0.873726740646597,0.8189797872981448
pre,2.989784,24.75,0.8786757895688887,0.8261600556309694
pre,2.989784,24.8,0.8819228635612445,0.8348182714608707
pre,2.989784,24.85,0.8835793849371033,0.8442854400033304
pre,2.989784,24.9,0.883787855344251,0.8537743188070414
pre,2.989784,24.950000000000003,0.882707390815233,0.862528683751588
pre,2.989784,25.0,0.8805025491262233,0.8699875568619824
pre,2.989784,25.05,0.8773328155558372,0.8758618009982012
pre,2.989784,25.1,0.873345415304823,0.8800748034319127
pre,2.989784,25.15,0.8686732481477348,0.8826769852135296
pre,2.989784,25.200000000000003,0.8634370572484216,0.8837489602966853
pre,2.989784,25.25,0.8577490850211813,0.8834529815498187
pre,2.989784,25.3,0.8517155630707723,0.8819283575639307
pre,2.989784,25.35,0.8454373511190852,0.8793380599496106
pre,2.989784,25.4,0.8390093439855516,0.8758353819446646
pre,2.989784,25.450000000000003,0.832519638157001,0.8715622594600466
pre,2.989784,25.5,0.8260491688231959,0.8666486014810622
pre,2.989784,25.55,0.8196721171200126,0.8612133813903731
pre,2.989784,25.6,0.81345715964226,0.8553691750815501
pre,2.989784,25.65,0.8074696153766561,0.849223340698556
pre,2.989784,25.700000000000003,0.8017746481197285,0.8428760500014739
pre,2.989784,25.75,0.7964418137482457,0.8364189349150926
pre,2.989784,25.8,0.7915513344553996,0.8299356571462001
pre,2.989784,25.85,0.7872024782523626,0.8235033672190982
pre,2.989784,25.9,0.7835242057775091,0.8171942543695888
pre,2.989784,25.950000000000003,0.7806874100567889,0.8110772134110112
pre,2.989784,26.0,0.7789165099029576,0.8052199921091954
pre,2.989784,26.05,0.7784948288605569,0.7996924209915406
pre,2.989784,26.1,0.7797540549093491,0.7945713685808434
pre,2.989784,26.15,0.7830347387621868,0.7899479911769681
pre,2.989784,26.200000000000003,0.7886082309171052,0.785937793448929
pre,2.989784,26.25,0.7965646771968712,0.7826937565932041
pre,2.989784,26.3,0.8066969951533443,0.7804210988367255
pre,2.989784,26.35,0.8184360048063846,0.7793861942175175
pre,2.989784,26.4,0.8309011874766499,0.7799051998314589
pre,2.989784,26.450000000000003,0.8430735399187556,0.7823097762640906
pre,2.989784,26.5,0.854065764622225,0.7869079248277338
pre,2.989784,26.55,0.8633157345803263,0.7938900834047481
pre,2.989784,26.6,0.8706307947901962,0.8031807002285402
pre,2.989784,26.65,0.8760547515281678,0.8143372227455669
pre,2.989784,26.700000000000003,0.8797291134994343,0.826560352347148
pre,2.989784,26.75,0.8818210601492383,0.8389032642907054
pre,2.989784,26.8,0.8825053085256575,0.8504031049289235
pre,2.989784,26.85,0.8819565527886879,0.8603150618061994
pre,2.989784,26.9,0.8803416511496583,0.8683310313865953
pre,2.989784,26.950000000000003,0.877812555114699,0.8744311334962649
pre,2.989784,27.0,0.8745034841319742,0.8787237726670168
pre,2.989784,27.05,0.8705352980415394,0.8813908800552878
pre,2.989784,27.1,0.8660223566718389,0.8825645083524178
pre,2.989784,27.15,0.8610781969944442,0.8824349000674591
pre,2.989784,27.200000000000003,0.8558188779539228,0.881176496811016
pre,2.989784,27.25,0.850364261444876,0.8789412374441395
pre,2.989784,27.3,0.844838735824765,0.875875114587082
pre,2.989784,27.35,0.8393728188082861,0.8721079494458903
pre,2.989784,27.4,0.8341064131819534,0.8677548824667551
pre,2.989784,27.450000000000003,0.8291938012164582,0.8629260638747731
pre,2.989784,27.5,0.8248098405601415,0.8577344450572743
pre,2.989784,27.55,0.8211559936493079,0.8522979317712999
pre,2.989784,27.6,0.8184635605196092,0.8467386965979622
pre,2.989784,27.65,0.8169893837786478,0.8411835138083473
pre,2.989784,27.700000000000003,0.8169978713418108,0.8357667109973933
pre,2.989784,27.75,0.8187230806817978,0.8306352765829668
pre,2.989784,27.8,0.8223086656914798,0.825954763151951
pre,2.989784,27.85,0.827737421928667,0.8219133500228334
pre,2.989784,27.9,0.8347701091818499,0.8187239323208044
pre,2.989784,27.950000000000003,0.8429307530394905,0.816630294401413
pre,2.989784,28.0,0.8515625198072242,0.8159063158867554
pre,2.989784,28.05,0.8599486510615311,0.8168178327127126
pre,2.989784,28.1,0.8674667010119594,0.8195547412268086
pre,2.989784,28.15,0.8736907029910792,0.8241890766125539
pre,2.989784,28.200000000000003,0.8784110100563602,0.8306042113077036
pre,2.989784,28.25,0.8815820763991827,0.8384215426395779
pre,2.989784,28.3,0.8832533349217058,0.8470406264681483
pre,2.989784,28.35,0.8835259248807674,0.8557496910899283
pre,2.989784,28.4,0.8825303400970426,0.8638568649313969
pre,2.989784,28.450000000000003,0.8804116518388021,0.870820620609558
pre,2.989784,28.5,0.877319669833884,0.8763360478514599
pre,2.989784,28.55,0.8733992767879377,0.8802800975585439
pre,2.989784,28.6,0.8687857990379613,0.882700293161844
pre,2.989784,28.65,0.8636042514285812,0.8836412598527742
pre,2.989784,28.700000000000003,0.8579709734647106,0.8832493831798076
pre,2.989784,28.75,0.851995502571064,0.8816604993262054
pre,2.989784,28.8,0.8457816224662427,0.8790217349209171
pre,2.989784,28.85,0.8394275917472089,0.8754793071739372
pre,2.989784,28.9,0.8330261751149197,0.8711730276431162
pre,2.989784,28.950000000000003,0.8266651413085727,0.8662334675254733
pre,2.989784,29.0,0.8204286784010222,0.8607816453970111
pre,2.989784,29.05,0.814400007886451,0.8549320100838484
pre,2.989784,29.1,0.8086654487590338,0.848793016086434
pre,2.989784,29.15,0.8033202377693744,0.8424654890984474
pre,2.989784,29.200000000000003,0.7984763971447018,0.836041982361055
pre,2.989784,29.25,0.7942728399407052,0.8296079704607044
pre,2.989784,29.3,0.7908868598302157,0.8232438106508904
pre,2.989784,29.35,0.7885450854937277,0.817026883814471
pre,2.989784,29.4,0.7875285739370017,0.8110340612822762
pre,2.989784,29.450000000000003,0.7881629577334968,0.8053449098241888
pre,2.989784,29.5,0.7907811770976036,0.8000463039427037
pre,2.989784,29.55,0.7956499011590343,0.795239187976003
pre,2.989784,29.6,0.8028633385631405,0.7910482283803064
pre,2.989784,29.65,0.8122316716640814,0.7876349203092002
pre,2.989784,29.700000000000003,0.8232182678159423,0.7852128384402773
pre,2.989784,29.75,0.8349801925753499,0.7840562588352749
pre,2.989784,29.8,0.846532884708343,0.7844848106790882
pre,2.989784,29.85,0.8569995756352123,0.7868248086833501
pre,2.989784,29.9,0.8658050732286949,0.791370619884387
pre,2.989784,29.950000000000003,0.8727273907528624,0.7982872579716557
pre,2.989784,30.0,0.8777820631045649,0.8074626402164402
pre,2.989784,30.05,0.8810922882232933,0.8184175940031732
pre,2.989784,30.1,0.8828150516220415,0.8303484606715259
pre,2.989784,30.15,0.8831202530119598,0.8423158885580002
pre,2.989784,30.200000000000003,0.8821820559634925,0.8533499574299658
pre,2.989784,30.25,0.8801700742745584,0.8627859802144348
pre,2.989784,30.3,0.877240861509886,0.8703332109472423
pre,2.989784,30.35,0.8735337149521295,0.8759981625144874
pre,2.989784,30.4,0.8691736709153256,0.8798713961671905
pre,2.989784,30.450000000000003,0.8642772385353475,0.8821455686337459
pre,2.989784,30.5,0.8589575462559317,0.8829432549754663
pre,2.989784,30.55,0.853327377728899,0.8824511572848561
pre,2.989784,30.6,0.8475002253920698,0.8808474301419543
pre,2.989784,30.65,0.8415907316051063,0.8782871968502637
pre,2.989784,30.700000000000003,0.8357159083146921,0.8749151370074584
pre,2.989784,30.75,0.82999798213117,0.8708599480646998
pre,2.989784,30.8,0.8245691894592071,0.8662367801008299
pre,2.989784,30.85,0.8195784785505886,0.8611565605581102
pre,2.989784,30.9,0.8151996316450684,0.8557324160672807
pre,2.989784,30.950000000000003,0.8116394285195538,0.8500805727379559
pre,2.989784,31.0,0.8091427836363012,0.8443193364819632
pre,2.989784,31.05,0.8079891772098969,0.8385698123224509
pre,2.989784,31.1,0.8084724326459591,0.8329593297323598
pre,2.989784,31.15,0.8108552967857815,0.8276268970742072
pre,2.989784,31.200000000000003,0.8152969110334438,0.8227295717971458
pre,2.989784,31.25,0.8217654500357998,0.8184477324251355
pre,2.989784,31.3,0.8299657488882426,0.8149890402884581
pre,2.989784,31.35,0.8393264888854873,0.8125959324488082
pre,2.989784,31.4,0.8490743003279251,0.8115491493732575
pre,2.989784,31.450000000000003,0.8583955154988115,0.8121355424362908
pre,2.989784,31.5,0.866619179563693,0.8145872930974744
pre,2.989784,31.55,0.8733290255703573,0.8190324788760095
pre,2.989784,31.6,0.878363620592224,0.8254195589932581
pre,2.989784,31.65,0.8817274170522781,0.8334195877443565
pre,2.989784,31.700000000000003,0.8835095015151566,0.8424450032738201
pre,2.989784,31.75,0.883838331187993,0.8517544958916151
pre,2.989784,31.8,0.8828643699200376,0.8605848834627298
pre,2.989784,31.85,0.8807477160455265,0.8683181168884724
pre,2.989784,31.9,0.8776464296672049,0.8745618862276883
pre,2.989784,31.950000000000003,0.8737088080504053,0.8791760719750947
pre,2.989784,32.0,0.8690701017250053,0.8821971727549389
pre,2.989784,32.050000000000004,0.8638532889912521,0.8836574690500196
pre,2.989784,32.1,0.8581719489493519,0.8837163815805849
pre,2.989784,32.15,0.8521326626998544,0.8825089132472375
pre,2.989784,32.2,0.8458358165310712,0.8801892913986059
pre,2.989784,32.25,0.8393750869624,0.8769122839837538
pre,2.989784,32.300000000000004,0.8328364531867796,0.8728223584291843
pre,2.989784,32.35,0.8262974235979439,0.8680532547667041
pre,2.989784,32.4,0.8198267731134071,0.8627270305452296
pre,2.989784,32.45,0.8134848093455509,0.8569578027804075
pre,2.989784,32.5,0.8073240979383655,0.8508539368410794
pre,2.989784,32.550000000000004,0.8013906128982728,0.8445164711075464
pre,2.989784,32.6,0.7957253539799966,0.8380371702303204
pre,2.989784,32.65,0.790366552126714,0.8314983505578406
pre,2.989784,32.7,0.7853526728128999,0.8249737603582111
pre,2.989784,32.75,0.780726535372513,0.8185294049349983
pre,2.989784,32.800000000000004,0.7765408152359086,0.8122240923590724
pre,2.989784,32.85,0.7728654683791144,0.8061099103546123
pre,2.989784,32.9,0.7697973866196236,0.8002330456186518
pre,2.989784,32.95,0.7674720722178889,0.7946353762055041
pre,2.989784,33.0,0.7660760260737757,0.7893570970863264
pre,2.989784,33.050000000000004,0.7658561241535566,0.7844404961684888
pre,2.989784,33.1,0.7671183824292479,0.7799349844377567
pre,2.989784,33.15,0.770204534982123,0.77590361155466
pre,2.989784,33.2,0.7754336384929104,0.7724314709822139
pre,2.989784,33.25,0.7830039035605543,0.7696363860350025
pre,2.989784,33.300000000000004,0.7928730805286628,0.7676815425090725
pre,2.989784,33.35,0.8046588599471471,0.7667871325136276
pre,2.989784,33.4,0.8176227326868462,0.7672333608004379
pre,2.989784,33.45,0.8307860550538524,0.7693450178254099
pre,2.989784,33.5,0.8431582904928372,0.773451931633143
pre,2.989784,33.550000000000004,0.8540015969048624,0.7798365795879997
pre,2.989784,33.6,0.8629505337661287,0.7885950318428439
pre,2.989784,33.65,0.869963207955825,0.7995211028471098
pre,2.989784,33.7,0.8751561123704482,0.8120196930488244
pre,2.989784,33.75,0.8786951246087584,0.8251302515660174
pre,2.989784,33.800000000000004,0.8807536944054863,0.8379328383091318
pre,2.989784,33.85,0.8815037903823848,0.8494772434145286
pre,2.989784,33.9,0.8811096562707429,0.8592653983100149
pre,2.989784,33.95,0.8797220279127155,0.8671071439976418
pre,2.989784,34.0,0.8774742064768667,0.8730815951897383
pre,2.989784,34.050000000000004,0.8744839922070751,0.8773033951427881
pre,2.989784,34.1,0.8708615048729333,0.8799781872784498
pre,2.989784,34.15,0.8667158443894488,0.8812541863706519
pre,2.989784,34.2,0.862159939791902,0.8813222909397402
pre,2.989784,34.25,0.8573127823700253,0.880316276072526
pre,2.989784,34.300000000000004,0.8523000772083519,0.8783837655487231
pre,2.989784,34.35,0.8472549098417264,0.8756637834321925
pre,2.989784,34.4,0.8423195280552196,0.8722757115249481
pre,2.989784,34.45,0.8376485421572244,0.8683277769685043
pre,2.989784,34.5,0.8334130928982361,0.8639278209485947
pre,2.989784,34.550000000000004,0.8298047595759735,0.859190181920705
pre,2.989784,34.6,0.8270369735393456,0.8542376331211531
pre,2.989784,34.65,0.8253403883147585,0.8492010338213837
pre,2.989784,34.7,0.8249474566101705,0.8442197544423958
pre,2.989784,34.75,0.8260620530376185,0.8394440973568477
pre,2.989784,34.800000000000004,0.8288126451357228,0.8350390505501823
pre,2.989784,34.85,0.8331971473382738,0.8311869019417039
pre,2.989784,34.9,0.8390344779910125,0.8280860975863252
pre,2.989784,34.95,0.8459483301791092,0.8259521667339772
pre,2.989784,35.0,0.853404003610802,0.8250212651891259
pre,2.989784,35.050000000000004,0.8607960543533327,0.8255265000792755
pre,2.989784,35.1,0.8675645429495972,0.8276334010502349
pre,2.989784,35.15,0.8732897309220208,0.8313735703181031
pre,2.989784,35.2,0.877723794226792,0.8366513242828368
pre,2.989784,35.25,0.8807696559059287,0.8431765782818307
pre,2.989784,35.300000000000004,0.8824323270073834,0.8504674198234056
pre,2.989784,35.35,0.8827787984990552,0.8579325613290518
pre,2.989784,35.4,0.8819134005939671,0.8649849973328755
pre,2.989784,35.45,0.8799625681455467,0.8711370338032568
pre,2.989784,35.5,0.8770629890064133,0.8760838111145899
pre,2.989784,35.550000000000004,0.8733527307127077,0.87965268902325
pre,2.989784,35.6,0.8689654791772949,0.8818462302580323
pre,2.989784,35.65,0.8640284326834586,0.8826976529093068
pre,2.989784,35.7,0.8586628163311424,0.882298134878148
pre,2.989784,35.75,0.852985520771447,0.880771337123312
pre,2.989784,35.800000000000004,0.8471108598232465,0.8782444633489046
pre,2.989784,35.85,0.8411522844935565,0.8748490410477059
pre,2.989784,35.9,0.8352245102406796,0.8707183720816537
pre,2.989784,35.95,0.8294467032648059,0.8659829114799729
pre,2.989784,36.0,0.8239472485794981,0.8607680870013673
pre,2.989784,36.05,0.8188703340398511,0.8551951646703441
pre,2.989784,36.1,0.8143841069606764,0.8493816396494668
pre,2.989784,36.15,0.8106892742964977,0.8434414148314809
pre,2.989784,36.2,0.8080254045956641,0.8374868507467957
pre,2.989784,36.25,0.8066695552766827,0.8316328990544793
pre,2.989784,36.3,0.8069194055163541,0.8260025454324151
pre,2.989784,36.35,0.8090518608869225,0.8207331669800403
pre,2.989784,36.4,0.8132530877105927,0.8159828650423585
pre,2.989784,36.45,0.8195295822692975,0.8119362035654822
pre,2.989784,36.5,0.827628679140426,0.8088121347880367
pre,2.989784,36.55,0.8370122628187925,0.8068752376402621
pre,2.989784,36.6,0.8469163389878405,0.8064268250084206
pre,2.989784,36.65,0.8565066767585622,0.8077564570249198
pre,2.989784,36.7,0.8650683804460045,0.811083770612977
pre,2.989784,36.75,0.8721387785539697,0.8165180636703722
pre,2.989784,36.8,0.8775240419956193,0.8239239392774312
pre,2.989784,36.85,0.8812135882361246,0.8328660756973896
pre,2.989784,36.9,0.883291907891529,0.8426580057499851
pre,2.989784,36.95,0.8838861907840744,0.8524836808516474
pre,2.989784,37.0,0.8831465226519783,0.8615523698067764
pre,2.989784,37.05,0.8812339341250672,0.8692876584676622
pre,2.989784,37.1,0.8783087217253795,0.875390068781469
pre,2.989784,37.15,0.8745216020773449,0.8797929543746474
pre,2.989784,37.2,0.8700101017105671,0.8825507387983443
pre,2.989784,37.25,0.864898919506258,0.8837572337202054
pre,2.989784,37.3,0.8593028768864909,0.8835756834576112
pre,2.989784,37.35,0.8533296594982415,0.8821464450807398
pre,2.989784,37.4,0.8470809424003317,0.8796387265550311
pre,2.989784,37.45,0.8406520392276084,0.8762086082139636
pre,2.989784,37.5,0.8341309382940731,0.8719990580246856
pre,2.989784,37.55,0.827597498479766,0.8671400969509235
pre,2.989784,37.6,0.8211231796544882,0.8617501229805488
pre,2.989784,37.65,0.8147713711857519,0.8559411304433273
pre,2.989784,37.7,0.8085982725387202,0.8498204364568015
pre,2.989784,37.75,0.802654314995991,0.8434887160173288
pre,2.989784,37.8,0.7969862039926982,0.8370383117547958
pre,2.989784,37.85,0.7916397595721418,0.8305535143404645
pre,2.989784,37.9,0.7866638389309836,0.824111905761262
pre,2.989784,37.95,0.7821157308374832,0.8177858593971715
pre,2.989784,38.0,0.7780683375006934,0.8116441442415279
pre,2.989784,38.05,0.7746196075995271,0.8057539601660461
pre,2.989784,38.1,0.7719041345946106,0.8001839785231646
pre,2.989784,38.15,0.7701056913622976,0.7950090246070212
pre,2.989784,38.2,0.769467313809531,0.7903169678578166
pre,2.989784,38.25,0.7702917317881196,0.7862183344213443
pre,2.989784,38.3,0.7729209099828169,0.7828589683486593
pre,2.989784,38.35,0.7776810486016599,0.7804347583089586
pre,2.989784,38.400000000000006,0.7847886124052198,0.7792022959977128
pre,2.989784,38.45,0.7942294381124251,0.7794715060067485
pre,2.989784,38.5,0.8056558313017013,0.7815745816543876
pre,2.989784,38.55,0.8183566733183205,0.7858257589574187
pre,2.989784,38.6,0.8313650068074445,0.7924461630774273
pre,2.989784,38.650000000000006,0.8436735799837006,0.8014085966897753
pre,2.989784,38.7,0.8545088587744809,0.812331597544744
pre,2.989784,38.75,0.8634664683028491,0.82446588128165
pre,2.989784,38.8,0.8704779744129878,0.8368645444668587
pre,2.989784,38.85,0.8756496504174068,0.8485762474667703
pre,2.989784,38.900000000000006,0.8791440332335555,0.8587734596177689
pre,2.989784,38.95,0.8811342255049845,0.8671080892279912
pre,2.989784,39.0,0.8817951497501821,0.8735134980103115
pre,2.989784,39.05,0.8812950664823993,0.8781004693448196
pre,2.989784,39.1,0.8797890000985147,0.8810212010962083
pre,2.989784,39.150000000000006,0.8774152741344754,0.8824324015754207
pre,2.989784,39.2,0.874296059018107,0.8825083300093634
pre,2.989784,39.25,0.8705440994308787,0.881431285752723
pre,2.989784,39.3,0.8662699738601951,0.8793536551797382
pre,2.989784,39.35,0.8615870970278025,0.8764231310180962
pre,2.989784,39.400000000000006,0.8566141752382835,0.8727722777051324
pre,2.989784,39.45,0.8514760144218606,0.8685179412744953
pre,2.989784,39.5,0.8463042731802802,0.8637703927120624
pre,2.989784,39.55,0.841239338348703,0.8586419146443631
pre,2.989784,39.6,0.8364337188346728,0.8532498021801136
pre,2.989784,39.650000000000006,0.8320566025457883,0.8477158681597429
pre,2.989784,39.7,0.8282984564404542,0.8421664469249333
pre,2.989784,39.75,0.8253735296265972,0.836734925875714
pre,2.989784,39.8,0.8235167137137662,0.8315665635831337
pre,2.989784,39.85,0.8229697931378678,0.8268243713794386
pre,2.989784,39.900000000000006,0.8239522386906182,0.8226935153303612
pre,2.989784,39.95,0.8266138813855117,0.8193832627885124
pre,2.989784,40.0,0.8309766490987203,0.8171322920145179
pre,2.989784,40.05,0.8368800529060202,0.8162108938205409
pre,2.989784,40.1,0.8439570078553188,0.8168882369999986
pre,2.989784,40.150000000000006,0.8516642411228473,0.8193672722886967
pre,2.989784,40.2,0.8593717687952063,0.8237341878802905
pre,2.989784,40.25,0.86648367173343,0.8299044081692786
pre,2.989784,40.3,0.8725467692363503,0.8375342715806098
pre,2.989784,40.35,0.8772912631888731,0.8460495926008079
pre,2.989784,40.400000000000006,0.8806094549354451,0.854749445964322
pre,2.989784,40.45,0.8825040928183372,0.8629343050718479
pre,2.989784,40.5,0.8830431174702299,0.8700418380395843
pre,2.989784,40.55,0.8823330187684968,0.8757321982618564
pre,2.989784,40.6,0.8805029598797844,0.879862038646221
pre,2.989784,40.650000000000006,0.8776924955188038,0.8824681403308201
pre,2.989784,40.7,0.8740422451863167,0.8835845987465499
pre,2.989784,40.75,0.8696877518675802,0.883351685611152
pre,2.989784,40.8,0.8647570621715998,0.8819057032479889
pre,2.989784,40.85,0.8593711664303267,0.8793919339290371
pre,2.989784,40.900000000000006,0.8536456362131944,0.8759568579022452
pre,2.989784,40.95,0.8476922608475405,0.8717410591949922
pre,2.989784,41.0,0.8416204045968262,0.866876442067315
pre,2.989784,41.05,0.8355385182897648,0.8614851962914198
pre,2.989784,41.1,0.8295564844370427,0.8556826422892171
pre,2.989784,41.150000000000006,0.8237893899470844,0.849578219792738
pre,2.989784,41.2,0.8183631169878959,0.8432739740167483
pre,2.989784,41.25,0.8134218771775829,0.8368637279833989
pre,2.989784,41.3,0.8091373006299533,0.8304341512107352
pre,2.989784,41.35,0.8057177726326076,0.8240667454668379
pre,2.989784,41.400000000000006,0.8034145128967582,0.8178400528597801
pre,2.989784,41.45,0.8025183452719458,0.8118321864194996
pre,2.989784,41.5,0.8033379554086792,0.8061240648558188
pre,2.989784,41.55,0.8061501842983998,0.8008039981212334
pre,2.989784,41.6,0.8111200863417204,0.7959743778518348
pre,2.989784,41.650000000000006,0.8182044255953219,0.7917612415691601
pre,2.989784,41.7,0.8270746060667401,0.7883273323669823
pre,2.989784,41.75,0.8371046024854668,0.7858873951533204
pre,2.989784,41.8,0.847459037092442,0.7847167620695675
pre,2.989784,41.85,0.8572775547514084,0.7851354382929117
pre,2.989784,41.900000000000006,0.8658697565546183,0.7874688123475679
pre,2.989784,41.95,0.8728380137368222,0.7920090535898922
pre,2.989784,42.0,0.8780497273359666,0.7989172254701125
pre,2.989784,42.05,0.8815391498536198,0.8080758133758635
pre,2.989784,42.1,0.8834157880378345,0.8190006322865016
pre,2.989784,42.150000000000006,0.8838218769167824,0.8308876691077692
pre,2.989784,42.2,0.8829167347670837,0.842798175151507
pre,2.989784,42.25,0.880865877421079,0.8537634637438025
pre,2.989784,42.3,0.8778305405086589,0.8631297086654003
pre,2.989784,42.35,0.8739597933169739,0.8706092941131391
pre,2.989784,42.400000000000006,0.8693881108904139,0.8762117788005346
pre,2.989784,42.45,0.8642373724066379,0.8800249643989506
pre,2.989784,42.5,0.8586207143324751,0.8822429596905943
pre,2.989784,42.55,0.8526453202807771,0.8829872986598554
pre,2.989784,42.6,0.8464133246725414,0.8824441688433646
pre,2.989784,42.650000000000006,0.8400213665787277,0.8807921013912284
pre,2.989784,42.7,0.8335598252314558,0.8781864933695572
pre,2.989784,42.75,0.8271125337448025,0.8747718219285147
pre,2.989784,42.8,0.8207573414853608,0.8706766109550835
pre,2.989784,42.85,0.8145676449362987,0.8660159903926222
pre,2.989784,42.900000000000006,0.8086149807826941,0.8609009552147973
pre,2.989784,42.95,0.8029728787093265,0.8554445743425446
pre,2.989784,43.0,0.7977222982489295,0.84976271736165
pre,2.989784,43.05,0.792959028850164,0.8439729982990645
pre,2.989784,43.1,0.788803327257396,0.8381955430563938
pre,2.989784,43.150000000000006,0.7854115368238497,0.832556455001132
pre,2.989784,43.2,0.7829881574581349,0.8271932822654534
pre,2.989784,43.25,0.7817943999084253,0.8222614227309872
pre,2.989784,43.3,0.7821452608273367,0.8179395599995545
pre,2.989784,43.35,0.7843830534292681,0.8144339037571247
pre,2.989784,43.400000000000006,0.7888156555054631,0.8119858688374562
pre,2.989784,43.45,0.7956170741358513,0.8108764080687202
pre,2.989784,43.5,0.804708738127387,0.8113952311759253
pre,2.989784,43.55,0.815668703813774,0.8137811567491482
pre,2.989784,43.6,0.8277316708463935,0.8181716629026415
pre,2.989784,43.650000000000006,0.839911723704209,0.8245283531017875
pre,2.989784,43.7,0.8512480696286016,0.8325341666654682
pre,2.989784,43.75,0.8610352103644103,0.8416074590613566
pre,2.989784,43.8,0.8689424322831809,0.8510048802058419
pre,2.989784,43.85,0.8749318837677846,0.8599524154678667
pre,2.989784,43.900000000000006,0.8791144153318322,0.8678173853530018
pre,2.989784,43.95,0.8816476183370384,0.8741909230141498
pre,2.989784,44.0,0.8827022291321137,0.8789280588648812
pre,2.989784,44.05,0.8824533641674442,0.8820610182104892
pre,2.989784,44.1,0.881073116704588,0.8836203918563558
pre,2.989784,44.150000000000006,0.8787217515739141,0.8837668020794208
pre,2.989784,44.2,0.8755419711082882,0.8826350577943888
pre,2.989784,44.25,0.8716607848918325,0.8803799953207408
pre,2.989784,44.3,0.867195554321174,0.8771579331523357
pre,2.989784,44.35,0.8622600044833414,0.8731141995142216
pre,2.989784,44.400000000000006,0.8569684727076963,0.8683832005121385
pre,2.989784,44.45,0.8514377838725888,0.8630873527804226
pre,2.989784,44.5,0.8457879473241807,0.8573408557408425
pre,2.989784,44.55,0.840143242801829,0.8512522141939591
pre,2.989784,44.6,0.8346347627583437,0.8449227914638086
pre,2.989784,44.650000000000006,0.8294048127517242,0.8384447130159552
pre,2.989784,44.7,0.8246130099814382,0.8319004987647192
pre,2.989784,44.75,0.8204433094240458,0.8253638357335946
pre,2.989784,44.8,0.8171101836397334,0.818900321395478
pre,2.989784,44.85,0.8148604976566202,0.8125678831149022
pre,2.989784,44.900000000000006,0.8139653089784523,0.8064170507508572
pre,2.989784,44.95,0.8146945153206806,0.8004914585244156
pre,2.989784,45.0,0.8172681866049308,0.7948289725198846
pre,2.989784,45.05,0.8217864964575557,0.7894636571137863
pre,2.989784,45.1,0.8281535119719262,0.7844286246606
pre,2.989784,45.150000000000006,0.8360254712143945,0.7797597710788653
pre,2.989784,45.2,0.8448205924373209,0.7755005080589802
pre,2.989784,45.25,0.853805657152339,0.7717077950408067
pre,2.989784,45.3,0.8622514594889159,0.7684599306772996
pre,2.989784,45.35,0.8695818577640719,0.7658665278098843
pre,2.989784,45.400000000000006,0.8754530662757497,0.7640804953901347
pre,2.989784,45.45,0.8797358627703113,0.7633097910586011
pre,2.989784,45.5,0.8824387331539674,0.7638227339696074
pre,2.989784,45.55,0.8836442501578655,0.7659370919635659
pre,2.989784,45.6,0.8834743437638025,0.7699821169146599
pre,2.989784,45.650000000000006,0.8820718091652935,0.7762506061695452
pre,2.989784,45.7,0.8795896441895339,0.7848722739362287
pre,2.989784,45.75,0.8761793605843691,0.7956955833566125
pre,2.989784,45.8,0.8719837768416568,0.8081929179580238
pre,2.989784,45.85,0.8671344306119365,0.8214327413940353
pre,2.989784,45.900000000000006,0.8617522844607174,0.8344731276745434
pre,2.989784,45.95,0.8559498904409937,0.8463718576244332
pre,2.989784,46.0,0.8498330865271984,0.8565689423405666
pre,2.989784,46.05,0.8435014969178161,0.8648453509075266
pre,2.989784,46.1,0.8370481883769594,0.8712377253781048
pre,2.989784,46.150000000000006,0.8305592088064636,0.8758692410971538
pre,2.989784,46.2,0.824113574711588,0.8789385776710892
pre,2.989784,46.25,0.8177839858188849,0.8805886633987661
pre,2.989784,46.3,0.8116383825624044,0.8810120174906897
pre,2.989784,46.35,0.8057424621932748,0.8803386926117771
pre,2.989784,46.400000000000006,0.8001633642161379,0.8787143469389619
pre,2.989784,46.45,0.794974850717328,0.8762804342879246
pre,2.989784,46.5,0.7902643752106466,0.8731577295790683
pre,2.989784,46.55,0.7861423959163559,0.8694543430575147
pre,2.989784,46.6,0.7827537768486729,0.8652767060605923
pre,2.989784,46.650000000000006,0.7802901741999692,0.8607373181156206
pre,2.989784,46.7,0.778999948464816,0.8559575902175612
pre,2.989784,46.75,0.779188551439589,0.8510677535755967
pre,2.989784,46.8,0.7811980350152601,0.8462068366001697
pre,2.989784,46.85,0.7853521710558437,0.8415243364907942
pre,2.989784,46.900000000000006,0.7918638416923223,0.8371832719806279
pre,2.989784,46.95,0.8007149691533118,0.8333624883954346
pre,2.989784,47.0,0.8115552602958934,0.8302552370661768
pre,2.989784,47.05,0.8236775754801435,0.8280687456643475
pre,2.989784,47.1,0.8361163147658879,0.8270284911901169
pre,2.989784,47.150000000000006,0.8478776729940263,0.8273602716253671
pre,2.989784,47.2,0.8581854753380135,0.8292308835602422
pre,2.989784,47.25,0.8666377793381645,0.832674062675329
pre,2.989784,47.3,0.8731533174420276,0.8376015864304709
pre,2.989784,47.35,0.8778301003010774,0.8437568833857613
pre,2.989784,47.400000000000006,0.8808235709386056,0.8506982966705983
pre,2.989784,47.45,0.8823040741490786,0.8578690479482755
pre,2.989784,47.5,0.882447143411672,0.8647047429532653
pre,2.989784,47.55,0.8814259694352711,0.8707252082459808
pre,2.989784,47.6,0.879402683175264,0.8756151784983603
pre,2.989784,47.650000000000006,0.8765215668617407,0.8791844278488896
pre,2.989784,47.7,0.8729110023023279,0.8814167847833111
pre,2.989784,47.75,0.8686887413688836,0.8823407747888211
pre,2.989784,47.8,0.8639682969600124,0.8820335500226896
pre,2.989784,47.85,0.8588639185884169,0.880610875781476
pre,2.989784,47.900000000000006,0.8534929734457959,0.8781954382034173
pre,2.989784,47.95,0.847976778395121,0.8749148544222739
pre,2.989784,48.0,0.8424415325896314,0.870900276941911
pre,2.989784,48.05,0.8370205445957641,0.8662818829839032
pre,2.989784,48.1,0.8318582282388937,0.8611861382699895
pre,2.989784,48.150000000000006,0.827115717370358,0.8557361375252243
pre,2.989784,48.2,0.8229772860461813,0.8500520366778255
pre,2.989784,48.25,0.8196558877945319,0.8442516032623331
pre,2.989784,48.3,0.8173941808150772,0.8384526908870781
pre,2.989784,48.35,0.8164560274572963,0.8327777933209882
pre,2.989784,48.400000000000006,0.8171014505527484,0.8273599068726427
pre,2.989784,48.45,0.8195398922972641,0.8223490723673468
pre,2.989784,48.5,0.8238635226808573,0.8179180632258367
pre,2.989784,48.55,0.8299764867244418,0.8142669475130537
pre,2.989784,48.6,0.8375469407898257,0.8116310426006511
pre,2.989784,48.650000000000006,0.8460161614660935,0.8102880025495385
pre,2.989784,48.7,0.854682294118249,0.8105316789448939
pre,2.989784,48.75,0.8628449932279368,0.8126136349455644
pre,2.989784,48.8,0.8699437555079162,0.8166895833955032
pre,2.989784,48.85,0.8756377858586362,0.8227634291027206
pre,2.989784,48.900000000000006,0.8797893566536628,0.8305680046568071
pre,2.989784,48.95,0.8823967322052502,0.8395600871603801
pre,2.989784,49.0,0.8835341098650654,0.8490124774512969
pre,2.989784,49.05,0.8833160154622015,0.8581410936674532
pre,2.989784,49.1,0.8818813250599327,0.8662746514880567
pre,2.989784,49.150000000000006,0.8793786299559342,0.8729586159532728
pre,2.989784,49.2,0.8759570697217779,0.8780230758694122
pre,2.989784,49.25,0.8717582860089675,0.8814719017900712
pre,2.989784,49.3,0.8669136475362628,0.8833285118796192
pre,2.989784,49.35,0.8615445958900776,0.8837416143316389
pre,2.989784,49.400000000000006,0.8557645634515976,0.8828511706936976
pre,2.989784,49.45,0.8496806192274267,0.8808091430590188
pre,2.989784,49.5,0.8433941406934661,0.8777742676570652
pre,2.989784,49.55,0.837000824553355,0.8738938203760942
pre,2.989784,49.6,0.8305907367412814,0.8693044958142462
pre,2.989784,49.650000000000006,0.8242489972792302,0.8641309767835635
pre,2.989784,49.7,0.8180574621772962,0.8584891915248588
pre,2.989784,49.75,0.812097639393093,0.8524896487049097
pre,2.989784,49.8,0.8064550903636176,0.8462366998217883
pre,2.989784,49.85,0.8012256418521547,0.8398265274438967
pre,2.989784,49.900000000000006,0.7965236668798068,0.833346791580311
pre,2.989784,49.95,0.7924926262557085,0.8268778054977212
pre,2.989784,50.0,0.7893167791966099,0.8204940760014805
pre,2.989784,50.05,0.7872316994290531,0.8142658682065671
pre,2.989784,50.1,0.7865276316330357,0.8082610177567183
pre,2.989784,50.150000000000006,0.7875359247439414,0.8025474787440363
pre,2.989784,50.2,0.7905859130481844,0.7971972585272981
pre,2.989784,50.25,0.7959242666789602,0.7922923450654279
pre,2.989784,50.3,0.8036040778921095,0.7879331664110983
pre,2.989784,50.35,0.8133777181980906,0.7842500380112645
pre,2.989784,50.400000000000006,0.8246471553189203,0.7814174120850605
pre,2.989784,50.45,0.8365247706598247,0.7796674999414483
pre,2.989784,50.5,0.8480234550482358,0.7792918007446058
pre,2.989784,50.55,0.8583012665979836,0.7806186660127137
pre,2.989784,50.6,0.8668497160115932,0.7839731105717374
pre,2.989784,50.650000000000006,0.8734965725471675,0.7896326585510877
pre,2.989784,50.7,0.8782892685744155,0.7976812287414049
pre,2.989784,50.75,0.8813611419485345,0.8078893025674149
pre,2.989784,50.8,0.8828725920252715,0.8196469056977846
pre,2.989784,50.85,0.8829957848535042,0.8320445098323184
pre,2.989784,50.900000000000006,0.8819055400919101,0.8441454098344296
pre,2.989784,50.95,0.8797700143933501,0.8549936111271689
pre,2.989784,51.0,0.8767418804154542,0.8640840021742225
pre,2.989784,51.05,0.8729573359695816,0.8712341854882121
pre,2.989784,51.1,0.8685393896110556,0.876531808575096
pre,2.989784,51.150000000000006,0.8636035274006452,0.8800657813080283
pre,2.989784,51.2,0.8582628270140129,0.8820544930348208
pre,2.989784,51.25,0.8526306759230042,0.882624085481854
pre,2.989784,51.3,0.8468216360563761,0.8819760312134836
pre,2.989784,51.35,0.8409519801088392,0.8802678332551672
pre,2.989784,51.400000000000006,0.8351412295374943,0.8776498357009266
pre,2.989784,51.45,0.829515419808248,0.8742613616406365
pre,2.989784,51.5,0.8242123211765243,0.8702245663610579
pre,2.989784,51.55,0.819388456669656,0.8656509399513203
pre,2.989784,51.6,0.8152272088589542,0.8606511745477499
pre,2.989784,51.650000000000006,0.8119462303535171,0.8553403875386897
pre,2.989784,51.7,0.8098003951965937,0.8498384747007913
pre,2.989784,51.75,0.8090739898136234,0.8442694953249449
pre,2.989784,51.8,0.8100538205025742,0.838763131286843
pre,2.989784,51.85,0.8129761766017516,0.833458706131302
pre,2.989784,51.900000000000006,0.8179493989812308,0.8285108778756509
pre,2.989784,51.95,0.8248686397895055,0.8240950575884006
pre,2.989784,52.0,0.8333594348294644,0.8204101409616258
pre,2.989784,52.05,0.8427864658025873,0.8176817148088571
pre,2.989784,52.1,0.8523581635591096,0.8161688649231531
pre,2.989784,52.150000000000006,0.8612962896310428,0.8161484767413335
pre,2.989784,52.2,0.8690040262333502,0.8178619625266155
pre,2.989784,52.25,0.8751482059619927,0.821446211219704
pre,2.989784,52.3,0.8796213471655424,0.8269056762490657
pre,2.989784,52.35,0.8824563896108248,0.8340062302173423
pre,2.989784,52.400000000000006,0.8837540386861459,0.8422601438767414
pre,2.989784,52.45,0.8836482862036968,0.8510023627832104
pre,2.989784,52.5,0.8822916485172764,0.8595128418888606
pre,2.989784,52.55,0.8798431532067517,0.867157926140233
pre,2.989784,52.6,0.8764579566284949,0.8734847442181779
pre,2.989784,52.650000000000006,0.8722804376559913,0.8782915040848104
pre,2.989784,52.7,0.8674419182373144,0.8815471403668029
pre,2.989784,52.75,0.8620623164430472,0.8832858445668357
pre,2.989784,52.8,0.8562529998021078,0.8836094756659418
pre,2.989784,52.85,0.8501186589247287,0.8826612387134531
pre,2.989784,52.900000000000006,0.843757614420315,0.8805810834107147
pre,2.989784,52.95,0.837261089476111,0.8775173516338372
pre,2.989784,53.0,0.8307122599946344,0.8736135313516479
pre,2.989784,53.05,0.8241856325719376,0.8690056662874869
pre,2.989784,53.1,0.8177469359801235,0.8638197167590368
pre,2.989784,53.150000000000006,0.8114535007043399,0.8581734048076898
pre,2.989784,53.2,0.8053550574794258,0.8521785505446563
pre,2.989784,53.25,0.7994949365149906,0.8459402573068745
pre,2.989784,53.3,0.7939117282021846,0.8395553930856444
pre,2.989784,53.35,0.7886415286645286,0.8331128236133506
pre,2.989784,53.400000000000006,0.7837209680484514,0.8266950533041117
pre,2.989784,53.45,0.7791913292850174,0.8203802208833592
pre,2.989784,53.5,0.7751041177415777,0.8142442682446985
pre,2.989784,53.55,0.7715285338936524,0.8083635630854368
pre,2.989784,53.6,0.7685611382171215,0.8028185095965016
pre,2.989784,53.650000000000006,0.7663375300490739,0.7976988695141193
pre,2.989784,53.7,0.7650446897379986,0.7931115163446903
pre,2.989784,53.75,0.7649301738030132,0.7891913242113195
pre,2.989784,53.8,0.7663005167727535,0.7861153960070776
pre,2.989784,53.85,0.7694971055799923,0.784117549045798
pre,2.989784,53.900000000000006,0.7748368968213458,0.7834905112837734
pre,2.989784,53.95,0.7825143517231314,0.7845612880965894
pre,2.989784,54.0,0.7924813425653414,0.7876493030065903
pre,2.989784,54.05,0.8043476965633869,0.7930259052647215
pre,2.989784,54.1,0.8173718694465127,0.8007731346898911
pre,2.989784,54.150000000000006,0.8305712319298448,0.8106618282128553
pre,2.989784,54.2,0.8429633116791665,0.8220906347547298
pre,2.989784,54.25,0.8538148166925489,0.8341776105907954
pre,2.989784,54.3,0.862771092176997,0.8459762636345015
pre,2.989784,54.35,0.8697936825444972,0.856547316936033
pre,2.989784,54.400000000000006,0.8750017247958888,0.8653866604710501
pre,2.989784,54.45,0.8785617579716826,0.872309470397057
pre,2.989784,54.5,0.880646623682655,0.8773956508565169
pre,2.989784,54.55,0.8814271096099362,0.8807201294366155
pre,2.989784,54.6,0.8810668933677374,0.8825045197286823
pre,2.989784,54.650000000000006,0.8797157521370005,0.8828663047610086
pre,2.989784,54.7,0.8775053140616821,0.8820048584992287
pre,2.989784,54.75,0.8745524262817977,0.880085711202584
pre,2.989784,54.8,0.8709665989279584,0.8772605310262392
pre,2.989784,54.85,0.8668564982537326,0.8736688737709313
pre,2.989784,54.900000000000006,0.8623348555838353,0.8694338106465336
pre,2.989784,54.95,0.857520655796171,0.864667834025286
pre,2.989784,55.0,0.8525397326496672,0.8594821528042
pre,2.989784,55.05,0.8475253988071115,0.853991167023977
pre,2.989784,55.1,0.8426201946406922,0.8483122675625981
pre,2.989784,55.150000000000006,0.8379790295431525,0.842565133315895
pre,2.989784,55.2,0.8337732460360964,0.8368733807839899
pre,2.989784,55.25,0.8301943657229409,0.8313687742294893
pre,2.989784,55.3,0.8274552740378267,0.8261971528327753
pre,2.989784,55.35,0.825785324845403,0.821524598066436
pre,2.989784,55.400000000000006,0.8254146835527773,0.8175418141798233
pre,2.989784,55.45,0.8265438315521947,0.8144684935770165
pre,2.989784,55.5,0.8292972201632526,0.8125618306205594
pre,2.989784,55.55,0.8336686812124068,0.8121095172274903
pre,2.989784,55.6,0.8394744283346359,0.8133838401563515
pre,2.989784,55.650000000000006,0.8463385464599564,0.8165759788025985
pre,2.989784,55.7,0.8537300113298928,0.8217594343326118
pre,2.989784,55.75,0.8610494021619711,0.8287775964167187
pre,2.989784,55.8,0.8677448904388801,0.8371963630769215
pre,2.989784,55.85,0.8734021492756848,0.846357951982976
pre,2.989784,55.900000000000006,0.8777768820750528,0.8555009883963557
pre,2.989784,55.95,0.8807731935358903,0.8639060077683985
pre,2.989784,56.0,0.8823956611426264,0.871036285285785
pre,2.989784,56.05,0.8827106468135139,0.876616834159759
pre,2.989784,56.1,0.8818216325891427,0.8805673692339924
pre,2.989784,56.150000000000006,0.8798541299488795,0.8829417361890903
pre,2.989784,56.2,0.87694414879267,0.8838172448773493
pre,2.989784,56.25,0.8732291782206643,0.8833500927747531
pre,2.989784,56.3,0.868842539814902,0.8816785284928342
pre,2.989784,56.35,0.8639113209861661,0.8789593406290337
pre,2.989784,56.400000000000006,0.858556893571742,0.8753424517549251
pre,2.989784,56.45,0.8528965536663128,0.8709682141520847
pre,2.989784,56.5,0.8470453160280271,0.8659656000540401
pre,2.989784,56.55,0.8411177189351615,0.8604532337359703
pre,2.989784,56.6,0.8352300947970935,0.854543220170415
pre,2.989784,56.650000000000006,0.829503938193241,0.8483415997208711
pre,2.989784,56.7,0.8240708692119545,0.8419462372225137
pre,2.989784,56.75,0.819079375158165,0.8354456300923716
pre,2.989784,56.8,0.8147029769074641,0.8289194486222887
pre,2.989784,56.85,0.8111484853164145,0.822439628267136
pre,2.989784,56.900000000000006,0.8086612596709417,0.8160712897039754
pre,2.989784,56.95,0.807521705448123,0.8098735288451813
pre,2.989784,57.0,0.8080249990958577,0.8039004086317011
pre,2.989784,57.05,0.8104354840511668,0.7982026582640929
pre,2.989784,57.1,0.8149135749691656,0.7928305346292074
pre,2.989784,57.150000000000006,0.821427297678213,0.7878381512061616
pre,2.989784,57.2,0.8296799599404207,0.7832895088345111
pre,2.989784,57.25,0.8390967063058163,0.7792665120105906
pre,2.989784,57.3,0.8488984525652249,0.7758793315820329
pre,2.989784,57.35,0.858268204663794,0.7732791457210743
pre,2.989784,57.400000000000006,0.866530351442591,0.7716713537400556
pre,2.989784,57.45,0.8732702140093052,0.7713222497305829
pre,2.989784,57.5,0.8783273259077906,0.7725485182541468
pre,2.989784,57.55,0.8817082163029362,0.7756837728052962
pre,2.989784,57.6,0.8835038280847293,0.7810372681725829
pre,2.989784,57.650000000000006,0.8838438247599345,0.7887786082687773
pre,2.989784,57.7,0.882879325880687,0.7988060125448097
pre,2.989784,57.75,0.8807709199728623,0.8106443842703211
pre,2.989784,57.8,0.877677077004154,0.8234292165842179
pre,2.989784,57.85,0.8737462394472878,0.8362082779227943
pre,2.989784,57.900000000000006,0.8691136812254652,0.8480323535434657
pre,2.989784,57.95,0.8639023297659245,0.8582005032905656
pre,2.989784,58.0,0.8582257248312902,0.8664471998170952
pre,2.989784,58.05,0.8521904621735945,0.8727741847857419
pre,2.989784,58.1,0.8458970055551593,0.8773025049758278
pre,2.989784,58.150000000000006,0.8394391670783026,0.8802284452875694
pre,2.989784,58.2,0.8329031181192683,0.881681914120258
pre,2.989784,58.25,0.8263666243447255,0.8818686430720961
pre,2.989784,58.3,0.8198988042426004,0.8809397695121244
pre,2.989784,58.35,0.8135604327830367,0.8790410887425741
pre,2.989784,58.400000000000006,0.807404726046635,0.8763173227970065
pre,2.989784,58.45,0.8014785815888996,0.8728948555554729
pre,2.989784,58.5,0.7958243302478526,0.868885699243226
pre,2.989784,58.55,0.7904821393111638,0.8643981624846043
pre,2.989784,58.6,0.7854933112314271,0.8595450510329065
pre,2.989784,58.650000000000006,0.7809047858711493,0.8544464991621672
pre,2.989784,58.7,0.7767751839206736,0.8492297170039577
pre,2.989784,58.75,0.7731829006462737,0.8440291663582651
pre,2.989784,58.8,0.7702364618184485,0.8389889315551126
pre,2.989784,58.85,0.7680866730136648,0.8342669666255945
pre,2.989784,58.900000000000006,0.7669386716304443,0.830039406371681
pre,2.989784,58.95,0.767059113029185,0.8265016898807745
pre,2.989784,59.0,0.7687695198074744,0.8238685495862474
pre,2.989784,59.05,0.7724132619875276,0.8223792457408058
pre,2.989784,59.1,0.7782847392708341,0.8222867996236835
pre,2.989784,59.150000000000006,0.7865209729564883,0.8238080379493158
pre,2.989784,59.2,0.796982910569022,0.8270457896570046
pre,2.989784,59.25,0.8091728485126509,0.8319761064823623
pre,2.989784,59.3,0.8222594503508305,0.8383847245868918
pre,2.989784,59.35,0.8352280530652348,0.8458335904552022
pre,2.989784,59.400000000000006,0.8471425676943652,0.8537263077385764
pre,2.989784,59.45,0.8573723747647131,0.8614202920056164
pre,2.989784,59.5,0.8656667256842111,0.8683475261237473
pre,2.989784,59.55,0.8720485991337685,0.8740945591173697
pre,2.989784,59.6,0.8766578572353202,0.8784490855307163
pre,2.989784,59.650000000000006,0.8796645668138225,0.8813599630955428
pre,2.989784,59.7,0.8812427683719493,0.8828581924467631
pre,2.989784,59.75,0.88156319418537,0.8830153129760749
pre,2.989784,59.8,0.8807875545436962,0.8819603266628487
pre,2.989784,59.85,0.8790624282252312,0.8798242062029515
pre,2.989784,59.900000000000006,0.8765165616851645,0.8767425718105271
pre,2.989784,59.95,0.873265372974504,0.8728521192321443
pre,2.989784,60.0,0.8694186113607856,0.86828647303343
pre,2.989784,60.05,0.8650865769702633,0.8631726478187236
pre,2.989784,60.1,0.8603841705406735,0.8576316635858484
pre,2.989784,60.150000000000006,0.855432487026657,0.8517797690577869
pre,2.989784,60.2,0.8503593420146996,0.845728032145181
pre,2.989784,60.25,0.8453002543318638,0.839582506599361
pre,2.989784,60.3,0.8404007462681068,0.833446552928186
pre,2.989784,60.35,0.8358200272847465,0.8274247305516015
pre,2.989784,60.400000000000006,0.8317353872509322,0.8216276560059812
pre,2.989784,60.45,0.8283457915363904,0.8161777360133704
pre,2.989784,60.5,0.8258720525676937,0.8112154675041401
pre,2.989784,60.55,0.8245495083939409,0.8069064902628624
pre,2.989784,60.6,0.8246083158726077,0.8034512772823936
pre,2.989784,60.650000000000006,0.8262375354305461,0.8010986176526383
pre,2.989784,60.7,0.8295337846249821,0.8001475657726033
pre,2.989784,60.75,0.8344446104073299,0.8009112490220005
pre,2.989784,60.8,0.8407266175977643,0.8036632732715785
pre,2.989784,60.85,0.8479435214922817,0.8085985797294779
pre,2.989784,60.900000000000006,0.8555207094468198,0.8157084762875824
pre,2.989784,60.95,0.8628464803280369,0.824676987445231
pre,2.989784,61.0,0.8693916360308364,0.8348759976064728
pre,2.989784,61.05,0.8747858309058719,0.845481783369902
pre,2.989784,61.1,0.8788324655368581,0.8555988626753757
pre,2.989784,61.150000000000006,0.8814729042111374,0.864503973843129
pre,2.989784,61.2,0.882736565576217,0.8717609600826878
pre,2.989784,61.25,0.8827057954677741,0.8772461385776266
pre,2.989784,61.3,0.8814944166225188,0.8810159841427229
pre,2.989784,61.35,0.8792342328941853,0.8831184676841727
pre,2.989784,61.400000000000006,0.8760640433845849,0.8837515997467431
pre,2.989784,61.45,0.8721215478800447,0.8830384762520104
pre,2.989784,61.5,0.8675386968461898,0.8811575873110128
pre,2.989784,61.55,0.8624406173084282,0.8782774317130215
pre,2.989784,61.6,0.8569466659833843,0.874547787794527
pre,2.989784,61.650000000000006,0.8511721681194314,0.8701046714426208
pre,2.989784,61.7,0.8452300787208772,0.8650698676986706
pre,2.989784,61.75,0.8392326434241231,0.8595565342491385
pre,2.989784,61.8,0.833293628270024,0.8536743640183753
pre,2.989784,61.85,0.8275317601608138,0.8475294801052787
pre,2.989784,61.900000000000006,0.8220758491711988,0.8412222013910746
pre,2.989784,61.95,0.8170717659326887,0.8348463407497422
pre,2.989784,62.0,0.8126909430551593,0.8284905477444675
pre,2.989784,62.05,0.8091391107013918,0.8222406561896254
pre,2.989784,62.1,0.8066621778924635,0.816182593373165
pre,2.989784,62.150000000000006,0.8055434256289543,0.8104059927734071
pre,2.989784,62.2,0.8060837020575371,0.8050089179256563
pre,2.989784,62.25,0.8085555570406551,0.8001043595881895
pre,2.989784,62.3,0.8131286324321341,0.7958293607257974
pre,2.989784,62.35,0.8197779657657998,0.7923577509231858
pre,2.989784,62.400000000000006,0.8282080586533893,0.7899154554829669
pre,2.989784,62.45,0.8378357056051039,0.7887875604340715
pre,2.989784,62.5,0.8478650652805191,0.789296871644833
pre,2.989784,62.55,0.8574583474635861,0.7917603395203896
pre,2.989784,62.6,0.8659218360769698,0.7964501645321821
pre,2.989784,62.650000000000006,0.8728339374619954,0.8034821633515885
pre,2.989784,62.7,0.878034487249577,0.8126781935972156
pre,2.989784,62.75,0.8815356858954861,0.8234985631357933
pre,2.989784,62.8,0.8834337310134415,0.8351226161544212
pre,2.989784,62.85,0.883862389312402,0.8466096798067042
pre,2.989784,62.900000000000006,0.8829755280207129,0.8570238073385517
pre,2.989784,62.95,0.8809358112188866,0.8658044497878711
pre,2.989784,63.0,0.8779032089188467,0.8727118989028982
pre,2.989784,63.05,0.874027198781696,0.8777872876536711
pre,2.989784,63.1,0.8694434668150535,0.8810957186455284
pre,2.989784,63.150000000000006,0.864275028238544,0.8828489908841582
pre,2.989784,63.2,0.858635535725946,0.8831593832857897
pre,2.989784,63.25,0.852631949419066,0.8822137862969672
pre,2.989784,63.3,0.846365443517646,0.8801894661483503
pre,2.989784,63.35,0.8399309176778463,0.8772415354036143
pre,2.989784,63.400000000000006,0.8334160490693328,0.8735119946353317
pre,2.989784,63.45,0.8269006216833065,0.8691269743166182
pre,2.989784,63.5,0.820456468855117,0.864200745593074
pre,2.989784,63.55,0.8141480768823393,0.85884440873814
pre,2.989784,63.6,0.8080338360694377,0.8531702173511133
pre,2.989784,63.650000000000006,0.8021679840088253,0.8472910225080569
pre,2.989784,63.7,0.796603395666333,0.8413191161056423
pre,2.989784,63.75,0.791395496028618,0.8353674130984671
pre,2.989784,63.8,0.7866076296323579,0.8295531083360526
pre,2.989784,63.85,0.7823183378163296,0.8240030488066937
pre,2.989784,63.900000000000006,0.7786308318901155,0.8188601129734214
pre,2.989784,63.95,0.7756846452143168,0.8142894440934221
pre,2.989784,64.0,0.77366819075299,0.8104844788371631
pre,2.989784,64.05,0.7728286810260274,0.8076760493165539
pre,2.989784,64.10000000000001,0.7734721347091789,0.8061414834074692
pre,2.989784,64.15,0.7759417701070568,0.8061847694489999
pre,2.989784,64.2,0.7805620127582051,0.8080839757281941
pre,2.989784,64.25,0.787542883872395,0.8120376458615305
pre,2.989784,64.3,0.7968594834789464,0.818101316474301
pre,2.989784,64.35000000000001,0.80814879870691,0.8260534900012683
pre,2.989784,64.4,0.8206888833214959,0.8353729789825491
pre,2.989784,64.45,0.8335030390770002,0.8453201294208166
pre,2.989784,64.5,0.8455909643129508,0.8550591219097188
pre,2.989784,64.55,0.8561875828142049,0.8638428798799567
pre,2.989784,64.60000000000001,0.8649019898456041,0.8711625951443406
pre,2.989784,64.65,0.8716720050632751,0.8768007419309668
pre,2.989784,64.7,0.8766047097445007,0.8807521830708769
pre,2.989784,64.75,0.8798623725743474,0.8830548932844718
pre,2.989784,64.8,0.8816183541332656,0.8838625263147399
pre,2.989784,64.85000000000001,0.882047460804643,0.8833138326409716
pre,2.989784,64.9,0.8813196128151836,0.8815624588319323
pre,2.989784,64.95,0.8795925476121681,0.8787763106555116
pre,2.989784,65.0,0.8770065354456764,0.8751074262094066
pre,2.989784,65.05,0.8736854746646726,0.8706952364122346
pre,2.989784,65.10000000000001,0.8697439559283482,0.8656656144512348
pre,2.989784,65.15,0.865293854104364,0.8601340298894617
pre,2.989784,65.2,0.8604493049773908,0.854210422684736
pre,2.989784,65.25,0.8553291027812001,0.8479995057126519
pre,2.989784,65.3,0.8500575288903682,0.8415983125631439
pre,2.989784,65.35000000000001,0.8447652364143111,0.8350947562029991
pre,2.989784,65.4,0.8395913539082437,0.8285679780798073
pre,2.989784,65.45,0.8346872012584183,0.8220892970681946
pre,2.989784,65.5,0.8302212888627863,0.8157230252545643
pre,2.989784,65.55,0.8263845172778961,0.809527168780697
pre,2.989784,65.60000000000001,0.8233934439464395,0.8035543334307261
pre,2.989784,65.65,0.8214879756339306,0.7978533159099714
pre,2.989784,65.7,0.8209181790641661,0.7924717980510745
pre,2.989784,65.75,0.8219148256932045,0.7874604140191833
pre,2.989784,65.8,0.8246405295568644,0.7828783915727173
pre,2.989784,65.85000000000001,0.8291277042387554,0.7788010243824931
pre,2.989784,65.9,0.835219426720482,0.7753293452714247
pre,2.989784,65.95,0.8425412751491398,0.7726022044271028
pre,2.989784,66.0,0.8505312558558665,0.7708095852045654
pre,2.989784,66.05,0.8585305660790746,0.7702018155133808
pre,2.989784,66.10000000000001,0.8659169957839717,0.7710845239179546
pre,2.989784,66.15,0.8722180221115107,0.7737912042507517
pre,2.989784,66.2,0.8771561059011656,0.7786420591668021
pre,2.989784,66.25,0.8806261309805696,0.7858566528090778
pre,2.989784,66.3,0.8826360412098883,0.7954112048748609
pre,2.989784,66.35000000000001,0.8832593966069472,0.806929184555528
pre,2.989784,66.4,0.8826079195584918,0.8196337240290186
pre,2.989784,66.45,0.880814429904686,0.8325497248266249
pre,2.989784,66.5,0.8780220441854919,0.8447545874951488
pre,2.989784,66.55,0.8743738162140338,0.8554100643256094
pre,2.989784,66.60000000000001,0.8700066381647795,0.8641969615632813
pre,2.989784,66.65,0.8650488223896988,0.8710397253712548
pre,2.989784,66.7,0.8596207156791642,0.8760610373270542
pre,2.989784,66.75,0.8538364218100933,0.8794229081618604
pre,2.989784,66.8,0.8478053270346846,0.8812803905281241
pre,2.989784,66.85000000000001,0.8416331165010936,0.8818251123979518
pre,2.989784,66.9,0.835422730724343,0.8812202506166834
pre,2.989784,66.95,0.829275951953594,0.8796076562896269
pre,2.989784,67.0,0.8232962159903203,0.877134881495931
pre,2.989784,67.05,0.8175930792197986,0.8739328301849097
pre,2.989784,67.10000000000001,0.8122886292773471,0.8701158393181274
pre,2.989784,67.15,0.8075259017358906,0.8657919071643342
pre,2.989784,67.2,0.8034789732130639,0.8610720858491305
pre,2.989784,67.25,0.8003628007888449,0.8560747063258977
pre,2.989784,67.3,0.7984392257454248,0.8509256422973484
pre,2.989784,67.35000000000001,0.798011855653543,0.8457580980935597
pre,2.989784,67.4,0.7993993772190978,0.8407142789778426
pre,2.989784,67.45,0.8028777429157902,0.8359490986584248
pre,2.989784,67.5,0.8085910637270471,0.8316345177970067
pre,2.989784,67.55,0.8164487786122276,0.827961318043932
pre,2.989784,67.60000000000001,0.8260509466404838,0.8251382870388432
pre,2.989784,67.65,0.836691620431606,0.8233964534329204
pre,2.989784,67.7,0.8474766883249779,0.8229853137440966
pre,2.989784,67.75,0.8575254723136275,0.824131799443286
pre,2.989784,67.8,0.8661832754838528,0.8269634414667918
pre,2.989784,67.85000000000001,0.8731073477005985,0.8314786400785859
pre,2.989784,67.9,0.8782227501419303,0.8375124382433489
pre,2.989784,67.95,0.8815986468327053,0.8446778119206969
pre,2.989784,68.0,0.8833636621017127,0.852412948870218
pre,2.989784,68.05,0.8836715161008365,0.860085719213242
pre,2.989784,68.10000000000001,0.8826890884353332,0.8671136911891373
pre,2.989784,68.15,0.8805854065669143,0.8730479040800796
pre,2.989784,68.2,0.877521458609354,0.8776460327443014
pre,2.989784,68.25,0.8736435623682682,0.8808105633700711
pre,2.989784,68.3,0.8690832386851776,0.8825719541082382
pre,2.989784,68.35000000000001,0.8639603094936165,0.8829824212637052
pre,2.989784,68.4,0.8583872485487162,0.8821626768686643
pre,2.989784,68.45,0.8524721146051422,0.8802418998367075
pre,2.989784,68.5,0.8463194494372652,0.8773532134433182
pre,2.989784,68.55,0.840030005936739,0.8736322323579289
pre,2.989784,68.60000000000001,0.8337005148158878,0.8692131078604067
pre,2.989784,68.65,0.8274243441839897,0.8642243583863513
pre,2.989784,68.7,0.8212934771045065,0.8587885700766609
pre,2.989784,68.75,0.8154020242328913,0.8530237269280903
pre,2.989784,68.8,0.8098514851968027,0.8470430989270393
pre,2.989784,68.85000000000001,0.8047579968209484,0.8409553193570424
pre,2.989784,68.9,0.8002617124191754,0.8348665631196099
pre,2.989784,68.95,0.7965377360117883,0.8288845106089803
pre,2.989784,69.0,0.7938067287608767,0.8231233935489233
pre,2.989784,69.05,0.7923407175821072,0.8177099434689478
pre,2.989784,69.10000000000001,0.7924558272244476,0.8127897510100175
pre,2.989784,69.15,0.7944805503973976,0.8085339721068951
pre,2.989784,69.2,0.7986895667277604,0.805148431937482
pre,2.989784,69.25,0.805204940663973,0.8028865351517601
pre,2.989784,69.3,0.8138874218385459,0.8020489233827338
pre,2.989784,69.35000000000001,0.8242661460196098,0.8029438106428018
pre,2.989784,69.4,0.8355581286112098,0.8058318607161777
pre,2.989784,69.45,0.8468144467305123,0.8108868853538558
pre,2.989784,69.5,0.8571435617584168,0.8180670729817728
pre,2.989784,69.55,0.8659279276546219,0.8270234435858485
pre,2.989784,69.60000000000001,0.8728843608174535,0.8371100508876909
pre,2.989784,69.65,0.8779896985295699,0.847502657969333
pre,2.989784,69.7,0.8813446991954382,0.8573297624442828
pre,2.989784,69.75,0.8830948410187345,0.8659138968746528
pre,2.989784,69.8,0.8834041640405085,0.8728491298919883
pre,2.989784,69.85000000000001,0.8824449703863753,0.8780324019598249
pre,2.989784,69.9,0.880388004704632,0.8815216260617325
pre,2.989784,69.95,0.8773925102221467,0.8833734495190874
pre,2.989784,70.0,0.8736014949094832,0.8837767204223924
pre,2.989784,70.05,0.8691432974731262,0.8828592491405404
pre,2.989784,70.10000000000001,0.8641359433437913,0.8807975650743921
pre,2.989784,70.15,0.8586921410181372,0.8777567626108012
pre,2.989784,70.2,0.8529223807530217,0.8738848219883709
pre,2.989784,70.25,0.846935945941917,0.869316170595629
pre,2.989784,70.3,0.8408410364082856,0.8641715860258613
pre,2.989784,70.35000000000001,0.8347453597560299,0.8585638929725241
pre,2.989784,70.4,0.8287580814457457,0.8526021791207401
pre,2.989784,70.45,0.82299356562939,0.8463909880899453
pre,2.989784,70.5,0.817577086141708,0.8400280803697677
pre,2.989784,70.55,0.8126525074904263,0.8336039596625899
pre,2.989784,70.60000000000001,0.8083915281295464,0.8272031861911078
pre,2.989784,70.65,0.8050031097137306,0.8209063852611603
pre,2.989784,70.7,0.8027396114053976,0.8147926126351708
pre,2.989784,70.75,0.8018934166325822,0.8089422858317749
pre,2.989784,70.8,0.8027747240856892,0.8034411743219355
pre,2.989784,70.85000000000001,0.8056610142057139,0.7983861455931051
pre,2.989784,70.9,0.8107160497392641,0.7938934204887511
pre,2.989784,70.95,0.8178922976093349,0.7901101191442069
pre,2.989784,71.0,0.8268541499451683,0.7872290861326435
pre,2.989784,71.05,0.8369658526946182,0.7855020959392656
pre,2.989784,71.10000000000001,0.8473850119987274,0.785235470885771
pre,2.989784,71.15,0.8572461376949057,0.7867579171320315
pre,2.989784,71.2,0.865861345657642,0.7903777102356101
pre,2.989784,71.25,0.8728381591306991,0.7963288829318008
pre,2.989784,71.3,0.8780498956294428,0.8046122701828734
pre,2.989784,71.35000000000001,0.8815355500831132,0.8148912750123426
pre,2.989784,71.4,0.8834070817901384,0.8264748904968084
pre,2.989784,71.45,0.8838084177371895,0.8384507209825791
pre,2.989784,71.5,0.882899819361523,0.8498580089039357
pre,2.989784,71.55,0.88084732640522,0.8598578812842659
pre,2.989784,71.60000000000001,0.8778124502793876,0.868053036517957
pre,2.989784,71.65,0.8739440972388185,0.8743435550466003
pre,2.989784,71.7,0.8693763862169482,0.8788274953712591
pre,2.989784,71.75,0.8642309688314143,0.8816155923721065
pre,2.989784,71.8,0.8586209137022456,0.8828940100699341
pre,2.989784,71.85000000000001,0.8526535014975298,0.8828051276258035
pre,2.989784,71.9,0.8464311458305497,0.8815424586731616
pre,2.989784,71.95,0.8400509684436533,0.8792674440416537
pre,2.989784,72.0,0.8336040888342205,0.8761293293693441
pre,2.989784,72.05,0.8271754411709934,0.8722632102193707
pre,2.989784,72.10000000000001,0.8208444999267768,0.8677885435105576
pre,2.989784,72.15,0.8146870492812924,0.8628169462975566
pre,2.989784,72.2,0.8087781137650073,0.8574603322122604
pre,2.989784,72.25,0.8031962743325709,0.8518334255903648
pre,2.989784,72.3,0.7980297091806294,0.8460528112801555
pre,2.989784,72.35000000000001,0.7933843124536236,0.8402367300157301
pre,2.989784,72.4,0.7893940468680568,0.8345075445787246
pre,2.989784,72.45,0.786232877822996,0.8289965159429281
pre,2.989784,72.5,0.7841260802824257,0.8238500182856824
pre,2.989784,72.55,0.7833556519895268,0.8192356585717142
pre,2.989784,72.60000000000001,0.7842504293070651,0.8153468638739904
pre,2.989784,72.65,0.7871479953866445,0.8124087545609675
pre,2.989784,72.7,0.7923192974506369,0.8106871126863541
pre,2.989784,72.75,0.7998593962445619,0.8104754003791369
pre,2.989784,72.8,0.8095729145833347,0.812044473062202
pre,2.989784,72.85000000000001,0.8209108174360774,0.8155801151333768
pre,2.989784,72.9,0.8330106251901764,0.8211414854573511
pre,2.989784,72.95,0.844871100363534,0.8285346026679083
pre,2.989784,73.0,0.8556034792480927,0.8372828167357346
pre,2.989784,73.05,0.864636114011002,0.8466937859550642
pre,2.989784,73.10000000000001,0.8717573865295631,0.8559826712254315
pre,2.989784,73.15,0.8769958001557489,0.864430582588594
pre,2.989784,73.2,0.8804839914553798,0.8715205655297963
pre,2.989784,73.25,0.8823834478333645,0.8770106559733409
pre,2.989784,73.3,0.8828667350629249,0.8808563740552564
pre,2.989784,73.35000000000001,0.8821090698150987,0.8831036378380025
pre,2.989784,73.4,0.8802798905001619,0.8838620137342986
pre,2.989784,73.45,0.8775338876672042,0.8832821495882672
pre,2.989784,73.5,0.8740081959695871,0.8815071910733997
pre,2.989784,73.55,0.8698264246433755,0.8786976077795363
pre,2.989784,73.60000000000001,0.8651043385123847,0.8750035721718049
pre,2.989784,73.65,0.8599554579179085,0.8705646216865219
pre,2.989784,73.7,0.8544943420842631,0.8655080737406498
pre,2.989784,73.75,0.848837796761112,0.8599510294341978
pre,2.989784,73.8,0.8431054981329379,0.8540044098768148
pre,2.989784,73.85000000000001,0.8374214705459536,0.8477730706835874
pre,2.989784,73.9,0.8319172405110252,0.8413535037140254
pre,2.989784,73.95,0.8267368943102958,0.8348326171647531
pre,2.989784,74.0,0.8220437701488776,0.8282881816466
pre,2.989784,74.05,0.8180278656643234,0.8217897048323649
pre,2.989784,74.10000000000001,0.8149118927132024,0.8153990418582548
pre,2.989784,74.15,0.8129519336520423,0.8091707775728895
pre,2.989784,74.2,0.8124263276623174,0.8031526863335677
pre,2.989784,74.25,0.8136052058135503,0.7973867045404744
pre,2.989784,74.3,0.816695186834857,0.7919107452070298
pre,2.989784,74.35000000000001,0.8217637648493471,0.7867614964688285
pre,2.989784,74.4,0.8286622056831575,0.7819782503407217
pre,2.989784,74.45,0.8369829030936008,0.7776078600979862
pre,2.989784,74.5,0.8460843199644099,0.7737110968003263
pre,2.989784,74.55,0.8552013245482744,0.7703708452488288
pre,2.989784,74.60000000000001,0.8636109736585255,0.7677025417894985
pre,2.989784,74.65,0.8707760106671126,0.7658665459874296
pre,2.989784,74.7,0.8764067818010869,0.7650797131464259
pre,2.989784,74.75,0.8804157191008161,0.7656190596007031
pre,2.989784,74.8,0.8828387236106834,0.7678075552219427
pre,2.989784,74.85000000000001,0.8837740236726523,0.7719745071775664
pre,2.989784,74.9,0.8833528495400041,0.7784037520131099
pre,2.989784,74.95,0.881724195547454,0.787197891249319
pre,2.989784,75.0,0.8790434829037487,0.7981624921164143
pre,2.989784,75.05,0.8754618444847517,0.8107168356064964
pre,2.989784,75.10000000000001,0.8711203542847901,0.8239022699205053
pre,2.989784,75.15,0.8661481188697823,0.8367944940628012
pre,2.989784,75.2,0.8606637674671598,0.8484473071679236
pre,2.989784,75.25,0.8547778410221255,0.8583569177102224
pre,2.989784,75.3,0.8485942784399996,0.866327101857233
pre,2.989784,75.35000000000001,0.8422105851943774,0.8724285281795734
pre,2.989784,75.4,0.8357172239877086,0.876778045491032
pre,2.989784,75.45,0.8291969657661985,0.8795797694274295
pre,2.989784,75.5,0.8227246857026054,0.8809815814426643
pre,2.989784,75.55,0.8163677877585855,0.881172839760496
pre,2.989784,75.60000000000001,0.8101872913723518,0.8802848954127367
pre,2.989784,75.65,0.8042396193483765,0.87846500919793
pre,2.989784,75.7,0.7985792147930936,0.8758525281314001
pre,2.989784,75.75,0.7932622267815604,0.8725667347522348
pre,2.989784,75.8,0.7883516150055008,0.8687154935065977
pre,2.989784,75.85000000000001,0.7839241243125582,0.8644060833619999
pre,2.989784,75.9,0.7800793637075105,0.8597523104900927
pre,2.989784,75.95,0.7769511397143598,0.8548767081337845
pre,2.989784,76.0,0.774720032851908,0.849910252786314
pre,2.989784,76.05,0.7736240966432334,0.8449926175486768
pre,2.989784,76.10000000000001,0.77396104358954,0.8402743007526317
pre,2.989784,76.15,0.776071071766597,0.835920062251667
pre,2.989784,76.2,0.780286851453317,0.8321112636074011
pre,2.989784,76.25,0.7868439213829113,0.8290444368551926
pre,2.989784,76.3,0.7957615011657093,0.826931826950849
pre,2.989784,76.35000000000001,0.8067349300181719,0.8260050418524788
pre,2.989784,76.4,0.8190937924985151,0.8264924552016584
pre,2.989784,76.45,0.831890753390197,0.8285552825701673
pre,2.989784,76.5,0.8441099263964517,0.8322197536620718
pre,2.989784,76.55,0.8549359163047205,0.8373878974420963
pre,2.989784,76.60000000000001,0.8639180994645621,0.8437771819457391
pre,2.989784,76.65,0.8709504175046336,0.8509182560585447
pre,2.989784,76.7,0.8761236188659152,0.8582340497772334
pre,2.989784,76.75,0.8795943205337065,0.8651511158854861
pre,2.989784,76.80000000000001,0.8815340530849759,0.8711907851361297
pre,2.989784,76.85000000000001,0.8821187627294431,0.8760516109566191
pre,2.989784,76.9,0.8815209572623042,0.8795587426415755
pre,2.989784,76.95,0.8799003826611987,0.881709920068232
pre,2.989784,77.0,0.8774004638010954,0.8825379509634875
pre,2.989784,77.05000000000001,0.8741482109287569,0.882129428180437
pre,2.989784,77.10000000000001,0.8702595092309446,0.8806049065951481
pre,2.989784,77.15,0.8658464746791721,0.8780895651537266
pre,2.989784,77.2,0.8610227948013641,0.8747132108537597
pre,2.989784,77.25,0.8559064227346715,0.8706081505666018
pre,2.989784,77.30000000000001,0.8506205332523334,0.8659045730093422
pre,2.989784,77.35000000000001,0.8452943195081616,0.8607282641170367
pre,2.989784,77.4,0.8400648949853863,0.8552012696681461
pre,2.989784,77.45,0.8350808160509886,0.8494422774590985
pre,2.989784,77.5,0.8305070167603064,0.8435670392074195
pre,2.989784,77.55000000000001,0.8265302260904688,0.8376907505381369
pre,2.989784,77.60000000000001,0.8233629460493989,0.8319324888160832
pre,2.989784,77.65,0.8212426181375432,0.8264209471964015
pre,2.989784,77.7,0.8204208889700579,0.8213009547663506
pre,2.989784,77.75,0.8211372992506382,0.8167395113937658
pre,2.989784,77.80000000000001,0.823573261157525,0.8129309722075158
pre,2.989784,77.85000000000001,0.8277907052468435,0.8101052044254504
pre,2.989784,77.9,0.8336698218398838,0.8085367784874364
pre,2.989784,77.95,0.8408723346431142,0.8085252226368109
pre,2.989784,78.0,0.8488584631710638,0.8103400061645205
pre,2.989784,78.05000000000001,0.8569721390330666,0.8141646610897022
pre,2.989784,78.10000000000001,0.8645679741247068,0.8200467234861457
pre,2.989784,78.15,0.8711371857512527,0.8277669705191693
pre,2.989784,78.2,0.8763679859738164,0.8368162046104051
pre,2.989784,78.25,0.8801289283295186,0.8464741889110727
pre,2.989784,78.30000000000001,0.882414034669923,0.8559339889664642
pre,2.989784,78.35000000000001,0.8832896462142822,0.8644730223178934
pre,2.989784,78.4,0.882862789123616,0.8715883574966573
pre,2.989784,78.45,0.8812652813175188,0.877067766116941
pre,2.989784,78.5,0.8786399372272296,0.8808936539723045
pre,2.989784,78.55000000000001,0.8751308946420613,0.8830980239090526
pre,2.989784,78.60000000000001,0.8708766819185846,0.8838179904055444
pre,2.989784,78.65,0.8660072138668528,0.883198515768544
pre,2.989784,78.7,0.8606440029398819,0.8813894062022462
pre,2.989784,78.75,0.8549018249051777,0.8785544048944689
pre,2.989784,78.80000000000001,0.8488903220926475,0.8748440179926869
pre,2.989784,78.85000000000001,0.8427150318262058,0.87039730374113
pre,2.989784,78.9,0.8364781869632599,0.8653406715074315
pre,2.989784,78.95,0.8302799749880266,0.8597906506171104
pre,2.989784,79.0,0.8242208832449821,0.8538581982881105
pre,2.989784,79.05000000000001,0.8184055840496345,0.8476487798273287
pre,2.989784,79.10000000000001,0.812948680950823,0.8412601599174601
pre,2.989784,79.15,0.8079825013657899,0.8347814392482646
pre,2.989784,79.2,0.8036667398834572,0.8282938664136086
pre,2.989784,79.25,0.8001989994848596,0.8218722390704082
pre,2.989784,79.30000000000001,0.7978230796391023,0.8155863124787055
pre,2.989784,79.35000000000001,0.7968293970004297,0.8095023387661271
pre,2.989784,79.4,0.797537962485433,0.8036851515572415
pre,2.989784,79.45,0.8002530831568886,0.79820140759049
pre,2.989784,79.5,0.8051842749793784,0.7931245764652055
pre,2.989784,79.55000000000001,0.8123433002683111,0.7885421855275503
pre,2.989784,79.60000000000001,0.8214520155563273,0.7845657776732449
pre,2.989784,79.65,0.8319092429812722,0.7813438146237922
pre,2.989784,79.7,0.8428627713915036,0.7790762542202327
pre,2.989784,79.75,0.8533928070388813,0.7780240848135442
pre,2.989784,79.80000000000001,0.8627303219299671,0.7785001919819606
pre,2.989784,79.85000000000001,0.8704139547052407,0.7808372365149044
pre,2.989784,79.9,0.876280617434067,0.7853480223968968
pre,2.989784,79.95,0.880362221240914,0.7922387360421184
pre,2.989784,80.0,0.8827743554391334,0.801458359359108
pre,2.989784,80.05000000000001,0.8836651553390239,0.8125938990548817
pre,2.989784,80.10000000000001,0.8831988863499054,0.8248643084407732
pre,2.989784,80.15,0.8815453987924992,0.8373185464453419
pre,2.989784,80.2,0.8788703716121944,0.8490032131908297
pre,2.989784,80.25,0.875326405185639,0.8591268297570017
pre,2.989784,80.30000000000001,0.8710502312298569,0.8673660697370573
pre,2.989784,80.35000000000001,0.8661654695604099,0.8736781020362263
pre,2.989784,80.4,0.8607870298641506,0.8781755953488334
pre,2.989784,80.45,0.8550248482824266,0.8810284666241377
pre,2.989784,80.5,0.84898559775145,0.8823791122268364
pre,2.989784,80.55000000000001,0.8427727999825236,0.8824138456645885
pre,2.989784,80.60000000000001,0.8364865640953277,0.8813083574852899
pre,2.989784,80.65,0.8302240174797304,0.8792133917638344
pre,2.989784,80.7,0.8240810266186241,0.8762757914025869
pre,2.989784,80.75,0.818155490508708,0.8726265164922699
pre,2.989784,80.80000000000001,0.812552411369036,0.868381206311661
pre,2.989784,80.85000000000001,0.8073909585832378,0.8636497858777108
pre,2.989784,80.9,0.8028135479144376,0.8585448259376813
pre,2.989784,80.95,0.7989965734516232,0.8531843008907819
pre,2.989784,81.0,0.7961606475983471,0.847691083850537
pre,2.989784,81.05000000000001,0.7945761793717315,0.842193081904529
pre,2.989784,81.10000000000001,0.7945562086898615,0.8368258911148084
pre,2.989784,81.15,0.7964255118955149,0.8317376590575186
pre,2.989784,81.2,0.8004556801209397,0.8270948027851562
pre,2.989784,81.25,0.8067691736715463,0.8230858346019848
pre,2.989784,81.30000000000001,0.8152322345139741,0.81992289817893
pre,2.989784,81.35000000000001,0.8253861886584685,0.8178473506690381
pre,2.989784,81.4,0.836465288130376,0.8171291622440897
pre,2.989784,81.45,0.8475347443113727,0.8180294510676476
pre,2.989784,81.5,0.8577149217510036,0.8207315932689029
pre,2.989784,81.55000000000001,0.8663826607049983,0.8252987539824422
pre,2.989784,81.60000000000001,0.8732496753965184,0.8316120006401844
pre,2.989784,81.65,0.8782797702904627,0.8392963298813516
pre,2.989784,81.7,0.881566880445158,0.8477607417232235
pre,2.989784,81.75,0.8832525747313976,0.8563069986764806
pre,2.989784,81.80000000000001,0.8834981300589841,0.8642587512540394
pre,2.989784,81.85000000000001,0.8824737896042223,0.8710848788373629
pre,2.989784,81.9,0.8803493764225003,0.87648685656592
pre,2.989784,81.95,0.8772846860536437,0.8803387881311427
pre,2.989784,82.0,0.8734236709053826,0.8826855103203595
pre,2.989784,82.05000000000001,0.8688951768323766,0.8835702889407583
pre,2.989784,82.10000000000001,0.8638174987918554,0.883134259346096
pre,2.989784,82.15,0.8583030415242339,0.8815128944237914
pre,2.989784,82.2,0.8524612178260165,0.8788506274429286
pre,2.989784,82.25,0.8463993409702204,0.8752918326697553
pre,2.989784,82.30000000000001,0.8402225832315602,0.8709755194464995
pre,2.989784,82.35000000000001,0.8340342939763006,0.8660320957700464
pre,2.989784,82.4,0.8279375465510975,0.8605829311139104
pre,2.989784,82.45,0.8220383419591468,0.854743050211954
pre,2.989784,82.5,0.8164506860775591,0.8486215616991845
pre,2.989784,82.55000000000001,0.8113036803858363,0.8423201977925722
pre,2.989784,82.60000000000001,0.8067504840862312,0.8359330241704033
pre,2.989784,82.65,0.8029785712050022,0.8295480065117948
pre,2.989784,82.7,0.8002186632110646,0.8232493880902015
pre,2.989784,82.75,0.7987477987399487,0.8171204022020796
pre,2.989784,82.80000000000001,0.798878044944922,0.8112465034465647
pre,2.989784,82.85000000000001,0.8009203345755626,0.8057195244180242
pre,2.989784,82.9,0.8051149036122692,0.8006434375533152
pre,2.989784,82.95,0.8115362571036387,0.7961425482287343
pre,2.989784,83.0,0.8199936475350956,0.7923730599816047
pre,2.989784,83.05000000000001,0.8299796150174178,0.7895380851730627
pre,2.989784,83.10000000000001,0.8407100750841419,0.787900034779211
pre,2.989784,83.15,0.8512739910025229,0.7877716790932691
pre,2.989784,83.2,0.860854336865038,0.7894786971070525
pre,2.989784,83.25,0.8688984846465383,0.7933172516348183
pre,2.989784,83.30000000000001,0.8751682476808625,0.7994910437002812
pre,2.989784,83.35000000000001,0.8796472389085086,0.8079511341195841
pre,2.989784,83.4,0.8824301109583662,0.8183009932075156
pre,2.989784,83.45,0.8836551501393881,0.8298110999195204
pre,2.989784,83.5,0.8834806692761381,0.841564864517154
pre,2.989784,83.55000000000001,0.8820750302411089,0.852597006033363
pre,2.989784,83.60000000000001,0.879604955225484,0.8621604148044326
pre,2.989784,83.65,0.8762266915610043,0.8698964468132488
pre,2.989784,83.7,0.8720816135494965,0.8757520179894068
pre,2.989784,83.75,0.867296793694434,0.8798187457095608
pre,2.989784,83.80000000000001,0.8619890413865692,0.8822342987594021
pre,2.989784,83.85000000000001,0.8562689549722282,0.8831586625524999
pre,2.989784,83.9,0.850243038134761,0.8827473024687632
pre,2.989784,83.95,0.8440139974516976,0.8811900028717823
pre,2.989784,84.0,0.8376803022978285,0.8786476782447706
pre,2.989784,84.05000000000001,0.8313361038876476,0.8752678776025928
pre,2.989784,84.10000000000001,0.8250721821413023,0.8711832824230639
pre,2.989784,84.15,0.8189782288435236,0.8665118892939355
pre,2.989784,84.2,0.8131466584159059,0.8613652776984999
pre,2.989784,84.25,0.8076781813542186,0.855855531228671
pre,2.989784,84.30000000000001,0.802689406688003,0.8500964689277557
pre,2.989784,84.35000000000001,0.7983225402339041,0.8442023617757234
pre,2.989784,84.4,0.7947565996774322,0.8382881067594486
pre,2.989784,84.45,0.7922179113632931,0.8324720986463279
pre,2.989784,84.5,0.7909850564678783,0.8268811755114145
pre,2.989784,84.55000000000001,0.7913794273862353,0.8216568746660597
pre,2.989784,84.60000000000001,0.7937294422935681,0.8169617340714019
pre,2.989784,84.65,0.7982994452507559,0.8129846898553288
pre,2.989784,84.7,0.805186978868332,0.8099481865468311
pre,2.989784,84.75,0.8142145410796642,0.8081182844593716
pre,2.989784,84.80000000000001,0.8248650082514584,0.8077938682523095
pre,2.989784,84.85000000000001,0.8363202504101171,0.8092582367937495
pre,2.989784,84.9,0.847614551277729,0.8127195686320612
pre,2.989784,84.95,0.8578782721169897,0.8182663530497748
pre,2.989784,85.0,0.8665291684607296,0.8257333207283888
pre,2.989784,85.05000000000001,0.8733271110238557,0.8346605475959665
pre,2.989784,85.10000000000001,0.8782737926310542,0.8443520710107083
pre,2.989784,85.15,0.88148151921985,0.8539976026709402
pre,2.989784,85.2,0.883101185955845,0.8628337038256562
pre,2.989784,85.25,0.8832993925935283,0.8703114815804521
pre,2.989784,85.30000000000001,0.8822498516188153,0.8761582865576918
pre,2.989784,85.35000000000001,0.8801222387928102,0.8803194912090937
pre,2.989784,85.4,0.877073641071224,0.8828496596006241
pre,2.989784,85.45,0.8732450965515283,0.8838557407101939
pre,2.989784,85.5,0.8687631033497558,0.8834930777203095
pre,2.989784,85.55000000000001,0.8637446494431955,0.8819040823901186
pre,2.989784,85.60000000000001,0.8583023162866588,0.8792550482913736
pre,2.989784,85.65,0.8525471411862605,0.875699630708759
pre,2.989784,85.7,0.846589494114914,0.871379266012853
pre,2.989784,85.75,0.8405392872885802,0.8664224480033075
pre,2.989784,85.80000000000001,0.8345068428497895,0.8609465088362248
pre,2.989784,85.85000000000001,0.8286052531266281,0.8550624647219133
pre,2.989784,85.9,0.8229546142630169,0.8488759658471432
pre,2.989784,85.95,0.817688251613968,0.8424850072151506
pre,2.989784,86.0,0.8129608020698518,0.8359782480143781
pre,2.989784,86.05000000000001,0.8089574350152503,0.8294351505797917
pre,2.989784,86.10000000000001,0.805902234088812,0.8229268249799947
pre,2.989784,86.15,0.8040614118973031,0.8165167014006359
pre,2.989784,86.2,0.8037341697218034,0.8102609680791961
pre,2.989784,86.25,0.8052214461917886,0.8042090404565313
pre,2.989784,86.30000000000001,0.8087650618114435,0.7984044903836961
pre,2.989784,86.35000000000001,0.8144606231021487,0.7928868024107281
pre,2.989784,86.4,0.8221647620238296,0.7876941423050712
pre,2.989784,86.45,0.8314377575709108,0.7828672106803176
pre,2.989784,86.5,0.8415674026687813,0.7784542823887918
pre,2.989784,86.55000000000001,0.8516958195503869,0.7745176900596965
pre,2.989784,86.60000000000001,0.8610132904694155,0.7711421811289253
pre,2.989784,86.65,0.8689395872372954,0.7684455382948076
pre,2.989784,86.7,0.8751817124536581,0.7665910967318164
pre,2.989784,86.75,0.8796803978534842,0.7657992113778057
pre,2.989784,86.80000000000001,0.8825016580657244,0.7663502042026147
pre,2.989784,86.85000000000001,0.8837667815518576,0.7685688269049563
pre,2.989784,86.9,0.8836240382086414,0.7727841402689027
pre,2.989784,86.95,0.8822350434434868,0.7792756450759358
pre,2.989784,87.0,0.8797641043627779,0.7881346637952629
pre,2.989784,87.05000000000001,0.8763681997043272,0.7991494078576341
pre,2.989784,87.10000000000001,0.8721906185042574,0.8117185629796984
pre,2.989784,87.15,0.8673606982629873,0.8248762632567489
pre,2.989784,87.2,0.8619966719543388,0.8377033547920569
pre,2.989784,87.25,0.8562090655988966,0.8492540864405895
pre,2.989784,87.30000000000001,0.8501027195725275,0.859046842565993
pre,2.989784,87.35000000000001,0.8437770373438744,0.8668952855941574
pre,2.989784,87.4,0.8373252415549649,0.8728809597690148
pre,2.989784,87.45,0.830833609458096,0.8771198642610615
pre,2.989784,87.5,0.82438129591902,0.8798158942176004
pre,2.989784,87.55000000000001,0.8180409637923322,0.881120019283946
pre,2.989784,87.60000000000001,0.8118802707295705,0.8812196411127763
pre,2.989784,87.65,0.8059642872972906,0.8802470604509828
pre,2.989784,87.7,0.8003590384956106,0.8783500003149237
pre,2.989784,87.75,0.7951364903371873,0.8756669681625583
pre,2.989784,87.80000000000001,0.7903813474140807,0.8723167129100057
pre,2.989784,87.85000000000001,0.7862001425212446,0.8684070675313904
pre,2.989784,87.9,0.7827323685877449,0.8640456939116498
pre,2.989784,87.95,0.780162917726823,0.8593469207202082
pre,2.989784,88.0,0.7787326194916608,0.854433695480757
pre,2.989784,88.05000000000001,0.7787403017355088,0.8494372491526123
pre,2.989784,88.10000000000001,0.7805256911877133,0.8444974790468465
pre,2.989784,88.15,0.7844195525628469,0.8397652650905976
pre,2.989784,88.2,0.7906549161509431,0.8354060548257137
pre,2.989784,88.25,0.7992489860868129,0.8316022092219432
pre,2.989784,88.30000000000001,0.8098968041281852,0.8285515958879328
pre,2.989784,88.35000000000001,0.8219321883733507,0.8264685356032743
pre,2.989784,88.4,0.8344113939413392,0.8255870780328944
pre,2.989784,88.45,0.8463281509533608,0.8261365282122612
pre,2.989784,88.5,0.8568675432620114,0.8282758307835357
pre,2.989784,88.55000000000001,0.8655800071837763,0.832028785176129
pre,2.989784,88.60000000000001,0.8723517557128191,0.8372929971820713
pre,2.989784,88.65,0.8772676302576812,0.8437753608367259
pre,2.989784,88.7,0.8804794090015069,0.8509956639013937
pre,2.989784,88.75,0.8821563098416264,0.8583690069525703
pre,2.989784,88.80000000000001,0.8824740942081872,0.865318512680551
pre,2.989784,88.85000000000001,0.8816069661662094,0.8713662560085943
pre,2.989784,88.9,0.8797183718189385,0.8762161815676958
pre,2.989784,88.95,0.8769545374783287,0.8796998723204672
pre,2.989784,89.0,0.8734455629326507,0.88182027248217
pre,2.989784,89.05000000000001,0.869310011476863,0.8826116123560951
pre,2.989784,89.10000000000001,0.8646614655793519,0.8821644932623455
pre,2.989784,89.15,0.8596139150116744,0.880601097734221
pre,2.989784,89.2,0.8542843934580647,0.878047599938675
pre,2.989784,89.25,0.8487938954684584,0.8746346578173545
pre,2.989784,89.30000000000001,0.8432682219215571,0.8704949898148899
pre,2.989784,89.35000000000001,0.8378400069189059,0.8657587437803
pre,2.989784,89.4,0.832652483910423,0.8605514019581347
pre,2.989784,89.45,0.8278649048833917,0.8549945629359504
pre,2.989784,89.5,0.8236588868944866,0.8492062939464409
pre,2.989784,89.55000000000001,0.8202440231680702,0.8433014925175026
pre,2.989784,89.60000000000001,0.8178596080667127,0.8373942160230133
pre,2.989784,89.65,0.8167673048647183,0.8316020560902692
pre,2.989784,89.7,0.8172281899891755,0.8260517988266812
pre,2.989784,89.75,0.8194585345427242,0.8208859087948768
pre,2.989784,89.80000000000001,0.8235652190595907,0.8162686779471104
pre,2.989784,89.85000000000001,0.8294747439841875,0.8123916540080517
pre,2.989784,89.9,0.8368817791572134,0.8094818682547765
pre,2.989784,89.95,0.8452512875651524,0.8078117972606979
pre,2.989784,90.0,0.8538938377266099,0.8076825926064487
pre,2.989784,90.05000000000001,0.8621051330165838,0.809370718913675
pre,2.989784,90.1,0.8693068141505761,0.8130714339238079
pre,2.989784,90.15,0.8751355796290597,0.8188514318970153
pre,2.989784,90.2,0.879433999925192,0.826514521728483
pre,2.989784,90.25,0.8821883921935,0.8355697157521733
pre,2.989784,90.3,0.8834662132225177,0.8453027951714734
pre,2.989784,90.35,0.8833778738007646,0.8548996096953125
pre,2.989784,90.4,0.8820597423786991,0.8636148247442503
pre,2.989784,90.45,0.8796594838340019,0.8709243873315491
pre,2.989784,90.5,0.8763262412573136,0.8765933360902111
pre,2.989784,90.55,0.8722024915350179,0.880591739617186
pre,2.989784,90.6,0.8674206902128628,0.8829582282297579
pre,2.989784,90.65,0.8621032856492483,0.883821090750747
pre,2.989784,90.7,0.8563645618919239,0.8833290775546291
pre,2.989784,90.75,0.8503123663782811,0.8816301152162286
pre,2.989784,90.8,0.844048904155331,0.8788900983909703
pre,2.989784,90.85,0.8376708319749016,0.8752611265982881
pre,2.989784,90.9,0.8312693379938076,0.8708833744679801
pre,2.989784,90.95,0.8249308289498094,0.8658841697823578
pre,2.989784,91.0,0.8187386192022937,0.8603804347426576
pre,2.989784,91.05,0.8127758776646666,0.8544833744966105
pre,2.989784,91.1,0.8071300895806737,0.8482990119485722
pre,2.989784,91.15,0.8018993509649102,0.8419259832849499
pre,2.989784,91.2,0.7972007557018848,0.8354543327950721
pre,2.989784,91.25,0.7931809801633211,0.828966173998468
pre,2.989784,91.3,0.7900279613176858,0.8225370767123431
pre,2.989784,91.35,0.787981057210183,0.8162374951303649
pre,2.989784,91.4,0.7873335710627376,0.8101343128081085
pre,2.989784,91.45,0.7884176267923363,0.8042928924240693
pre,2.989784,91.5,0.7915589511204506,0.7987802328406312
pre,2.989784,91.55,0.7969941995921673,0.7936698379886488
pre,2.989784,91.6,0.8047594641912177,0.7890488195634823
pre,2.989784,91.65,0.8145861387164377,0.7850277051971528
pre,2.989784,91.7,0.8258560756516143,0.7817532182702005
pre,2.989784,91.75,0.8376730806401277,0.7794228964736118
pre,2.989784,91.8,0.8490541337620746,0.7782951660066879
pre,2.989784,91.85,0.8591786085943007,0.7786812189219652
pre,2.989784,91.9,0.8675599292800584,0.7809136525263325
pre,2.989784,91.95,0.8740432957464438,0.7853065609054175
pre,2.989784,92.0,0.8786825530488918,0.7920745432431411
pre,2.989784,92.05,0.8816122492585112,0.8011798422758595
pre,2.989784,92.1,0.882992841199611,0.8122265860895268
pre,2.989784,92.15,0.8829965266850621,0.8244495109801924
pre,2.989784,92.2,0.8817979541237535,0.8368981690276676
pre,2.989784,92.25,0.8795644721771135,0.8486216560573925
pre,2.989784,92.3,0.876447864714632,0.8588067446781621
pre,2.989784,92.35,0.872583726951962,0.8671179497027677
pre,2.989784,92.4,0.8680946225600118,0.873499353555859
pre,2.989784,92.45,0.8630958045006295,0.878063364054145
pre,2.989784,92.5,0.8577001487395881,0.8809711948911554
pre,2.989784,92.55,0.852020664976188,0.8823724359503163
pre,2.989784,92.6,0.8461712450241756,0.8824480627519152
pre,2.989784,92.65,0.8402671870207885,0.8813767264905618
pre,2.989784,92.7,0.8344267664114843,0.8793095696026124
pre,2.989784,92.75,0.828774548572013,0.8763938949623276
pre,2.989784,92.8,0.8234466677937496,0.8727614874838688
pre,2.989784,92.85,0.8185979343147631,0.8685285481610837
pre,2.989784,92.9,0.8144101099623102,0.8638051038238388
pre,2.989784,92.95,0.8110996147023367,0.8587035416314451
pre,2.989784,93.0,0.8089209984529677,0.8533415568418212
pre,2.989784,93.05,0.8081598562720984,0.8478416839705251
pre,2.989784,93.1,0.8091067167797675,0.842331352763859
pre,2.989784,93.15,0.8120044302840893,0.8369454502319041
pre,2.989784,93.2,0.8169703490440177,0.831831130103206
pre,2.989784,93.25,0.8239092277004523,0.8271535743430597
pre,2.989784,93.3,0.8324535402477384,0.8231000247086502
pre,2.989784,93.35,0.841968620150511,0.8198813951561611
pre,2.989784,93.4,0.8516564409536467,0.8177376564853314
pre,2.989784,93.45,0.8607252415898794,0.8169384493538653
pre,2.989784,93.5,0.868564767642925,0.8177476006610462
pre,2.989784,93.55,0.8748317185574744,0.820355605425469
pre,2.989784,93.6,0.8794147677679577,0.8248336345792545
pre,2.989784,93.65,0.8823468829452584,0.8310761718528005
pre,2.989784,93.7,0.8837297712940163,0.8387210715229377
pre,2.989784,93.75,0.8836986623383052,0.8471850746038602
pre,2.989784,93.8,0.8824069812683202,0.8557704823024413
pre,2.989784,93.85,0.8800145832402105,0.8637936068015679
pre,2.989784,93.9,0.8766777095832893,0.8707124253105705
pre,2.989784,93.95,0.8725414936141249,0.8762134357682463
pre,2.989784,94.0,0.8677377357668544,0.880162525931537
pre,2.989784,94.05,0.8623866472179174,0.8826019096086738
pre,2.989784,94.1,0.8565998257829055,0.8835706697805882
pre,2.989784,94.15,0.8504822303574412,0.8832090170460806
pre,2.989784,94.2,0.844132551755121,0.8816526426872446
pre,2.989784,94.25,0.8376424899267686,0.8790459876457202
pre,2.989784,94.3,0.8310957786074591,0.8755339601145814
pre,2.989784,94.35,0.8245675358002309,0.8712560662943608
pre,2.989784,94.4,0.8181241397600533,0.8663432735976931
pre,2.989784,94.45,0.8118236079096796,0.8609173139603596
pre,2.989784,94.5,0.8057164101254214,0.855093413504669
pre,2.989784,94.55,0.7998466989008172,0.848980913910723
pre,2.989784,94.6,0.7942540167525782,0.8426817991278084
pre,2.989784,94.65,0.7889756166405701,0.8362902377225274
pre,2.989784,94.7,0.7840496029446336,0.8298940086570806
pre,2.989784,94.75,0.7795192146828893,0.8235767828969622
pre,2.989784,94.8,0.7754386182914319,0.8174207142509743
pre,2.989784,94.85,0.771880654700296,0.8115095010228817
pre,2.989784,94.9,0.7689467940660459,0.8059323158705533
pre,2.989784,94.95,0.7667790282466467,0.8007892729506269
pre,2.989784,95.0,0.7655721269682904,0.7961992368661065
pre,2.989784,95.05,0.7655820122117369,0.7923108742000305
pre,2.989784,95.1,0.7671220439644494,0.789317280808611
pre,2.989784,95.15,0.7705349322161853,0.7874697547346592
pre,2.989784,95.2,0.7761286091622911,0.787074126088477
pre,2.989784,95.25,0.7840734596116761,0.7884575590428903
pre,2.989784,95.3,0.7942815849783066,0.7919248843908131
pre,2.989784,95.35,0.8063153482130967,0.7977096799524453
pre,2.989784,95.4,0.8193926908916664,0.8058169235509371
pre,2.989784,95.45,0.8325132329729488,0.8159179668078833
pre,2.989784,95.5,0.8447151804906256,0.8273333346818789
pre,2.989784,95.55,0.855307056225071,0.8391622093230917
pre,2.989784,95.6,0.8639841636784075,0.8504439253964988
pre,2.989784,95.65,0.8707353944227525,0.8603465905539096
pre,2.989784,95.7,0.8756914474755728,0.8684620008265473
pre,2.989784,95.75,0.879020394838558,0.8746851894153305
pre,2.989784,95.8,0.8808949245752881,0.8791083619063893
pre,2.989784,95.85,0.8814858955374841,0.8818313624599025
pre,2.989784,95.9,0.8809563588439089,0.8830468942677855
pre,2.989784,95.95,0.8794544036136667,0.8828908664686549
pre,2.989784,96.0,0.8771096781402873,0.8815576528530907
pre,2.989784,96.05,0.8740383226590777,0.8792111637617271
pre,2.989784,96.1,0.8703497485913291,0.8760010363417671
pre,2.989784,96.15,0.8661531636023537,0.8720628208649176
pre,2.989784,96.2,0.861562189596083,0.8675165533376765
pre,2.989784,96.25,0.8566967572167553,0.8624742094833007
pre,2.989784,96.3,0.8516836167072521,0.8570475948863281
pre,2.989784,96.35,0.84665709719868,0.8513506126021937
pre,2.989784,96.4,0.841761080147132,0.845498151954407
pre,2.989784,96.45,0.8371523584965631,0.839605833200851
pre,2.989784,96.5,0.8330048215794893,0.8337924321688345
pre,2.989784,96.55,0.8295131048587984,0.8281845545491019
pre,2.989784,96.6,0.8268933013064308,0.8229227716195416
pre,2.989784,96.65,0.8253770022485943,0.8181679777226629
pre,2.989784,96.7,0.825193915715038,0.8141066732992933
pre,2.989784,96.75,0.8265390586951199,0.8109572269084817
pre,2.989784,96.8,0.8295242993463187,0.8089799072278071
pre,2.989784,96.85,0.8341231607108589,0.8084704124250385
pre,2.989784,96.9,0.840125934735916,0.8097145416959726
pre,2.989784,96.95,0.8471310836070821,0.8129270882929976
pre,2.989784,97.0,0.8545888613692013,0.8182110178653368
pre,2.989784,97.05,0.8618955120763357,0.8254309469155027
pre,2.989784,97.1,0.8685102587207446,0.8341594709818642
pre,2.989784,97.15,0.8740380338624658,0.8437243762490358
pre,2.989784,97.2,0.8782564424694292,0.8533287970382292
pre,2.989784,97.25,0.8810862594260885,0.8622026318324949
pre,2.989784,97.3,0.8825428101296376,0.8697764736763628
pre,2.989784,97.35,0.8826994611586311,0.8757471854859453
pre,2.989784,97.4,0.8816640933915695,0.8800355170108731
pre,2.989784,97.45,0.8795647864065669,0.8827012061966669
pre,2.989784,97.5,0.8765387164611758,0.8838269493402127
pre,2.989784,97.55,0.8727233905070223,0.8835755374547498
pre,2.989784,97.6,0.8682514949274838,0.8820848991923064
pre,2.989784,97.65,0.8632492741738492,0.8795198680645931
pre,2.989784,97.7,0.8578372997489216,0.8760349858258607
pre,2.989784,97.75,0.8521321676715227,0.8717727131790542
pre,2.989784,97.8,0.84624825366372,0.8668629503811978
pre,2.989784,97.85,0.8402994860815778,0.861424102234771
pre,2.989784,97.9,0.8344016454586585,0.8555678364382187
pre,2.989784,97.95,0.8286758232948715,0.8494004170429937
pre,2.989784,98.0,0.8232535173369578,0.8430205530775727
pre,2.989784,98.05,0.8182835248269178,0.8365175996436398
pre,2.989784,98.1,0.813940252565928,0.8299715887662911
pre,2.989784,98.15,0.8104320597982544,0.8234540551996344
pre,2.989784,98.2,0.8080064255832053,0.8170287038187483
pre,2.989784,98.25,0.806946028770297,0.8107518104396495
pre,2.989784,98.3,0.8075475180524199,0.80467260008666
pre,2.989784,98.35,0.8100744095385153,0.798834017645045
pre,2.989784,98.4,0.8146824488323788,0.7932742577382726
pre,2.989784,98.45,0.821329945730694,0.7880292319637471
pre,2.989784,98.5,0.8297066873431953,0.78313602280341
pre,2.989784,98.55,0.8392221596988563,0.7786373835071395
pre,2.989784,98.6,0.849086535492894,0.7745874912890182
pre,2.989784,98.65,0.8584796526537747,0.7710593506041046
pre,2.989784,98.7,0.8667313276811003,0.7681543098497828
pre,2.989784,98.75,0.873439527673137,0.7660137824484551
pre,2.989784,98.8,0.8784535793838467,0.764831654470008
pre,2.989784,98.85,0.881787808132518,0.7648620650014866
pre,2.989784,98.9,0.8835373013308342,0.7664135170835207
pre,2.989784,98.95,0.8838343651447722,0.7698178196604611
pre,2.989784,99.0,0.8828315312656854,0.775386720092959
pre,2.989784,99.05,0.8806900475257627,0.7833072815273723
pre,2.989784,99.1,0.8775684310062746,0.7935128423966189
pre,2.989784,99.15,0.8736149026254504,0.8055778084737036
pre,2.989784,99.2,0.8689642067538568,0.8186595355424672
pre,2.989784,99.25,0.8637387468778461,0.8317839009223703
pre,2.989784,99.3,0.8580516966765371,0.8440238315990329
pre,2.989784,99.35,0.8520094375592572,0.8546480544876488
pre,2.989784,99.4,0.8457123054739438,0.8633878600694658
pre,2.989784,99.45,0.8392540248187327,0.8702027389699012
pre,2.989784,99.5,0.8327207235074922,0.8752231306963268
pre,2.989784,99.55,0.8261902112366813,0.8786271899370717
pre,2.989784,99.6,0.8197318030895507,0.8805603161844866
pre,2.989784,99.65,0.8134067096576448,0.881221517166235
pre,2.989784,99.7,0.8072689416268796,0.8807520360798587
pre,2.989784,99.75,0.8013667228730941,0.8792926246271122
pre,2.989784,99.8,0.7957444943866692,0.8769892961507424
pre,2.989784,99.85,0.7904456963838841,0.8739684515600288
pre,2.989784,99.9,0.7855165784776268,0.8703409610990539
pre,2.989784,99.95,0.7810113924648636,0.8662131765684634
post,2.989827,0.0,0.8504318021930668,0.8743009054049194
post,2.989827,0.05,0.8410596194329655,0.8695802095887717
post,2.989827,0.1,0.8363238315578625,0.8643224431870348
post,2.989827,0.15,0.83358379025504,0.8586384058104972
post,2.989827,0.2,0.8317052546633114,0.8526364190133224
post,2.989827,0.25,0.8306367515845424,0.8464208327840254
post,2.989827,0.3,0.8307039683443358,0.8400903271768578
post,2.989827,0.35,0.8321643586370114,0.8337385816539381
post,2.989827,0.4,0.835112741297181,0.8274568848233399
post,2.989827,0.45,0.8394792323264686,0.8213375290773084
post,2.989827,0.5,0.845029591717301,0.8154776500708104
post,2.989827,0.55,0.8513763375537796,0.8099837977698224
post,2.989827,0.6000000000000001,0.8580240329992026,0.804977837674533
post,2.989827,0.65,0.864452554058539,0.8006050370475762
post,2.989827,0.7000000000000001,0.8702057890903356,0.7970459290376435
post,2.989827,0.75,0.8749527861410282,0.7945322693593712
post,2.989827,0.8,0.8785041369245139,0.7933545864360971
post,2.989827,0.8500000000000001,0.8807879919417535,0.7938327749556832
post,2.989827,0.9,0.8818145878458711,0.7962609020129674
post,2.989827,0.95,0.8816478946001335,0.800886466337617
post,2.989827,1.0,0.8803853949633719,0.8078139585848074
post,2.989827,1.05,0.8781452062954703,0.8168325379085031
post,2.989827,1.1,0.8750554266731315,0.8273561990213377
post,2.989827,1.15,0.8712467002042882,0.8385687589818624
post,2.989827,1.2000000000000002,0.8668478514119619,0.8495525362018118
post,2.989827,1.25,0.8619845474113402,0.8594274888325542
post,2.989827,1.3,0.8567800515750569,0.8676779131954164
post,2.989827,1.35,0.8513570451797459,0.8740945644328866
post,2.989827,1.4,0.8458399583412204,0.8787663786045762
post,2.989827,1.4500000000000002,0.8403578423164723,0.8817200884834813
post,2.989827,1.5,0.835048145500514,0.8831402784489141
post,2.989827,1.55,0.8300616936583848,0.8831422024014742
post,2.989827,1.6,0.8255687437395051,0.8819043805139962
post,2.989827,1.65,0.821765117007958,0.8796023952189819
post,2.989827,1.7000000000000002,0.8188762271304425,0.8763919335378602
post,2.989827,1.75,0.8171545846258692,0.872414957474106
post,2.989827,1.8,0.8168649818058729,0.867797347889134
post,2.989827,1.85,0.8182507638822665,0.8626534791692765
post,2.989827,1.9,0.8214776839560528,0.8570939692367493
post,2.989827,1.95,0.8265643894982824,0.8512282520686818
post,2.989827,2.0,0.8333171407798331,0.8451629792170849
post,2.989827,2.0500000000000003,0.8413034894810096,0.8390007713512483
post,2.989827,2.1,0.849893911193369,0.832841569091531
post,2.989827,2.15,0.8583734367194437,0.8267860177386132
post,2.989827,2.2,0.8660907459967708,0.8209398514022206
post,2.989827,2.25,0.8725800070796834,0.8154188944547958
post,2.989827,2.3000000000000003,0.877592272484973,0.8103546881179918
post,2.989827,2.35,0.8810559593359241,0.8059011833005734
post,2.989827,2.4000000000000004,0.8830065677990214,0.802244191694278
post,2.989827,2.45,0.8835374175978579,0.7996159400874795
post,2.989827,2.5,0.8827740967868398,0.7983048397994404
post,2.989827,2.5500000000000003,0.8808596802505989,0.7986274862161437
post,2.989827,2.6,0.8779436206644352,0.8008682458007867
post,2.989827,2.6500000000000004,0.8741719923753407,0.8052528452801285
post,2.989827,2.7,0.8696819558493754,0.8118718216516049
post,2.989827,2.75,0.86460023448075,0.8205108040371738
post,2.989827,2.8000000000000003,0.8590444386845553,0.8305972027851387
post,2.989827,2.85,0.8531250035439272,0.8413379849119887
post,2.989827,2.9000000000000004,0.8469463997390899,0.8518382650082449
post,2.989827,2.95,0.840607435338458,0.8612730074781221
post,2.989827,3.0,0.8342012058285398,0.8691382694107008
post,2.989827,3.0500000000000003,0.8278153686752983,0.875221845085865
post,2.989827,3.1,0.8215332220471484,0.879595569807163
post,2.989827,3.1500000000000004,0.8154358786339866,0.8822804443220978
post,2.989827,3.2,0.8096057685361122,0.8834462111183768
post,2.989827,3.25,0.8041317529219777,0.8832138675329267
post,2.989827,3.3000000000000003,0.7991161676514165,0.8817509902910579
post,2.989827,3.35,0.7946841438752251,0.8792322549913175
post,2.989827,3.4000000000000004,0.7909946678018182,0.8758132562601707
post,2.989827,3.45,0.7882523223506498,0.8716357104951965
post,2.989827,3.5,0.786715706323968,0.8668257836820921
post,2.989827,3.5500000000000003,0.7866951004136084,0.8614982886798749
post,2.989827,3.6,0.788527861476768,0.855763283746198
post,2.989827,3.65,0.7925199579613303,0.8497275229672748
post,2.989827,3.7,0.79885088883275,0.8434922821883526
post,2.989827,3.75,0.8074587228465483,0.8371519127670378
post,2.989827,3.8,0.8179490387178654,0.8307947508822446
post,2.989827,3.85,0.8295885186741562,0.8245053961637241
post,2.989827,3.9,0.8414189235390753,0.8183673383351173
post,2.989827,3.95,0.852486912906762,0.8124658619973457
post,2.989827,4.0,0.8620772685561051,0.8068917607347283
post,2.989827,4.05,0.8698308892215233,0.8017466046521293
post,2.989827,4.1000000000000005,0.8756871172705093,0.7971503022927788
post,2.989827,4.15,0.8797397490374508,0.7932519326566126
post,2.989827,4.2,0.8821377805000102,0.7902446050032429
post,2.989827,4.25,0.8830474072054515,0.7883801974228761
post,2.989827,4.3,0.8826428417759631,0.7879651768228352
post,2.989827,4.3500000000000005,0.8810964882685443,0.7893207094858269
post,2.989827,4.4,0.8785704305996418,0.7927384831585057
post,2.989827,4.45,0.8752105717834517,0.798456794372403
post,2.989827,4.5,0.871146731789262,0.8064981439368899
post,2.989827,4.55,0.8664977602233225,0.8165174077210293
post,2.989827,4.6000000000000005,0.8613774721316189,0.8278197962863146
post,2.989827,4.65,0.8558986498956991,0.8395212858330652
post,2.989827,4.7,0.8501747874334682,0.850680964862315
post,2.989827,4.75,0.8443206058937658,0.860467527096667
post,2.989827,4.800000000000001,0.8384528410035174,0.8684773883952256
post,2.989827,4.8500000000000005,0.8326923928748834,0.8746093503952392
post,2.989827,4.9,0.8271683448159249,0.8790096613647509
post,2.989827,4.95,0.8220239261334753,0.8817147057563391
post,2.989827,5.0,0.8174240986739634,0.8829138154576376
post,2.989827,5.050000000000001,0.8135637443712714,0.8827407913371599
post,2.989827,5.1000000000000005,0.8106740732885082,0.8813860233482432
post,2.989827,5.15,0.8090225647645929,0.8790139861867282
post,2.989827,5.2,0.8088992758256994,0.8757755716789692
post,2.989827,5.25,0.8105809377944189,0.8718074329131331
post,2.989827,5.300000000000001,0.8142677569524202,0.8672301855607201
post,2.989827,5.3500000000000005,0.8200002501278463,0.8621559720194806
post,2.989827,5.4,0.8275788006231816,0.8566961132685693
post,2.989827,5.45,0.836526321898427,0.850962919332248
post,2.989827,5.5,0.8461331424373325,0.8450683057595468
post,2.989827,5.550000000000001,0.8555868378412069,0.8391235587391774
post,2.989827,5.6000000000000005,0.8641585974847569,0.8332419664913132
post,2.989827,5.65,0.8713438926461045,0.827543614524675
post,2.989827,5.7,0.8768997987580918,0.822161240436198
post,2.989827,5.75,0.8807827936388859,0.8172460658527007
post,2.989827,5.800000000000001,0.8830567467758862,0.8129728959290706
post,2.989827,5.8500000000000005,0.8838371005173749,0.80954653748196
post,2.989827,5.9,0.8832671751941955,0.80721416922301
post,2.989827,5.95,0.881502727794882,0.8062698753501234
post,2.989827,6.0,0.878703051506109,0.8070129921066139
post,2.989827,6.050000000000001,0.8750199041076745,0.8096803583491593
post,2.989827,6.1000000000000005,0.8705926173718123,0.8144284674830106
post,2.989827,6.15,0.8655478530231431,0.8212326130825536
post,2.989827,6.2,0.8600018938989641,0.8297556327790314
post,2.989827,6.25,0.8540632561242161,0.8393636339640265
post,2.989827,6.300000000000001,0.8478339777547664,0.8492664744872929
post,2.989827,6.3500000000000005,0.8414094189018292,0.8586406437203957
post,2.989827,6.4,0.8348772841222641,0.8668450161357287
post,2.989827,6.45,0.8283166274784048,0.8734720576155643
post,2.989827,6.5,0.821797240660471,0.8783938818737319
post,2.989827,6.550000000000001,0.8153794823579736,0.8817143983752334
post,2.989827,6.6000000000000005,0.8091144467103875,0.8834311702501276
post,2.989827,6.65,0.8030443500568407,0.883716800986515
post,2.989827,6.7,0.7972030494306196,0.882696812377046
post,2.989827,6.75,0.7916166383052491,0.8805347184186592
post,2.989827,6.800000000000001,0.7863040795756757,0.8773923537058622
post,2.989827,6.8500000000000005,0.7812778383887279,0.873418407651815
post,2.989827,6.9,0.7765445310049578,0.8687486375711273
post,2.989827,6.95,0.7721054436628054,0.8635049975170999
post,2.989827,7.0,0.767956942633124,0.8578004982746645
post,2.989827,7.050000000000001,0.7640907516674995,0.8517423981889061
post,2.989827,7.1000000000000005,0.7604939630071587,0.8454307367143967
post,2.989827,7.15,0.757148693904764,0.8389558189758871
post,2.989827,7.2,0.754031232321867,0.8323974883948415
post,2.989827,7.25,0.7511104279943868,0.8258257135233678
post,2.989827,7.300000000000001,0.7483449487944144,0.8193009603604339
post,2.989827,7.35,0.7456787841089816,0.8128737233890259
post,2.989827,7.4,0.7430339483127867,0.8065833949720552
post,2.989827,7.45,0.7402985372045706,0.8004568807418273
post,2.989827,7.5,0.7373066548446267,0.7945071190303564
post,2.989827,7.550000000000001,0.7338030506133832,0.7887312238759908
post,2.989827,7.6,0.7293765768218827,0.7831076098977839
post,2.989827,7.65,0.7233220373009792,0.7775911887997822
post,2.989827,7.7,0.7143131599961456,0.7721054801161104
post,2.989827,7.75,0.6994612725942821,0.766530139240272
post,2.989827,7.800000000000001,0.670330675191939,0.7606820327139112
post,2.989827,7.85,0.5726479156719829,0.754288904566809
post,2.989827,7.9,-0.5924918927211912,0.7469641598971
post,2.989827,7.95,,0.7382268310377693
post,2.989827,8.0,,0.7275835435662922
post,2.989827,8.05,,0.714241677531046
post,2.989827,8.1,,0.6970739091430221
post,2.989827,8.15,,0.6760316549557833
post,2.989827,8.200000000000001,,0.6519847909902873
post,2.989827,8.25,,0.6258303823570444
post,2.989827,8.3,,0.5981628635572074
post,2.989827,8.35,,0.5694182007007191
post,2.989827,8.4,,0.5400580926381285
post,2.989827,8.450000000000001,,0.5104530029929658
post,2.989827,8.5,,0.48087148233029664
post,2.989827,8.55,,0.45153746467438466
post,2.989827,8.6,,0.4226409184327227
post,2.989827,8.65,,0.3943337192401528
post,2.989827,8.700000000000001,,0.36672473701347097
post,2.989827,8.75,,0.33987830508453165
post,2.989827,8.8,,0.3138169237271988
post,2.989827,8.85,,0.2885275372740952
post,2.989827,8.9,,0.2639700663280288
post,2.989827,8.950000000000001,,0.24012286269379404
post,2.989827,9.0,,0.21692071169930785
post,2.989827,9.05,,0.1942755524982932
post,2.989827,9.1,,0.17210139286497042
post,2.989827,9.15,,0.1503102279461229
post,2.989827,9.2,,0.1288047105779249
post,2.989827,9.25,,0.10746689400068676
post,2.989827,9.3,,0.086144047639798
post,2.989827,9.35,,0.06469761779915484
post,2.989827,9.4,,0.04298393730308743
post,2.989827,9.45,,0.02097078647561184
post,2.989827,9.5,,0.01
post,2.989827,9.55,,0.01
post,2.989827,9.6,,0.01
post,2.989827,9.65,,0.01
post,2.989827,9.7,,0.01
post,2.989827,9.75,,0.01
post,2.989827,9.8,,0.01
post,2.989827,9.85,,0.01
post,2.989827,9.9,,0.01
post,2.989827,9.95,,0.019042890185127077
