role,K,step,gt_P,rc_P
inter,0.985,0,0.8036203562474261,0.8836902411760453
inter,0.985,1,0.7932116276639687,0.8596868534807665
inter,0.985,2,0.7834300016540665,0.8358663480221356
inter,0.985,3,0.774409868423956,0.8122940301781434
inter,0.985,4,0.7662802575759768,0.7891324177155191
inter,0.985,5,0.759164871635944,0.766580845400604
inter,0.985,6,0.753182162041655,0.744845457024031
inter,0.985,7,0.748445375017877,0.724125266605103
inter,0.985,8,0.7450624812348849,0.7046065401658483
inter,0.985,9,0.7431358978164934,0.6864617023111792
inter,0.985,10,0.742761877678735,0.669850826573013
inter,0.985,11,0.7440294566920059,0.6549244610907179
inter,0.985,12,0.7470188216458953,0.6418267809142442
inter,0.985,13,0.7517989601225014,0.6306982146727873
inter,0.985,14,0.7584244481176025,0.6216769034467383
inter,0.985,15,0.7669312424384204,0.6148986621367954
inter,0.985,16,0.7773313806438371,0.6104955830633412
inter,0.985,17,0.7896065532953308,0.60859415331268
inter,0.985,18,0.8037006552288762,0.6093148451023483
inter,0.985,19,0.8195116329316825,0.6127761321260707
inter,0.985,20,0.836883265432466,0.6191045136485442
inter,0.985,21,0.8555979392546496,0.6284447266964714
inter,0.985,22,0.8753719880381519,0.6409535067056299
inter,0.985,23,0.8958555131165304,0.6567604647994814
inter,0.985,24,0.916638678655858,0.675896292464488
inter,0.985,25,0.9372657321899213,0.6982115518308469
inter,0.985,26,0.9572563802135752,0.7233288246358087
inter,0.985,27,0.9761317719288328,0.7506335762811895
inter,0.985,28,0.9934401406041128,0.7792202343181813
inter,0.985,29,1.0087766558197615,0.8077421647760314
inter,0.985,30,1.0217938842413632,0.8342400298365915
inter,0.985,31,1.0322030518137437,0.8561808183964635
inter,0.985,32,1.0397698052132633,0.8713697649048041
inter,0.985,33,1.0443095716703372,0.8792947342453523
inter,0.985,34,1.0456863742786782,0.8808617310354137
inter,0.985,35,1.0438162816709589,0.877058379247053
inter,0.985,36,1.0386741809471942,0.8685809426257903
inter,0.985,37,1.0303011377750677,0.8571776306954696
inter,0.985,38,1.0188094841481488,0.8448816500761365
inter,0.985,39,1.0043835107208299,0.8321438667675656
inter,0.985,40,0.9872748102826063,0.8190799359481327
inter,0.985,41,0.9677925217202736,0.8059525417015183
inter,0.985,42,0.9462896856539452,0.7930395511465911
inter,0.985,43,0.9231474845300657,0.7805851236548966
inter,0.985,44,0.8987592594983456,0.7687991138285475
inter,0.985,45,0.8735159413584855,0.7578646944166632
inter,0.985,46,0.847794044408339,0.7479450363983544
inter,0.985,47,0.8219468089112281,0.7391879905579494
inter,0.985,48,0.7962985741585217,0.7317292072433157
inter,0.985,49,0.7711421011589862,0.7256942207632651
inter,0.985,50,0.7467383427137309,0.7211999017053307
inter,0.985,51,0.7233180935278778,0.7183555727762441
inter,0.985,52,0.7010849620879007,0.7172639853456513
inter,0.985,53,0.6802191879778176,0.7180221932652191
inter,0.985,54,0.6608819200827204,0.7207220758859898
inter,0.985,55,0.6432196713160557,0.725449901840213
inter,0.985,56,0.6273687373181263,0.7322841300198334
inter,0.985,57,0.6134594318808009,0.7412908893156314
inter,0.985,58,0.6016200162889387,0.752517056361218
inter,0.985,59,0.591980215074569,0.7659806733372538
inter,0.985,60,0.5846741814193109,0.7816573130648434
inter,0.985,61,0.5798427368843524,0.7994608501552614
inter,0.985,62,0.5776346069952051,0.8192203740886135
inter,0.985,63,0.5782062449622496,0.8406600964213228
inter,0.985,64,0.5817196115482655,0.863391042926402
inter,0.985,65,0.5883369523877,0.8869198205449136
inter,0.985,66,0.598211087518964,0.9106734018260978
inter,0.985,67,0.6114689097371676,0.9340338462124996
inter,0.985,68,0.628184461349413,0.9563778507945846
inter,0.985,69,0.6483358565370232,0.9771213929527139
inter,0.985,70,0.6717370969480807,0.9957642325629865
inter,0.985,71,0.6979318813727479,1.0119143733104483
inter,0.985,72,0.7260353524925142,1.0252783036957345
inter,0.985,73,0.754527195458267,1.0356314672533837
inter,0.985,74,0.7810789301222595,1.042798688196833
inter,0.985,75,0.8026771419238985,1.0466564878990237
inter,0.985,76,0.8163868638916417,1.047143338438367
inter,0.985,77,0.8205966125093981,1.0442623034738578
inter,0.985,78,0.8157963377690096,1.0380753648813759
inter,0.985,79,0.804153481241629,1.0286962207806534
inter,0.985,80,0.7883171558078121,1.0162860928830955
inter,0.985,81,0.7704639644611533,1.0010528835531438
inter,0.985,82,0.7520317303144273,0.9832514399081782
inter,0.985,83,0.7338790952495786,0.9631820788241965
inter,0.985,84,0.7165167732502927,0.9411852644226861
inter,0.985,85,0.7002702330811116,0.9176316424219114
inter,0.985,86,0.6853704912700567,0.8929081316695939
inter,0.985,87,0.6720005294691842,0.8674022454573767
inter,0.985,88,0.6603187040545141,0.8414877575341473
inter,0.985,89,0.6504709750968598,0.8155144343862599
inter,0.985,90,0.6425977205440238,0.7898026998123732
inter,0.985,91,0.6368377529779143,0.7646420729418163
inter,0.985,92,0.6333306252399865,0.7402915613942846
inter,0.985,93,0.6322175585206896,0.7169809700552917
inter,0.985,94,0.6336409179347412,0.6949131328411271
inter,0.985,95,0.6377418802473283,0.6742674504764276
inter,0.985,96,0.6446556797020818,0.6552047962447202
inter,0.985,97,0.6545035137937486,0.6378733112945683
inter,0.985,98,0.6673797971336518,0.6224142397776269
inter,0.985,99,0.6833329550444208,0.6089668533593213
inter,0.985,100,0.7023373233451734,0.5976716254522179
inter,0.985,101,0.724253203230697,0.5886710877055434
inter,0.985,102,0.7487721629274002,0.5821082490156425
inter,0.985,103,0.7753469602268515,0.5781231128003945
inter,0.985,104,0.8031134601636919,0.5768487467450116
inter,0.985,105,0.8308315871108428,0.5784098186907328
inter,0.985,106,0.8569059390331323,0.5829285683006258
inter,0.985,107,0.8795718579115778,0.5905422170489116
inter,0.985,108,0.8972831478364458,0.6014220554622263
inter,0.985,109,0.9091697927593404,0.6157597263275509
inter,0.985,110,0.9152799827322494,0.6336861693522189
inter,0.985,111,0.9164193366774687,0.6551357811221579
inter,0.985,112,0.9137188241914018,0.6797290357520147
inter,0.985,113,0.9082418480865242,0.7067561341779527
inter,0.985,114,0.9008059887188098,0.7351812758906586
inter,0.985,115,0.8919817963512404,0.7634368575495111
inter,0.985,116,0.8821610809283926,0.7890602126023397
inter,0.985,117,0.8716260292850531,0.8085377759819502
inter,0.985,118,0.8605976848560565,0.8189156122100011
inter,0.985,119,0.849264696827308,0.8201986607664307
inter,0.985,120,0.837798644834492,0.814159361967278
inter,0.985,121,0.8263614774479064,0.8020011296223231
inter,0.985,122,0.8151087224723129,0.7835960653082911
inter,0.985,123,0.8041906142540717,0.7615247047313163
inter,0.985,124,0.7937523087631192,0.7409746689603451
inter,0.985,125,0.7839337860347732,0.7217583855752936
inter,0.985,126,0.7748697215902346,0.7034944731313508
inter,0.985,127,0.7666894310021691,0.6863519763871144
inter,0.985,128,0.7595168996664665,0.6705690514789531
inter,0.985,129,0.7534708572132174,0.6563597202333682
inter,0.985,130,0.7486648262976607,0.6439103733639331
inter,0.985,131,0.7452070654963919,0.6333882324574727
inter,0.985,132,0.7432002996097541,0.6249479627936056
inter,0.985,133,0.7427411325532945,0.6187349961509053
inter,0.985,134,0.743919020867766,0.6148864895614965
inter,0.985,135,0.7468146759625787,0.6135316373836823
inter,0.985,136,0.7514977552777863,0.6147938111236471
inter,0.985,137,0.7580237006234245,0.6187970985275391
inter,0.985,138,0.7664295867121268,0.625676652576806
inter,0.985,139,0.7767288784132401,0.6355837320728247
inter,0.985,140,0.7889050658582628,0.6486692902884603
inter,0.985,141,0.8029042631115082,0.6650379891317694
inter,0.985,142,0.818627076923376,0.6846805469748636
inter,0.985,143,0.8359203729059637,0.7074045798975299
inter,0.985,144,0.8545699639119613,0.7327969824788549
inter,0.985,145,0.8742957573232667,0.7602026930570638
inter,0.985,146,0.8947512966178299,0.7886291627294573
inter,0.985,147,0.9155296591024003,0.8165842619712962
inter,0.985,148,0.9361770579492278,0.8419740591379521
inter,0.985,149,0.9562138810153376,0.86229890707302
inter,0.985,150,0.9751605177550822,0.8756912275761819
inter,0.985,151,0.9925631890862666,0.8820215750761985
inter,0.985,152,1.0080142030129937,0.882301718279105
inter,0.985,153,1.0211629639940467,0.877470037965318
inter,0.985,154,1.0317176466053877,0.8684918327690132
inter,0.985,155,1.039441130318056,0.8574202953144696
inter,0.985,156,1.0441462569823363,0.8457097202766242
inter,0.985,157,1.045694408092973,0.8335372750827397
inter,0.985,158,1.0439987247573945,0.8210600607104007
inter,0.985,159,1.039030762142258,0.8085472072943406
inter,0.985,160,1.03082789556518,0.7962616958780443
inter,0.985,161,1.0194985922345043,0.7844323922583158
inter,0.985,162,1.0052233730885078,0.7732574116348242
inter,0.985,163,0.9882504453641012,0.762911478623435
inter,0.985,164,0.9688861950188127,0.7535517549714166
inter,0.985,165,0.9474817080745314,0.7453217896597455
inter,0.985,166,0.9244170749567389,0.7383541089391839
inter,0.985,167,0.9000853744331146,0.7327719418036734
inter,0.985,168,0.8748779955612785,0.7286904387884989
inter,0.985,169,0.8491724745592737,0.7262176232994781
inter,0.985,170,0.8233234628616809,0.7254551933270308
inter,0.985,171,0.797656934170357,0.7264991097618978
inter,0.985,172,0.7724673584337586,0.7294396382889963
inter,0.985,173,0.7480173586831691,0.7343602396280008
inter,0.985,174,0.7245392729982405,0.741334656190554
inter,0.985,175,0.7022380692441424,0.7504218978471449
inter,0.985,176,0.6812951279307242,0.7616592778401967
inter,0.985,177,0.6618725047864225,0.7750533755471851
inter,0.985,178,0.6441173806490273,0.7905676362661401
inter,0.985,179,0.6281664875277437,0.8081049874974089
inter,0.985,180,0.6141503558611817,0.827486550807339
inter,0.985,181,0.6021972637352659,0.8484324678882357
inter,0.985,182,0.5924367768660939,0.8705539448942149
inter,0.985,183,0.5850027483485972,0.893363296470649
inter,0.985,184,0.5800356024029253,0.9163016174000786
inter,0.985,185,0.5776836325915432,0.9387766166731917
inter,0.985,186,0.5781029140555414,0.9602024687986763
inter,0.985,187,0.5814552142860786,0.9800385469114996
inter,0.985,188,0.5879029604517165,0.9978223980364365
inter,0.985,189,0.5975998191703012,1.0131846398098954
inter,0.985,190,0.610674633926559,1.0258393694710224
inter,0.985,191,0.6272051803393556,1.0355633008876062
inter,0.985,192,0.6471761388803239,1.0421842019995642
inter,0.985,193,0.6704125464264526,1.0455837269092811
inter,0.985,194,0.6964760110291233,1.0457033157992115
inter,0.985,195,0.7245094619961383,1.0425439677344217
inter,0.985,196,0.7530318899427987,1.036161143570729
inter,0.985,197,0.779759105295128,1.0266598088391057
inter,0.985,198,0.8017015219655186,1.0141922665567746
inter,0.985,199,0.8158897112216207,0.9989583446246949
inter,0.985,200,0.8206129338153056,0.981205774907994
inter,0.985,201,0.8162487713570762,0.9612283336770404
inter,0.985,202,0.8049030452590544,0.9393600260085712
inter,0.985,203,0.789228987609343,0.9159647767659653
inter,0.985,204,0.7714408526283584,0.8914224613649975
inter,0.985,205,0.7530137659448028,0.8661134577046101
inter,0.985,206,0.7348310849082114,0.8404047219306346
inter,0.985,207,0.7174172343643409,0.8146399436122901
inter,0.985,208,0.7011047529520233,0.7891345423769667
inter,0.985,209,0.6861282420964646,0.7641743460431197
inter,0.985,210,0.6726725161350671,0.7400161525613032
inter,0.985,211,0.6608968697601472,0.7168891031785032
inter,0.985,212,0.6509477193787617,0.6949968175164694
inter,0.985,213,0.6429656209853334,0.6745206632393539
inter,0.985,214,0.6370893996583598,0.655624273338602
inter,0.985,215,0.633458533307294,0.6384589062518586
inter,0.985,216,0.6322141534656915,0.6231688558195265
inter,0.985,217,0.6334986047510192,0.6098959896155417
inter,0.985,218,0.6374532228214236,0.5987825901138735
inter,0.985,219,0.6442137285422365,0.5899719516763909
inter,0.985,220,0.6539023421385534,0.5836066593732266
inter,0.985,221,0.6666153260495695,0.5798251731707922
inter,0.985,222,0.6824041760933753,0.5787583284994049
inter,0.985,223,0.7012480731735451,0.5805288902519161
inter,0.985,224,0.7230146409324569,0.5852590983898436
inter,0.985,225,0.7474060932329079,0.5930889409945741
inter,0.985,226,0.7738898973858849,0.604192662899991
inter,0.985,227,0.801620677402679,0.6187587318114165
inter,0.985,228,0.8293789575785243,0.6369048173773948
inter,0.985,229,0.8555854117523027,0.6585457234447264
inter,0.985,230,0.8784762210664471,0.683284731142483
inter,0.985,231,0.8964814928442598,0.7104012661091474
inter,0.985,232,0.9086858391545163,0.7388347488718405
inter,0.985,233,0.9150889207225741,0.7669566954734415
inter,0.985,234,0.9164657782393787,0.7922299028715993
inter,0.985,235,0.9139414915089926,0.8111485623728855
inter,0.985,236,0.9085895924666677,0.8209379001540434
inter,0.985,237,0.9012418942527973,0.821771004146993
inter,0.985,238,0.8924806187430534,0.8154125235132331
inter,0.985,239,0.8827052186996821,0.8029702721904841
inter,0.985,240,0.8722023064069704,0.7844148603953058
inter,0.985,241,0.8611953123376914,0.7629468734545318
inter,0.985,242,0.8498741350551682,0.7431046812084237
inter,0.985,243,0.8384110261591431,0.7244526156639428
inter,0.985,244,0.826968340854185,0.7067194993679679
inter,0.985,245,0.8157019089228451,0.690094857704967
inter,0.985,246,0.8047622369513219,0.6748178992243842
inter,0.985,247,0.7942947530928145,0.6611020451542777
inter,0.985,248,0.7844397171860213,0.6491332647825837
inter,0.985,249,0.7753320901010415,0.6390781062750173
inter,0.985,250,0.7671014730941589,0.6310898792754467
inter,0.985,251,0.7598721338484565,0.6253118656334418
inter,0.985,252,0.7537630808643715,0.6218785494975094
inter,0.985,253,0.7488881156619414,0.62091662089181
inter,0.985,254,0.7453557807048237,0.6225480896981531
inter,0.985,255,0.7432691081425922,0.6268973751437208
inter,0.985,256,0.7427250498638266,0.6341003309739729
inter,0.985,257,0.7438134783640792,0.6443052976455286
inter,0.985,258,0.7466156227359101,0.6576526603901927
inter,0.985,259,0.7512018021338093,0.674229601391173
inter,0.985,260,0.7576283123887001,0.6940089095171111
inter,0.985,261,0.7659333298773103,0.7167883113143454
inter,0.985,262,0.7761317306728432,0.7421569566800782
inter,0.985,263,0.7882087825384063,0.7694700603256984
inter,0.985,264,0.8021127934798009,0.797757144484996
inter,0.985,265,0.81774700906975,0.8255880075325426
inter,0.985,266,0.8349613619738354,0.8510120375212534
inter,0.985,267,0.8535450720244242,0.8717580078624728
inter,0.985,268,0.8732216238950187,0.8861069443315712
inter,0.985,269,0.8936480150491564,0.8938346677461952
inter,0.985,270,0.9144202772675252,0.8957782590219223
inter,0.985,271,0.935086651973695,0.8928288522178978
inter,0.985,272,0.9551682749851436,0.8859563088533333
inter,0.985,273,0.9741848621559196,0.8768468343294926
inter,0.985,274,0.9916806720709346,0.8667158938125393
inter,0.985,275,1.0072451866748373,0.8558263958318499
inter,0.985,276,1.0205246493893554,0.8443585417610433
inter,0.985,277,1.0312241735507401,0.8325720633072926
inter,0.985,278,1.0391038546060454,0.8207236731765951
inter,0.985,279,1.0439739447327343,0.8090405968026535
inter,0.985,280,1.045693195602576,0.7977223322912109
inter,0.985,281,1.0441718378969373,0.7869469794578821
inter,0.985,282,1.0393781176697556,0.7768763839068415
inter,0.985,283,1.0313457354943452,0.7676595679027445
inter,0.985,284,1.0201792966969143,0.7594349113510226
inter,0.985,285,1.0060555400079452,0.7523315519305895
inter,0.985,286,0.9892192597660617,0.746470327744627
inter,0.985,287,0.9699740502081073,0.7419644661042005
inter,0.985,288,0.9486689976392735,0.7389201409182105
inter,0.985,289,0.9256830545967372,0.7374369492635489
inter,0.985,290,0.9014089955050979,0.7376082565978924
inter,0.985,291,0.8762386324590735,0.739521206542434
inter,0.985,292,0.8505504979139497,0.743256015147133
inter,0.985,293,0.8247006388082506,0.7488840817195214
inter,0.985,294,0.7990166540987016,0.7564645781854069
inter,0.985,295,0.7737947232695382,0.7660394721662795
inter,0.985,296,0.7492991429658148,0.7776270053342981
inter,0.985,297,0.7257638027439609,0.791213102240992
inter,0.985,298,0.7033950412477801,0.8067394623070692
inter,0.985,299,0.6823753931425081,0.8240876153555415
inter,0.985,300,0.6628678329475395,0.8430609856188118
inter,0.985,301,0.6450202225135011,0.8633708523571105
inter,0.985,302,0.6289697416062198,0.8846338873331496
inter,0.985,303,0.6148471488291022,0.9063859880439289
inter,0.985,304,0.6027807486727947,0.9281103043615635
inter,0.985,305,0.5928999574452581,0.9492715735227318
inter,0.985,306,0.5853383340642154,0.9693489422712354
inter,0.985,307,0.5802359092728091,0.98786343511272
inter,0.985,308,0.5777405446022796,1.0043969005307483
inter,0.985,309,0.5780079319176069,1.018598099764969
inter,0.985,310,0.5811996304129742,1.030177016903223
inter,0.985,311,0.5874782237181552,1.0388969899422749
inter,0.985,312,0.596998179967804,1.044573580204281
inter,0.985,313,0.6098902188776409,1.047079229755315
inter,0.985,314,0.6262357311503788,1.0463468664666216
inter,0.985,315,0.6460257799500495,1.042369112916835
inter,0.985,316,0.6690961447656125,1.0351949637920836
inter,0.985,317,0.6950259006051113,1.0249268816777932
inter,0.985,318,0.7229851669377457,1.0117195751517785
inter,0.985,319,0.7515316697725015,0.9957798183479621
inter,0.985,320,0.7784256850232992,0.9773655449490337
inter,0.985,321,0.8007035256205083,0.956782261271947
inter,0.985,322,0.8153650834288275,0.9343754047238952
inter,0.985,323,0.8206029506301159,0.9105183717554012
inter,0.985,324,0.8166812164204897,0.8855973358168832
inter,0.985,325,0.8056404193202583,0.8599953381685042
inter,0.985,326,0.7901349895458957,0.8340787693393481
inter,0.985,327,0.772416061397704,0.808188512439042
inter,0.985,328,0.7539965775472384,0.7826359483588914
inter,0.985,329,0.7357853042466012,0.7577022590292671
inter,0.985,330,0.7183208505898231,0.7336392476488306
inter,0.985,331,0.7019430851782738,0.7106708776468351
inter,0.985,332,0.6868903261790356,0.6889956961329626
inter,0.985,333,0.6733492869067309,0.6687905234750464
inter,0.985,334,0.6614802350541845,0.6502153871908187
inter,0.985,335,0.6514300626567744,0.6334191442995837
inter,0.985,336,0.6433395153199828,0.6185449075599941
inter,0.985,337,0.6373474372864482,0.605734332139741
inter,0.985,338,0.633593234479316,0.5951299721936938
inter,0.985,339,0.6322179474302416,0.5868752512538182
inter,0.985,340,0.6333638944846712,0.5811121299461834
inter,0.985,341,0.6371725564879435,0.5779773274025137
inter,0.985,342,0.6437801198749186,0.5775990518632339
inter,0.985,343,0.6533097919090669,0.5800979207610453
inter,0.985,344,0.6658596288541101,0.5855973773016037
inter,0.985,345,0.6814841235253285,0.5942444637903541
inter,0.985,346,0.7001671839574569,0.6062223908323346
inter,0.985,347,0.7217836090792537,0.6217157312859671
inter,0.985,348,0.7460460580056295,0.6408069344847667
inter,0.985,349,0.7724364793285077,0.6633379697822219
inter,0.985,350,0.8001280683358588,0.6888196201730976
inter,0.985,351,0.8279219673928406,0.7164414273168327
inter,0.985,352,0.8542554099111513,0.7450180280914201
inter,0.985,353,0.8773665220316013,0.7727156426048359
inter,0.985,354,0.8956631003590805,0.7967057667154229
inter,0.985,355,0.9081851833369731,0.8133880170037687
inter,0.985,356,0.9148834755418539,0.8206404857108047
inter,0.985,357,0.9165011394184078,0.8193192458489236
inter,0.985,358,0.914156176917258,0.8111923395694451
inter,0.985,359,0.9089317200015381,0.7969898749068419
inter,0.985,360,0.9016738221360447,0.7768218951074735
inter,0.985,361,0.8929765833151412,0.7552658914034924
inter,0.985,362,0.8832473028228323,0.7355534751554769
inter,0.985,363,0.8727771590363397,0.7169184398296764
inter,0.985,364,0.8617920522221766,0.6992647903988385
inter,0.985,365,0.8504831742511416,0.6828098459914238
inter,0.985,366,0.8390234696950065,0.6677870063033381
inter,0.985,367,0.8275757096137476,0.6544012210478167
inter,0.985,368,0.8162960289099429,0.6428323429233229
inter,0.985,369,0.8053352069258976,0.633243060929982
inter,0.985,370,0.7948389437479089,0.6257841769111971
inter,0.985,371,0.7849477787250382,0.6205969913008672
inter,0.985,372,0.7757969574481545,0.6178140668129233
inter,0.985,373,0.7675163673719119,0.6175603893765219
inter,0.985,374,0.760230559440709,0.6199575040725583
inter,0.985,375,0.7540588202111034,0.6251321499692959
inter,0.985,376,0.7491152279382106,0.6332254806344443
inter,0.985,377,0.7455086119990639,0.644390108368011
inter,0.985,378,0.7433423084501674,0.65876133264959
inter,0.985,379,0.7427136145276334,0.6764027633219538
inter,0.985,380,0.7437128142000007,0.6972386242460407
inter,0.985,381,0.7464216484748121,0.7209962229577853
inter,0.985,382,0.7509110888551521,0.7471817776250786
inter,0.985,383,0.7572382730485467,0.7750409567247545
inter,0.985,384,0.765442465791789,0.8034354212526413
inter,0.985,385,0.7755399350702479,0.8307097048831663
inter,0.985,386,0.7875177048517805,0.854673637166583
inter,0.985,387,0.8013262559264558,0.8730148326032605
inter,0.985,388,0.8168714490896418,0.8844557463252397
inter,0.985,389,0.8340062588786459,0.8893282604546191
inter,0.985,390,0.8525233015759093,0.8886378509353233
inter,0.985,391,0.87214963358717,0.8832258015667069
inter,0.985,392,0.8925457249874267,0.8743709725902177
inter,0.985,393,0.913310595778674,0.8639917290248192
inter,0.985,394,0.933994576616389,0.8529118499569239
inter,0.985,395,0.9541196284939361,0.8412585383084098
inter,0.985,396,0.9732048640050005,0.8292479434637969
inter,0.985,397,0.990792641000481,0.817149549333153
inter,0.985,398,1.0064696497330166,0.8052122313138479
inter,0.985,399,1.0198789767979073,0.7936527161540415
inter,0.985,400,1.0307226615059806,0.7826609943913904
inter,0.985,401,1.038758000157469,0.772406842073202
inter,0.985,402,1.0437926527156987,0.7630445938536776
inter,0.985,403,1.0456827460480889,0.7547162811175672
inter,0.985,404,1.044335622839312,0.7475536600839315
inter,0.985,405,1.0397162403014113,0.7416795579277784
inter,0.985,406,1.0318546405347853,0.7372088264840542
inter,0.985,407,1.020851570844087,0.7342490883520425
inter,0.985,408,1.0068799761132052,0.7329013668449669
inter,0.985,409,0.9901812111395514,0.7332605636413696
inter,0.985,410,0.9710560401126506,0.7354155562447295
inter,0.985,411,0.9498515046290197,0.7394484686309937
inter,0.985,412,0.9269453731993887,0.7454325643421188
inter,0.985,413,0.9027300736403356,0.7534283849471208
inter,0.985,414,0.8775978062357008,0.7634781241404414
inter,0.985,415,0.8519280730037341,0.7755982782912328
inter,0.985,416,0.8260782992884678,0.7897699122276776
inter,0.985,417,0.8003777017852839,0.8059251156596523
inter,0.985,418,0.775124167371675,0.8239291933354413
inter,0.985,419,0.7505836710098776,0.8435616415900749
inter,0.985,420,0.7269916630540846,0.8645030274975765
inter,0.985,421,0.7045558630148632,0.8863357970384862
inter,0.985,422,0.6834599704881656,0.9085626279455562
inter,0.985,423,0.6638678928314045,0.9306383761735527
inter,0.985,424,0.6459281847829955,0.9520067365607774
inter,0.985,425,0.6297784867813642,0.9721347090315797
inter,0.985,426,0.6155497965651231,0.9905419035309457
inter,0.985,427,0.6033704556834185,1.0068197374375543
inter,0.985,428,0.593369738403026,1.0206342817726513
inter,0.985,429,0.5856809176385868,1.0317157729237432
inter,0.985,430,0.5804436343187321,1.039848162158782
inter,0.985,431,0.5778053178800073,1.0448682558281863
inter,0.985,432,0.5779212713528954,1.046670868954744
inter,0.985,433,0.5809528326586673,1.0452115023040545
inter,0.985,434,0.5870627154501731,1.0405040353845472
inter,0.985,435,0.5964061460292285,1.0326165020096143
inter,0.985,436,0.6091156503869709,1.0216681375425543
inter,0.985,437,0.6252761176025415,1.0078285549796158
inter,0.985,438,0.6448848118992866,0.9913178891742231
inter,0.985,439,0.6677879711370364,0.972405811517568
inter,0.985,440,0.693581705332354,0.9514074189414631
inter,0.985,441,0.7214627327659298,0.9286748205971318
inter,0.985,442,0.7500269328569934,0.9045844788956727
inter,0.985,443,0.777079152661854,0.8795217875048691
inter,0.985,444,0.7996835544038743,0.8538656119648915
inter,0.985,445,0.8148130969708187,0.8279758394745924
inter,0.985,446,0.8205664452416378,0.8021857820171737
inter,0.985,447,0.8170932608994542,0.7767991446850194
inter,0.985,448,0.8063652093701924,0.7520898196308098
inter,0.985,449,0.7910348828297532,0.7283028991770204
inter,0.985,450,0.7733894227181524,0.7056563679784238
inter,0.985,451,0.7549800682436113,0.6843437523717035
inter,0.985,452,0.7367416951110088,0.6645380537792815
inter,0.985,453,0.719227583517378,0.646396826299507
inter,0.985,454,0.7027852010456025,0.6300677550267995
inter,0.985,455,0.6876567194960587,0.615693823409602
inter,0.985,456,0.674030819846245,0.6034171498696759
inter,0.985,457,0.6620687786304762,0.5933807680596532
inter,0.985,458,0.651917983514241,0.5857280061653177
inter,0.985,459,0.6437193815054489,0.5805997162344421
inter,0.985,460,0.6376118429761345,0.5781304449135932
inter,0.985,461,0.6337347048278931,0.5784458634013045
inter,0.985,462,0.6322289158361009,0.5816656402349978
inter,0.985,463,0.6332367617865821,0.5879168430121409
inter,0.985,464,0.6368998571062882,0.5973553015571922
inter,0.985,465,0.6433548309049888,0.6101700451471643
inter,0.985,466,0.6527258443507638,0.6265319162943264
inter,0.985,467,0.6651126960899537,0.6464771333021284
inter,0.985,468,0.6805727958721772,0.66977297040329
inter,0.985,469,0.6990946777295229,0.6958516142102562
inter,0.985,470,0.7205601581178563,0.7238279524304847
inter,0.985,471,0.7446921474746506,0.7523902782609535
inter,0.985,472,0.7709868496346736,0.7794957611111619
inter,0.985,473,0.7986358364732796,0.8020606128002329
inter,0.985,474,0.8264608696595599,0.816579115508469
inter,0.985,475,0.8529161962293826,0.8216647300813608
inter,0.985,476,0.8762429601822843,0.8186278190198374
inter,0.985,477,0.8948280389193236,0.8091025077249498
inter,0.985,478,0.9076677508378205,0.7934695742951936
inter,0.985,479,0.9146634787681911,0.7724867290483526
inter,0.985,480,0.9165252358224072,0.751533015648697
inter,0.985,481,0.9143627260500315,0.7322637866490243
inter,0.985,482,0.9092681191802868,0.7139667001234125
inter,0.985,483,0.9021016947444572,0.696683296152901
inter,0.985,484,0.8934696343356027,0.6806467088819265
inter,0.985,485,0.8837872901084755,0.6660846843333629
inter,0.985,486,0.873350550728017,0.6531957237393521
inter,0.985,487,0.862387871584036,0.6421550528712121
inter,0.985,488,0.8510917833543703,0.6331220613724806
inter,0.985,489,0.8396359457419815,0.6262448311483614
inter,0.985,490,0.8281835551496068,0.6216620640594647
inter,0.985,491,0.8168910549360425,0.6195038543558875
inter,0.985,492,0.8059094978685623,0.6198934587874977
inter,0.985,493,0.7953848556634261,0.622952524999425
inter,0.985,494,0.785457946475332,0.628810314673637
inter,0.985,495,0.7762643010751114,0.6376109162021337
inter,0.985,496,0.7679340926930749,0.6495046441966854
inter,0.985,497,0.7605921549424571,0.6646130863858908
inter,0.985,498,0.7543580539283538,0.6829719442835205
inter,0.985,499,0.7493461465909872,0.7044649898437163
inter,0.985,500,0.7456655440375254,0.7287744473846536
inter,0.985,501,0.7434198871363666,0.7553605523678216
inter,0.985,502,0.7427068154402208,0.7834069047755358
inter,0.985,503,0.7436170203186323,0.8116896008949857
inter,0.985,504,0.7462327476009472,0.8384677324241019
inter,0.985,505,0.7506256127613254,0.8615215641017867
inter,0.985,506,0.7568535847983532,0.8787012881778559
inter,0.985,507,0.7649570007557532,0.889073602344745
inter,0.985,508,0.7749535035495994,0.8931651358346007
inter,0.985,509,0.7868318537700116,0.8919443646481622
inter,0.985,510,0.8005446796784158,0.8862476294294597
inter,0.985,511,0.8160004323325492,0.877505115673274
inter,0.985,512,0.8330551110807217,0.867425649186524
inter,0.985,513,0.8515047100402178,0.8565885105148466
inter,0.985,514,0.8710798551908079,0.8451335397222399
inter,0.985,515,0.8914445012534151,0.8332970214839277
inter,0.985,516,0.9122006969255034,0.8213450181569097
inter,0.985,517,0.9329009167806036,0.809518946205811
inter,0.985,518,0.953068021242009,0.7980297351579597
inter,0.985,519,0.9722205962392878,0.787063698791745
inter,0.985,520,0.989899162274397,0.7767885329592628
inter,0.985,521,1.005687647555276,0.7673575510195514
inter,0.985,522,1.0192259914436468,0.7589124237546929
inter,0.985,523,1.030213146197208,0.7515849355988691
inter,0.985,524,1.038403596107856,0.7454981479544072
inter,0.985,525,1.0436023988841978,0.7407672255374071
inter,0.985,526,1.045663069377935,0.7375000859412244
inter,0.985,527,1.0444900777115202,0.7357979535555903
inter,0.985,528,1.0400451161825393,0.7357557955346079
inter,0.985,529,1.032354584502948,0.7374624583587077
inter,0.985,530,1.0215153763980585,0.7410001277169439
inter,0.985,531,1.0076966321029799,0.7464426094588692
inter,0.985,532,0.9911362410152632,0.7538520270246429
inter,0.985,533,0.9721320995224114,0.7632738427524094
inter,0.985,534,0.9510291598596016,0.7747302609411357
inter,0.985,535,0.9282039604023512,0.7882115886094996
inter,0.985,536,0.9040485395171823,0.8036643293439978
inter,0.985,537,0.8789554496957043,0.8209751257426823
inter,0.985,538,0.8533051365553195,0.8399523444295365
inter,0.985,539,0.8274563861576275,0.8603110908570653
inter,0.985,540,0.8017400237546747,0.8816695549122637
inter,0.985,541,0.7764556426319876,0.9035619191697628
inter,0.985,542,0.7518709003895643,0.9254662155738055
inter,0.985,543,0.728222814667599,0.9468393023035818
inter,0.985,544,0.7057204972637791,0.9671508268569255
inter,0.985,545,0.6845488262722202,0.9859122215832226
inter,0.985,546,0.6648726530658677,1.002697494299253
inter,0.985,547,0.6468412389215573,1.017150643112036
inter,0.985,548,0.630592696148776,1.028979735023226
inter,0.985,549,0.6162582734754941,1.0379475231363093
inter,0.985,550,0.6039663593491935,1.043868992015643
inter,0.985,551,0.5938460963205938,1.0466157374445553
inter,0.985,552,0.5860304761287768,1.0461198239616796
inter,0.985,553,0.5806587544280697,1.0423730351143972
inter,0.985,554,0.5778779292974606,1.0354232855791705
inter,0.985,555,0.5778429096895769,1.0253714109984542
inter,0.985,556,0.5807147995113686,1.0123698054393762
inter,0.985,557,0.586656418170332,0.9966223241262651
inter,0.985,558,0.5958237069186775,0.9783836481902144
inter,0.985,559,0.6083509270110874,0.9579560821746126
inter,0.985,560,0.6243263577279837,0.9356823298576395
inter,0.985,561,0.64375328377103,0.9119338895053353
inter,0.985,562,0.6664881227489097,0.8870961016231498
inter,0.985,563,0.6921435992431976,0.8615522591193501
inter,0.985,564,0.7199424433131767,0.8356698915226728
inter,0.985,565,0.7485180955485603,0.8097915926679727
inter,0.985,566,0.775720013124779,0.7842307411365779
inter,0.985,567,0.7986420385107836,0.7592706361899124
inter,0.985,568,0.8142338985157971,0.7351652436749467
inter,0.985,569,0.820503218406558,0.7121406761483465
inter,0.985,570,0.8174845022357852,0.690397523790654
inter,0.985,571,0.8070770112030348,0.6701144244856401
inter,0.985,572,0.7919283749926809,0.6514528890665131
inter,0.985,573,0.7743607558491463,0.6345628603390264
inter,0.985,574,0.7559641313379721,0.619588136536201
inter,0.985,575,0.7377001917613658,0.6066707133054478
inter,0.985,576,0.7201373886778396,0.5959532396414715
inter,0.985,577,0.7036310672381064,0.5875791086008955
inter,0.985,578,0.6884273946602101,0.581690234108508
inter,0.985,579,0.6747170910118939,0.5784233289017301
inter,0.985,580,0.6626624785957896,0.5779065816817508
inter,0.985,581,0.6524114613198161,0.5802603243153887
inter,0.985,582,0.6441051996809449,0.5856069690320811
inter,0.985,583,0.637882597324457,0.5940915526749613
inter,0.985,584,0.6338829254958612,0.6058955664561334
inter,0.985,585,0.632247040360721,0.6212054317781328
inter,0.985,586,0.6331171898425038,0.6401125053139036
inter,0.985,587,0.6366351092226512,0.6624752874031998
inter,0.985,588,0.6429378504477458,0.687823956592688
inter,0.985,589,0.6521504936953668,0.7153657135768141
inter,0.985,590,0.6643745299617602,0.7439405656786959
inter,0.985,591,0.6796702132545943,0.7717588664112953
inter,0.985,592,0.6980305906420121,0.796061159218673
inter,0.985,593,0.7193443546139,0.8132681899178287
inter,0.985,594,0.7433444706958127,0.8211059883337795
inter,0.985,595,0.769541169590284,0.8202864303470895
inter,0.985,596,0.7971442032928711,0.8125810835822229
inter,0.985,597,0.8249959372126475,0.7988025116181816
inter,0.985,598,0.8515680540329154,0.7790118959268764
inter,0.985,599,0.8751057579680218,0.7575127721549009
inter,0.985,600,0.893976401171003,0.7378282445141765
inter,0.985,601,0.9071334871633269,0.7192362833675947
inter,0.985,602,0.9144287800412688,0.7016083848126642
inter,0.985,603,0.9165378934283945,0.6851570545058601
inter,0.985,604,0.9145609950634354,0.6701171333714485
inter,0.985,605,0.9095986875320661,0.6566955015713098
inter,0.985,606,0.9025254443530618,0.6450733748398587
inter,0.985,607,0.8939597272431551,0.6354142022344792
inter,0.985,608,0.8843251492432075,0.6278691096031386
inter,0.985,609,0.873922457315615,0.6225794684130919
inter,0.985,610,0.8629827500447361,0.619677793185194
inter,0.985,611,0.8516999438846318,0.6192889190616411
inter,0.985,612,0.8402484368290376,0.6215339592805498
inter,0.985,613,0.8287918605358237,0.6265385996338042
inter,0.985,614,0.817486970472452,0.6344422214382471
inter,0.985,615,0.8064850935628619,0.6453958253644019
inter,0.985,616,0.7959324728114627,0.6595353126569277
inter,0.985,617,0.7859702051908807,0.6769296288561342
inter,0.985,618,0.7767341057587388,0.6975150482316528
inter,0.985,619,0.7683546340139185,0.7210369182516277
inter,0.985,620,0.7609569072735544,0.7470233732891514
inter,0.985,621,0.7546607700314107,0.7747508850487665
inter,0.985,622,0.7495808558211275,0.8031315668713701
inter,0.985,623,0.7458265615803583,0.8305839658480203
inter,0.985,624,0.7435018288851355,0.8550062479892462
inter,0.985,625,0.7427046372800126,0.874115716408558
inter,0.985,626,0.7435260810134732,0.8865101239284523
inter,0.985,627,0.7460489052430985,0.892357389649598
inter,0.985,628,0.7503453608428948,0.8926088194261059
inter,0.985,629,0.756474235723943,0.8881118826524665
inter,0.985,630,0.764476926095436,0.8800287048824014
inter,0.985,631,0.7743724320101311,0.8701871535949373
inter,0.985,632,0.7861512281262851,0.8595197374868959
inter,0.985,633,0.799768069255153,0.8481902194732227
inter,0.985,634,0.8151339747358132,0.8364051766529773
inter,0.985,635,0.8321079424837767,0.8244313599027117
inter,0.985,636,0.8504893306733069,0.8125196880153953
inter,0.985,637,0.8700123313477427,0.8008899968781176
inter,0.985,638,0.890344397559539,0.7897354532361361
inter,0.985,639,0.9110906382206635,0.7792289292990802
inter,0.985,640,0.931805734194858,0.7695277810616536
inter,0.985,641,0.9520135147826835,0.7607769880125383
inter,0.985,642,0.971232118620487,0.7531111634361192
inter,0.985,643,0.9890002848180076,0.7466558699852548
inter,0.985,644,1.0048992230608345,0.7415285330345376
inter,0.985,645,1.0185657282998082,0.7378391380729366
inter,0.985,646,1.0296956571258136,0.7356908184062774
inter,0.985,647,1.0380406634417105,0.7351803465632534
inter,0.985,648,1.043403201015938,0.7363983988510496
inter,0.985,649,1.0456341755457945,0.7394292670472511
inter,0.985,650,1.0446352061393815,0.7443495267191068
inter,0.985,651,1.0403647402597151,0.7512251938768368
inter,0.985,652,1.0328455528532419,0.7601071771894967
inter,0.985,653,1.022170689393339,0.771025088635255
inter,0.985,654,1.008505475499526,0.7839791878555268
inter,0.985,655,0.9920843100000543,0.7989294112684349
inter,0.985,656,0.9732021841539467,0.8157802998268926
inter,0.985,657,0.9522019162825819,0.8343626976163188
inter,0.985,658,0.9294587684214928,0.8544170143723373
inter,0.985,659,0.9053643466742769,0.8755858146739781
inter,0.985,660,0.88031151998416,0.8974222006589045
inter,0.985,661,0.8546816495063437,0.9194143652876821
inter,0.985,662,0.8288348646101064,0.9410196975684129
inter,0.985,663,0.803103590160292,0.961699702255344
inter,0.985,664,0.7777891235830161,0.9809507413601583
inter,0.985,665,0.7531608086131695,0.9983277557046388
inter,0.985,666,0.7294572396702615,1.0134557991532804
inter,0.985,667,0.706888930581986,1.0260269582936532
inter,0.985,668,0.6856419489384814,1.0357903638573458
inter,0.985,669,0.6658821034879843,1.0425471999126281
inter,0.985,670,0.6477593743803216,1.046153878163476
inter,0.985,671,0.6314123589109004,1.0465267671886265
inter,0.985,672,0.6169725676568998,1.0436426731514223
inter,0.985,673,0.6045684466147443,1.0375355967626427
inter,0.985,674,0.594329014302272,1.0282931087760923
inter,0.985,675,0.5863869895743691,1.0160544339785478
inter,0.985,676,0.5808812471003156,1.0010101516177832
inter,0.985,677,0.577958353712057,0.9834019218190777
inter,0.985,678,0.5777728198980878,0.9635201633234426
inter,0.985,679,0.5804855028633498,0.9416980032897613
inter,0.985,680,0.5862593032149084,0.918300807552106
inter,0.985,681,0.5952508368335189,0.8937119395386968
inter,0.985,682,0.6075960332544117,0.86831682692542
inter,0.985,683,0.6233864489130695,0.8424883808237604
inter,0.985,684,0.642631219268266,0.8165764934309196
inter,0.985,685,0.6651966700913854,0.790902552791027
inter,0.985,686,0.6907117233745247,0.7657578645589747
inter,0.985,687,0.718424547083249,0.7414041023069268
inter,0.985,688,0.7470055374988268,0.7180746102321794
inter,0.985,689,0.7743487423707771,0.6959764685477925
inter,0.985,690,0.7975793968394396,0.6752937161405292
inter,0.985,691,0.813627640187036,0.6561918797753561
inter,0.985,692,0.8204130761161715,0.6388234193412321
inter,0.985,693,0.8178545422169625,0.6233332831088372
inter,0.985,694,0.8077754254879416,0.6098636225197831
inter,0.985,695,0.7928151752917028,0.598556806253867
inter,0.985,696,0.7753298839834456,0.5895561502971354
inter,0.985,697,0.7569486658040586,0.5830042544754304
inter,0.985,698,0.7386607351505272,0.5790395359020284
inter,0.985,699,0.7210502281136733,0.5777925295248119
inter,0.985,700,0.704480655989571,0.5793850346174958
inter,0.985,701,0.6892023289114119,0.5839371320438445
inter,0.985,702,0.6754080797355994,0.5915855979188209
inter,0.985,703,0.6632613149603503,0.6025027546607291
inter,0.985,704,0.6529104757851271,0.6168807169274424
inter,0.985,705,0.6444969487848705,0.6348488381301495
inter,0.985,706,0.6381596782461587,0.6563395293236423
inter,0.985,707,0.6340378731209424,0.6809725281606305
inter,0.985,708,0.6322722966623617,0.7080365616636215
inter,0.985,709,0.633005153289655,0.7364855212741268
inter,0.985,710,0.6363782882473591,0.7647272681539308
inter,0.985,711,0.6425291544334668,0.7902872745082898
inter,0.985,712,0.6515837201835674,0.8096933442666308
inter,0.985,713,0.6636451183189764,0.8200390775629363
inter,0.985,714,0.6787763714055316,0.821325633699518
inter,0.985,715,0.6969749411475155,0.8152974759315859
inter,0.985,716,0.7181362438218651,0.8031326384064312
inter,0.985,717,0.7420031102128303,0.7847813496589444
inter,0.985,718,0.7680995743703612,0.763101024801856
inter,0.985,719,0.795653363632218,0.7429867966891279
inter,0.985,720,0.8235274166132398,0.7241507851941156
inter,0.985,721,0.8502112444427204,0.7062529873936219
inter,0.985,722,0.8739551238038625,0.6894679900800503
inter,0.985,723,0.8931082709497855,0.6740343334869688
inter,0.985,724,0.9065823293810952,0.6601667551752026
inter,0.985,725,0.9141792169145029,0.6480524382704014
inter,0.985,726,0.9165389280794273,0.6378588508323969
inter,0.985,727,0.9147508256735691,0.6297399996582148
inter,0.985,728,0.909923310333072,0.6238396751234236
inter,0.985,729,0.9029449920468944,0.6202926286415984
inter,0.985,730,0.8944468061732863,0.6192254431933009
inter,0.985,731,0.8848608380215232,0.6207595075693374
inter,0.985,732,0.8744928439810709,0.6250181918462012
inter,0.985,733,0.8635766565847536,0.6321365771485412
inter,0.985,734,0.8523076270658898,0.642263907369559
inter,0.985,735,0.8408609155488544,0.6555442224462675
inter,0.985,736,0.8294005995527055,0.6720704269102811
inter,0.985,737,0.8180837504038384,0.6918208310757835
inter,0.985,738,0.8070619700273813,0.7145958446006553
inter,0.985,739,0.7964817724678293,0.7399831037470921
inter,0.985,740,0.7864845328704083,0.7673339722936229
inter,0.985,741,0.7772063509709787,0.7956729442915
inter,0.985,742,0.7687779721667786,0.8235605566638196
inter,0.985,743,0.7613247969456522,0.8490276455061804
inter,0.985,744,0.7549669487703025,0.8697675980912851
inter,0.985,745,0.7498193407011566,0.8840225977214431
inter,0.985,746,0.7459916503469424,0.891563296578513
inter,0.985,747,0.7435881210954038,0.8932463187189117
inter,0.985,748,0.7427070693180551,0.8899691525981115
inter,0.985,749,0.7434399881571202,0.8827017136471461
inter,0.985,750,0.7458701155728682,0.8732023166134182
inter,0.985,751,0.750070329555428,0.8627470596569375
inter,0.985,752,0.7561002265884373,0.8515911170938789
inter,0.985,753,0.7640022465844681,0.8399094116066398
inter,0.985,754,0.7737967298876148,0.8279630712700315
inter,0.985,755,0.7854758457897242,0.8160103843827635
inter,0.985,756,0.7989964505621375,0.8042794320204969
inter,0.985,757,0.8142721081211101,0.7929699653773918
inter,0.985,758,0.8311647956369738,0.782259877803627
inter,0.985,759,0.8494772167987464,0.7723104603917217
inter,0.985,760,0.8689471256614274,0.7632699251380508
inter,0.985,761,0.8892454839753668,0.7552756627388697
inter,0.985,762,0.9099804986740416,0.7484557055097312
inter,0.985,763,0.9307091089514489,0.7429297229673172
inter,0.985,764,0.9509561870097808,0.7388097605226405
inter,0.985,765,0.9702395008683715,0.7362008485366198
inter,0.985,766,0.9880960736223466,0.7352015252307901
inter,0.985,767,1.0041044296541322,0.735904191249902
inter,0.985,768,1.0178982317213583,0.7383950297536171
inter,0.985,769,1.0291702289412983,0.7427530383785084
inter,0.985,770,1.037669231300988,0.749047670697122
inter,0.985,771,1.0431950776953305,0.7573347941946158
inter,0.985,772,1.0455960756025207,0.76765098373593
inter,0.985,773,1.0447710078151706,0.7800060848941821
inter,0.985,774,1.0406751010398074,0.7943732468907381
inter,0.985,775,1.0333275224232272,0.8106751078146058
inter,0.985,776,1.0228174751017003,0.8287661452142079
inter,0.985,777,1.0093064609389728,0.8484147711860803
inter,0.985,778,0.9930253638219106,0.8692923711836298
inter,0.985,779,0.974266233170893,0.8909766775486065
inter,0.985,780,0.9533697092019144,0.9129719777746239
inter,0.985,781,0.9307097313880421,0.9347413325273495
inter,0.985,782,0.9066774301699454,0.9557419521590851
inter,0.985,783,0.8816659541165788,0.9754573779631184
inter,0.985,784,0.8560575528948882,0.993423627009568
inter,0.985,785,0.8302136806486212,1.009244850665708
inter,0.985,786,0.8044683516508646,1.0225942626266247
inter,0.985,787,0.7791245660571495,1.0332049363451266
inter,0.985,788,0.7544533570809471,1.0408625102146667
inter,0.985,789,0.7306949024247802,1.0454064009180057
inter,0.985,790,0.7080611294445666,1.0467349254867448
inter,0.985,791,0.6867393065615761,1.0448072442115899
inter,0.985,792,0.6668962158855156,1.039640890373484
inter,0.985,793,0.6486825654335416,1.0313079421332212
inter,0.985,794,0.6322374507803622,1.019932515498866
inter,0.985,795,0.617692655946035,1.0056900959323214
inter,0.985,796,0.6051766944911695,0.9888074602482111
inter,0.985,797,0.5948184702269093,0.9695611566972768
inter,0.985,798,0.5867504360788446,0.9482726735000093
inter,0.985,799,0.5811110897486119,0.9252992663223065
inter,0.985,800,0.5780465680986137,0.9010206728726835
inter,0.985,801,0.5777109787101351,0.8758233870532919
inter,0.985,802,0.580264920037135,0.8500853510144739
inter,0.985,803,0.5858713514945978,0.824164054343083
inter,0.985,804,0.5946875223324548,0.7983896088902027
inter,0.985,805,0.6068509630567458,0.7730622123635494
inter,0.985,806,0.6224564039734981,0.7484521709686671
inter,0.985,807,0.6415186602738266,0.7248010010971377
inter,0.985,808,0.6639136994352038,0.7023232352468153
inter,0.985,809,0.6892862381733266,0.6812092702976686
inter,0.985,810,0.7169093098371151,0.6616295323318071
inter,0.985,811,0.7454896569448191,0.6437397258377149
inter,0.985,812,0.7729658376700912,0.6276864557122268
inter,0.985,813,0.7964960744113951,0.6136122861232546
inter,0.985,814,0.8129945035664398,0.6016593290160377
inter,0.985,815,0.8202958539523514,0.5919706788907315
inter,0.985,816,0.8182029873395597,0.5846894232242421
inter,0.985,817,0.8084600403159178,0.5799555890770873
inter,0.985,818,0.7936949799517646,0.5779022707052859
inter,0.985,819,0.7762966183034771,0.5786534997126099
inter,0.985,820,0.7579335606763762,0.5823283706048485
inter,0.985,821,0.7396232573924754,0.5890562735722252
inter,0.985,822,0.7219660565233113,0.5989982874901874
inter,0.985,823,0.7053339336207894,0.6123460222044785
inter,0.985,824,0.6899814944359086,0.6292597579445195
inter,0.985,825,0.676103761422385,0.6497442542977352
inter,0.985,826,0.6638652647600637,0.6735180487166772
inter,0.985,827,0.6534150048651424,0.6999631840173558
inter,0.985,828,0.6448946071054665,0.7281426166767484
inter,0.985,829,0.6384430640133198,0.7566572720610445
inter,0.985,830,0.6341995260306794,0.7833285860301065
inter,0.985,831,0.6323046630388849,0.8049269153237743
inter,0.985,832,0.6329006314204364,0.8180814574456392
inter,0.985,833,0.6361293741140078,0.8218772227932583
inter,0.985,834,0.6421287266871738,0.8178261292532171
inter,0.985,835,0.6510255120245171,0.8074363396122537
inter,0.985,836,0.6629244562037062,0.7908931082998871
inter,0.985,837,0.6778912825825038,0.7695243101617439
inter,0.985,838,0.6959277565616049,0.7488460861580518
inter,0.985,839,0.7169358814196677,0.7297209288679438
inter,0.985,840,0.7406681630074097,0.7115429625207962
inter,0.985,841,0.7666622113821703,0.6944097688591077
inter,0.985,842,0.794163524822954,0.6785583733468729
inter,0.985,843,0.8220555690515253,0.6642122764731662
inter,0.985,844,0.8488460465703018,0.6515660139895665
inter,0.985,845,0.8727912833516488,0.6407920536795583
inter,0.985,846,0.8922237500103173,0.632047874595982
inter,0.985,847,0.9060142318819712,0.6254800499703113
inter,0.985,848,0.9139146395652433,0.6212258849428092
inter,0.985,849,0.9165281579438773,0.6194141540323947
inter,0.985,850,0.9149320630481111,0.6201671823378946
inter,0.985,851,0.9102418731108416,0.6236066786957639
inter,0.985,852,0.9033602586083435,0.6298632972760507
inter,0.985,853,0.8949308156004645,0.6390827546466541
inter,0.985,854,0.8853943144424131,0.6514141657457303
inter,0.985,855,0.8750616759243206,0.6669715642988842
inter,0.985,856,0.8641695601549335,0.6857743825196281
inter,0.985,857,0.85291480367187,0.7076814237703619
inter,0.985,858,0.8414733536930421,0.7323454993036543
inter,0.985,859,0.8300097446457865,0.7591939255711633
inter,0.985,860,0.8186813678260272,0.7873638778618253
inter,0.985,861,0.807640101015949,0.8155678145441043
inter,0.985,862,0.7970327292142534,0.8419961137443444
inter,0.985,863,0.7870009051743169,0.8643929910288657
inter,0.985,864,0.777681012667401,0.8807064821717595
inter,0.985,865,0.7692040834336451,0.8902208465080514
inter,0.985,866,0.7616958018730067,0.8935849596258867
inter,0.985,867,0.7552765718546318,0.8917500803206804
inter,0.985,868,0.7500615818946733,0.8855678475183542
inter,0.985,869,0.7461607927983266,0.8765798858428369
inter,0.985,870,0.7436787470602155,0.8663883406669977
inter,0.985,871,0.7427140959718906,0.8554524260969112
inter,0.985,872,0.743358727621022,0.8439188749643971
inter,0.985,873,0.7456963670861922,0.8320338666601905
inter,0.985,874,0.7498005105188997,0.8200618305465487
inter,0.985,875,0.7557315518628835,0.8082402703958698
inter,0.985,876,0.7635329619142779,0.7967768266718276
inter,0.985,877,0.7732264022278847,0.7858554297158671
inter,0.985,878,0.784805717125975,0.775642059263594
inter,0.985,879,0.7982298434811202,0.7662887361400158
inter,0.985,880,0.8134148628315745,0.7579360939261164
inter,0.985,881,0.8302257088446398,0.7507150315756557
inter,0.985,882,0.8484684186046149,0.7447478165861412
inter,0.985,883,0.8678842974337457,0.7401488789860886
inter,0.985,884,0.8881478316023252,0.7370254460709214
inter,0.985,885,0.90887035410898,0.7354780901532763
inter,0.985,886,0.929611119086995,0.7356011548085746
inter,0.985,887,0.9498961184646498,0.7374828601932949
inter,0.985,888,0.9692428167955143,0.7412046908615668
inter,0.985,889,0.9871865930288595,0.7468395562754002
inter,0.985,890,1.003303322627518,0.7544483343389385
inter,0.985,891,1.0172235478169327,0.7640747261488428
inter,0.985,892,1.028636898576122,0.7757384575948911
inter,0.985,893,1.0372893267836392,0.7894263208930865
inter,0.985,894,1.0429780500753023,0.8050797908863281
inter,0.985,895,1.045548779839792,0.822578508226068
inter,0.985,896,1.0448974841086025,0.8417218400582961
inter,0.985,897,1.0409761887074198,0.8622146933001198
inter,0.985,898,1.0338004713047129,0.8836654449468152
inter,0.985,899,1.02345569963844,0.9056006240142782
inter,0.985,900,1.0100995435773257,0.9274939364622014
inter,0.985,901,0.9939593484481326,0.9488014468348139
inter,0.985,902,0.9753241856275685,0.9689951488468949
inter,0.985,903,0.9545324731893928,0.9875913678279558
inter,0.985,904,0.9319567817234262,1.0041705297100632
inter,0.985,905,0.9079877226642001,1.018383125392368
inter,0.985,906,0.883018687593534,1.0299428439370764
inter,0.985,907,0.8574327859706359,1.0386174774626298
inter,0.985,908,0.8315927775951146,1.044227359374593
inter,0.985,909,0.8058342570820787,1.046650104192905
inter,0.985,910,0.7804619234396404,1.0458241128023928
inter,0.985,911,0.7557485036263698,1.0417473726436326
inter,0.985,912,0.7319357666629032,1.034473717941181
inter,0.985,913,0.7092370626760036,1.0241097117632996
inter,0.985,914,0.6878408750921852,1.0108134172902994
inter,0.985,915,0.6679149651021156,0.9947943145174165
inter,0.985,916,0.6496107886092849,0.9763124878215488
inter,0.985,917,0.6330679488741056,0.9556750723515718
inter,0.985,918,0.6184185152741484,0.9332285872368954
inter,0.985,919,0.6057910797362368,0.9093469224618684
inter,0.985,920,0.5953144407060774,0.8844161602984721
inter,0.985,921,0.5871207914621935,0.8588187618757919
inter,0.985,922,0.5813482578406681,0.8329202333376087
inter,0.985,923,0.5781425476537592,0.8070604757535088
inter,0.985,924,0.5776573613678678,0.7815499379652477
inter,0.985,925,0.5800530277861673,0.7566689821680859
inter,0.985,926,0.5854925415733738,0.7326687165268977
inter,0.985,927,0.5941337468881512,0.7097725442881776
inter,0.985,928,0.6061157118005729,0.6881786142012487
inter,0.985,929,0.6215362353407623,0.6680635420791281
inter,0.985,930,0.6404156457832019,0.6495873583027114
inter,0.985,931,0.6626392963447804,0.6328991071733392
inter,0.985,932,0.6878672980986781,0.6181422060313186
inter,0.985,933,0.7153969910469817,0.6054586229169593
inter,0.985,934,0.7439708438384163,0.5949910937325706
inter,0.985,935,0.771571792080059,0.5868829460411982
inter,0.985,936,0.7953925243030049,0.5812756509449795
inter,0.985,937,0.8123346877387458,0.5783050154378295
inter,0.985,938,0.8201513964666333,0.5780980612113618
inter,0.985,939,0.8185294495210463,0.5807744092893161
inter,0.985,940,0.8091304420385336,0.5864574909427767
inter,0.985,941,0.7945674749440925,0.5952957508330684
inter,0.985,942,0.7772607605095062,0.6074737664362289
inter,0.985,943,0.7589186978254732,0.6231738193693122
inter,0.985,944,0.7405876861365308,0.6424692453189005
inter,0.985,945,0.7228848251439237,0.6651865803063532
inter,0.985,946,0.7061908635742783,0.6908198143894482
inter,0.985,947,0.6907648613779359,0.7185426272670679
inter,0.985,948,0.6768041099357235,0.7471433499499671
inter,0.985,949,0.664474304162083,0.7747463904703351
inter,0.985,950,0.6539250260550139,0.7984780945175319
inter,0.985,951,0.6452981530516281,0.814762980496963
inter,0.985,952,0.6387327337473733,0.8216288561397
inter,0.985,953,0.6343678638751135,0.820024514163927
inter,0.985,954,0.632344120083257,0.8116882457009624
inter,0.985,955,0.6328036055473611,0.7972764089663276
inter,0.985,956,0.6358883509521653,0.7770189958579886
inter,0.985,957,0.6417365538104414,0.7556942477609179
inter,0.985,958,0.6504758614147723,0.7361684391395186
inter,0.985,959,0.6622125462256954,0.717680882113815
inter,0.985,960,0.6770149575413782,0.7001715283726035
inter,0.985,961,0.6948890712005119,0.6838621183551448
inter,0.985,962,0.7157433302773564,0.6689851980083799
inter,0.985,963,0.7393397295999596,0.6557446239498459
inter,0.985,964,0.7652292338719738,0.6443194036076296
inter,0.985,965,0.7926748998338689,0.6348714618847658
inter,0.985,966,0.8205806610784937,0.6275507587411668
inter,0.985,967,0.8474727452694891,0.6224976197584399
inter,0.985,968,0.8716144750675828,0.6198435624706224
inter,0.985,969,0.891322955298059,0.6197126331694816
inter,0.985,970,0.9054291605580146,0.6222257554477653
inter,0.985,971,0.9136349044371441,0.6275093655643027
inter,0.985,972,0.9165054082139336,0.6357040737169304
inter,0.985,973,0.9151045533628147,0.6469606954444276
inter,0.985,974,0.9105542652786777,0.6614109847017333
inter,0.985,975,0.903771170225654,0.6791140474835974
inter,0.985,976,0.8954117062779119,0.699990308506127
inter,0.985,977,0.8859255439583817,0.7237656684901306
inter,0.985,978,0.8756289266582835,0.7499476501536737
inter,0.985,979,0.8647614384358283,0.7777859120205395
inter,0.985,980,0.8535214536742957,0.8061541794592446
inter,0.985,981,0.8420857325691122,0.8334274248803187
inter,0.985,982,0.8306192780778372,0.8574727325916935
inter,0.985,983,0.8192798056997377,0.8760452270154401
inter,0.985,984,0.808219470182366,0.8878809894178425
inter,0.985,985,0.7975853271263512,0.8932594678949131
inter,0.985,986,0.7875193067071742,0.8931379730653503
inter,0.985,987,0.778158076826575,0.8883505979955642
inter,0.985,988,0.769632955181705,0.8801283696300186
inter,0.985,989,0.7620699100461921,0.8702684018467357
inter,0.985,990,0.7555896240673173,0.8595909086472313
inter,0.985,991,0.7503075643322593,0.8482501023127942
inter,0.985,992,0.7463339743302748,0.8364626503949366
inter,0.985,993,0.7437736931038469,0.8244954115820005
inter,0.985,994,0.7427257046030149,0.8125965348442148
inter,0.985,995,0.7432822876558877,0.8009833616452796
inter,0.985,996,0.7455276483468658,0.7898473021838208
inter,0.985,997,0.7495358937522787,0.7793600624375572
inter,0.985,998,0.755368204251673,0.7696782229060637
inter,0.985,999,0.7630690664416475,0.760946229160872
inter,0.985,1000,0.772661448134442,0.7532983045006623
inter,0.985,1001,0.7841408470264165,0.7468597044610924
inter,0.985,1002,0.7974682561451508,0.7417475925547703
inter,0.985,1003,0.8125622544630348,0.7380717143714721
inter,0.985,1004,0.8292907101536098,0.7359349703295434
inter,0.985,1005,0.8474629710960419,0.7354338967607044
inter,0.985,1006,0.8668238938995997,0.7366589231525464
inter,0.985,1007,0.8870514936697704,0.739694080401643
inter,0.985,1008,0.9077602656125341,0.7446156728229991
inter,0.985,1009,0.9285118319136086,0.7514894489010708
inter,0.985,1010,0.9488333694329731,0.7603660766183469
inter,0.985,1011,0.968242127664864,0.7712749781362089
inter,0.985,1012,0.9862718963851285,0.7842162918875772
inter,0.985,1013,1.0024959479187296,0.7991499200528998
inter,0.985,1014,1.0165417134074528,0.8159804964377075
inter,0.985,1015,1.0280956972607698,0.834539160095817
inter,0.985,1016,1.0369009754244696,0.854566908973101
inter,0.985,1017,1.0427521354456473,0.8757072466823679
inter,0.985,1018,1.045492301339008,0.8975145412176815
inter,0.985,1019,1.045014639141876,0.9194784657152282
inter,0.985,1020,1.041267998267848,0.9410579386198538
inter,0.985,1021,1.0342643849283466,0.9617158526513173
inter,0.985,1022,1.0240853387677453,0.9809495882482617
inter,0.985,1023,1.0108846901870672,0.9983145125355629
inter,0.985,1024,0.9948862231081995,1.0134354476155436
inter,0.985,1025,0.9763759952507143,1.026003767071381
inter,0.985,1026,0.9556901588915998,1.0357676986871975
inter,0.985,1027,0.9331998695115067,1.0425275341339821
inter,0.985,1028,0.909295175674507,1.046138859644938
inter,0.985,1029,0.8843696742313786,1.0465172947454966
inter,0.985,1030,0.858807306155336,1.0436390060330571
inter,0.985,1031,0.8329721179492715,1.0375375032164733
inter,0.985,1032,0.8072012729180317,1.0283000255467933
inter,0.985,1033,0.7818011674708771,1.0160656038269125
inter,0.985,1034,0.7570462240028463,1.0010247230621054
inter,0.985,1035,0.7331798102089145,0.9834190152521669
inter,0.985,1036,0.7104167101628305,0.9635389183319552
inter,0.985,1037,0.6889466319796423,0.9417176211841449
inter,0.985,1038,0.6689383342490752,0.9183205953986155
inter,0.985,1039,0.650544027868595,0.8937313535217632
inter,0.985,1040,0.6339038383572847,0.8683355080000927
inter,0.985,1041,0.6191501314502067,0.8425061757091175
inter,0.985,1042,0.6064115877004517,0.8165934574389505
inter,0.985,1043,0.5958169084663719,0.7909189347660277
inter,0.985,1044,0.5874980365033042,0.7657740767268209
inter,0.985,1045,0.5815927297209237,0.7414206796853002
inter,0.985,1046,0.5782462682286217,0.7180921659051201
inter,0.985,1047,0.5776119419940928,0.6959956516270778
inter,0.985,1048,0.5798497984198249,0.6753151777628055
inter,0.985,1049,0.5851228467728475,0.6562162495953119
inter,0.985,1050,0.5935894874286164,0.6388512920751552
inter,0.985,1051,0.6053902621813777,0.6233652127255447
inter,0.985,1052,0.6206259374643632,0.6099001208044373
inter,0.985,1053,0.6393221976943319,0.5985983423410635
inter,0.985,1054,0.6613735232662645,0.5896031479270702
inter,0.985,1055,0.6864550349275602,0.58305708370897
inter,0.985,1056,0.7138878232140249,0.5790984955363372
inter,0.985,1057,0.7424494610966091,0.5778578162097765
inter,0.985,1058,0.7701670776496238,0.5794566979242761
inter,0.985,1059,0.7942691922912637,0.5840150268149903
inter,0.985,1060,0.81164840014744,0.5916693673531408
inter,0.985,1061,0.8199795677858779,0.6025918917417119
inter,0.985,1062,0.818833548818922,0.6169747088532189
inter,0.985,1063,0.8097862165134948,0.6349472990654246
inter,0.985,1064,0.7954323495209596,0.6564422328025934
inter,0.985,1065,0.7782221182202983,0.6810793661279824
inter,0.985,1066,0.7599039669409667,0.7081475167262321
inter,0.985,1067,0.7415539568877061,0.7366009386596153
inter,0.985,1068,0.7238064931998156,0.7648487089391862
inter,0.985,1069,0.7070514167625884,0.7904189110876403
inter,0.985,1070,0.6915524061705143,0.809842924469395
inter,0.985,1071,0.6775091042433704,0.8202140446413485
inter,0.985,1072,0.6650884129638535,0.821528100669118
inter,0.985,1073,0.654440519123087,0.8155267441532633
inter,0.985,1074,0.6457075657180158,0.8033892809377045
inter,0.985,1075,0.6390286654874614,0.785067534957486
inter,0.985,1076,0.6345428635609603,0.7634062653159213
inter,0.985,1077,0.6323906434353562,0.7433008830268522
inter,0.985,1078,0.6327140509887808,0.7244723043485838
inter,0.985,1079,0.6356551934602815,0.7065800182536252
inter,0.985,1080,0.6413526123470917,0.6897982821168765
inter,0.985,1081,0.6499347483192802,0.6743656478148605
inter,0.985,1082,0.6615093729710737,0.6604969273293171
inter,0.985,1083,0.6761473960073008,0.6483793520727709
inter,0.985,1084,0.6938588986029327,0.6381803958937797
inter,0.985,1085,0.7145586293539631,0.6300540361156588
inter,0.985,1086,0.7380178873587192,0.6241440113016545
inter,0.985,1087,0.7638007677782175,0.6205850079535988
inter,0.985,1088,0.7911876737686342,0.6195035270332921
inter,0.985,1089,0.819102933187729,0.621020830318944
inter,0.985,1090,0.8460916055400484,0.6252600650283549
inter,0.985,1091,0.8704249208220789,0.6323559665229602
inter,0.985,1092,0.8904059929900279,0.6424574141862035
inter,0.985,1093,0.9048270756911583,0.6557083602497256
inter,0.985,1094,0.9133398618382443,0.6722022697834789
inter,0.985,1095,0.9164704919604739,0.6919189392698941
inter,0.985,1096,0.9152681335362267,0.7146611610888258
inter,0.985,1097,0.9108603647119706,0.740019509515331
inter,0.985,1098,0.9041776417821139,0.7673492749165043
inter,0.985,1099,0.8958894184706655,0.795681581622055
inter,0.985,1100,0.8864544815034101,0.823587316523418
inter,0.985,1101,0.8761945590950635,0.8491106852782229
inter,0.985,1102,0.8653522586247524,0.8699546011814129
inter,0.985,1103,0.8541275464628494,0.8843505364022789
inter,0.985,1104,0.8426980229780416,0.892043267909865
inter,0.985,1105,0.8312291716382787,0.8938749257199037
inter,0.985,1106,0.8198790368096276,0.8907426921544517
inter,0.985,1107,0.8088000512987584,0.883604985155037
inter,0.985,1108,0.7981395412363508,0.8741970358360337
inter,0.985,1109,0.7880397136964836,0.8638061583250479
inter,0.985,1110,0.778637520073896,0.8526995195597997
inter,0.985,1111,0.7700645643865294,0.8410514971618035
inter,0.985,1112,0.7624470991981969,0.8291223838598205
inter,0.985,1113,0.7559060877329375,0.8171706780774344
inter,0.985,1114,0.75055727317359,0.8054249957792663
inter,0.985,1115,0.746511180315964,0.794085675298245
inter,0.985,1116,0.7438729457334423,0.7833311915954615
inter,0.985,1117,0.7427418829130521,0.7733234045004174
inter,0.985,1118,0.7432106577957364,0.7642110803867499
inter,0.985,1119,0.7453639519518866,0.7561321467731177
inter,0.985,1120,0.7492764748030926,0.749215150598908
inter,0.985,1121,0.7550101823371564,0.7435802482753617
inter,0.985,1122,0.762610564332919,0.7393399379308518
inter,0.985,1123,0.772101876399024,0.7365996620581194
inter,0.985,1124,0.7834812501281275,0.7354583289656544
inter,0.985,1125,0.7967117138235392,0.7360086826882575
inter,0.985,1126,0.8117143174556747,0.7383372736393294
inter,0.985,1127,0.8283598404421777,0.7425235927424474
inter,0.985,1128,0.8464609281108572,0.7486378649697043
inter,0.985,1129,0.8657659769428193,0.756737182262605
inter,0.985,1130,0.8859565437722234,0.7668599696771865
inter,0.985,1131,0.9066503122118222,0.779018748198047
inter,0.985,1132,0.9274113271071794,0.7931904745379275
inter,0.985,1133,0.9477680243363157,0.8093031480577806
inter,0.985,1134,0.9672375078766122,0.8272184866510757
inter,0.985,1135,0.9853520506563067,0.8467138652698176
inter,0.985,1136,1.0016823621124624,0.8674704399338455
inter,0.985,1137,1.0158527762255216,0.8890749977263657
inter,0.985,1138,1.0275466622125957,0.9110386347548173
inter,0.985,1139,1.0365042055265812,0.9328280877229658
inter,0.985,1140,1.0425173558391254,0.9539009982047724
inter,0.985,1141,1.0454266505251066,0.9737383396993362
inter,0.985,1142,1.0451224744476166,0.9918710467456013
inter,0.985,1143,1.041550520082581,1.0078967563149472
inter,0.985,1144,1.0347192414856188,1.021482148938838
inter,0.985,1145,1.0247063585587044,1.0323544449438988
inter,0.985,1146,1.0116618556654355,1.0402937034934159
inter,0.985,1147,0.9958059332532023,1.0451333984474451
inter,0.985,1148,0.9774216003088266,1.0467655427337466
inter,0.985,1149,0.9568426998520353,1.0451431043427628
inter,0.985,1150,0.9344389259623589,1.0402778841226499
inter,0.985,1151,0.9105997204702659,1.0322366983100806
inter,0.985,1152,0.8857188479280119,1.0211386882407456
inter,0.985,1153,0.860181051212319,1.007154485000079
inter,0.985,1154,0.8343516434853139,0.9905061238130379
inter,0.985,1155,0.8085693466540431,0.9714657195886043
inter,0.985,1156,0.7831422500536444,0.9503509894525474
inter,0.985,1157,0.7583464752233364,0.9275164898062944
inter,0.985,1158,0.7344269960414774,0.9033406606926441
inter,0.985,1159,0.7116000394329406,0.8782102121230111
inter,0.985,1160,0.690056551866463,0.8525046305072652
inter,0.985,1161,0.6699662976440927,0.8265838497217598
inter,0.985,1162,0.651482259273984,0.800780844376175
inter,0.985,1163,0.6347450954257028,0.7753987450330023
inter,0.985,1164,0.6198874803754497,0.7507106922703668
inter,0.985,1165,0.6070381940748926,0.7269608666858358
inter,0.985,1166,0.5963258509520151,0.7043662216292682
inter,0.985,1167,0.587882148230299,0.6831192239982629
inter,0.985,1168,0.5818444822315235,0.6633919077017945
inter,0.985,1169,0.5783577065958322,0.6453410567071125
inter,0.985,1170,0.5775746972973823,0.6291138390486315
inter,0.985,1171,0.5796552102539159,0.6148529639624117
inter,0.985,1172,0.58476224722689,0.6027004431446753
inter,0.985,1173,0.5930547287516352,0.5927992445059911
inter,0.985,1174,0.6046746097299138,0.5852925207733213
inter,0.985,1175,0.6197255238539863,0.5803207046829048
inter,0.985,1176,0.6382383530337317,0.5780176194572739
inter,0.985,1177,0.6601164620318114,0.578508016453704
inter,0.985,1178,0.6850495966691732,0.5819108720776275
inter,0.985,1179,0.7123820553866096,0.5883535337419754
inter,0.985,1180,0.7409258880098696,0.5979933919253062
inter,0.985,1181,0.7687521845293825,0.6110206619804603
inter,0.985,1182,0.7931265484420014,0.6276031158157641
inter,0.985,1183,0.8109358772753045,0.6477660791658906
inter,0.985,1184,0.8197802506224834,0.6712586306719182
inter,0.985,1185,0.8191149165914667,0.6974931283771346
inter,0.985,1186,0.8104269460321049,0.7255642605627981
inter,0.985,1187,0.7962892788270094,0.7541287941263674
inter,0.985,1188,0.7791804846400021,0.781097029260184
inter,0.985,1189,0.760889246060477,0.8033343691926584
inter,0.985,1190,0.7425219960013146,0.8173805450177178
inter,0.985,1191,0.7247310123720778,0.8220195009434506
inter,0.985,1192,0.707915557955847,0.8186379070555433
inter,0.985,1193,0.6923441004759996,0.8088254397988616
inter,0.985,1194,0.6782187198206001,0.792887392104445
inter,0.985,1195,0.6657075688832353,0.7717599886378034
inter,0.985,1196,0.654961463018656,0.7508983602167177
inter,0.985,1197,0.6461228247876667,0.7316751373277961
inter,0.985,1198,0.6393308393789837,0.7134131222830644
inter,0.985,1199,0.6347245055305735,0.69617467492907
inter,0.985,1200,0.6324442141116059,0.6801943934340857
inter,0.985,1201,0.6326319493140938,0.665698485421822
inter,0.985,1202,0.6354298852930496,0.6528839994165948
inter,0.985,1203,0.6409768882341492,0.6419251238502139
inter,0.985,1204,0.6494021637363331,0.6329804966362309
inter,0.985,1205,0.6608149363977903,0.626197575431529
inter,0.985,1206,0.6752886070340075,0.621714456058696
inter,0.985,1207,0.6928372689443504,0.6196606092968157
inter,0.985,1208,0.7133818359521386,0.6201587134802126
inter,0.985,1209,0.7367027304567582,0.6233300381162554
inter,0.985,1210,0.7623769575190933,0.6293037882325953
inter,0.985,1211,0.7897020501761253,0.6382241236261423
inter,0.985,1212,0.8176226449037218,0.6502409014592454
inter,0.985,1213,0.8447029117029519,0.6654739011364306
inter,0.985,1214,0.8692228655249659,0.6839549758188255
inter,0.985,1215,0.8894729939650038,0.7055617710514651
inter,0.985,1216,0.904207957598315,0.7299690341539564
inter,0.985,1217,0.9130293778893434,0.7566287399968141
inter,0.985,1218,0.9164232344057995,0.7847139140179216
inter,0.985,1219,0.9154226471671493,0.8129881145147659
inter,0.985,1220,0.9111600569051564,0.8396997955193871
inter,0.985,1221,0.9045795966549309,0.8626283734300534
inter,0.985,1222,0.8963639012633964,0.8796520844773621
inter,0.985,1223,0.8869810916507671,0.8898865605773454
inter,0.985,1224,0.8767585462579986,0.8938805674698231
inter,0.985,1225,0.8659419981026475,0.8925930725714859
inter,0.985,1226,0.8547330617761265,0.8868577390110562
inter,0.985,1227,0.8433102057425188,0.8781178052116385
inter,0.985,1228,0.8318394068888533,0.868051131495103
inter,0.985,1229,0.8204790432374816,0.8572145744080117
inter,0.985,1230,0.8093818268921918,0.8457522578028744
inter,0.985,1231,0.7986953544051472,0.8339027958192362
inter,0.985,1232,0.788562109175084,0.8219318718063717
inter,0.985,1233,0.7791193263884065,0.8100802639558232
inter,0.985,1234,0.7704988960778533,0.7985585690670525
inter,0.985,1235,0.7628273547335935,0.7875530605288201
inter,0.985,1236,0.7562259452562021,0.7772315859625474
inter,0.985,1237,0.7508106899913256,0.7677477173076397
inter,0.985,1238,0.7466923940436728,0.7592434318410126
inter,0.985,1239,0.7439764886824776,0.7518508306111866
inter,0.985,1240,0.7427626154195895,0.7456932782207827
inter,0.985,1241,0.7431438234028453,0.740886214636076
inter,0.985,1242,0.7452052638064461,0.7375377964661459
inter,0.985,1243,0.7490222406284176,0.7357494497338086
inter,0.985,1244,0.7546574757776885,0.735616317591383
inter,0.985,1245,0.7621574472903214,0.7372274318769965
inter,0.985,1246,0.771547682620596,0.7406652414740089
inter,0.985,1247,0.7828269283046637,0.7460039951044889
inter,0.985,1248,0.79596022272945,0.7533065546798714
inter,0.985,1249,0.8108710647924762,0.7626195169955432
inter,0.985,1250,0.8274331239098361,0.7739666941528376
inter,0.985,1251,0.8454623228770893,0.7873405652866842
inter,0.985,1252,0.8647105907074831,0.8026905144727778
inter,0.985,1253,0.8848630332142277,0.8199069255410041
inter,0.985,1254,0.9055405544474668,0.8388027712337786
inter,0.985,1255,0.9263096696709164,0.8590983069609842
inter,0.985,1256,0.9467001457364612,0.8804167289859173
inter,0.985,1257,0.9662290173137872,0.9022962301152588
inter,0.985,1258,0.9844271109010618,0.924217196699312
inter,0.985,1259,1.0008626114656116,0.9456369428392721
inter,0.985,1260,1.0151567745461207,0.9660237379222438
inter,0.985,1261,1.0269898249711935,0.9848860314572194
inter,0.985,1262,1.036099043741683,1.0017937906642311
inter,0.985,1263,1.0422737297527616,1.0163867743600594
inter,0.985,1264,1.045351841328775,1.0283692370213349
inter,0.985,1265,1.0452209947909346,1.037500498652684
inter,0.985,1266,1.0418237501234786,1.043592098885783
inter,0.985,1267,1.035165027423152,1.0465120656866502
inter,0.985,1268,1.0253187357207985,1.046189024879346
inter,0.985,1269,1.0124310075844116,1.0426117012117744
inter,0.985,1270,0.9967184387092083,1.035825357745222
inter,0.985,1271,0.9784609549044223,1.0259284436993021
inter,0.985,1272,0.9579900468616233,1.0130710650055237
inter,0.985,1273,0.9356739009530385,0.9974548068116298
inter,0.985,1274,0.9119013078189266,0.9793321510616495
inter,0.985,1275,0.8870661615778793,0.9590034451200276
inter,0.985,1276,0.861553977806711,0.9368099111193285
inter,0.985,1277,0.8357313156064379,0.913122260035987
inter,0.985,1278,0.8099384438909728,0.8883258619807485
inter,0.985,1279,0.7844851417543236,0.8628048215400119
inter,0.985,1280,0.7596492322830339,0.8369280687195526
inter,0.985,1281,0.7356773012961003,0.8110399143317308
inter,0.985,1282,0.7127870297804476,0.7854555318420287
inter,0.985,1283,0.6911706129548421,0.7604599506481957
inter,0.985,1284,0.6709988375939323,0.7363087379650395
inter,0.985,1285,0.6524254663314593,0.7132294414161806
inter,0.985,1286,0.6355917049525086,0.6914238760288336
inter,0.985,1287,0.6206305475587887,0.6710716458013151
inter,0.985,1288,0.6076708839001563,0.6523349358638921
inter,0.985,1289,0.5968412495829641,0.6353640716851227
inter,0.985,1290,0.5882731069576908,0.6203029828089006
inter,0.985,1291,0.5821034933000608,0.6072936218610354
inter,0.985,1292,0.578476838356729,0.5964785230587704
inter,0.985,1293,0.5775456008775997,0.5880010015370605
inter,0.985,1294,0.5794692353279215,0.5820030147613511
inter,0.985,1295,0.5844107159852833,0.5786214589449525
inter,0.985,1296,0.5925294465781475,0.5779847380150771
inter,0.985,1297,0.6039687351467325,0.5802131110881341
inter,0.985,1298,0.6188349889597363,0.5854281000799276
inter,0.985,1299,0.6371641320392528,0.5937728041860216
inter,0.985,1300,0.6588681706636753,0.6054269904110267
inter,0.985,1301,0.6836511062439946,0.6205786603221493
inter,0.985,1302,0.7108799078800393,0.63932695240978
inter,0.985,1303,0.739400472548304,0.6615443810800349
inter,0.985,1304,0.767327576404496,0.6867771864024937
inter,0.985,1305,0.7919650507719331,0.714247166074385
inter,0.985,1306,0.8101973602701517,0.7428166212776255
inter,0.985,1307,0.81955334350989,0.7707350704148463
inter,0.985,1308,0.8193731853395629,0.7952994530751356
inter,0.985,1309,0.8110522126260111,0.8129449869410292
inter,0.985,1310,0.7971379375238495,0.8212692539676911
inter,0.985,1311,0.7801356542787183,0.8208597430195781
inter,0.985,1312,0.7618744157474618,0.8134914258744665
inter,0.985,1313,0.7434917338764466,0.8000482471012993
inter,0.985,1314,0.7256583384950893,0.7805407096623986
inter,0.985,1315,0.7087832555411203,0.7590079606638562
inter,0.985,1316,0.6931399189111161,0.7392650540366694
inter,0.985,1317,0.6789329341473885,0.7206401361923747
inter,0.985,1318,0.6663317504576102,0.702969742826409
inter,0.985,1319,0.6554878364712154,0.686460863797713
inter,0.985,1320,0.6465439085390307,0.6713493029059718
inter,0.985,1321,0.6396392328338527,0.6578434502159476
inter,0.985,1322,0.634912766264898,0.6461256145090564
inter,0.985,1323,0.6325048075873715,0.6363599336039525
inter,0.985,1324,0.6325572756005782,0.6286979788498605
inter,0.985,1325,0.6352124011919605,0.6232814587327447
inter,0.985,1326,0.640609358390356,0.6202431673340225
inter,0.985,1327,0.6488780871936032,0.6197080790488745
inter,0.985,1328,0.6601292217042624,0.6217970638687512
inter,0.985,1329,0.6744385885217834,0.6266349117298431
inter,0.985,1330,0.6918241939630257,0.6343596185979625
inter,0.985,1331,0.7122129871350712,0.6451214522189216
inter,0.985,1332,0.7353943325365093,0.6590580988124566
inter,0.985,1333,0.7609579257069935,0.676244388495488
inter,0.985,1334,0.7882182103870856,0.6966272404625815
inter,0.985,1335,0.8161400338660045,0.7199660919958955
inter,0.985,1336,0.8433069294571263,0.7458047383137474
inter,0.985,1337,0.8680085418440684,0.7734406070126978
inter,0.985,1338,0.8885240812963852,0.8018186407232344
inter,0.985,1339,0.9035717826415256,0.8294011311798016
inter,0.985,1340,0.9127033094250695,0.8541308448690308
inter,0.985,1341,0.9163634498036052,0.873725715656065
inter,0.985,1342,0.9155679256728352,0.8866887069751107
inter,0.985,1343,0.9114532148249035,0.8930797697323128
inter,0.985,1344,0.9049769458123706,0.8938219832645805
inter,0.985,1345,0.8968350919303771,0.8897701974795957
inter,0.985,1346,0.8875053272910997,0.8820195204341432
inter,0.985,1347,0.8773208495951518,0.872367476489343
inter,0.985,1348,0.866530622775141,0.8618342526644418
inter,0.985,1349,0.8553379678266724,0.8506077231597549
inter,0.985,1350,0.8439222507076559,0.8388870003223442
inter,0.985,1351,0.8324499548254791,0.8269374134933973
inter,0.985,1352,0.8210797970218258,0.815011823238817
inter,0.985,1353,0.8099647701316832,0.8033324349499287
inter,0.985,1354,0.7992527409847857,0.7920945262130715
inter,0.985,1355,0.7890864691511221,0.781472793653553
inter,0.985,1356,0.7796034726664088,0.771626209285363
inter,0.985,1357,0.7709359277895202,0.7627012231221906
inter,0.985,1358,0.7632106559024905,0.7548338095536153
inter,0.985,1359,0.7565491807614918,0.7481507998654451
inter,0.985,1360,0.7510678005073714,0.7427708001075639
inter,0.985,1361,0.7468776011708521,0.7388048847602218
inter,0.985,1362,0.744084309170159,0.7363571788352218
inter,0.985,1363,0.7427878908348678,0.7355253576258709
inter,0.985,1364,0.7430817749492379,0.7364009644802509
inter,0.985,1365,0.7450515770741131,0.7390692619267444
inter,0.985,1366,0.7487731881272952,0.743608153351669
inter,0.985,1367,0.7543100842866812,0.7500856865474852
inter,0.985,1368,0.7617097200905203,0.7585558782835494
inter,0.985,1369,0.7709988776691327,0.7690528892996992
inter,0.985,1370,0.7821778969698829,0.7815834293474957
inter,0.985,1371,0.7952138074521805,0.7961165130282597
inter,0.985,1372,0.8100325316252304,0.8125692941229755
inter,0.985,1373,0.8265106042821694,0.8307892623617177
inter,0.985,1374,0.8444672086068131,0.850536752554461
inter,0.985,1375,0.8636577992566494,0.871475122117362
inter,0.985,1376,0.8837710367684913,0.8931756798870334
inter,0.985,1377,0.9044310712165966,0.9151391931746515
inter,0.985,1378,0.9252069436030808,0.9368285820333387
inter,0.985,1379,0.9456298162866088,0.9577039646931035
inter,0.985,1380,0.9652167366328411,0.9772541252361711
inter,0.985,1381,0.98349714476504,0.9950216482187935
inter,0.985,1382,1.000036756002836,1.0106171787046283
inter,0.985,1383,1.014453757195653,1.0237191905723613
inter,0.985,1384,1.026425225533311,1.0340647685417885
inter,0.985,1385,1.0356855189172751,1.041443275567393
inter,0.985,1386,1.0420212793783703,1.0456983452528112
inter,0.985,1387,1.0452678854423503,1.0467329632622226
inter,0.985,1388,1.0453102031628145,1.044510992710475
inter,0.985,1389,1.0420876795552547,1.0390544874275078
inter,0.985,1390,1.0356017214736302,1.030439934149617
inter,0.985,1391,1.025922436588389,1.018795912778375
inter,0.985,1392,1.0131921007178442,1.0043025125193932
inter,0.985,1393,0.9976236843183416,0.9871911653389076
inter,0.985,1394,0.9794939961583119,0.9677428601225408
inter,0.985,1395,0.9591321318121389,0.9462829243447497
inter,0.985,1396,0.9369047237641701,0.9231714383799944
inter,0.985,1397,0.9131998672134514,0.898789630237306
inter,0.985,1398,0.8884115471030976,0.8735240462521092
inter,0.985,1399,0.8629260209750437,0.847751424390205
inter,0.985,1400,0.8371110738373131,0.8218271961910355
inter,0.985,1401,0.8113085093860479,0.7960789991913153
inter,0.985,1402,0.7858297924917006,0.770804441192703
inter,0.985,1403,0.7609544494175777,0.7462712575215246
inter,0.985,1404,0.7369306863171021,0.7227184725658627
inter,0.985,1405,0.7139776470319258,0.7003582862402258
inter,0.985,1406,0.692288788063964,0.6793790474566521
inter,0.985,1407,0.6720359271127816,0.6599495498855374
inter,0.985,1408,0.6533736242003859,0.6422243637184105
inter,0.985,1409,0.6364436428767383,0.626349457080946
inter,0.985,1410,0.6213793090548005,0.6124671631317069
inter,0.985,1411,0.6083096332223497,0.6007195984128675
inter,0.985,1412,0.5973630830199095,0.5912498787900008
inter,0.985,1413,0.588670889491359,0.5842009105174142
inter,0.985,1414,0.5823697397090604,0.5797121856402334
inter,0.985,1415,0.578603640150981,0.577915923007311
inter,0.985,1416,0.5775246299566738,0.5789352729966604
inter,0.985,1417,0.5792918518918935,0.582889285508062
inter,0.985,1418,0.5840682332780779,0.5899092119280245
inter,0.985,1419,0.5920136266973467,0.6001594888575599
inter,0.985,1420,0.6032726347791117,0.6138325012170633
inter,0.985,1421,0.6179543416353502,0.6310802263574077
inter,0.985,1422,0.6360995685874044,0.6518862098146516
inter,0.985,1423,0.6576287255842378,0.6759385636445241
inter,0.985,1424,0.6822597058956736,0.7025899005902817
inter,0.985,1425,0.709381619961287,0.7308712304920071
inter,0.985,1426,0.7378735817590096,0.7593277051923529
inter,0.985,1427,0.7658937375595828,0.7856943015694948
inter,0.985,1428,0.7907851836626356,0.8066595435721184
inter,0.985,1429,0.8094331213426073,0.8189688116996947
inter,0.985,1430,0.8192987679719935,0.8219949354075113
inter,0.985,1431,0.8196080029335508,0.8173434739155359
inter,0.985,1432,0.8116615906434212,0.806431784066751
inter,0.985,1433,0.7979779871631804,0.7893470790718128
inter,0.985,1434,0.7810874087969264,0.7678397880228605
inter,0.985,1435,0.7628593466937045,0.7473535005517908
inter,0.985,1436,0.7444630923630758,0.7283294372957555
inter,0.985,1437,0.7265884207639948,0.7102422668744353
inter,0.985,1438,0.709654472852178,0.6932180538396738
inter,0.985,1439,0.693939832292483,0.6774951739335209
inter,0.985,1440,0.6796517222304465,0.663294526701744
inter,0.985,1441,0.6669609351874871,0.6508083401153575
inter,0.985,1442,0.6560196184438847,0.6402074724895273
inter,0.985,1443,0.6469707968421544,0.6316482589155206
inter,0.985,1444,0.6399538263722808,0.6252763408776545
inter,0.985,1445,0.6351076267127232,0.621228157178316
inter,0.985,1446,0.6325724054363668,0.6196316992903352
inter,0.985,1447,0.6324900122742144,0.6206088208086346
inter,0.985,1448,0.6350027256059251,0.6242814368219624
inter,0.985,1449,0.6402500093328835,0.6307811731949045
inter,0.985,1450,0.6483625108791888,0.6402545690009394
inter,0.985,1451,0.6594522286124953,0.6528493769078823
inter,0.985,1452,0.6735973507924263,0.6686740843857273
inter,0.985,1453,0.6908197042630353,0.6877373540579783
inter,0.985,1454,0.7110521386252214,0.7098825897653047
inter,0.985,1455,0.7340927860305575,0.7347454631370174
inter,0.985,1456,0.7595438125670596,0.7617342522394921
inter,0.985,1457,0.7867363532919565,0.7899589503295569
inter,0.985,1458,0.8146553563362775,0.8180959665538513
inter,0.985,1459,0.8419039456875168,0.8442991011601467
inter,0.985,1460,0.866782204440625,0.8663015073408076
inter,0.985,1461,0.8875594017576418,0.8821237789743046
inter,0.985,1462,0.9029185483988547,0.8911769956932696
inter,0.985,1463,0.9123615338771522,0.8941676254684277
inter,0.985,1464,0.9162909643670937,0.8920312793860259
inter,0.985,1465,0.915703811152144,0.8856375670568382
inter,0.985,1466,0.91173972047762,0.8765793985490062
inter,0.985,1467,0.9053696100907043,0.8663744313160283
inter,0.985,1468,0.897302938972281,0.8554226860689307
inter,0.985,1469,0.8880271533352592,0.8438784429726787
inter,0.985,1470,0.8778814430391781,0.8319924759275863
inter,0.985,1471,0.8671181113822115,0.8200277316890603
inter,0.985,1472,0.855942245801246,0.8082193395338964
inter,0.985,1473,0.8445341402177384,0.796773064989444
inter,0.985,1474,0.8330607984396229,0.7858715405718673
inter,0.985,1475,0.821681281647366,0.7756798650210233
inter,0.985,1476,0.8105488648354716,0.7663494452417292
inter,0.985,1477,0.7998116851589634,0.7580204641535694
inter,0.985,1478,0.7896127776028291,0.7508234673886942
inter,0.985,1479,0.7800899433954857,0.7448804259975756
inter,0.985,1480,0.7713756448584694,0.7403055058927105
inter,0.985,1481,0.7635969876271126,0.7372056874705513
inter,0.985,1482,0.7568757756366924,0.7356813031119374
inter,0.985,1483,0.7513285862566932,0.7358264545952244
inter,0.985,1484,0.7470667849362997,0.7377291087632222
inter,0.985,1485,0.7441963905109079,0.7414704749290641
inter,0.985,1486,0.7428176929486939,0.7471231575262205
inter,0.985,1487,0.7430244969902504,0.7547476990585456
inter,0.985,1488,0.7449028768954161,0.7643874416710585
inter,0.985,1489,0.7485293026724459,0.7760617337368692
inter,0.985,1490,0.7539679958387663,0.7897569632092766
inter,0.985,1491,0.7612673727689317,0.805414158304943
inter,0.985,1492,0.7704554540367278,0.822912479490022
inter,0.985,1493,0.7815341555667885,0.8420508507154341
inter,0.985,1494,0.7944724723665223,0.862533910148475
inter,0.985,1495,0.8091987276393443,0.88397009637929
inter,0.985,1496,0.825592300480413,0.90588642458501
inter,0.985,1497,0.8434756159444242,0.9277574888673705
inter,0.985,1498,0.8626076416865486,0.9490405135927904
inter,0.985,1499,0.8826806021259467,0.9692087315308333
inter,0.985,1500,0.9033219204979076,0.9877795552606099
inter,0.985,1501,0.9241032084359518,1.0043341171543874
inter,0.985,1502,0.9445570989386749,1.0185231282267446
inter,0.985,1503,0.9642007202003695,1.0300601208598386
inter,0.985,1504,0.9825622070714886,1.0387125916923434
inter,0.985,1505,0.9992048398582567,1.0443006187409662
inter,0.985,1506,1.0137437623867152,1.046701646479646
inter,0.985,1507,1.0258528940097154,1.045853979033751
inter,0.985,1508,1.0352636579692822,1.0417555863590793
inter,0.985,1509,1.0417600243974416,1.0344603877637595
inter,0.985,1510,1.0451747970135483,1.0240751464951672
inter,0.985,1511,1.0453901051861392,1.0107582301362683
inter,0.985,1512,1.0423423062108825,0.994719497153809
inter,0.985,1513,1.0360293124401734,0.9762194449178355
inter,0.985,1514,1.0265174405783066,0.9555656151662719
inter,0.985,1515,1.0139451056348237,0.9331048894026281
inter,0.985,1516,0.9985216331299636,0.9092114445206034
inter,0.985,1517,0.9805206815381663,0.8842715545973365
inter,0.985,1518,0.9602689088732582,0.8586677750791547
inter,0.985,1519,0.9381313474639615,0.8327656242098622
inter,0.985,1520,0.9144953522321881,0.8069049564875979
inter,0.985,1521,0.8897549601678656,0.7813961337919886
inter,0.985,1522,0.8642971406144235,0.7565193981268685
inter,0.985,1523,0.8384908822548989,0.7325257060072721
inter,0.985,1524,0.8126795117964759,0.7096382835128723
inter,0.985,1525,0.7871761752645646,0.6880550909854644
inter,0.985,1526,0.7622621046359661,0.6679525639098884
inter,0.985,1527,0.7381871313370375,0.6494905781157903
inter,0.985,1528,0.715171872803307,0.6328180597451754
inter,0.985,1529,0.6934110577417388,0.6180783454794783
inter,0.985,1530,0.6730775506244007,0.6054133520184044
inter,0.985,1531,0.6543267180949038,0.5949657777623534
inter,0.985,1532,0.63730089522761,0.5868789071568523
inter,0.985,1533,0.6221337511688462,0.5812941435896287
inter,0.985,1534,0.6089544277018527,0.5783471890751762
inter,0.985,1535,0.5978913329975992,0.5781649270324228
inter,0.985,1536,0.5890754771476386,0.5808668473517966
inter,0.985,1537,0.5826432001032366,0.5865763456999639
inter,0.985,1538,0.5787380881073768,0.5954419904923577
inter,0.985,1539,0.5775117578137792,0.6076484903834067
inter,0.985,1540,0.5791230318329764,0.6233778123901127
inter,0.985,1541,0.5837347710254511,0.6427020434314374
inter,0.985,1542,0.5915072420779705,0.6654455074369596
inter,0.985,1543,0.6025862860798594,0.6910997436461437
inter,0.985,1544,0.6170835753036438,0.7188362989233565
inter,0.985,1545,0.6350446770772309,0.7474405340849515
inter,0.985,1546,0.6563981777264137,0.7750323053826385
inter,0.985,1547,0.6808755052327681,0.798732226099875
inter,0.985,1548,0.7078873948215342,0.8149674203918051
inter,0.985,1549,0.7363455458556261,0.8217850107765915
inter,0.985,1550,0.7644511196570393,0.8201459180771671
inter,0.985,1551,0.7895874116362108,0.8117851251375652
inter,0.985,1552,0.8086434306029378,0.7973502465001451
inter,0.985,1553,0.81901645554692,0.7770830348549441
inter,0.985,1554,0.8198190253937642,0.7557795340723228
inter,0.985,1555,0.8122546627192443,0.7362686628974389
inter,0.985,1556,0.7988090908008844,0.7177917812231698
inter,0.985,1557,0.7820355323661821,0.7002927624945408
inter,0.985,1558,0.7638439139826874,0.6839938650751288
inter,0.985,1559,0.7454359999676327,0.6691275394297318
inter,0.985,1560,0.7275212150036119,0.6558974952784304
inter,0.985,1561,0.7105291793210672,0.6444826147902927
inter,0.985,1562,0.6947438164813086,0.6350447136351522
inter,0.985,1563,0.6803750628938716,0.6277336473085459
inter,0.985,1564,0.6675951029935164,0.6226896357797949
inter,0.985,1565,0.6565567888705012,0.6200440897734283
inter,0.985,1566,0.6474034690199985,0.6199209516819394
inter,0.985,1567,0.6402745982443767,0.6224410465390655
inter,0.985,1568,0.6353090639641247,0.6277307052080626
inter,0.985,1569,0.6326469835119858,0.6359303906009569
inter,0.985,1570,0.6324301343329494,0.6471907013413636
inter,0.985,1571,0.63480083294377,0.6616431458650511
inter,0.985,1572,0.6398988171164783,0.67934666368701
inter,0.985,1573,0.6478554124052637,0.7002216983387795
inter,0.985,1574,0.6587839408120996,0.723994425222433
inter,0.985,1575,0.6727648880286925,0.7501729431766506
inter,0.985,1576,0.6898238070975602,0.7780080581458605
inter,0.985,1577,0.7098993225106076,0.8063759229402363
inter,0.985,1578,0.7327981568549461,0.8336558076973752
inter,0.985,1579,0.7581347323661722,0.857720853074122
inter,0.985,1580,0.7852566506352912,0.8763311091678814
inter,0.985,1581,0.8131688420220884,0.8882204204940956
inter,0.985,1582,0.8404942222307653,0.8936609457916702
inter,0.985,1583,0.8655440898579142,0.8936056269121129
inter,0.985,1584,0.8865790915658018,0.8888874307775926
inter,0.985,1585,0.9022482443720901,0.8807290162936301
inter,0.985,1586,0.9120039168769587,0.8709168272812877
inter,0.985,1587,0.9162055947307618,0.8602747675342908
inter,0.985,1588,0.9158301311000283,0.8489602070815141
inter,0.985,1589,0.912019443400344,0.8371896744088798
inter,0.985,1590,0.905757498594162,0.8252298486573043
inter,0.985,1591,0.8977673787447906,0.8133289691831036
inter,0.985,1592,0.8885465230383008,0.8017045868295019
inter,0.985,1593,0.8784402892424548,0.7905483714525683
inter,0.985,1594,0.8677044314738921,0.7800323143754486
inter,0.985,1595,0.856545865980949,0.7703132946153464
inter,0.985,1596,0.8451458462438535,0.761536060083473
inter,0.985,1597,0.8336719109855144,0.7538351325339883
inter,0.985,1598,0.8222834714296495,0.7473360557295103
inter,0.985,1599,0.8111340864398575,0.7421562656596543
inter,0.985,1600,0.8003721634555511,0.7384057594084042
inter,0.985,1601,0.7901410126583983,0.7361876636778756
inter,0.985,1602,0.7805787176398743,0.7355987165188967
inter,0.985,1603,0.7718180269322507,0.7367295386015773
inter,0.985,1604,0.7639863310213455,0.7396643806157216
inter,0.985,1605,0.7572057151348993,0.7444798676157973
inter,0.985,1606,0.7515930344141762,0.7512422699046166
inter,0.985,1607,0.7472599319511515,0.7600030876559881
inter,0.985,1608,0.7443127207823083,0.7707929953942293
inter,0.985,1609,0.7428520110539195,0.7836139439169065
inter,0.985,1610,0.7429719802387984,0.7984284231047665
inter,0.985,1611,0.7447591562849517,0.8151446912535281
inter,0.985,1612,0.7482905805933999,0.833598686012024
inter,0.985,1613,0.7536312091856587,0.853537154243725
inter,0.985,1614,0.7608304085770291,0.8746096066115112
inter,0.985,1615,0.7699174207183623,0.896375698272265
inter,0.985,1616,0.7808957170558163,0.9183288154570304
inter,0.985,1617,0.7937362386930017,0.9399296186512548
inter,0.985,1618,0.808369684996721,0.9606407855660948
inter,0.985,1619,0.824678252616457,0.9799576919394923
inter,0.985,1620,0.842487593358035,0.9974322860774942
inter,0.985,1621,0.8615601781559068,1.01268532297775
inter,0.985,1622,0.8815917991973066,1.0254042616955374
inter,0.985,1623,0.902213176717973,1.0353337842394958
inter,0.985,1624,0.9229985456081956,1.0422706480994304
inter,0.985,1625,0.9434820722226317,1.0460666253492452
inter,0.985,1626,0.9631810472356933,1.046633374040122
inter,0.985,1627,0.9816223631165611,1.0439432579804575
inter,0.985,1628,0.9983669219020107,1.0380262993056768
inter,0.985,1629,1.0130268374558704,1.0289665245704793
inter,0.985,1630,1.025272869797612,1.016899904259055
inter,0.985,1631,1.0348334895883264,1.0020139332498528
inter,0.985,1632,1.0414899871869514,0.9845473540147017
inter,0.985,1633,1.0450725891496078,0.964787969055685
inter,0.985,1634,1.0454607054555702,0.9430668227832724
inter,0.985,1635,1.0425876233587026,0.919747981736754
inter,0.985,1636,1.0364477817775406,0.8952144649557884
inter,0.985,1637,1.0271037172734325,0.869852317880365
inter,0.985,1638,1.0146899807298357,0.8440358456126991
inter,0.985,1639,0.9994122338354295,0.8181167993396044
inter,0.985,1640,0.9815409521354648,0.7924185877942254
inter,0.985,1641,0.9614003139842311,0.7672345018886957
inter,0.985,1642,0.9393537054776492,0.7428280750863636
inter,0.985,1643,0.9157876965783647,0.7194343425207137
inter,0.985,1644,0.8910963368182466,0.6972618580390734
inter,0.985,1645,0.8656672756672221,0.6764958558018986
inter,0.985,1646,0.8398706843649474,0.6573027280241649
inter,0.985,1647,0.8140513996823412,0.6398354540723381
inter,0.985,1648,0.7885242437806815,0.6242391884888423
inter,0.985,1649,0.7635721558346104,0.6106560574306473
inter,0.985,1650,0.739446600118895,0.5992282927318877
inter,0.985,1651,0.716369676053405,0.5900990996511243
inter,0.985,1652,0.694537396848348,0.58341111544261
inter,0.985,1653,0.6741236841728988,0.5793030012233582
inter,0.985,1654,0.6552847258377216,0.5779056694194136
inter,0.985,1655,0.6381634401655886,0.5793411234595149
inter,0.985,1656,0.6228938518245284,0.5837288647753597
inter,0.985,1657,0.6096052449462597,0.5912037677645771
inter,0.985,1658,0.5984259783369759,0.6019357683236697
inter,0.985,1659,0.589486847645773,0.6161173572786702
inter,0.985,1660,0.5829238518580545,0.6338850157545508
inter,0.985,1661,0.5788801590372529,0.6551863908768947
inter,0.985,1662,0.5775069614881383,0.679660906388734
inter,0.985,1663,0.5789627524413808,0.7066154921033165
inter,0.985,1664,0.5834103078596519,0.735027456200622
inter,0.985,1665,0.5910102764410605,0.7633468817870023
inter,0.985,1666,0.6019096821235659,0.7891634885567058
inter,0.985,1667,0.616222693223332,0.8090495891876675
inter,0.985,1668,0.6339994850453351,0.8199861062482797
inter,0.985,1669,0.6551765937761779,0.8217938266113092
inter,0.985,1670,0.6794986348628574,0.8161852362233721
inter,0.985,1671,0.7063974559631158,0.8044129710640404
inter,0.985,1672,0.7348167123879619,0.7864531855847552
inter,0.985,1673,0.7630001928559415,0.7648183002638601
inter,0.985,1674,0.788372224716886,0.7446131376102954
inter,0.985,1675,0.807828590605585,0.7257338614434383
inter,0.985,1676,0.8187063651353081,0.7077878248968116
inter,0.985,1677,0.8200059177989583,0.6909374584016925
inter,0.985,1678,0.8128310006864073,0.6754216536493481
inter,0.985,1679,0.7996308989928773,0.6614570249474563
inter,0.985,1680,0.7829797968162457,0.6492322255229752
inter,0.985,1681,0.764827982525321,0.6389156726368579
inter,0.985,1682,0.7464103757430225,0.6306619882667664
inter,0.985,1683,0.7284566691808063,0.6246154245379987
inter,0.985,1684,0.7114073375403441,0.6209111362575275
inter,0.985,1685,0.695551841800359,0.6196760057399804
inter,0.985,1686,0.6811029304764833,0.6210313863270924
inter,0.985,1687,0.668234230348923,0.6250999424648649
inter,0.985,1688,0.6570993253743624,0.6320153562664901
inter,0.985,1689,0.6478419031935462,0.6419257379110357
inter,0.985,1690,0.640601526790732,0.6549762361305217
inter,0.985,1691,0.6355170563111912,0.6712650581287041
inter,0.985,1692,0.6327285202680454,0.6907811115785524
inter,0.985,1693,0.6323776204824199,0.7133399471924136
inter,0.985,1694,0.6346067034471755,0.7385463616655892
inter,0.985,1695,0.6395557632854711,0.7657728855355701
inter,0.985,1696,0.6473567786478774,0.794076795778089
inter,0.985,1697,0.6581243516329118,0.8220641556228507
inter,0.985,1698,0.6719412025766981,0.8478160905077488
inter,0.985,1699,0.6888365247151939,0.8690452786014821
inter,0.985,1700,0.7087545847549844,0.8839135655754273
inter,0.985,1701,0.7315105264525587,0.8920606378439949
inter,0.985,1702,0.7567308121955536,0.8942883093750924
inter,0.985,1703,0.7837792876756206,0.8915052572324142
inter,0.985,1704,0.811680734425552,0.8846346437243965
inter,0.985,1705,0.8390780384519525,0.8753652698621774
inter,0.985,1706,0.8642944539936999,0.8650583648998844
inter,0.985,1707,0.885583305485561,0.854019648649828
inter,0.985,1708,0.9015608784919541,0.8424171081686957
inter,0.985,1709,0.9116303396221751,0.8305084138990708
inter,0.985,1710,0.9161071618235933,0.8185535646235922
inter,0.985,1711,0.915946717723859,0.8067832854710534
inter,0.985,1712,0.9122922534262536,0.7953997149090197
inter,0.985,1713,0.906140520267507,0.7845827654962033
inter,0.985,1714,0.8982283486059398,0.7744954723872535
inter,0.985,1715,0.8890633905459355,0.7652876045959908
inter,0.985,1716,0.8789973514682446,0.7570979774156538
inter,0.985,1717,0.86828955108854,0.7500559440267903
inter,0.985,1718,0.8571487987618522,0.7442824029795492
inter,0.985,1719,0.845757340308147,0.7398905376174909
inter,0.985,1720,0.8342832647065578,0.7369864202784754
inter,0.985,1721,0.8228863392914789,0.7356695372887878
inter,0.985,1722,0.8117204085511113,0.7360331789895591
inter,0.985,1723,0.8009341502093539,0.7381644686957366
inter,0.985,1724,0.7906711492970315,0.7421436127369286
inter,0.985,1725,0.781069771769297,0.7480418665569412
inter,0.985,1726,0.772263051987935,0.7559178664819184
inter,0.985,1727,0.7643786656183499,0.7658122909778539
inter,0.985,1728,0.7575389784597184,0.7777408458599901
inter,0.985,1729,0.7518611224479103,0.7916849479335595
inter,0.985,1730,0.7474570228362368,0.8075788150012169
inter,0.985,1731,0.744433281716302,0.8252925298820777
inter,0.985,1732,0.7428908288228084,0.8446138222543993
inter,0.985,1733,0.742924210361815,0.8652351483693008
inter,0.985,1734,0.74462040261755,0.8867537551231877
inter,0.985,1735,0.74805701167143,0.9086885250799016
inter,0.985,1736,0.7532997181950459,0.9305102222821087
inter,0.985,1737,0.760398824575519,0.9516766389602818
inter,0.985,1738,0.76938477997743,0.9716654070051125
inter,0.985,1739,0.7802625913700152,0.9900012868154564
inter,0.985,1740,0.7930051216754802,1.0062742010878338
inter,0.985,1741,0.8075454246546925,1.0201432324149209
inter,0.985,1742,0.8237684962465275,1.0313289465973008
inter,0.985,1743,0.8415031866317458,1.0396051768877907
inter,0.985,1744,0.8605154651097556,1.0447987442454458
inter,0.985,1745,0.8805046928888344,1.0467944871448513
inter,0.985,1746,0.901104915313215,1.0455382118192416
inter,0.985,1747,0.9218930332965406,1.0410350063603238
inter,0.985,1748,0.9424048141494085,1.0333454645947417
inter,0.985,1749,0.9621577912138998,1.0225827955595144
inter,0.985,1750,0.9806776825396792,1.0089117949351474
inter,0.985,1751,0.9975230603725668,0.9925487465053773
inter,0.985,1752,1.012303031692926,0.9737603233092664
inter,0.985,1753,1.0246851927604403,0.9528595294655926
inter,0.985,1754,1.0343950464241582,0.9301974350193367
inter,0.985,1755,1.0412111893626443,0.9061506397739718
inter,0.985,1756,1.0449612772012686,0.8811058341814599
inter,0.985,1757,1.045522008400209,0.8554441261236599
inter,0.985,1758,1.0428236249398593,0.8295282233933308
inter,0.985,1759,1.0368571117972047,0.8036944454620625
inter,0.985,1760,1.0276812370182549,0.7782494000231095
inter,0.985,1761,1.0154266849865456,0.7534696180537966
inter,0.985,1762,1.000295435521437,0.729602493915622
inter,0.985,1763,0.982554749293194,0.7068679328720402
inter,0.985,1764,0.9625262833232184,0.6854609619335874
inter,0.985,1765,0.9405717314058963,0.6655556408271617
inter,0.985,1766,0.9170768332754206,0.6473101511082296
inter,0.985,1767,0.8924356113050005,0.6308724289996224
inter,0.985,1768,0.867036364015528,0.616385427610345
inter,0.985,1769,0.8412504224296821,0.6039910777115871
inter,0.985,1770,0.8154241198178953,0.5938322033763774
inter,0.985,1771,0.789873950082494,0.5860520205043789
inter,0.985,1772,0.7648845602883125,0.5807914297489112
inter,0.985,1773,0.740709053108547,0.5781851409425088
inter,0.985,1774,0.7175710207224643,0.5783588683499786
inter,0.985,1775,0.6956677713974015,0.5814317000322775
inter,0.985,1776,0.6751742969379324,0.5875289036291824
inter,0.985,1777,0.6562476191194984,0.5968035856734127
inter,0.985,1778,0.6390312523218238,0.6094436631232396
inter,0.985,1779,0.6236595878425114,0.6256244339801658
inter,0.985,1780,0.6102620630188329,0.6453942915226751
inter,0.985,1781,0.598966996333819,0.6685383361566348
inter,0.985,1782,0.5899049777008085,0.6945060036578128
inter,0.985,1783,0.583211670910944,0.7224289217975698
inter,0.985,1784,0.5790298283596533,0.751027142611822
inter,0.985,1785,0.5775102159966621,0.7783131577538468
inter,0.985,1786,0.5788109893327038,0.8012716875422632
inter,0.985,1787,0.5830948220160235,0.8163696414831348
inter,0.985,1788,0.5905227116628062,0.8220349856117328
inter,0.985,1789,0.6012428111806549,0.8194720191705742
inter,0.985,1790,0.6153717002929422,0.8103508930895238
inter,0.985,1791,0.6329640210885732,0.7951352512304677
inter,0.985,1792,0.6539640397279346,0.7743775746985107
inter,0.985,1793,0.6781292185689626,0.7533015276620035
inter,0.985,1794,0.7049120187037317,0.7339516653163388
inter,0.985,1795,0.7332874219145583,0.7155898763964548
inter,0.985,1796,0.761541422154011,0.6982281692581709
inter,0.985,1797,0.7871401155377089,0.682096622674351
inter,0.985,1798,0.8069889163097397,0.6674245756527821
inter,0.985,1799,0.8183684723307235,0.6544122023894547
inter,0.985,1800,0.8201683571704488,0.6432358626114549
inter,0.985,1801,0.8133901801241612,0.6340556558958359
inter,0.985,1802,0.800443052990705,0.6270201427440465
inter,0.985,1803,0.7839199635431748,0.6222683974149339
inter,0.985,1804,0.7658114086383935,0.6199307746774734
inter,0.985,1805,0.7473861334863782,0.6201304886639223
inter,0.985,1806,0.729394727482777,0.6229884883695733
inter,0.985,1807,0.7122889075228965,0.6286324798018834
inter,0.985,1808,0.6963638763959218,0.6372048045913954
inter,0.985,1809,0.6818352977398047,0.6488558088527348
inter,0.985,1810,0.668878292747165,0.6637112370523965
inter,0.985,1811,0.6576472050889619,0.6818164657830215
inter,0.985,1812,0.648286077573807,0.7030702726586988
inter,0.985,1813,0.6409345908737175,0.7271725653102379
inter,0.985,1814,0.6357315832437167,0.7536030939420837
inter,0.985,1815,0.63281699572283,0.781574154885625
inter,0.985,1816,0.6323324519725307,0.8099060065033123
inter,0.985,1817,0.6344203194236196,0.8369127042363621
inter,0.985,1818,0.63922083389278,0.8604188582279229
inter,0.985,1819,0.64686659924181,0.8782381436490874
inter,0.985,1820,0.6574734577580958,0.8892963482255896
inter,0.985,1821,0.6711263050715509,0.8940132141896888
inter,0.985,1822,0.687857880741019,0.8933489098075322
inter,0.985,1823,0.7076179744665765,0.8881300525416493
inter,0.985,1824,0.7302299787552656,0.8796872019387498
inter,0.985,1825,0.7553321845925733,0.8697615866281425
inter,0.985,1826,0.7823044541570466,0.8590350179067685
inter,0.985,1827,0.8101912822241848,0.8476546759183397
inter,0.985,1828,0.837655678702801,0.8358491517867668
inter,0.985,1829,0.8630335609887209,0.82388499039501
inter,0.985,1830,0.8845722124869645,0.8120066872476355
inter,0.985,1831,0.900856471714996,0.8004282703618935
inter,0.985,1832,0.911240690778433,0.7893387086996927
inter,0.985,1833,0.9159954948331527,0.7789079618450885
inter,0.985,1834,0.9160534044621991,0.7692913245720765
inter,0.985,1835,0.9125580242691024,0.7606322454518946
inter,0.985,1836,0.9065185888989669,0.7530641293506974
inter,0.985,1837,0.8986857912083057,0.7467115249823266
inter,0.985,1838,0.8895777166048009,0.7416909612739658
inter,0.985,1839,0.8795526006786178,0.7381115988898375
inter,0.985,1840,0.8688734465582449,0.7360757887482638
inter,0.985,1841,0.8577510233505745,0.7356795380729741
inter,0.985,1842,0.8463686033497266,0.7370127405609168
inter,0.985,1843,0.8348948416100358,0.740158834889247
inter,0.985,1844,0.8234898679752229,0.7451934021023479
inter,0.985,1845,0.8123078145313335,0.7521812499094374
inter,0.985,1846,0.8014976294598966,0.7611718093152026
inter,0.985,1847,0.7912031721084214,0.7721928947902832
inter,0.985,1848,0.7815630901914458,0.7852425512105587
inter,0.985,1849,0.7727107041900073,0.8002779067153107
inter,0.985,1850,0.764773974748986,0.8171999319117889
inter,0.985,1851,0.7578755492817759,0.8358351919266562
inter,0.985,1852,0.7521328382806995,0.8559195818422309
inter,0.985,1853,0.7476580443838183,0.8770917856449121
inter,0.985,1854,0.7445580603829193,0.8989026041531576
inter,0.985,1855,0.7429341331282465,0.9208400850026563
inter,0.985,1856,0.7428811746655744,0.942363598832009
inter,0.985,1857,0.7444866045718914,0.9629382689339556
inter,0.985,1858,0.7478285857330739,0.9820650019154061
inter,0.985,1859,0.7529735136493516,0.9993032960331705
inter,0.985,1860,0.7599726152806495,1.014281830839233
inter,0.985,1861,0.7688575289902064,1.0266949997998163
inter,0.985,1862,0.7796347792222567,1.0362934094004446
inter,0.985,1863,0.7922791310003435,1.0428797184468814
inter,0.985,1864,0.8067259661557101,1.0463122140776284
inter,0.985,1865,0.8228630525567916,1.046509420739696
inter,0.985,1866,0.840522428576763,1.0434503714489514
inter,0.985,1867,0.859473544021389,1.037171328457061
inter,0.985,1868,0.8794193363184057,1.0277622436723481
inter,0.985,1869,0.8999971943130245,1.0153649180292725
inter,0.985,1870,0.9207867348389476,1.0001726888999682
inter,0.985,1871,0.9413253925066362,0.9824300360826401
inter,0.985,1872,0.9611310140348406,0.9624300523616188
inter,0.985,1873,0.9797282204988075,0.9405081411364136
inter,0.985,1874,0.9966733039282586,0.9170313045684978
inter,0.985,1875,1.011572385816493,0.8923837371659669
inter,0.985,1876,1.0240898957451652,0.8669508688423523
inter,0.985,1877,1.0339483546225179,0.8411049250302827
inter,0.985,1878,1.0409236547220153,0.8151946694169232
inter,0.985,1879,1.0448408749201308,0.7895401504933024
inter,0.985,1880,1.045574021969245,0.7644312598976701
inter,0.985,1881,1.0430503100745592,0.740128234441755
inter,0.985,1882,1.0372572919948622,0.7168629911105859
inter,0.985,1883,1.0282499794531272,0.6948412539127031
inter,0.985,1884,1.0161551886534195,0.6742458668451317
inter,0.985,1885,1.0011712002691489,0.6552414096047123
inter,0.985,1886,0.9835620287549963,0.6379796913411495
inter,0.985,1887,0.9636467684532404,0.6226052979313468
inter,0.985,1888,0.9417853748934709,0.6092602406294737
inter,0.985,1889,0.9183627125460623,0.5980868566174102
inter,0.985,1890,0.8937727365435281,0.5892283995457563
inter,0.985,1891,0.8684043618195971,0.5828272432855423
inter,0.985,1892,0.8426300566010163,0.579021334480347
inter,0.985,1893,0.8167976375238207,0.5779405306195124
inter,0.985,1894,0.7912252635977082,0.5797060158433048
inter,0.985,1895,0.7661992917532144,0.5844379184421904
inter,0.985,1896,0.7419744691212419,0.5922743110348432
inter,0.985,1897,0.7187758885228294,0.603389350157455
inter,0.985,1898,0.6968021654804754,0.6179744586135452
inter,0.985,1899,0.6762293754256213,0.6361518547297176
inter,0.985,1900,0.6572153851430073,0.6578389628322769
inter,0.985,1901,0.6399043177472178,0.6826364365268287
inter,0.985,1902,0.6244309439211729,0.7098156549128529
inter,0.985,1903,0.6109248649530692,0.7383084816882302
inter,0.985,1904,0.5995143686412034,0.7664850690804867
inter,0.985,1905,0.5903298481773156,0.7918160428915562
inter,0.985,1906,0.5835066362288832,0.810801535464622
inter,0.985,1907,0.5791870728559728,0.8206534409087487
inter,0.985,1908,0.5775214960116324,0.8215275288524291
inter,0.985,1909,0.5786677158188913,0.8151832933831705
inter,0.985,1910,0.5827882857372032,0.802727908006238
inter,0.985,1911,0.5900445220027802,0.7841054108908567
inter,0.985,1912,0.6005856544516811,0.7624670323455842
inter,0.985,1913,0.6145305871953809,0.7424682407780911
inter,0.985,1914,0.6319382945137627,0.7236986027227006
inter,0.985,1915,0.6527605599548016,0.705866820568664
inter,0.985,1916,0.6767673596836082,0.6891572828225903
inter,0.985,1917,0.7034312740733857,0.6738081666584995
inter,0.985,1918,0.7317579864420982,0.660032684793477
inter,0.985,1919,0.7600752471446056,0.6480167918863825
inter,0.985,1920,0.7858915626327554,0.6379270723779307
inter,0.985,1921,0.8061247268144791,0.62991684406862
inter,0.985,1922,0.8180027671242351,0.6241292783251513
inter,0.985,1923,0.8203060296067956,0.6206985250024353
inter,0.985,1924,0.8139317762000096,0.6197506273572149
inter,0.985,1925,0.8012451970020874,0.6214066440088297
inter,0.985,1926,0.7848557991305645,0.6257899843982703
inter,0.985,1927,0.766794056500342,0.6330360267519957
inter,0.985,1928,0.7483631950175559,0.6432938813789537
inter,0.985,1929,0.7303353421738695,0.6567059933826667
inter,0.985,1930,0.7131738566088348,0.6733615336458223
inter,0.985,1931,0.6971798951024739,0.6932328363184505
inter,0.985,1932,0.6825721429336766,0.7161129015857466
inter,0.985,1933,0.669527269784914,0.7415819550111117
inter,0.985,1934,0.6582004078322486,0.7689831212588154
inter,0.985,1935,0.6487359714718374,0.797329931245504
inter,0.985,1936,0.6412737689401734,0.8251717783878076
inter,0.985,1937,0.6359526220374486,0.850533932028083
inter,0.985,1938,0.6329123861014729,0.8711246085187702
inter,0.985,1939,0.6322946038510042,0.8852347114404993
inter,0.985,1940,0.6342416561376235,0.8926788547592484
inter,0.985,1941,0.6388940041903299,0.8943169744371398
inter,0.985,1942,0.6463848524289046,0.8910344414126048
inter,0.985,1943,0.6568312429718408,0.883812717921602
inter,0.985,1944,0.6703201855850185,0.8743963639749249
inter,0.985,1945,0.6868878832898488,0.8640109971174195
inter,0.985,1946,0.7064895212831914,0.8529053961664183
inter,0.985,1947,0.7289565761161518,0.8412600826585405
inter,0.985,1948,0.7539389555429764,0.8293366617422813
inter,0.985,1949,0.78083231287376,0.817392430385057
inter,0.985,1950,0.8087007071411548,0.8056546767416499
inter,0.985,1951,0.8362274045370044,0.7943227733575045
inter,0.985,1952,0.861761658723005,0.7835745625574632
inter,0.985,1953,0.8835459690822267,0.7735715013300404
inter,0.985,1954,0.9001350380743628,0.7644620977238562
inter,0.985,1955,0.9108348538613885,0.756384107540635
inter,0.985,1956,0.9158704114574326,0.749465955684332
inter,0.985,1957,0.9161500156325417,0.7438277031198508
inter,0.985,1958,0.9128166175669166,0.7395817645023626
inter,0.985,1959,0.9068916067410943,0.7368335011021141
inter,0.985,1960,0.8991396389492915,0.7356817354515903
inter,0.985,1961,0.8900894517142043,0.7362191172146855
inter,0.985,1962,0.8801059974042189,0.7385320945843805
inter,0.985,1963,0.8694560837821345,0.7427000577243057
inter,0.985,1964,0.8583525084040016,0.7487931533881655
inter,0.985,1965,0.846979605579111,0.7568684498020837
inter,0.985,1966,0.8355066129725607,0.7669644403445319
inter,0.985,1967,0.8240940297758841,0.7790938468084074
inter,0.985,1968,0.8128962777240167,0.7932340104178559
inter,0.985,1969,0.8020625755842048,0.8093135709526625
inter,0.985,1970,0.7917370566472722,0.8271952228850794
inter,0.985,1971,0.7820586503293355,0.8466576931553094
inter,0.985,1972,0.7731609628530554,0.8673838047257376
inter,0.985,1973,0.7651722402029538,0.8889621499701968
inter,0.985,1974,0.7582154110233083,0.9109055309867682
inter,0.985,1975,0.7524081633611283,0.9326820856313309
inter,0.985,1976,0.7478629798614606,0.953750423873573
inter,0.985,1977,0.7446870418752145,0.9735919599175948
inter,0.985,1978,0.7429819113088619,0.9917374621883319
inter,0.985,1979,0.7428428625347724,1.007783835429653
inter,0.985,1980,0.7443577533323202,1.0213966760541553
inter,0.985,1981,0.7476052968190259,1.0323020095975564
inter,0.985,1982,0.7526525937591791,1.0402786849385495
inter,0.985,1983,0.7595517819586076,1.0451589255124243
inter,0.985,1984,0.7683356748099378,1.046833457044223
inter,0.985,1985,0.7790122947628627,1.045254000869274
inter,0.985,1986,0.7915582852061384,1.0404312331851966
inter,0.985,1987,0.805911334165808,1.0324309968778342
inter,0.985,1988,0.8219619620956246,1.0213715910224634
inter,0.985,1989,0.8395453679690452,1.0074228976492616
inter,0.985,1990,0.8584344750725574,0.9908062726676116
inter,0.985,1991,0.8783357972931124,0.9717932296327925
inter,0.985,1992,0.8988900917717383,0.9507010009408813
inter,0.985,1993,0.9196797321468204,0.9278838286006543
inter,0.985,1994,0.940243886633236,0.9037200544177661
inter,0.985,1995,0.960100794040852,0.8785965207408555
inter,0.985,1996,0.9787740485916154,0.8528930458899826
inter,0.985,1997,0.9958177132579422,0.8269700260232682
inter,0.985,1998,1.0108349503953769,0.8011609493431373
inter,0.985,1999,1.0234870202313717,0.775769451686974
pre,0.997,0,1.0039962747859899,0.7433518823854921
pre,0.997,1,0.9935314826153092,0.7301052106759491
pre,0.997,2,0.9806822240991762,0.7221727816593921
pre,0.997,3,0.965665543253617,0.7188310618766304
pre,0.997,4,0.9487321462049005,0.7194555553930864
pre,0.997,5,0.9301617069805769,0.7236862997306418
pre,0.997,6,0.910254831705066,0.731338921251928
pre,0.997,7,0.889323588989566,0.7423044066784354
pre,0.997,8,0.8676821003893611,0.7564950603225782
pre,0.997,9,0.8456382299924865,0.7738219230594678
pre,0.997,10,0.8234869812439591,0.7941765035822466
pre,0.997,11,0.8015058459254187,0.8173855440527324
pre,0.997,12,0.7799520832400901,0.8431399291390665
pre,0.997,13,0.7590617223388222,0.8709543037766578
pre,0.997,14,0.7390499927918965,0.9001835760594308
pre,0.997,15,0.7201128573915333,0.9300437877235133
pre,0.997,16,0.7024293313196585,0.9595876695984537
pre,0.997,17,0.6861643115810332,0.9876730020091133
pre,0.997,18,0.6714716845164503,1.0130880763072092
pre,0.997,19,0.6584975141683013,1.0348815770908515
pre,0.997,20,0.6473831566441767,1.0525916809670237
pre,0.997,21,0.6382681471296638,1.0661471402897513
pre,0.997,22,0.6312927075811507,1.075600504115391
pre,0.997,23,0.6265997021961459,1.0809618053514363
pre,0.997,24,0.6243358050830593,1.0822436509026225
pre,0.997,25,0.6246515622212437,1.0795610344831166
pre,0.997,26,0.6276998963359708,1.0731191993803813
pre,0.997,27,0.633632400490358,1.0631536749196757
pre,0.997,28,0.6425924815740102,1.049910879524428
pre,0.997,29,0.6547039872487199,1.0336595252308383
pre,0.997,30,0.6700533409430105,1.0147031364441235
pre,0.997,31,0.6886623712898365,0.9933842099489988
pre,0.997,32,0.7104479390750562,0.9700808311486988
pre,0.997,33,0.7351634736174717,0.9451983400152546
pre,0.997,34,0.7623178279563233,0.9191581573461041
pre,0.997,35,0.7910721671966912,0.8923850871320009
pre,0.997,36,0.8201346689847144,0.8652941679322155
pre,0.997,37,0.8477178423652788,0.8382783935077193
pre,0.997,38,0.8716848732405064,0.8116987246743173
pre,0.997,39,0.8900009538616109,0.7858775049745579
pre,0.997,40,0.9013906274304289,0.7610958675278314
pre,0.997,41,0.9057938976545302,0.7375951661529241
pre,0.997,42,0.9042449507329838,0.7155819200478578
pre,0.997,43,0.8982786420917993,0.6952352726753763
pre,0.997,44,0.8893413217110017,0.6767156324578962
pre,0.997,45,0.8785212383155528,0.6601730675422421
pre,0.997,46,0.8665534232556347,0.6457541824975414
pre,0.997,47,0.8539252703548842,0.6336065703199936
pre,0.997,48,0.8409761920667855,0.6238804625749381
pre,0.997,49,0.8279634551063826,0.6167278850658813
pre,0.997,50,0.8150994032929392,0.6123004810357422
pre,0.997,51,0.8025708366392258,0.6107481033190678
pre,0.997,52,0.7905486518753053,0.6122207554519786
pre,0.997,53,0.7791925712478689,0.6168746898806208
pre,0.997,54,0.7686535421757079,0.6248766175386946
pre,0.997,55,0.7590750982369496,0.6363916097653568
pre,0.997,56,0.7505942803228849,0.6515470776779895
pre,0.997,57,0.7433423581338842,0.6703838607840604
pre,0.997,58,0.7374454144661612,0.6928028504140185
pre,0.997,59,0.7330247592371048,0.7184930894512873
pre,0.997,60,0.7301970895321291,0.7468623957621225
pre,0.997,61,0.7290742799800006,0.7770111590946396
pre,0.997,62,0.7297626605532435,0.8076116030160468
pre,0.997,63,0.7323616121892249,0.8364267992552334
pre,0.997,64,0.7369612859181757,0.8596312564463446
pre,0.997,65,0.7436392239683155,0.8735923766065721
pre,0.997,66,0.7524556392679775,0.8779245415159753
pre,0.997,67,0.7634471173495654,0.8745618796856701
pre,0.997,68,0.7766185287885725,0.8655028497273067
pre,0.997,69,0.7919330620825042,0.851542981816175
pre,0.997,70,0.8093005190363575,0.8334476226652466
pre,0.997,71,0.8285644249931025,0.8144629938592618
pre,0.997,72,0.8494892272800827,0.795460461945336
pre,0.997,73,0.8717497938277641,0.7765328470016333
pre,0.997,74,0.8949265855773201,0.7581323943190054
pre,0.997,75,0.9185106879085065,0.7406812765004667
pre,0.997,76,0.9419225657114212,0.724505543658784
pre,0.997,77,0.9645458394759024,0.7098591691867099
pre,0.997,78,0.9857722445745032,0.696950373304429
pre,0.997,79,1.0050478749486427,0.6859595968883887
pre,0.997,80,1.0219077608953782,0.6770505014499871
pre,0.997,81,1.0359892837018212,0.6703763256339521
pre,0.997,82,1.0470243203259395,0.6660835760497352
pre,0.997,83,1.0548193685551437,0.6643147393575826
pre,0.997,84,1.0592361738661706,0.6652111878191703
pre,0.997,85,1.0601815728847832,0.6689158627815988
pre,0.997,86,1.057608429987726,0.6755722767109142
pre,0.997,87,1.0515242095534876,0.685314411135096
pre,0.997,88,1.0420016755818224,0.6982463657030693
pre,0.997,89,1.0291867723747,0.71441945937861
pre,0.997,90,1.0133005694326338,0.7338148517451395
pre,0.997,91,0.9946342077125635,0.756320892992578
pre,0.997,92,0.9735375192499686,0.7816803957279875
pre,0.997,93,0.9504031643600637,0.809437044090939
pre,0.997,94,0.9256486689110011,0.8389230919407483
pre,0.997,95,0.8996987001297094,0.8692150644510421
pre,0.997,96,0.8729694478462429,0.898993394721838
pre,0.997,97,0.8458562887107899,0.9263788978474086
pre,0.997,98,0.8187252089946917,0.9492300249490286
pre,0.997,99,0.7919078905698346,0.9661904159247732
pre,0.997,100,0.7656999829229024,0.9772730126672315
pre,0.997,101,0.7403619104744982,0.9832971890123547
pre,0.997,102,0.7161215222810282,0.9850368360665412
pre,0.997,103,0.6931779679999454,0.9829167389864344
pre,0.997,104,0.6717062900683458,0.9774531310124001
pre,0.997,105,0.6518623466617901,0.9692929380882729
pre,0.997,106,0.6337877901508739,0.9588909115681701
pre,0.997,107,0.6176149147147528,0.9465948783047604
pre,0.997,108,0.6034712422303325,0.9327484007650133
pre,0.997,109,0.5914837480285888,0.9176882047034982
pre,0.997,110,0.5817826305196849,0.9017322888147377
pre,0.997,111,0.574504496266382,0.8851787871907221
pre,0.997,112,0.5697947819453535,0.868308566920919
pre,0.997,113,0.5678091139474354,0.8513872478797743
pre,0.997,114,0.5687131556242647,0.8346658382476291
pre,0.997,115,0.572680230651834,0.8183804729911344
pre,0.997,116,0.5798856081955581,0.802751937847014
pre,0.997,117,0.5904956944006547,0.7879854841031153
pre,0.997,118,0.6046493104961917,0.7742711843622385
pre,0.997,119,0.622426446737282,0.7617848549399762
pre,0.997,120,0.6437968321767277,0.7506894157031327
pre,0.997,121,0.6685356541422957,0.7411364852472613
pre,0.997,122,0.6960866468461006,0.7332680158105873
pre,0.997,123,0.7253486881265276,0.727217839982101
pre,0.997,124,0.7543893171437812,0.7231130875308
pre,0.997,125,0.7802327684782667,0.7210754572863525
pre,0.997,126,0.7991790422543849,0.7212221878977453
pre,0.997,127,0.8080857129751597,0.7236661992670086
pre,0.997,128,0.8059678152798617,0.7285144399855412
pre,0.997,129,0.7944390511566716,0.7358635136062321
pre,0.997,130,0.7765942500290147,0.7457927032962883
pre,0.997,131,0.7554660612556057,0.7583560676508477
pre,0.997,132,0.733212233805102,0.7735752306030916
pre,0.997,133,0.7111182162384825,0.7914302711030624
pre,0.997,134,0.6899018472066126,0.8118390218955404
pre,0.997,135,0.6699764074423068,0.8346175997482814
pre,0.997,136,0.6516046468788181,0.8594383168949997
pre,0.997,137,0.6349768320765081,0.8858174638208458
pre,0.997,138,0.6202488621648329,0.9131404273617436
pre,0.997,139,0.6075614617800261,0.9406968560206966
pre,0.997,140,0.5970506337192556,0.967700259228274
pre,0.997,141,0.5888539271721078,0.99331164523418
pre,0.997,142,0.5831144292685203,1.016724154736132
pre,0.997,143,0.5799831534662274,1.037296990432564
pre,0.997,144,0.5796198652746748,1.0546268974893387
pre,0.997,145,0.5821919750979209,1.068497267849557
pre,0.997,146,0.5878707303707987,1.078775605432325
pre,0.997,147,0.5968234392891899,1.0853632127019184
pre,0.997,148,0.6091996982554542,1.088217128305035
pre,0.997,149,0.625108388812125,1.0873750691395365
pre,0.997,150,0.6445802367937433,1.0829396894826135
pre,0.997,151,0.6675075718583707,1.0750495196077425
pre,0.997,152,0.6935482502498258,1.0638678354037063
pre,0.997,153,0.7219761560216398,1.0495888558673063
pre,0.997,154,0.7514664244416273,1.0324481713047584
pre,0.997,155,0.7798571212039298,1.0127289853294432
pre,0.997,156,0.8041004330418449,0.9907617619361976
pre,0.997,157,0.8208286704660459,0.9669180665750974
pre,0.997,158,0.8276641873597604,0.9416004369720599
pre,0.997,159,0.8244138212732434,0.9152298339408582
pre,0.997,160,0.8130267618143056,0.8882317050126214
pre,0.997,161,0.7963866961971843,0.8610217212029835
pre,0.997,162,0.7770649123809739,0.8339925837393454
pre,0.997,163,0.7568194336016999,0.8075033787169639
pre,0.997,164,0.7367000130803403,0.7818726634318138
pre,0.997,165,0.7173154587857918,0.7573759623150513
pre,0.997,166,0.6990386665063724,0.7342477177043752
pre,0.997,167,0.6821233846605779,0.7126870378352186
pre,0.997,168,0.6667636400780548,0.6928659751315964
pre,0.997,169,0.6531232956216529,0.6749387352966622
pre,0.997,170,0.6413512970657601,0.6590502276961625
pre,0.997,171,0.6315901824157564,0.6453426625668242
pre,0.997,172,0.6239812803704538,0.6339593843251401
pre,0.997,173,0.6186680434939531,0.6250457478982617
pre,0.997,174,0.6157980195811882,0.6187476091882415
pre,0.997,175,0.6155234781950741,0.6152089348956641
pre,0.997,176,0.6180003958109735,0.6145709813415074
pre,0.997,177,0.6233852182018558,0.6169756220864171
pre,0.997,178,0.6318284838479543,0.6225725173411799
pre,0.997,179,0.6434639251270087,0.6315220029240495
pre,0.997,180,0.6583909903553276,0.6439798032835551
pre,0.997,181,0.676647763292226,0.6600589321590973
pre,0.997,182,0.6981699340697972,0.6797764781751053
pre,0.997,183,0.7227299413812477,0.7029880122723039
pre,0.997,184,0.7498497972077662,0.7293056772065685
pre,0.997,185,0.7786851050731628,0.7580512168659775
pre,0.997,186,0.8078967748112497,0.7882367994157135
pre,0.997,187,0.835578765411021,0.8183966155465354
pre,0.997,188,0.8593930846735012,0.8460016538639037
pre,0.997,189,0.8770728320470776,0.8671075333842607
pre,0.997,190,0.8872000047495537,0.8787862098312484
pre,0.997,191,0.8897616216381949,0.8813871738049094
pre,0.997,192,0.8860076135091699,0.8769646804924249
pre,0.997,193,0.8777372778134559,0.867278121298414
pre,0.997,194,0.8666050797575306,0.8528226252298421
pre,0.997,195,0.8538236736255974,0.8349726851969432
pre,0.997,196,0.8401910271350952,0.8166916902069645
pre,0.997,197,0.8262239071976213,0.7983198322044838
pre,0.997,198,0.8122748302313678,0.7800559013794144
pre,0.997,199,0.7986060792090451,0.7623628721309572
pre,0.997,200,0.7854304637942301,0.745645240908076
pre,0.997,201,0.7729323868916177,0.73021492636223
pre,0.997,202,0.7612785413279731,0.7163166737888347
pre,0.997,203,0.750623477367003,0.7041521384948028
pre,0.997,204,0.7411127208637712,0.6938960995566099
pre,0.997,205,0.7328847242603668,0.6857064516504043
pre,0.997,206,0.7260722159406136,0.6797301435003059
pre,0.997,207,0.7208031576285608,0.6761068772224237
pre,0.997,208,0.7172013343453407,0.6749720271391387
pre,0.997,209,0.7153865083499459,0.6764595226267809
pre,0.997,210,0.715474006490615,0.6807037582591102
pre,0.997,211,0.7175735624192062,0.6878372427729811
pre,0.997,212,0.7217871894935347,0.6979803033159206
pre,0.997,213,0.7282058168681926,0.711223443823064
pre,0.997,214,0.7369043738225848,0.7276083245030127
pre,0.997,215,0.7479349728623147,0.7471105529397809
pre,0.997,216,0.7613178476655142,0.7696113184584434
pre,0.997,217,0.7770297547622403,0.7948425550797937
pre,0.997,218,0.7949897853919485,0.8223421188561233
pre,0.997,219,0.8150429582525615,0.8514524312269995
pre,0.997,220,0.8369428416502439,0.8812980073895802
pre,0.997,221,0.8603358137359126,0.9106876535480515
pre,0.997,222,0.8847514590426016,0.9380069829286846
pre,0.997,223,0.9096054754530597,0.9614504498336487
pre,0.997,224,0.9342220133573046,0.9797920192989891
pre,0.997,225,0.9578793923558426,0.9928723887757763
pre,0.997,226,0.9798750780058365,1.0012308016859919
pre,0.997,227,0.9995945938487744,1.0054400035698579
pre,0.997,228,1.0165618861101124,1.00582417613581
pre,0.997,229,1.030453733473594,1.0027312113214237
pre,0.997,230,1.0410778693364928,0.9966417489091453
pre,0.997,231,1.0483319177706,0.9879660161492934
pre,0.997,232,1.0521653527386878,0.977027509003094
pre,0.997,233,1.0525584435683688,0.9641298460982968
pre,0.997,234,1.0495197214701208,0.9495747391459939
pre,0.997,235,1.0430954517885787,0.9336604195294707
pre,0.997,236,1.0333827347691182,0.9166810791103717
pre,0.997,237,1.0205397693660982,0.8989274213263891
pre,0.997,238,1.0047897794833653,0.8806861925965064
pre,0.997,239,0.9864176992956231,0.8622381748170364
pre,0.997,240,0.9657605318527578,0.843855129586309
pre,0.997,241,0.943193334241738,0.8257964832455177
pre,0.997,242,0.9191131595846611,0.8083064755348439
pre,0.997,243,0.8939231454643117,0.7916122725810566
pre,0.997,244,0.8680184549794119,0.775923273668959
pre,0.997,245,0.8417751359398956,0.7614315820498597
pre,0.997,246,0.8155423337356704,0.7483134046515008
pre,0.997,247,0.7896377894447032,0.7367310237190297
pre,0.997,248,0.7643462138023036,0.7268349617691717
pre,0.997,249,0.7399199720250589,0.7187660396200664
pre,0.997,250,0.7165814694473335,0.7126571834144938
pre,0.997,251,0.6945266879220862,0.7086350142095283
pre,0.997,252,0.6739294153387348,0.7068213413113609
pre,0.997,253,0.654945810185503,0.707334506391799
pre,0.997,254,0.6377190458298018,0.7102899601132384
pre,0.997,255,0.6223838490714084,0.7157987175938887
pre,0.997,256,0.6090708003629066,0.7239622673931541
pre,0.997,257,0.5979102866282173,0.7348639050284136
pre,0.997,258,0.5890359944182185,0.7485584728670797
pre,0.997,259,0.5825878003712589,0.7650621111489164
pre,0.997,260,0.5787138482737826,0.784337591018359
pre,0.997,261,0.5775714935244226,0.8062629507534517
pre,0.997,262,0.579326621098871,0.830582780599032
pre,0.997,263,0.5841505795923031,0.8568746814063574
pre,0.997,264,0.5922135536876258,0.8845582745057923
pre,0.997,265,0.603672538988579,0.9129227272097431
pre,0.997,266,0.6186510055571102,0.9411324872925384
pre,0.997,267,0.6372055660854005,0.9682178177342239
pre,0.997,268,0.659272051574964,0.993143539351397
pre,0.997,269,0.6845789468272425,1.0150273890081287
pre,0.997,270,0.712510778342473,1.0333505207991922
pre,0.997,271,0.7419047723720882,1.0479448183676774
pre,0.997,272,0.7708003291240608,1.0588029158045433
pre,0.997,273,0.7963032951770356,1.065923140056469
pre,0.997,274,0.8149720180441097,1.0693124687600926
pre,0.997,275,0.824019299763983,1.069056898256083
pre,0.997,276,0.8226870562885148,1.0653205921751772
pre,0.997,277,0.812546503090752,1.0582973513255456
pre,0.997,278,0.7964502491054586,1.0481867036134092
pre,0.997,279,0.7771616897839696,1.035199507368369
pre,0.997,280,0.7566557089986065,1.0195706834677891
pre,0.997,281,0.7361305699498306,1.0015677846278863
pre,0.997,282,0.716275978584283,0.9814935729651959
pre,0.997,283,0.6975041816028476,0.9596835079926056
pre,0.997,284,0.6800869648323915,0.9364994311820769
pre,0.997,285,0.6642262065485576,0.9123205310252027
pre,0.997,286,0.6500888489455408,0.8875324963986786
pre,0.997,287,0.6378246902561923,0.8625158795614255
pre,0.997,288,0.627576119177535,0.8376349201470413
pre,0.997,289,0.6194839557143023,0.813228131556612
pre,0.997,290,0.6136911812103565,0.7896017331291716
pre,0.997,291,0.6103452153688115,0.7670265959918288
pre,0.997,292,0.6095988316204617,0.7457388297207924
pre,0.997,293,0.6116094549455947,0.7259435459659076
pre,0.997,294,0.6165362859131984,0.7078208238294673
pre,0.997,295,0.6245343518328088,0.6915326082426818
pre,0.997,296,0.6357441069393548,0.6772292592088016
pre,0.997,297,0.6502745074549912,0.66505470887346
pre,0.997,298,0.6681764595101233,0.6551496103936826
pre,0.997,299,0.6894020736412143,0.6476524320076348
pre,0.997,300,0.7137432955835606,0.6426991421319823
pre,0.997,301,0.7407421657671176,0.6404228695270937
pre,0.997,302,0.7695676925692764,0.6409553283130278
pre,0.997,303,0.798872041589057,0.644430815467348
pre,0.997,304,0.8266931448422581,0.6509898748467111
pre,0.997,305,0.8505686598260113,0.6607749108134802
pre,0.997,306,0.8680587487541451,0.6739111400752658
pre,0.997,307,0.8776053999190586,0.6904746848870423
pre,0.997,308,0.8791777550416225,0.710453908599326
pre,0.997,309,0.8741407884955161,0.7337003395611617
pre,0.997,310,0.864467068079318,0.7598641819308816
pre,0.997,311,0.851960049916481,0.7883633082437995
pre,0.997,312,0.8379259754440888,0.8183725143839456
pre,0.997,313,0.8232111623422842,0.8486954672339395
pre,0.997,314,0.8083546362082625,0.8774256759557735
pre,0.997,315,0.7937182775205246,0.9016946345626878
pre,0.997,316,0.7795675800361265,0.9188482496071928
pre,0.997,317,0.7661155253123602,0.9282870938558934
pre,0.997,318,0.7535451591436202,0.9311996385284882
pre,0.997,319,0.7420211548576104,0.9290874360110914
pre,0.997,320,0.731695977815252,0.9227327212507643
pre,0.997,321,0.7227134527239467,0.9127920521255847
pre,0.997,322,0.7152110436031738,0.9007462824214894
pre,0.997,323,0.7093214076338697,0.8873848574957086
pre,0.997,324,0.7051734144259659,0.8729978323727272
pre,0.997,325,0.7028926310118914,0.8579708413470588
pre,0.997,326,0.7026011660982727,0.8427128671418813
pre,0.997,327,0.7044166937881668,0.8275828805159965
pre,0.997,328,0.7084504074951828,0.8128830983910968
pre,0.997,329,0.7148035891981763,0.7988697508235589
pre,0.997,330,0.7235624090502127,0.7857641060768392
pre,0.997,331,0.7347904951897374,0.7737607563276174
pre,0.997,332,0.7485187807959206,0.7630335234932801
pre,0.997,333,0.7647321361496211,0.7537397340239964
pre,0.997,334,0.7833525005570435,0.7460234153931811
pre,0.997,335,0.8042186580787601,0.7400177614149974
pre,0.997,336,0.8270638717845296,0.7358470845116283
pre,0.997,337,0.8514943781974962,0.7336283700461538
pre,0.997,338,0.8769746082925942,0.7334723869399685
pre,0.997,339,0.9028282987135082,0.7354840460896475
pre,0.997,340,0.928266508725214,0.739761429243835
pre,0.997,341,0.9524500677238904,0.7463929149409921
pre,0.997,342,0.9745815311778181,0.7554523520193546
pre,0.997,343,0.994002674118481,0.7669930067946646
pre,0.997,344,1.0102609098596589,0.781040975124478
pre,0.997,345,1.023117368963383,0.797586479669644
pre,0.997,346,1.0324998320988823,0.8165671939799295
pre,0.997,347,1.038432011210887,0.8378376523657525
pre,0.997,348,1.0409746297910292,0.8611317774918106
pre,0.997,349,1.0401960422155725,0.8860420965470057
pre,0.997,350,1.0361700157469462,0.9120331294178142
pre,0.997,351,1.0289886715607084,0.9384792628205266
pre,0.997,352,1.018778849579199,0.9647006491364325
pre,0.997,353,1.0057144911683544,0.9899869338594827
pre,0.997,354,0.9900219175503289,1.0136346855459366
pre,0.997,355,0.9719777846574854,1.0350182776678127
pre,0.997,356,0.9519010997678974,1.0536545475962136
pre,0.997,357,0.9301413800217453,1.0692069715448353
pre,0.997,358,0.907065130156285,1.0814380583483034
pre,0.997,359,0.8830425366158177,1.0901684822062316
pre,0.997,360,0.8584357845969064,1.0952778936410603
pre,0.997,361,0.8335898444511685,1.0967228934655848
pre,0.997,362,0.8088260617119806,1.094534421016922
pre,0.997,363,0.7844384785956006,1.0887958539165448
pre,0.997,364,0.7606925580783571,1.079625874269905
pre,0.997,365,0.7378258465013904,1.0671768992366308
pre,0.997,366,0.7160500885194412,1.0516430760645934
pre,0.997,367,0.695554338310343,1.0332685681038458
pre,0.997,368,0.6765086851893299,1.0123508001641401
pre,0.997,369,0.6590682942439317,0.989237433860243
pre,0.997,370,0.6433775300829994,0.9643182279351098
pre,0.997,371,0.6295739926040346,0.938013515879661
pre,0.997,372,0.6177923261804189,0.9107605102592883
pre,0.997,373,0.6081676804910857,0.8829982779755599
pre,0.997,374,0.6008386814044954,0.8551525248482816
pre,0.997,375,0.5959497420837172,0.8276217415722416
pre,0.997,376,0.5936524497620763,0.8007663010024493
pre,0.997,377,0.5941056564053221,0.7749017910717408
pre,0.997,378,0.5974737034996411,0.7502973329986606
pre,0.997,379,0.6039219212943915,0.7271788586581485
pre,0.997,380,0.6136081024124606,0.7057364223426534
pre,0.997,381,0.6266679465278153,0.6861339101923155
pre,0.997,382,0.643191384329426,0.6685192278846643
pre,0.997,383,0.6631849799552333,0.6530332046806268
pre,0.997,384,0.6865130574449179,0.6398159069609888
pre,0.997,385,0.7128069799086748,0.6290096674353031
pre,0.997,386,0.7413304178921588,0.6207588639989438
pre,0.997,387,0.7707984103536687,0.6152073717846349
pre,0.997,388,0.799198649061404,0.6124956871385582
pre,0.997,389,0.8237947742161043,0.6127606991001071
pre,0.997,390,0.8416238359408195,0.6161407473268536
pre,0.997,391,0.85055976243402,0.6227842649617761
pre,0.997,392,0.8502983149166046,0.6328512423740158
pre,0.997,393,0.8423829630230318,0.6464929482964132
pre,0.997,394,0.8292522780465886,0.6638053155863339
pre,0.997,395,0.8131787443086534,0.6847608238060094
pre,0.997,396,0.7957858374540883,0.7091233067477085
pre,0.997,397,0.7780876336378264,0.7363696772652584
pre,0.997,398,0.7606983066361773,0.7656776859507854
pre,0.997,399,0.7440083759343624,0.7958820954376553
pre,0.997,400,0.7282907600017035,0.8251726877689309
pre,0.997,401,0.7137567491870822,0.8503072864746118
pre,0.997,402,0.7005843584222826,0.86718915345386
pre,0.997,403,0.688932928888741,0.8742109424258184
pre,0.997,404,0.6789511274215928,0.8728284848629246
pre,0.997,405,0.6707817324586725,0.8652292071422729
pre,0.997,406,0.6645647127363182,0.8526962914669514
pre,0.997,407,0.6604391959886726,0.835427555046365
pre,0.997,408,0.6585444749654507,0.8161885480382216
pre,0.997,409,0.6590199477142421,0.7971357239182939
pre,0.997,410,0.6620037137996252,0.7781814929385334
pre,0.997,411,0.6676293859428923,0.7596897557546982
pre,0.997,412,0.6760204829501598,0.7421147065627063
pre,0.997,413,0.687281546021256,0.7258152323458326
pre,0.997,414,0.7014848190307524,0.7110652330581626
pre,0.997,415,0.7186510232437457,0.698083197693149
pre,0.997,416,0.7387224687545112,0.6870538119906345
pre,0.997,417,0.7615267636845313,0.6781412363776287
pre,0.997,418,0.7867303404938653,0.6714966921003416
pre,0.997,419,0.8137842112800956,0.6672627734991183
pre,0.997,420,0.8418721758891518,0.6655765232455404
pre,0.997,421,0.8698863138627492,0.6665726955589983
pre,0.997,422,0.8964729076842937,0.6703869692664353
pre,0.997,423,0.920195160333335,0.6771558902659411
pre,0.997,424,0.9398129919411149,0.6870084713389306
pre,0.997,425,0.9545798113894896,0.7000477543674646
pre,0.997,426,0.9643860770004051,0.7163272036925337
pre,0.997,427,0.9696533864034846,0.7358271225330877
pre,0.997,428,0.9710631440354497,0.7584225057458718
pre,0.997,429,0.9693003944140353,0.7838280417668161
pre,0.997,430,0.964921878616177,0.811556253648608
pre,0.997,431,0.9583381164282873,0.8409140110031217
pre,0.997,432,0.9498499535792212,0.8709525061150419
pre,0.997,433,0.9396938225378857,0.9003134409307404
pre,0.997,434,0.9280765381375715,0.9270687430650322
pre,0.997,435,0.915196561557042,0.9490916176192767
pre,0.997,436,0.9012545377080481,0.9651533226583291
pre,0.997,437,0.8864568011887372,0.9754124509186584
pre,0.997,438,0.8710148390558292,0.980756608187737
pre,0.997,439,0.8551427694827752,0.9819371974600024
pre,0.997,440,0.8390541439892475,0.9793524152771294
pre,0.997,441,0.8229588500483009,0.9735633444602139
pre,0.997,442,0.8070605356536789,0.9652301431925083
pre,0.997,443,0.7915547446441139,0.9547848103197798
pre,0.997,444,0.7766278036497446,0.9425605439830398
pre,0.997,445,0.76245641236474,0.9288918837596243
pre,0.997,446,0.7492078341755992,0.9141075741423041
pre,0.997,447,0.7370405635030618,0.8985180680993989
pre,0.997,448,0.7261053276493181,0.8824142792887002
pre,0.997,449,0.7165462777832192,0.8660700799124137
pre,0.997,450,0.7085022547349971,0.8497442931503478
pre,0.997,451,0.7021079584270548,0.833681366726021
pre,0.997,452,0.6974948946898407,0.8181111685566921
pre,0.997,453,0.6947919276386325,0.803248545370384
pre,0.997,454,0.6941252522189871,0.7892931252086594
pre,0.997,455,0.6956175578307321,0.7764296057299173
pre,0.997,456,0.6993861014072892,0.7648285580976861
pre,0.997,457,0.7055393348732789,0.7546476319926816
pre,0.997,458,0.7141716539722925,0.7460329840962873
pre,0.997,459,0.7253557334754298,0.7391207640527725
pre,0.997,460,0.7391318454270317,0.7340385509728018
pre,0.997,461,0.7554935122059846,0.7309066862453464
pre,0.997,462,0.7743689912302092,0.7298394164477815
pre,0.997,463,0.7955984933486814,0.7309455737200901
pre,0.997,464,0.8189081322724054,0.7343282127763195
pre,0.997,465,0.843883667248558,0.7400824414330799
pre,0.997,466,0.8699506458230453,0.7482910075675786
pre,0.997,467,0.8963721510748253,0.7590180833793305
pre,0.997,468,0.9222787879534514,0.7723022880386321
pre,0.997,469,0.9467424839308085,0.7881486959036867
pre,0.997,470,0.9688899979782495,0.806515316655863
pre,0.997,471,0.9880256158366088,0.8272861879762188
pre,0.997,472,1.0037133208077478,0.8502319973427389
pre,0.997,473,1.0157808805652364,0.8749795425003051
pre,0.997,474,1.024251443605657,0.9010145934949474
pre,0.997,475,1.0292474471967303,0.9277158702666639
pre,0.997,476,1.0309144686146934,0.954392826505267
pre,0.997,477,1.0293856895682927,0.9803087428106544
pre,0.997,478,1.0247806414677412,1.004712401066538
pre,0.997,479,1.017221382295087,1.0269143022307463
pre,0.997,480,1.0068517359669535,1.0463768242684415
pre,0.997,481,0.9938516223308455,1.062741012844226
pre,0.997,482,0.978443726853598,1.0757753567357957
pre,0.997,483,0.9608927956147386,1.085312234941573
pre,0.997,484,0.941499235191905,1.0912331637699269
pre,0.997,485,0.9205891355294026,1.093490989675699
pre,0.997,486,0.8985027557239876,1.0921168442049336
pre,0.997,487,0.8755831616102241,1.0871988730340194
pre,0.997,488,0.8521662293750992,1.078859718410551
pre,0.997,489,0.8285727387898101,1.0672508831387741
pre,0.997,490,0.8051028408416355,1.0525598661841777
pre,0.997,491,0.7820328536676683,1.0350194929685015
pre,0.997,492,0.7596141210965021,1.0149129057664203
pre,0.997,493,0.738073558419362,0.9925723645825406
pre,0.997,494,0.7176154760238116,0.9683726908347043
pre,0.997,495,0.6984243023553047,0.9427210067149081
pre,0.997,496,0.6806678743913658,0.9160440558790635
pre,0.997,497,0.6645010295238094,0.888773973032673
pre,0.997,498,0.6500692871067263,0.8613335471022566
pre,0.997,499,0.637512454961102,0.834122432089195
pre,0.997,500,0.6269680138178364,0.8075058699949191
pre,0.997,501,0.6185741463840247,0.7818072411133221
pre,0.997,502,0.6124722498652213,0.7573052751926181
pre,0.997,503,0.6088087355665643,0.7342360600166373
pre,0.997,504,0.6077358192103541,0.71279914380346
pre,0.997,505,0.6094108913049587,0.6931662983504304
pre,0.997,506,0.6139938528700761,0.675491144017444
pre,0.997,507,0.6216415069501202,0.6599178984052884
pre,0.997,508,0.6324976505606009,0.6465878942823264
pre,0.997,509,0.6466768406971886,0.6356430854335425
pre,0.997,510,0.6642387882168292,0.6272264606912263
pre,0.997,511,0.6851488569361963,0.6214801404704395
pre,0.997,512,0.7092182351649652,0.6185429528339292
pre,0.997,513,0.7360156739564454,0.6185502246341006
pre,0.997,514,0.7647445466370303,0.6216382750388951
pre,0.997,515,0.7940946420395735,0.6279522277864067
pre,0.997,516,0.8221297716843319,0.6376475536303299
pre,0.997,517,0.846372971666166,0.6508719639417282
pre,0.997,518,0.8643032720618277,0.66772327663463
pre,0.997,519,0.8742300337534059,0.6881885887884444
pre,0.997,520,0.8760046418099624,0.712069043304776
pre,0.997,521,0.870952970722103,0.7389034770965468
pre,0.997,522,0.8610895430371831,0.7679474959178765
pre,0.997,523,0.8482928707387475,0.7981410673505241
pre,0.997,524,0.8339341842550788,0.8278743437293532
pre,0.997,525,0.8189013960307744,0.854321808359773
pre,0.997,526,0.8037562690812458,0.8735259178708452
pre,0.997,527,0.7888721376089965,0.8832526128618534
pre,0.997,528,0.7745199892081973,0.884404089433263
pre,0.997,529,0.7609153044887351,0.879082241765222
pre,0.997,530,0.7482421632932154,0.8688125892852223
pre,0.997,531,0.7366655994728322,0.8539264728630699
pre,0.997,532,0.726338198507017,0.8363438527334475
pre,0.997,533,0.7174039192688986,0.8185016232606719
pre,0.997,534,0.7100005317395818,0.8005042947620038
pre,0.997,535,0.7042612666473452,0.7826544523434538
pre,0.997,536,0.7003158777377524,0.7654255143530002
pre,0.997,537,0.6982911202230416,0.7492124648038576
pre,0.997,538,0.6983105284248912,0.7343193284547613
pre,0.997,539,0.7004932970826987,0.7209858122306915
pre,0.997,540,0.7049519967830129,0.7094100548917188
pre,0.997,541,0.7117887719806764,0.6997637175769018
pre,0.997,542,0.7210895963305247,0.6922013214745446
pre,0.997,543,0.7329160658725218,0.6868659351355542
pre,0.997,544,0.7472941746495751,0.6838929230880388
pre,0.997,545,0.7641995131467532,0.683413008593839
pre,0.997,546,0.7835385725539002,0.6855549911999173
pre,0.997,547,0.8051263603671152,0.6904467619067951
pre,0.997,548,0.8286618233093848,0.6982115962048074
pre,0.997,549,0.853704785812046,0.7089574075299858
pre,0.997,550,0.8796616045631425,0.7227604956810152
pre,0.997,551,0.9057906519116231,0.7396481622252876
pre,0.997,552,0.9312404160826916,0.7595795776780552
pre,0.997,553,0.9551274045187953,0.7824107220948509
pre,0.997,554,0.9766441730716545,0.8078391435803931
pre,0.997,555,0.9951648963464086,0.8353717928262696
pre,0.997,556,1.0103050533781361,0.8643329820527322
pre,0.997,557,1.021910132431702,0.8938476087985398
pre,0.997,558,1.0299875110104835,0.9227594752324779
pre,0.997,559,1.0346235640795813,0.9495681313955273
pre,0.997,560,1.035923676047418,0.9726922736092214
pre,0.997,561,1.0339880238095795,0.9911169921886801
pre,0.997,562,1.0289150586611278,1.004719047173632
pre,0.997,563,1.0208178274125554,1.0139160860755236
pre,0.997,564,1.009841210472239,1.0191277651897392
pre,0.997,565,0.9961736455798934,1.020589134663881
pre,0.997,566,0.9800512689720576,1.0185735603073998
pre,0.997,567,0.9617549851048913,1.01346670436369
pre,0.997,568,0.9416022056626547,1.005623551953679
pre,0.997,569,0.9199354009690255,0.9953404055291062
pre,0.997,570,0.8971095162319982,0.9828951791060547
pre,0.997,571,0.8734799346316818,0.9685659495650147
pre,0.997,572,0.849392165601348,0.9526346710365001
pre,0.997,573,0.8251739191382412,0.9353884827658986
pre,0.997,574,0.8011297750144323,0.9171200180262062
pre,0.997,575,0.7775383178859073,0.8981259187829436
pre,0.997,576,0.7546514064038888,0.8787034750393736
pre,0.997,577,0.7326951427225882,0.8591459679931289
pre,0.997,578,0.7118720990534165,0.8397375636773492
pre,0.997,579,0.6923644012369711,0.8207486013511213
pre,0.997,580,0.6743373290077862,0.802431954840378
pre,0.997,581,0.6579431662263241,0.7850208857961399
pre,0.997,582,0.6433250938319819,0.7687285103028736
pre,0.997,583,0.6306209687015186,0.753748715400163
pre,0.997,584,0.6199668469240424,0.7402581400628627
pre,0.997,585,0.611500125980826,0.7284187182750801
pre,0.997,586,0.6053621388412245,0.7183802930930359
pre,0.997,587,0.6017000118529433,0.7102829472898416
pre,0.997,588,0.600667470100626,0.7042589264157488
pre,0.997,589,0.6024241646592754,0.7004342799351861
pre,0.997,590,0.6071328641970734,0.6989304689911567
pre,0.997,591,0.6149535379324655,0.6998659548358758
pre,0.997,592,0.6260328524712941,0.703357019761317
pre,0.997,593,0.6404868470048262,0.7095161064027278
pre,0.997,594,0.6583733759031968,0.7184459038497464
pre,0.997,595,0.6796491357773251,0.7302291202485187
pre,0.997,596,0.7041037170989425,0.7449160095748559
pre,0.997,597,0.7312608568111499,0.7625106654808923
pre,0.997,598,0.7602389370923295,0.7829494616471823
pre,0.997,599,0.7895821615409288,0.8060595641046873
pre,0.997,600,0.8171405299979372,0.8315095511081351
pre,0.997,601,0.8402040423490131,0.8587937659157796
pre,0.997,602,0.856136913340729,0.8872531925234473
pre,0.997,603,0.8633918671016338,0.9160827430651048
pre,0.997,604,0.8621941342833661,0.9442978344837031
pre,0.997,605,0.8542699771608296,0.9707285798456399
pre,0.997,606,0.8418795952662084,0.9942110352042638
pre,0.997,607,0.8269736986674043,1.0139490403635294
pre,0.997,608,0.8109038427407501,1.029680310425027
pre,0.997,609,0.7945169485114046,1.0414850207454585
pre,0.997,610,0.7783406875523924,1.0494900821417925
pre,0.997,611,0.7627251202013743,1.0537610907079507
pre,0.997,612,0.7479257522782978,1.054402649404146
pre,0.997,613,0.7341472601257332,1.0516185638605162
pre,0.997,614,0.7215657671352144,1.0456527399496243
pre,0.997,615,0.7103404103528821,1.0367405641920642
pre,0.997,616,0.7006197341492038,1.0251102217490307
pre,0.997,617,0.6925455555704659,1.0109983254908124
pre,0.997,618,0.6862554834173229,0.9946609706039247
pre,0.997,619,0.6818845592448844,0.9763788154189632
pre,0.997,620,0.6795661328102218,0.9564575870180647
pre,0.997,621,0.6794318902839026,0.9352249931668574
pre,0.997,622,0.6816108242412573,0.9130247931360814
pre,0.997,623,0.6862268212834345,0.8902087810421777
pre,0.997,624,0.6933944222929573,0.8671275816111887
pre,0.997,625,0.7032121733648796,0.8441213342017913
pre,0.997,626,0.7157528285057366,0.8215113908262874
pre,0.997,627,0.7310495116185468,0.7995940107421233
pre,0.997,628,0.7490768636872024,0.7786367228710981
pre,0.997,629,0.7697263058480301,0.7588775978393412
pre,0.997,630,0.7927751978492662,0.7405271882225394
pre,0.997,631,0.8178513676969965,0.7237724580773807
pre,0.997,632,0.8443981738521296,0.7087817421454358
pre,0.997,633,0.8716516787234516,0.6957097193992677
pre,0.997,634,0.8986498582882019,0.6847015569333479
pre,0.997,635,0.9242984384103786,0.675895738450463
pre,0.997,636,0.9475067348776975,0.6694255866042071
pre,0.997,637,0.9673699391547732,0.6654200502510436
pre,0.997,638,0.9833268042143025,0.6640047727244982
pre,0.997,639,0.9952108167739071,0.6653043167829454
pre,0.997,640,1.0031702110276788,0.6694449663044564
pre,0.997,641,1.0075152095344206,0.6765547708767661
pre,0.997,642,1.0085807742067245,0.6867559737490128
pre,0.997,643,1.006653939523827,0.7001478129828945
pre,0.997,644,1.001961330803109,0.716782497415723
pre,0.997,645,0.9946887381538165,0.7366368545271283
pre,0.997,646,0.9850082867703002,0.7595710866067233
pre,0.997,647,0.9731004960897278,0.7852715288350531
pre,0.997,648,0.9591674103420451,0.8132237856167948
pre,0.997,649,0.943437377248648,0.8427194558084841
pre,0.997,650,0.9261635818344649,0.872795692388818
pre,0.997,651,0.9076186228007121,0.9020543111872368
pre,0.997,652,0.8880871048749741,0.928498248962988
pre,0.997,653,0.867857764506719,0.950008040020478
pre,0.997,654,0.847216187749895,0.9654950078539474
pre,0.997,655,0.826438773210932,0.9752609380640169
pre,0.997,656,0.8057882549377952,0.9802355323148912
pre,0.997,657,0.7855108473083201,0.9811145344478456
pre,0.997,658,0.7658348991350155,0.9782488586352193
pre,0.997,659,0.7469708454338404,0.9722260066608398
pre,0.997,660,0.7291121950309304,0.9637198105220901
pre,0.997,661,0.7124372925328275,0.9531604885765601
pre,0.997,662,0.6971116040905557,0.9408803025331196
pre,0.997,663,0.6832903220008011,0.9272103074525407
pre,0.997,664,0.6711210887231469,0.9124744666192123
pre,0.997,665,0.6607466853897284,0.8969788830977221
pre,0.997,666,0.6523075291527856,0.8810109118018192
pre,0.997,667,0.6459438219461687,0.8648414483178333
pre,0.997,668,0.6417971693671222,0.8487266463175583
pre,0.997,669,0.6400114395420207,0.8329083843037066
pre,0.997,670,0.6407325548440055,0.8176139263340727
pre,0.997,671,0.6441067915372942,0.8030553955232791
pre,0.997,672,0.6502769931507831,0.7894295220260119
pre,0.997,673,0.6593758621564917,0.7769178941904579
pre,0.997,674,0.6715151612579228,0.7656877334680252
pre,0.997,675,0.686769191099049,0.7558930727436508
pre,0.997,676,0.7051503476179631,0.7476761583733551
pre,0.997,677,0.7265739216286182,0.7411689107326109
pre,0.997,678,0.7508090010318957,0.7364943354045784
pre,0.997,679,0.7774133699791151,0.7337678214164414
pre,0.997,680,0.8056553116631877,0.7330982226283187
pre,0.997,681,0.8344393901845631,0.7345884464475559
pre,0.997,682,0.8622820685315837,0.7383350303681225
pre,0.997,683,0.8874181733780658,0.7444260971542039
pre,0.997,684,0.9081115581466227,0.7529373989508004
pre,0.997,685,0.923120556556406,0.7639267871775599
pre,0.997,686,0.932074431429132,0.7774276185275186
pre,0.997,687,0.9354867235782771,0.7934400726423902
pre,0.997,688,0.9343966540446792,0.8119156945377236
pre,0.997,689,0.9299201761336026,0.8327291270146324
pre,0.997,690,0.922975998685736,0.8556410896747568
pre,0.997,691,0.9142253100042693,0.8802737173103856
pre,0.997,692,0.9041243176323059,0.9061182348137715
pre,0.997,693,0.8929982317667766,0.9325697616979316
pre,0.997,694,0.8810985239075532,0.9589633517449708
pre,0.997,695,0.8686383200089726,0.9845958071116763
pre,0.997,696,0.8558115139335192,1.0087554758479684
pre,0.997,697,0.8428019303327398,1.030789188518823
pre,0.997,698,0.82978705956055,1.0501773487031727
pre,0.997,699,0.8169391178405215,1.0665541638201022
pre,0.997,700,0.8044249713393108,1.0796650776837096
pre,0.997,701,0.7924057286207122,1.0893177024439462
pre,0.997,702,0.7810363846582261,1.0953743656088302
pre,0.997,703,0.770465671387534,1.097772528337444
pre,0.997,704,0.7608361405278998,1.0965294138193808
pre,0.997,705,0.7522844399700045,1.0917215959411175
pre,0.997,706,0.7449417072853368,1.0834634008401083
pre,0.997,707,0.7389339976396511,1.071900673780822
pre,0.997,708,0.734382611050513,1.0572169282703512
pre,0.997,709,0.7314042365840376,1.0396421872586759
pre,0.997,710,0.7301107534774088,1.0194579578382799
pre,0.997,711,0.73060855262598,0.9969962198658442
pre,0.997,712,0.7329972086318174,0.9726330968016803
pre,0.997,713,0.737367308736636,0.946778793660473
pre,0.997,714,0.743797223622329,0.9198650201345033
pre,0.997,715,0.7523485869875683,0.8923306686690178
pre,0.997,716,0.7630602423547307,0.8646067149480123
pre,0.997,717,0.7759404623701772,0.8371017896518548
pre,0.997,718,0.7909573282924857,0.8101900630538926
pre,0.997,719,0.8080273852641312,0.784202909467569
pre,0.997,720,0.8270030948268758,0.7594253846715351
pre,0.997,721,0.8476602004156146,0.7360978300549275
pre,0.997,722,0.8696871123059055,0.7144219698497439
pre,0.997,723,0.8926794290616842,0.6945700034276956
pre,0.997,724,0.9161436162555455,0.6766947431908932
pre,0.997,725,0.9395136676644072,0.6609388997998211
pre,0.997,726,0.962182378039989,0.6474420395993653
pre,0.997,727,0.9835441592254932,0.6363443612246102
pre,0.997,728,1.0030404993048194,0.6277871778699733
pre,0.997,729,1.0201956590395034,0.6219108745508718
pre,0.997,730,1.034632780616314,0.6188521661166304
pre,0.997,731,1.046069014555828,0.6187434790391502
pre,0.997,732,1.0542976220434022,0.621717165423912
pre,0.997,733,1.0591690695211702,0.6279136864456881
pre,0.997,734,1.0605802197235599,0.6374849276042535
pre,0.997,735,1.0584742919285646,0.6505789753593345
pre,0.997,736,1.0528487717824229,0.6672992498083262
pre,0.997,737,1.043766012791133,0.6876406957017909
pre,0.997,738,1.0313615326525076,0.7114093364590275
pre,0.997,739,1.0158466719182802,0.7381446173131578
pre,0.997,740,0.9975043069424191,0.7671043599041845
pre,0.997,741,0.976678087058924,0.7972451126751503
pre,0.997,742,0.9537569173983652,0.8270032349787375
pre,0.997,743,0.9291570341615291,0.8536252946699232
pre,0.997,744,0.903304047439744,0.8731543883748014
pre,0.997,745,0.8766169005766465,0.883236973462155
pre,0.997,746,0.8494950205525004,0.8846920291968374
pre,0.997,747,0.8223092208777082,0.8796238157721779
pre,0.997,748,0.795396320198222,0.8696060338585324
pre,0.997,749,0.769057039994387,0.8549590838460781
pre,0.997,750,0.7435565296912293,0.8374413277717334
pre,0.997,751,0.7191268319483455,0.819635012627457
pre,0.997,752,0.6959706475898184,0.8016835383016292
pre,0.997,753,0.6742658767532198,0.7838631310594875
pre,0.997,754,0.6541705306291107,0.7666499530602314
pre,0.997,755,0.6358277321711533,0.750446420407824
pre,0.997,756,0.6193705998528346,0.7355620047664416
pre,0.997,757,0.6049268856233491,0.7222396184207058
pre,0.997,758,0.5926232632132543,0.7106789672834346
pre,0.997,759,0.5825891723506934,0.7010521524536191
pre,0.997,760,0.5749601005094698,0.6935133411162091
pre,0.997,761,0.5698801269686088,0.688204652355612
pre,0.997,762,0.5675034561770915,0.6852600123787654
pre,0.997,763,0.5679945115856315,0.6848082567897524
pre,0.997,764,0.5715259200436564,0.6869758473934533
pre,0.997,765,0.5782733393894606,0.6918879404867717
pre,0.997,766,0.5884054768476165,0.699664995919991
pre,0.997,767,0.6020666488709902,0.7104127406548466
pre,0.997,768,0.6193475609185437,0.7242066560608285
pre,0.997,769,0.6402371336022451,0.7410745601328599
pre,0.997,770,0.6645434597159207,0.7609762867199827
pre,0.997,771,0.6917649945895307,0.7837673839409167
pre,0.997,772,0.7208876505280161,0.8091447978925168
pre,0.997,773,0.7501030785767129,0.8366175301368473
pre,0.997,774,0.7765659545885389,0.8655174622744776
pre,0.997,775,0.7966081802511118,0.8949855014776786
pre,0.997,776,0.8069047517495355,0.9238916444817089
pre,0.997,777,0.8061242960447407,0.9507695307748594
pre,0.997,778,0.7955856200516797,0.9740642755479157
pre,0.997,779,0.778295575000759,0.9927584620657046
pre,0.997,780,0.7573718485868229,1.0067021058242953
pre,0.997,781,0.7351040411284364,1.0162839634454868
pre,0.997,782,0.7128772800301865,1.0219041423871353
pre,0.997,783,0.6914661009541859,1.0237799234635774
pre,0.997,784,0.6713120094167684,1.0221588310918284
pre,0.997,785,0.6526910054702345,1.0174076277472028
pre,0.997,786,0.6357993618000749,1.0098762826812229
pre,0.997,787,0.6207955079122716,0.9998585922379676
pre,0.997,788,0.607820963101666,0.9876277705536194
pre,0.997,789,0.597011599564067,0.9734566789077737
pre,0.997,790,0.5885043174931736,0.9576231204809987
pre,0.997,791,0.5824412821974116,0.9404117518901263
pre,0.997,792,0.5789725091143327,0.9221145620563058
pre,0.997,793,0.578256900087568,0.9030293950208508
pre,0.997,794,0.5804614017929751,0.88345648728129
pre,0.997,795,0.5857575679896644,0.8636935879051713
pre,0.997,796,0.594314314358128,0.8440305046575786
pre,0.997,797,0.6062849278903099,0.8247439456042736
pre,0.997,798,0.6217852343862225,0.806093386860741
pre,0.997,799,0.6408579349108552,0.7883184532725033
pre,0.997,800,0.663415036298416,0.7716379998392
pre,0.997,801,0.6891456733593702,0.7562507781399614
pre,0.997,802,0.7173715725691694,0.742337319028981
pre,0.997,803,0.7468356485394027,0.7300625118744482
pre,0.997,804,0.7754551857612072,0.7195783438511778
pre,0.997,805,0.8002319962076333,0.7110263834606516
pre,0.997,806,0.8177447225584022,0.7045398224441713
pre,0.997,807,0.8254288761217512,0.7002451623280781
pre,0.997,808,0.8228616872035356,0.6982638127337975
pre,0.997,809,0.8118585269966241,0.6987137363016653
pre,0.997,810,0.7953139124738402,0.7017106172326717
pre,0.997,811,0.7758914501254455,0.7073670256993756
pre,0.997,812,0.7554418066338104,0.7157876631885178
pre,0.997,813,0.7350749299331595,0.7270600430948044
pre,0.997,814,0.7154311763207396,0.7412421005621415
pre,0.997,815,0.6968981404336927,0.7583481531885341
pre,0.997,816,0.679735860290646,0.7783285490756005
pre,0.997,817,0.6641407448960793,0.8010311348821215
pre,0.997,818,0.6502772952815017,0.826150937934856
pre,0.997,819,0.6382943695467671,0.8532083980821366
pre,0.997,820,0.628334189034645,0.8815680806268857
pre,0.997,821,0.6205378030779255,0.910449648096676
pre,0.997,822,0.6150485882374401,0.9388944358230804
pre,0.997,823,0.6120143428481247,0.9657394842305076
pre,0.997,824,0.6115880183091036,0.9897732142259676
pre,0.997,825,0.6139267991641865,1.0101077253991235
pre,0.997,826,0.6191889482038581,1.0264101593561255
pre,0.997,827,0.6275274867469527,1.038748721328818
pre,0.997,828,0.6390792947580692,1.0472739639526407
pre,0.997,829,0.6539475089359795,1.0520637332489058
pre,0.997,830,0.6721740647312661,1.0532121139212467
pre,0.997,831,0.6936977845178707,1.0509165962338334
pre,0.997,832,0.7182916493562091,1.0454268751627587
pre,0.997,833,0.7454719240579933,1.0369853771610857
pre,0.997,834,0.7743754753563764,1.0258230527986483
pre,0.997,835,0.8036213271692724,1.0121752885431874
pre,0.997,836,0.8312289809293929,0.9962941319263623
pre,0.997,837,0.8547595915851133,0.97845434080849
pre,0.997,838,0.8718590553397002,0.9589547760022614
pre,0.997,839,0.8810960395791879,0.9381161534702018
pre,0.997,840,0.8825421522844081,0.9162758692711593
pre,0.997,841,0.8775862532841181,0.8937806049535422
pre,0.997,842,0.8681519050072295,0.8709775633926928
pre,0.997,843,0.8559683268036488,0.8482053654324084
pre,0.997,844,0.8422804694016649,0.8257857120649843
pre,0.997,845,0.8278962332301997,0.8040168106077703
pre,0.997,846,0.8133338147911433,0.7831692890758453
pre,0.997,847,0.798944625117703,0.7634849224193718
pre,0.997,848,0.784989149174137,0.7451780241120947
pre,0.997,849,0.7716781240382735,0.7284389102548816
pre,0.997,850,0.7591937223136226,0.7134385347751832
pre,0.997,851,0.7477003847230128,0.7003333029099126
pre,0.997,852,0.7373505767461964,0.689269209207666
pre,0.997,853,0.7282881094579116,0.6803847796119649
pre,0.997,854,0.7206502637557277,0.673812771217762
pre,0.997,855,0.7145692510346647,0.6696811228733182
pre,0.997,856,0.7101731898880859,0.6681140772082805
pre,0.997,857,0.7075866038212967,0.6692342833721164
pre,0.997,858,0.7069303402443476,0.6731654013622979
pre,0.997,859,0.7083207443107176,0.6800322860412015
pre,0.997,860,0.7118678647022906,0.6899543804113009
pre,0.997,861,0.7176724049311526,0.7030302124447135
pre,0.997,862,0.7258210746685799,0.7193150683902876
pre,0.997,863,0.7363799393661491,0.738794056919956
pre,0.997,864,0.7493853191201331,0.7613431135939042
pre,0.997,865,0.7648318229304476,0.7866729963244958
pre,0.997,866,0.7826572174623025,0.8142982665373915
pre,0.997,867,0.8027242650201634,0.8435473649778773
pre,0.997,868,0.8248004156143244,0.8735238415343618
pre,0.997,869,0.84853778943773,0.9029562436409728
pre,0.997,870,0.873458105911265,0.9300277806296197
pre,0.997,871,0.8989500373908386,0.9526916681028633
pre,0.997,872,0.9242883549194705,0.9696917253160366
pre,0.997,873,0.9486823896878,0.981085390797642
pre,0.997,874,0.9713525269329728,0.9876682710843845
pre,0.997,875,0.9916181820616897,0.9901359180304827
pre,0.997,876,1.008967608462313,0.9888215463525745
pre,0.997,877,1.0230822344755293,0.9841770035323987
pre,0.997,878,1.0338100185472643,0.9768229288597405
pre,0.997,879,1.041108738238933,0.9672125934334899
pre,0.997,880,1.0449904809664208,0.9556795509611283
pre,0.997,881,1.0454883163992605,0.9425416659349232
pre,0.997,882,1.0426483447613257,0.9281125434866028
pre,0.997,883,1.0365386876588027,0.9126941393560664
pre,0.997,884,1.0272645053846363,0.8965752615249838
pre,0.997,885,1.014980918397879,0.8800330065646155
pre,0.997,886,0.9998996288474585,0.8633337326788426
pre,0.997,887,0.9822881538169377,0.8467327252060536
pre,0.997,888,0.9624625524845928,0.8304729242217099
pre,0.997,889,0.940775551772199,0.8147833760353291
pre,0.997,890,0.9176023108889635,0.7998779778634688
pre,0.997,891,0.893325923456764,0.7859548652380386
pre,0.997,892,0.8683243123417614,0.7731965565514611
pre,0.997,893,0.8429595921841323,0.761770774432476
pre,0.997,894,0.8175703969012516,0.7518317415002047
pre,0.997,895,0.792467197639338,0.7435217119402063
pre,0.997,896,0.7679303070599545,0.7369725418868477
pre,0.997,897,0.7442100928649417,0.7323071862152937
pre,0.997,898,0.7215288638934328,0.7296410738959507
pre,0.997,899,0.7000839282949065,0.7290832760756397
pre,0.997,900,0.6800513877923557,0.7307371843936006
pre,0.997,901,0.6615903268774284,0.7347001291711657
pre,0.997,902,0.6448471372971614,0.7410612490838644
pre,0.997,903,0.629959788208235,0.7498972664373722
pre,0.997,904,0.6170618981040117,0.7612664986668491
pre,0.997,905,0.6062864888772193,0.775201585736068
pre,0.997,906,0.5977692987673584,0.7916996273513303
pre,0.997,907,0.5916515038839834,0.8107043786260941
pre,0.997,908,0.5880816301349452,0.8320745862928745
pre,0.997,909,0.5872163360084537,0.8555455595067483
pre,0.997,910,0.5892195787776272,0.8807086073755398
pre,0.997,911,0.5942594256017142,0.9070256753498571
pre,0.997,912,0.6025013781371037,0.9338663380684423
pre,0.997,913,0.6140964668178921,0.9605379320502114
pre,0.997,914,0.6291613960028392,0.9863016046484524
pre,0.997,915,0.6477464601063357,1.0104112585487173
pre,0.997,916,0.6697844743372109,1.032202633577367
pre,0.997,917,0.6950104112364973,1.0511786961486356
pre,0.997,918,0.7228376755589268,1.0670155887151354
pre,0.997,919,0.7521792926867276,1.0794983533659575
pre,0.997,920,0.7812339611792752,1.088463933025222
pre,0.997,921,0.8073693956303817,1.0938007826245753
pre,0.997,922,0.8274261395653378,1.0954753411994287
pre,0.997,923,0.8387081835454696,1.093533233815577
pre,0.997,924,0.8402197592592647,1.088073708125261
pre,0.997,925,0.8330964599691167,1.0792277632651315
pre,0.997,926,0.819817498001844,1.067154406156597
pre,0.997,927,0.8029659970143933,1.0520484420630112
pre,0.997,928,0.7844873939189848,1.03414936360155
pre,0.997,929,0.7656119272882518,1.0137456344277727
pre,0.997,930,0.747070165242072,0.991173085308478
pre,0.997,931,0.7293079893279709,0.9668084139522466
pre,0.997,932,0.7126224259635159,0.9410592671041768
pre,0.997,933,0.6972341556287035,0.9143519299925377
pre,0.997,934,0.6833240632097789,0.8871173652857678
pre,0.997,935,0.6710518148047125,0.8597766490026018
pre,0.997,936,0.6605658553759084,0.8327272813045371
pre,0.997,937,0.6520092797359159,0.806331960497529
pre,0.997,938,0.6455235575397407,0.7809111931152942
pre,0.997,939,0.641250910688791,0.7567406462241293
pre,0.997,940,0.6393355612934323,0.7340533993553874
pre,0.997,941,0.6399237502884706,0.7130463262907818
pre,0.997,942,0.6431622008503795,0.6938890537358657
pre,0.997,943,0.6491944808943833,0.676733591582835
pre,0.997,944,0.6581544595241882,0.6617228533958247
pre,0.997,945,0.670155704486245,0.648996745766047
pre,0.997,946,0.6852752029238334,0.6386951470332354
pre,0.997,947,0.703529213341786,0.6309578602998628
pre,0.997,948,0.7248383907357367,0.6259225392322063
pre,0.997,949,0.7489789817985462,0.6237226232222008
pre,0.997,950,0.7755177831555842,0.6244880733301447
pre,0.997,951,0.8037333242624042,0.6283507975488996
pre,0.997,952,0.8325395447266345,0.6354518915634989
pre,0.997,953,0.8604569153321949,0.6459403848740504
pre,0.997,954,0.8857124254481332,0.6599519011327611
pre,0.997,955,0.9065458609179556,0.6775636060684131
pre,0.997,956,0.9216798378776636,0.6987299673089796
pre,0.997,957,0.9307113494699323,0.7232047852959258
pre,0.997,958,0.9341405081762318,0.7504781088437033
pre,0.997,959,0.9330147960290404,0.7797758159178461
pre,0.997,960,0.9284703157618789,0.8100122059664334
pre,0.997,961,0.9214463539840393,0.8395056764489661
pre,0.997,962,0.912619498611868,0.8653168050728008
pre,0.997,963,0.90245574234375,0.8836941113195838
pre,0.997,964,0.8912859445833906,0.8929069780431427
pre,0.997,965,0.8793645831259129,0.8940643907197732
pre,0.997,966,0.8669061657323994,0.8891925578058082
pre,0.997,967,0.8541049549858508,0.8796260534195495
pre,0.997,968,0.8411444916969488,0.8657006427265186
pre,0.997,969,0.8282015540689671,0.8494463326739099
pre,0.997,970,0.8154473694667035,0.8327409572687421
pre,0.997,971,0.8030476495095407,0.8156934243924594
pre,0.997,972,0.7911622669116123,0.7986524025741406
pre,0.997,973,0.7799449638063911,0.7820884857660726
pre,0.997,974,0.7695432486825307,0.7663958943389505
pre,0.997,975,0.7600985084715899,0.7518822158729752
pre,0.997,976,0.7517462992930446,0.738791768103509
pre,0.997,977,0.744616736835832,0.7273262805941829
pre,0.997,978,0.7388349044623713,0.7176591121802223
pre,0.997,979,0.7345211524319847,0.7099444405932773
pre,0.997,980,0.7317911866833623,0.704323144232541
pre,0.997,981,0.7307558044374941,0.7009267433077322
pre,0.997,982,0.7315201290689323,0.6998803589645939
pre,0.997,983,0.7341821749723767,0.7013050076808343
pre,0.997,984,0.7388305470606311,0.705318514423302
pre,0.997,985,0.7455410620057175,0.712033336077673
pre,0.997,986,0.7543720548226464,0.7215497897924514
pre,0.997,987,0.7653581432997117,0.733945093865366
pre,0.997,988,0.7785022641785876,0.7492604109782643
pre,0.997,989,0.7937658981342138,0.7674859359315672
pre,0.997,990,0.8110576528840118,0.7885354655400023
pre,0.997,991,0.8302207847822796,0.8122005285363498
pre,0.997,992,0.8510208883070313,0.8381050696998844
pre,0.997,993,0.8731359635720598,0.8657007568343125
pre,0.997,994,0.8961520651707608,0.8942901736305856
pre,0.997,995,0.9195685144173773,0.9230246987190994
pre,0.997,996,0.9428162391528253,0.9508655189311341
pre,0.997,997,0.9652903131245418,0.9766099123642982
pre,0.997,998,0.9863929170972517,0.9991476974098479
pre,0.997,999,1.0055773679580253,1.017819384888212
pre,0.997,1000,1.0223811046420193,1.0324896687650966
pre,0.997,1001,1.0364388881860158,1.0432911986935696
pre,0.997,1002,1.0474761530151155,1.0503472248114094
pre,0.997,1003,1.0552910969886102,1.0537257518677308
pre,0.997,1004,1.0597371627748773,1.053557635651988
pre,0.997,1005,1.0607140733583413,1.0500629598717035
pre,0.997,1006,1.058169232698987,1.0434833771119165
pre,0.997,1007,1.052106281331462,1.034048265180138
pre,0.997,1008,1.0425955623470933,1.0219831627347422
pre,0.997,1009,1.0297817334717385,1.0075246678909522
pre,0.997,1010,1.0138854767906686,0.9909296841156735
pre,0.997,1011,0.995198249384315,0.9724793442222229
pre,0.997,1012,0.9740707305977825,0.952478856209173
pre,0.997,1013,0.9508967977771371,0.9312540483437607
pre,0.997,1014,0.9260954107077242,0.9091452792906964
pre,0.997,1015,0.9000927490555612,0.8864994482429986
pre,0.997,1016,0.8733064778235319,0.8636610090559929
pre,0.997,1017,0.8461333254515098,0.8409630477258693
pre,0.997,1018,0.8189404512116647,0.8187194955070867
pre,0.997,1019,0.7920605011116291,0.797219381055265
pre,0.997,1020,0.7657898768203442,0.7767237053358989
pre,0.997,1021,0.7403895497342965,0.7574650992536953
pre,0.997,1022,0.7160877333378687,0.7396499609699043
pre,0.997,1023,0.6930837829038236,0.7234623675157326
pre,0.997,1024,0.671552814725994,0.7090688179344924
pre,0.997,1025,0.6516506512279363,0.6966228506865655
pre,0.997,1026,0.63351882696495,0.6862687823689836
pre,0.997,1027,0.6172894548609366,0.6781441967123769
pre,0.997,1028,0.6030898324919296,0.6723813170068564
pre,0.997,1029,0.5910466864921626,0.6691079241096058
pre,0.997,1030,0.5812899594130506,0.6684487840543876
pre,0.997,1031,0.5739560162961503,0.6705280830937508
pre,0.997,1032,0.5691900864271755,0.6754715556449178
pre,0.997,1033,0.5671476514988979,0.6834045019077977
pre,0.997,1034,0.5679943272479366,0.6944416315320499
pre,0.997,1035,0.5719035316938752,0.7086683044649942
pre,0.997,1036,0.5790508301564454,0.7261164307624763
pre,0.997,1037,0.5896032086516726,0.7467351480120968
pre,0.997,1038,0.6037004603310011,0.7703450766262037
pre,0.997,1039,0.6214240810158673,0.7965843117879121
pre,0.997,1040,0.6427460167588266,0.8248957588837902
pre,0.997,1041,0.6674445632156759,0.8545299449255922
pre,0.997,1042,0.6949674942119852,0.8844647500296696
pre,0.997,1043,0.7242180968505367,0.9132197048939235
pre,0.997,1044,0.7532664164725086,0.9387879130862271
pre,0.997,1045,0.7791320885797747,0.9592821569939776
pre,0.997,1046,0.7980983237733309,0.9739571336607249
pre,0.997,1047,0.8069986299357048,0.9832728216630359
pre,0.997,1048,0.8048321566678999,0.9880899002200884
pre,0.997,1049,0.7932147832997785,0.9889604000155883
pre,0.997,1050,0.7752571121871198,0.9862079953926681
pre,0.997,1051,0.7540096503954307,0.9803983558732015
pre,0.997,1052,0.7316423436461049,0.9721063331972382
pre,0.997,1053,0.7094463938771066,0.9617168796779326
pre,0.997,1054,0.6881413876252022,0.9495513051584821
pre,0.997,1055,0.6681405292743076,0.9359279216309433
pre,0.997,1056,0.6497058317718317,0.9211570732766996
pre,0.997,1057,0.6330266716681746,0.9055351237273954
pre,0.997,1058,0.6182581133395885,0.889344787692102
pre,0.997,1059,0.6055401915186781,0.8728568927168938
pre,0.997,1060,0.5950084080074325,0.8563311170348862
pre,0.997,1061,0.5868000253163587,0.8400154549576928
pre,0.997,1062,0.5810580738943008,0.8241449598785613
pre,0.997,1063,0.5779337470609527,0.8089404122232873
pre,0.997,1064,0.5775872218805341,0.7946073969867651
pre,0.997,1065,0.5801865264088619,0.7813360434507439
pre,0.997,1066,0.5859036722355603,0.7693014612831646
pre,0.997,1067,0.5949067581716475,0.7586647451368669
pre,0.997,1068,0.6073459668223528,0.7495743363729577
pre,0.997,1069,0.6233301326656128,0.7421675286180771
pre,0.997,1070,0.6428885029265556,0.7365719633435697
pre,0.997,1071,0.6659090042988275,0.7329070354195097
pre,0.997,1072,0.6920393730415894,0.7312851444988259
pre,0.997,1073,0.7205326435615281,0.7318126132340791
pre,0.997,1074,0.7500245390363613,0.7345898446463424
pre,0.997,1075,0.7782881708881487,0.7397100704493098
pre,0.997,1076,0.8021957126916713,0.7472561508122855
pre,0.997,1077,0.8183342752815113,0.7572954480023375
pre,0.997,1078,0.8243761960032828,0.7698733331446577
pre,0.997,1079,0.8202637710307533,0.7850052292912028
pre,0.997,1080,0.8080831001939133,0.802664037535029
pre,0.997,1081,0.7907879110121169,0.8227562918481
pre,0.997,1082,0.7709540508371043,0.8450855558927055
pre,0.997,1083,0.7503162347544259,0.8693194545710564
pre,0.997,1084,0.729899977893055,0.8949853349873851
pre,0.997,1085,0.7102967649447983,0.9214988795065067
pre,0.997,1086,0.6918682947507779,0.948202161389067
pre,0.997,1087,0.674861046735332,0.9743871489161604
pre,0.997,1088,0.6594641570900256,0.9993173202917175
pre,0.997,1089,0.6458381500529489,1.0222880939513048
pre,0.997,1090,0.6341298012548345,1.042718339030827
pre,0.997,1091,0.6244804845206297,1.0601996912050953
pre,0.997,1092,0.617031300049103,1.074464614270185
pre,0.997,1093,0.6119263576779491,1.08532105074232
pre,0.997,1094,0.6093146738089416,1.0926235748706192
pre,0.997,1095,0.6093506606161656,1.0962913777247643
pre,0.997,1096,0.6121928618146064,1.0963249920508984
pre,0.997,1097,0.6180002880394206,1.0927923552908072
pre,0.997,1098,0.6269253205784854,1.0858030251512658
pre,0.997,1099,0.6391016255736899,1.0754953642415814
pre,0.997,1100,0.6546247297358334,1.0620395448010536
pre,0.997,1101,0.6735217400067959,1.0456467329582964
pre,0.997,1102,0.6957050815139347,1.026576169778972
pre,0.997,1103,0.7209032152829145,1.0051367099406905
pre,0.997,1104,0.7485605350763307,0.981682759800661
pre,0.997,1105,0.7777041704283293,0.956605997647459
pre,0.997,1106,0.8068015961764634,0.9303242228882349
pre,0.997,1107,0.8337030387817794,0.9032681702048169
pre,0.997,1108,0.8558626969392347,0.8758670913504373
pre,0.997,1109,0.870998283330531,0.8485343415020836
pre,0.997,1110,0.8779687117775424,0.8216545317963544
pre,0.997,1111,0.8772265588798256,0.7955737702916468
pre,0.997,1112,0.8704333125713108,0.7705941953894236
pre,0.997,1113,0.8595910557064446,0.746973428033967
pre,0.997,1114,0.8463765891443676,0.7249287193234646
pre,0.997,1115,0.8319490855841267,0.7046446569433873
pre,0.997,1116,0.8170478199996214,0.6862826649258744
pre,0.997,1117,0.8021476605393472,0.6699903846005621
pre,0.997,1118,0.7875750323993747,0.6559093106512293
pre,0.997,1119,0.7735760737686428,0.6441796094167682
pre,0.997,1120,0.7603527887991133,0.6349417461670122
pre,0.997,1121,0.7480815329713717,0.6283353791608894
pre,0.997,1122,0.7369225613886036,0.6244969706415218
pre,0.997,1123,0.727025239252446,0.623558582848317
pre,0.997,1124,0.7185311571041413,0.6256506098198542
pre,0.997,1125,0.711576176025986,0.6309088151504482
pre,0.997,1126,0.7062918211855456,0.6394794086539402
pre,0.997,1127,0.7028061414130605,0.6515098173996046
pre,0.997,1128,0.7012439931431877,0.6671163464175411
pre,0.997,1129,0.7017266147841386,0.6863293835823238
pre,0.997,1130,0.7043702815476344,0.7090223705234173
pre,0.997,1131,0.7092837641931659,0.7348334780816137
pre,0.997,1132,0.7165642452920089,0.7631306497524837
pre,0.997,1133,0.7262912641793056,0.793011951620243
pre,0.997,1134,0.7385182073302465,0.8231755901192319
pre,0.997,1135,0.7532608092274589,0.8514408535111118
pre,0.997,1136,0.7704822192902386,0.8742370372740358
pre,0.997,1137,0.7900744171260425,0.8883591074381384
pre,0.997,1138,0.8118364627047892,0.8935381338118803
pre,0.997,1139,0.835451351459206,0.8915757378308877
pre,0.997,1140,0.8604655802311655,0.8843471083929555
pre,0.997,1141,0.8862787842462021,0.8725997173438208
pre,0.997,1142,0.9121541027762041,0.8570838113610492
pre,0.997,1143,0.9372603559452516,0.840444838253929
pre,0.997,1144,0.960750166851222,0.8234636767705235
pre,0.997,1145,0.9818615172203788,0.8062761269191419
pre,0.997,1146,1.0000105698907362,0.7893369612835337
pre,0.997,1147,1.0148378825995041,0.7730914058639997
pre,0.997,1148,1.026190492180936,0.7578920557504084
pre,0.997,1149,1.0340572949968225,0.7440143569018136
pre,0.997,1150,1.0384961682738871,0.7316806195500765
pre,0.997,1151,1.039584096373265,0.7210778929390412
pre,0.997,1152,1.037399254045739,0.7123697290715634
pre,0.997,1153,1.0320266970939915,0.7057036751406537
pre,0.997,1154,1.0235743143528837,0.7012161156226718
pre,0.997,1155,1.0121885855347206,0.6990356867738874
pre,0.997,1156,0.9980645533582575,0.6992859679212976
pre,0.997,1157,0.9814482879618953,0.7020872643346514
pre,0.997,1158,0.9626324618979734,0.7075561199752503
pre,0.997,1159,0.9419468154109525,0.7158006554312549
pre,0.997,1160,0.9197456826108565,0.7269110587160412
pre,0.997,1161,0.8963946528298017,0.7409469021007838
pre,0.997,1162,0.8722580534949085,0.7579232152459873
pre,0.997,1163,0.8476884125443954,0.7777912323041856
pre,0.997,1164,0.823018518812802,0.800401264626089
pre,0.997,1165,0.7985562337148792,0.8254513705463529
pre,0.997,1166,0.7745818680888074,0.8524620759044939
pre,0.997,1167,0.7513477417190411,0.8807932092503359
pre,0.997,1168,0.7290794533680176,0.9096556512933562
pre,0.997,1169,0.7079783918281786,0.9380789368331142
pre,0.997,1170,0.6882250739923781,0.9648847768195257
pre,0.997,1171,0.6699829623655358,0.9888448808128256
pre,0.997,1172,0.6534024983044173,1.0090638352640957
pre,0.997,1173,0.638625144926851,1.0252188111431066
pre,0.997,1174,0.6257872884763818,1.0374010799854652
pre,0.997,1175,0.6150238632144961,1.045785896664173
pre,0.997,1176,0.6064715760462196,1.0504686339302176
pre,0.997,1177,0.600271570240303,1.0515532532457503
pre,0.997,1178,0.5965713321941897,1.0492417963083174
pre,0.997,1179,0.5955255263068955,1.0437839575412728
pre,0.997,1180,0.597295315404311,1.0354200592115295
pre,0.997,1181,0.6020454854603139,1.0243789316959715
pre,0.997,1182,0.6099383570878363,1.010893804196093
pre,0.997,1183,0.6211229264976662,0.9952138072596206
pre,0.997,1184,0.6357168545607422,0.9776096361534293
pre,0.997,1185,0.6537776230719224,0.9583749588893546
pre,0.997,1186,0.6752571998747539,0.9378244058756298
pre,0.997,1187,0.699931759406527,0.9162887371855316
pre,0.997,1188,0.7272952454119046,0.8941078473668445
pre,0.997,1189,0.7564072520078147,0.8716224287948752
pre,0.997,1190,0.7857079712429106,0.8491652849208451
pre,0.997,1191,0.8128921137969132,0.8270533482274698
pre,0.997,1192,0.8350830644104927,0.8055813507345488
pre,0.997,1193,0.8495747035889513,0.785017831366019
pre,0.997,1194,0.8549427375413077,0.7656037868684291
pre,0.997,1195,0.851688664855931,0.7475538356047631
pre,0.997,1196,0.8418114562179347,0.7310593498860689
pre,0.997,1197,0.8277235122585914,0.7162927237357303
pre,0.997,1198,0.8114105890201798,0.703411853056767
pre,0.997,1199,0.7942039394015968,0.6925640316142807
pre,0.997,1200,0.7769203625845964,0.6838887806796871
pre,0.997,1201,0.7600635791203245,0.6775195818161371
pre,0.997,1202,0.7439671865277003,0.6735849875595386
pre,0.997,1203,0.7288754726218101,0.6722099457573352
pre,0.997,1204,0.7149851835818868,0.6735179524744237
pre,0.997,1205,0.7024667257269175,0.6776332791656896
pre,0.997,1206,0.6914752944132708,0.684680241696112
pre,0.997,1207,0.6821571633878484,0.6947755391726054
pre,0.997,1208,0.6746535694386239,0.7080123394041757
pre,0.997,1209,0.6691032466088327,0.7244387199691267
pre,0.997,1210,0.6656439959095823,0.7440322557812196
pre,0.997,1211,0.6644133346753234,0.7666618993816512
pre,0.997,1212,0.6655480720202707,0.792032661893501
pre,0.997,1213,0.669182502424027,0.8196556837684392
pre,0.997,1214,0.6754447584912164,0.8488579025205263
pre,0.997,1215,0.6844506878027518,0.878745303233244
pre,0.997,1216,0.6962943981952504,0.9080637769286712
pre,0.997,1217,0.7110343721868083,0.9350550033537534
pre,0.997,1218,0.7286737706073656,0.9577769859292664
pre,0.997,1219,0.7491334371795967,0.9750467031238952
pre,0.997,1220,0.7722163114878756,0.9869022644379317
pre,0.997,1221,0.797563344428417,0.9940671887044861
pre,0.997,1222,0.8246046542049434,0.9971793488809176
pre,0.997,1223,0.8525176533554504,0.9965503821092037
pre,0.997,1224,0.8802171179296733,0.9925812645682612
pre,0.997,1225,0.9064156961762978,0.9858261344079309
pre,0.997,1226,0.9297886595838897,0.9767142762082015
pre,0.997,1227,0.949228268074316,0.9655717601094393
pre,0.997,1228,0.9640891394870569,0.9527066143076359
pre,0.997,1229,0.9742846604765134,0.9384226701291314
pre,0.997,1230,0.9801742624700629,0.9230152723664424
pre,0.997,1231,0.9823277772480398,0.9067706045201814
pre,0.997,1232,0.9813148401154158,0.8899669805057496
pre,0.997,1233,0.9775999214030244,0.8728753650769925
pre,0.997,1234,0.9715300699623103,0.8557584504229683
pre,0.997,1235,0.9633666514767125,0.8388686994442036
pre,0.997,1236,0.9533241040085365,0.8224460551951445
pre,0.997,1237,0.9415997691533,0.8067159453892523
pre,0.997,1238,0.9283918991332536,0.7918880043452581
pre,0.997,1239,0.913908001528404,0.778155694091009
pre,0.997,1240,0.8983666656745989,0.7656967870156317
pre,0.997,1241,0.881995562413534,0.7546745127168715
pre,0.997,1242,0.8650275747118027,0.7452390961551931
pre,0.997,1243,0.8476963669926755,0.7375294284085376
pre,0.997,1244,0.8302322074282291,0.7316746953500157
pre,0.997,1245,0.8128585040728274,0.7277958929276207
pre,0.997,1246,0.7957892640801671,0.7260071981180984
pre,0.997,1247,0.7792275225617004,0.7264170493852508
pre,0.997,1248,0.7633646779084473,0.729128494910919
pre,0.997,1249,0.7483806075903119,0.7342380609758614
pre,0.997,1250,0.7344444109669035,0.7418324473670828
pre,0.997,1251,0.7217156116403356,0.7519829828985736
pre,0.997,1252,0.7103456647226838,0.7647384785463391
pre,0.997,1253,0.7004796048891799,0.7801165557977612
pre,0.997,1254,0.6922576927175957,0.7980901694879695
pre,0.997,1255,0.6858169045639593,0.8185619155029871
pre,0.997,1256,0.6812921141658405,0.8413247286415598
pre,0.997,1257,0.6788167806073386,0.8660282610560366
pre,0.997,1258,0.678522925249596,0.8921777118613757
pre,0.997,1259,0.680540125715751,0.9191649580849963
pre,0.997,1260,0.6849931744059603,0.9463027198278509
pre,0.997,1261,0.6919979454319778,0.9728399117390095
pre,0.997,1262,0.7016548819128016,0.9979844576811594
pre,0.997,1263,0.7140393610670894,1.0209860130611195
pre,0.997,1264,0.7291880399132934,1.0412549812959269
pre,0.997,1265,0.7470801721380516,1.058414314949463
pre,0.997,1266,0.7676130000449811,1.072244131601471
pre,0.997,1267,0.790570872074821,1.0825931744791872
pre,0.997,1268,0.8155894155899891,1.089346070653812
pre,0.997,1269,0.8421196356387346,1.0924503453286436
pre,0.997,1270,0.8694032342657122,1.09193651215283
pre,0.997,1271,0.8964790368001152,1.0878993008667797
pre,0.997,1272,0.922245837532161,1.0804685252409096
pre,0.997,1273,0.9455969847264495,1.0697973026927965
pre,0.997,1274,0.9656054956913503,1.0560670299935118
pre,0.997,1275,0.9816889058775463,1.0394973269201169
pre,0.997,1276,0.99366833489345,1.020352920770041
pre,0.997,1277,1.0016919239721593,0.998944840522932
pre,0.997,1278,1.0060793553819969,0.9756262956736363
pre,0.997,1279,1.0071788343576642,0.95078462571899
pre,0.997,1280,1.0052896289921087,0.9248305118732018
pre,0.997,1281,1.0006473379448095,0.8981852350901935
pre,0.997,1282,0.9934431623403291,0.8712668456941475
pre,0.997,1283,0.9838516414316658,0.8444765199260682
pre,0.997,1284,0.9720534619367507,0.818186618959371
pre,0.997,1285,0.9582492513237522,0.7927318729581501
pre,0.997,1286,0.9426648902661612,0.7684047630047295
pre,0.997,1287,0.9255504678055776,0.745455574807715
pre,0.997,1288,0.9071751950896046,0.724096772844198
pre,0.997,1289,0.8878202648360125,0.7045105146213697
pre,0.997,1290,0.8677711802546262,0.686857598509258
pre,0.997,1291,0.8473106168121715,0.6712860639991525
pre,0.997,1292,0.8267124729297665,0.6579379779564472
pre,0.997,1293,0.806237430988299,0.6469534982782241
pre,0.997,1294,0.7861301026169681,0.6384720111795382
pre,0.997,1295,0.7666176532838616,0.6326309811107532
pre,0.997,1296,0.7479097032888647,0.6295641258099596
pre,0.997,1297,0.7301992552698704,0.6294013730917666
pre,0.997,1298,0.7136643898342683,0.6322727628025848
pre,0.997,1299,0.6984704890478008,0.6383150817569424
pre,0.997,1300,0.6847727729496255,0.6476733960172063
pre,0.997,1301,0.6727189637063973,0.6604864136969886
pre,0.997,1302,0.6624519197393746,0.6768505401904183
pre,0.997,1303,0.6541120808066722,0.6967658387187188
pre,0.997,1304,0.647839561710693,0.7200684855156463
pre,0.997,1305,0.6437757290887627,0.7463598826141065
pre,0.997,1306,0.6420640122001111,0.7749859744445058
pre,0.997,1307,0.6428496543151183,0.8050269885899538
pre,0.997,1308,0.6462779779189111,0.8351305294255962
pre,0.997,1309,0.6524905790136892,0.8630085329807873
pre,0.997,1310,0.6616186266386429,0.8851554591253709
pre,0.997,1311,0.6737721196925323,0.8988053822829962
pre,0.997,1312,0.6890235209427714,0.9039992695463397
pre,0.997,1313,0.7073836215872209,0.9025145277120419
pre,0.997,1314,0.7287669544696428,0.8960568834109144
pre,0.997,1315,0.7529437859551341,0.8852512924520175
pre,0.997,1316,0.7794768729933648,0.8710524239949204
pre,0.997,1317,0.8076461277829314,0.8556835463715838
pre,0.997,1318,0.8363779772904167,0.8397146041085033
pre,0.997,1319,0.8642233888382806,0.823363475149095
pre,0.997,1320,0.8894609987414639,0.8070837123245607
pre,0.997,1321,0.9103938525612202,0.7913094046967708
pre,0.997,1322,0.9257935454852448,0.7763903672047197
pre,0.997,1323,0.9352636450001977,0.7626047108744736
pre,0.997,1324,0.9392622135939619,0.7501793672271186
pre,0.997,1325,0.9387678294468155,0.7393058980094065
pre,0.997,1326,0.9348501267598339,0.7301512749455941
pre,0.997,1327,0.9283999670194751,0.7228650386196719
pre,0.997,1328,0.9200638633298968,0.717584097424014
pre,0.997,1329,0.910290422991919,0.7144360947827999
pre,0.997,1330,0.8994007246831024,0.7135419181306913
pre,0.997,1331,0.8876440740119058,0.7150174048523215
pre,0.997,1332,0.8752329181626072,0.7189735892172259
pre,0.997,1333,0.8623618082698545,0.7255143170306821
pre,0.997,1334,0.849216439809195,0.7347304302930202
pre,0.997,1335,0.8359772110620661,0.7466910798451616
pre,0.997,1336,0.8228200549847903,0.7614336344590344
pre,0.997,1337,0.8099161121246286,0.7789514441872719
pre,0.997,1338,0.7974310771099844,0.799171994846311
pre,0.997,1339,0.7855246256087111,0.8219167146670106
pre,0.997,1340,0.774350089392248,0.8468562528049322
pre,0.997,1341,0.7640544143905064,0.8734972118189864
pre,0.997,1342,0.7547783692290448,0.9012075468097734
pre,0.997,1343,0.746656928214471,0.9292437686522224
pre,0.997,1344,0.7398197328018976,0.9567504210253566
pre,0.997,1345,0.7343915440161758,0.9827700214185336
pre,0.997,1346,0.7304925349386481,1.0063636093487403
pre,0.997,1347,0.7282383322402984,1.02682817046004
pre,0.997,1348,0.7277396387036705,1.0438105766949892
pre,0.997,1349,0.7291012871826132,1.057211486290663
pre,0.997,1350,0.732420536486302,1.0670078936865837
pre,0.997,1351,0.7377843976126486,1.073171386033041
pre,0.997,1352,0.7452657565408798,1.0757127566100602
pre,0.997,1353,0.7549180352705228,1.0747272862817372
pre,0.997,1354,0.7667681515654095,1.0703702824546857
pre,0.997,1355,0.7808075863968074,1.062816896814053
pre,0.997,1356,0.7969815160305952,1.0522501778496114
pre,0.997,1357,0.8151762844155039,1.038869446947552
pre,0.997,1358,0.8352059805008656,1.0229017335461985
pre,0.997,1359,0.8567997652042216,1.0046089250183428
pre,0.997,1360,0.8795926542881185,0.9842894989042121
pre,0.997,1361,0.9031236675088951,0.962275624316761
pre,0.997,1362,0.9268458166217779,0.9389267535765222
pre,0.997,1363,0.9501513620155805,0.9146206378197617
pre,0.997,1364,0.9724120379426322,0.8897425596064956
pre,0.997,1365,0.9930277979328967,0.8646737281387548
pre,0.997,1366,1.0114718018960016,0.8397800375299661
pre,0.997,1367,1.0273183953094234,0.815402466669362
pre,0.997,1368,1.0402473593744546,0.791850227563385
pre,0.997,1369,1.0500285550846213,0.7693973979627008
pre,0.997,1370,1.0564991200338147,0.7482832409140265
pre,0.997,1371,1.059545638736581,0.7287157848193522
pre,0.997,1372,1.0590976905645597,0.7108776698965791
pre,0.997,1373,1.0551321568550898,0.6949329365111633
pre,0.997,1374,1.0476834017797716,0.681033419196462
pre,0.997,1375,1.0368535944643764,0.6693236858887537
pre,0.997,1376,1.022818751302362,0.6599439480383726
pre,0.997,1377,1.0058281621444005,0.653031006734148
pre,0.997,1378,0.9861968758401826,0.6487180503639436
pre,0.997,1379,0.9642924604012041,0.6471348272789481
pre,0.997,1380,0.940518172802974,0.6484098292725169
pre,0.997,1381,0.9152949632400418,0.652674468597321
pre,0.997,1382,0.8890445007233228,0.6600651500682284
pre,0.997,1383,0.8621748249552669,0.670715749118
pre,0.997,1384,0.835069518048156,0.6847358295957647
pre,0.997,1385,0.8080806276743965,0.7021767786481534
pre,0.997,1386,0.7815250768616092,0.7229901975874622
pre,0.997,1387,0.7556840035524519,0.7469734646641675
pre,0.997,1388,0.7308043477394398,0.7737132383630331
pre,0.997,1389,0.7071020260156397,0.8025761167744245
pre,0.997,1390,0.6847661157578923,0.832683216995856
pre,0.997,1391,0.6639635900786206,0.8627363800422208
pre,0.997,1392,0.6448442669331877,0.8906479059665569
pre,0.997,1393,0.6275457345427349,0.9135310172162259
pre,0.997,1394,0.6121980914920119,0.9292088386361703
pre,0.997,1395,0.5989283858128347,0.9376138258549831
pre,0.997,1396,0.5878646591464946,0.9400824329861355
pre,0.997,1397,0.5791394896712261,0.9379658307002007
pre,0.997,1398,0.5728928882244448,0.931862493240766
pre,0.997,1399,0.5692743279189707,0.9225032184992332
pre,0.997,1400,0.5684435539378244,0.9111607080534112
pre,0.997,1401,0.5705696347603534,0.8984196297867403
pre,0.997,1402,0.5758274019542713,0.8845885942097527
pre,0.997,1403,0.5843899508719235,0.8700579402560032
pre,0.997,1404,0.5964150881250111,0.8552212005263746
pre,0.997,1405,0.6120223138214316,0.8404239799992947
pre,0.997,1406,0.6312547236598437,0.8259613804242276
pre,0.997,1407,0.6540165168098903,0.8120875619810934
pre,0.997,1408,0.679970904907891,0.7990249722234946
pre,0.997,1409,0.7083762088275357,0.7869711500290086
pre,0.997,1410,0.7378406555655889,0.7761035330627784
pre,0.997,1411,0.7660359488528863,0.7665829605501991
pre,0.997,1412,0.7896260152647845,0.7585563594476725
pre,0.997,1413,0.8049468471069073,0.7521588950566183
pre,0.997,1414,0.8095586196330617,0.7475157356444104
pre,0.997,1415,0.8035386486064146,0.7447434910748443
pre,0.997,1416,0.7892577421665274,0.7439512757471811
pre,0.997,1417,0.7699283989491668,0.7452411779112967
pre,0.997,1418,0.7482710183952936,0.7487077366056982
pre,0.997,1419,0.7260672328858109,0.7544359924654795
pre,0.997,1420,0.704340668601019,0.7624979503821925
pre,0.997,1421,0.6836651760368059,0.7729477639777738
pre,0.997,1422,0.6643828116425388,0.785816032945627
pre,0.997,1423,0.6467225065682615,0.8011023362454663
pre,0.997,1424,0.6308588308420263,0.8187621890574702
pre,0.997,1425,0.6169408621220306,0.8386831371222092
pre,0.997,1426,0.6051071131735828,0.8606516046320419
pre,0.997,1427,0.5954939762567697,0.8843264200979132
pre,0.997,1428,0.5882409487717953,0.9092390740561962
pre,0.997,1429,0.5834939535107824,0.9348237541566755
pre,0.997,1430,0.5814071376199665,0.9604581430886787
pre,0.997,1431,0.582143024103275,0.9854941774260569
pre,0.997,1432,0.5858705041641306,1.0092835897648396
pre,0.997,1433,0.5927597495036876,1.031220062423216
pre,0.997,1434,0.6029725465372054,1.0507911903706098
pre,0.997,1435,0.616645683500136,1.0676024961824537
pre,0.997,1436,0.6338636078183476,1.0813588052670742
pre,0.997,1437,0.6546142916917315,1.091832704324746
pre,0.997,1438,0.6787186572261695,1.0988550266214183
pre,0.997,1439,0.7057191866212689,1.1023261414274
pre,0.997,1440,0.7347108145166066,1.1022208451649433
pre,0.997,1441,0.7641136110698543,1.0985751853222947
pre,0.997,1442,0.7914718640181216,1.091468625299255
pre,0.997,1443,0.8135694560508444,1.0810162593966495
pre,0.997,1444,0.8272610954478272,1.0673724338322526
pre,0.997,1445,0.8308487227440555,1.0507388953864951
pre,0.997,1446,0.8249228060665572,1.0313708294546373
pre,0.997,1447,0.8118580591900224,1.0095775049407651
pre,0.997,1448,0.794487486219287,0.9857172773291416
pre,0.997,1449,0.7750896760445508,0.9601883373588957
pre,0.997,1450,0.7551408187627694,0.9334166823766772
pre,0.997,1451,0.7355092300054827,0.9058421945520521
pre,0.997,1452,0.716706902394176,0.8779035776773794
pre,0.997,1453,0.6990593708538002,0.8500233470905604
pre,0.997,1454,0.6827980718807408,0.8225944408676031
pre,0.997,1455,0.6681067885787701,0.7959700057907177
pre,0.997,1456,0.6551449432253185,0.770457610333426
pre,0.997,1457,0.6440598878691756,0.7463185738318416
pre,0.997,1458,0.6349939715569439,0.7237722337690702
pre,0.997,1459,0.6280889593685636,0.7030040047548255
pre,0.997,1460,0.6234888569202838,0.684175393978866
pre,0.997,1461,0.6213414585029757,0.6674339571768011
pre,0.997,1462,0.6217985403792657,0.6529214613024763
pre,0.997,1463,0.6250143408116056,0.6407790867394705
pre,0.997,1464,0.6311416986206563,0.6311492195831299
pre,0.997,1465,0.6403248808881299,0.6241742378891515
pre,0.997,1466,0.6526876711916451,0.6199937322409176
pre,0.997,1467,0.6683146178403793,0.6187427264685683
pre,0.997,1468,0.6872224155652197,0.6205539780583749
pre,0.997,1469,0.7093172308406162,0.6255653409641103
pre,0.997,1470,0.7343326142710888,0.6339262324985956
pre,0.997,1471,0.7617430258861186,0.6457896739389377
pre,0.997,1472,0.7906540153464631,0.6612791189021991
pre,0.997,1473,0.8196920418986506,0.6804300458212287
pre,0.997,1474,0.8469683862498986,0.7031140082805798
pre,0.997,1475,0.870258429211542,0.7289563292746352
pre,0.997,1476,0.8875118455003057,0.7572986521756218
pre,0.997,1477,0.897551621063249,0.7871974211157481
pre,0.997,1478,0.9004995759975342,0.8172865672161437
pre,0.997,1479,0.8975658218236919,0.8452351037600893
pre,0.997,1480,0.8903875052259383,0.8672057082107191
pre,0.997,1481,0.8804392126000149,0.8799704312350541
pre,0.997,1482,0.8687997080200458,0.8835474176372526
pre,0.997,1483,0.8561864634725466,0.8799391784359671
pre,0.997,1484,0.8430730131031888,0.8710534544594462
pre,0.997,1485,0.8297899936611666,0.8575345897940541
pre,0.997,1486,0.8165892588666894,0.8401950850307249
pre,0.997,1487,0.8036793556017815,0.8221001996539326
pre,0.997,1488,0.7912438334987361,0.8039221005082533
pre,0.997,1489,0.779450406628568,0.7857853606774361
pre,0.997,1490,0.7684555684796937,0.7681676105636357
pre,0.997,1491,0.7584070599050373,0.7515083667387705
pre,0.997,1492,0.7494453618255097,0.7361455190425643
pre,0.997,1493,0.7417047397740378,0.7223401594965804
pre,0.997,1494,0.7353140420585731,0.7103034733180882
pre,0.997,1495,0.7303972848110958,0.7002151360492139
pre,0.997,1496,0.7270739746853484,0.6922346975258054
pre,0.997,1497,0.725459067706529,0.6865084122290959
pre,0.997,1498,0.725662428396173,0.6831735630518565
pre,0.997,1499,0.7277876218776312,0.682361811077357
pre,0.997,1500,0.731929840129968,0.6842021925630449
pre,0.997,1501,0.7381727337951187,0.6888226681707907
pre,0.997,1502,0.7465838934841365,0.6963472682632965
pre,0.997,1503,0.7572087063456051,0.7068861348924766
pre,0.997,1504,0.7700623457039184,0.7205192328584575
pre,0.997,1505,0.7851197175822797,0.7372776567151262
pre,0.997,1506,0.8023034096211771,0.7571227546463505
pre,0.997,1507,0.8214700837971434,0.7799104075781403
pre,0.997,1508,0.8423963999207988,0.8053363061156297
pre,0.997,1509,0.8647666421043,0.832905278023405
pre,0.997,1510,0.8881654453052554,0.8619397551913741
pre,0.997,1511,0.9120802341433093,0.8915559533529034
pre,0.997,1512,0.9359181045629948,0.9205639498088409
pre,0.997,1513,0.9590396988142427,0.9473855871783794
pre,0.997,1514,0.980807286022198,0.9703476580725956
pre,0.997,1515,1.0006370348621463,0.9884117985537797
pre,0.997,1516,1.0180405994046775,1.0015205235898548
pre,0.997,1517,1.032643495133643,1.0101872642174266
pre,0.997,1518,1.044177906636334,1.014896265998341
pre,0.997,1519,1.0524593117072223,1.0159025790724927
pre,0.997,1520,1.0573616295975656,1.01349967232506
pre,0.997,1521,1.0588020993602847,1.0081011480565665
pre,0.997,1522,1.0567391854165273,1.0000750623440835
pre,0.997,1523,1.0511801820197655,0.9897233139855673
pre,0.997,1524,1.04219244947982,0.9773294391429033
pre,0.997,1525,1.0299126658083237,0.9631755228421102
pre,0.997,1526,1.0145504498250397,0.947543923915834
pre,0.997,1527,0.9963849463708425,0.9307182382709509
pre,0.997,1528,0.975754830422591,0.9129841104437421
pre,0.997,1529,0.9530434531300858,0.8946285366601563
pre,0.997,1530,0.9286614679889167,0.8759373765010692
pre,0.997,1531,0.9030292977579051,0.8571915789657452
pre,0.997,1532,0.8765613821869142,0.8386629130477397
pre,0.997,1533,0.8496534864743318,0.8206099820506756
pre,0.997,1534,0.8226736502822569,0.8032751353939385
pre,0.997,1535,0.7959567679132631,0.7868826484425542
pre,0.997,1536,0.7698023923483138,0.7716382713181743
pre,0.997,1537,0.7444751385964387,0.7577299976510341
pre,0.997,1538,0.7202070189930503,0.745329718605721
pre,0.997,1539,0.6972010826829189,0.7345953422737376
pre,0.997,1540,0.6756358446976656,0.7256729896396561
pre,0.997,1541,0.655670103128,0.7186990135284099
pre,0.997,1542,0.6374478582031786,0.7138017781399054
pre,0.997,1543,0.621103130276358,0.711103286481896
pre,0.997,1544,0.6067645433507988,0.7107206967424795
pre,0.997,1545,0.5945595662558321,0.7127673765261899
pre,0.997,1546,0.5846183148259736,0.7173524817799094
pre,0.997,1547,0.577076794456609,0.7245776789876353
pre,0.997,1548,0.5720794047447446,0.7345303133273204
pre,0.997,1549,0.5697804322052857,0.7472738691693869
pre,0.997,1550,0.5703441017679594,0.7628370963558677
pre,0.997,1551,0.5739425190584279,0.781199708220736
pre,0.997,1552,0.5807504609068094,0.8022652253606519
pre,0.997,1553,0.5909353757987041,0.8258156843966877
pre,0.997,1554,0.6046399741020216,0.851472149858036
pre,0.997,1555,0.6219531531852086,0.878695030357371
pre,0.997,1556,0.6428622321246426,0.9068132259307251
pre,0.997,1557,0.6671749139126439,0.9350377857863515
pre,0.997,1558,0.694392796453051,0.9624472148052667
pre,0.997,1559,0.7235134520537715,0.9880192541297025
pre,0.997,1560,0.7527576530820297,1.0108138532880275
pre,0.997,1561,0.7793353208370591,1.0302142298162225
pre,0.997,1562,0.7996475247355753,1.0459822808287373
pre,0.997,1563,0.8104020173960693,1.0580948731360305
pre,0.997,1564,0.8102214064476592,1.0665569099974261
pre,0.997,1565,0.8003256625944579,1.0713601000806388
pre,0.997,1566,0.7836341117572826,1.0725545162040873
pre,0.997,1567,0.7632226870639329,1.070276849194074
pre,0.997,1568,0.7413759462050217,1.064708482640477
pre,0.997,1569,0.7194887934207066,1.0560397035544287
pre,0.997,1570,0.6983472904433194,1.0444668337612093
pre,0.997,1571,0.6784023045420288,1.0302037669237134
pre,0.997,1572,0.6599368628923802,1.0134925827291763
pre,0.997,1573,0.6431524970929985,0.9946089495209227
pre,0.997,1574,0.6282115720688214,0.9738623759175237
pre,0.997,1575,0.61525845706168,0.9515923277803016
pre,0.997,1576,0.604430891698094,0.9281612326746722
pre,0.997,1577,0.5958666999242176,0.903945198260037
pre,0.997,1578,0.5897080471132751,0.879323265880374
pre,0.997,1579,0.5861040597437154,0.8546662398539471
pre,0.997,1580,0.5852119402172536,0.8303263226134246
pre,0.997,1581,0.5871962901409711,0.8066287577542423
pre,0.997,1582,0.5922259838733447,0.7838664318359727
pre,0.997,1583,0.6004674883333648,0.7622979575500874
pre,0.997,1584,0.6120728771535024,0.7421491959464093
pre,0.997,1585,0.6271597722087335,0.7236175749716894
pre,0.997,1586,0.6457788261504958,0.7068780948052865
pre,0.997,1587,0.6678618010364912,0.6920897164484096
pre,0.997,1588,0.6931395159391336,0.6794009413989262
pre,0.997,1589,0.721014918282884,0.6689537540569697
pre,0.997,1590,0.7503786999845325,0.6608856449394395
pre,0.997,1591,0.7793880640539531,0.6553301104451277
pre,0.997,1592,0.8053486382758932,0.6524167445975928
pre,0.997,1593,0.825040646949062,0.6522724786728636
pre,0.997,1594,0.8357581667358649,0.6550248598031614
pre,0.997,1595,0.8365731356901744,0.6608054730143784
pre,0.997,1596,0.8287303380872065,0.6697477097053552
pre,0.997,1597,0.814796321928513,0.6819727944078577
pre,0.997,1598,0.7973912092900876,0.6975633276372253
pre,0.997,1599,0.7784613016349855,0.7165285076486569
pre,0.997,1600,0.7592251035696728,0.738760690394949
pre,0.997,1601,0.7404013913377512,0.7639763616165465
pre,0.997,1602,0.7224272818238918,0.7916773771711165
pre,0.997,1603,0.7055936894775738,0.8211548671211298
pre,0.997,1604,0.6901169826764495,0.8514230743225863
pre,0.997,1605,0.6761749588453005,0.8809835536380027
pre,0.997,1606,0.6639251382620489,0.9075014315358463
pre,0.997,1607,0.6535146532908485,0.928289843825431
pre,0.997,1608,0.6450860907979387,0.9419745302725171
pre,0.997,1609,0.6387812088906643,0.9490779575492405
pre,0.997,1610,0.6347432885161135,0.9509552781999464
pre,0.997,1611,0.6331183086245077,0.948616773698714
pre,0.997,1612,0.6340548120013385,0.9424932773230739
pre,0.997,1613,0.6377020917200293,0.9334732801269963
pre,0.997,1614,0.6442060845032594,0.9225316515539641
pre,0.997,1615,0.6537020651167147,0.9100942074014737
pre,0.997,1616,0.6663028239235502,0.8964985575474755
pre,0.997,1617,0.6820804661943579,0.8821275602922729
pre,0.997,1618,0.7010392615683458,0.8673476149030918
pre,0.997,1619,0.7230761452365455,0.8524827666808872
pre,0.997,1620,0.747925021076134,0.837816379774325
pre,0.997,1621,0.7750821532496316,0.82359873190024
pre,0.997,1622,0.8037162689680747,0.8100536160572536
pre,0.997,1623,0.8325855315426626,0.7973830200142666
pre,0.997,1624,0.8600215223465544,0.7857703981304428
pre,0.997,1625,0.8840833005841234,0.7753831251012427
pre,0.997,1626,0.9029593853341336,0.76637450877448
pre,0.997,1627,0.9155155189920722,0.7588855447294784
pre,0.997,1628,0.9216576524481767,0.7530464794690576
pre,0.997,1629,0.9222234326873342,0.7489781916677876
pre,0.997,1630,0.9184945341750883,0.7467933517355805
pre,0.997,1631,0.9117072501427125,0.7465972274654014
pre,0.997,1632,0.9028153668087734,0.7484878559149284
pre,0.997,1633,0.892479545002832,0.7525551754411473
pre,0.997,1634,0.881148355170907,0.7588787647218485
pre,0.997,1635,0.8691413164861892,0.7675241585257837
pre,0.997,1636,0.8567063075350977,0.7785380817562835
pre,0.997,1637,0.8440529241512097,0.7919427083467181
pre,0.997,1638,0.8313699297234276,0.8077273799518441
pre,0.997,1639,0.8188336528045316,0.8258334509056552
pre,0.997,1640,0.8066116962626212,0.8461281766059485
pre,0.997,1641,0.7948644240170506,0.8683725463037595
pre,0.997,1642,0.7837455196065494,0.8922006218797307
pre,0.997,1643,0.7734022492401419,0.9171270954725496
pre,0.997,1644,0.7639757049664343,0.9425809786719502
pre,0.997,1645,0.7556011173535324,0.967944909373956
pre,0.997,1646,0.7484082266167379,0.9925834118260379
pre,0.997,1647,0.7425216525104765,1.015869204426478
pre,0.997,1648,0.7380611767959631,1.0372249416305261
pre,0.997,1649,0.7351418270316948,1.0561671754508735
pre,0.997,1650,0.7338736410085975,1.0723201516301777
pre,0.997,1651,0.7343609704462861,1.085395441889045
pre,0.997,1652,0.7367011646476792,1.095168053503575
pre,0.997,1653,0.74098245363944,1.1014743888680816
pre,0.997,1654,0.7472808320312548,1.104223313729941
pre,0.997,1655,0.7556557256754651,1.1033965718934982
pre,0.997,1656,0.766144231729945,1.0990339151537936
pre,0.997,1657,0.7787537578243969,1.091217437852423
pre,0.997,1658,0.7934529778906974,1.0800666162134736
pre,0.997,1659,0.8101612426208745,1.065743226367121
pre,0.997,1660,0.8287369310599785,1.0484592193856321
pre,0.997,1661,0.848965802324068,1.0284816283964564
pre,0.997,1662,0.8705512427269892,1.0061318629507034
pre,0.997,1663,0.8931091844181218,0.9817795570468497
pre,0.997,1664,0.9161712223297092,0.955832494058937
pre,0.997,1665,0.9391992508030987,0.9287239880598746
pre,0.997,1666,0.961613059239571,0.9008985027755264
pre,0.997,1667,0.9828283689725466,0.8727962989273839
pre,0.997,1668,1.0022978457129388,0.8448384043297938
pre,0.997,1669,1.0195445342328262,0.8174135229252466
pre,0.997,1670,1.0341789730343953,0.7908684278329565
pre,0.997,1671,1.045898074350178,0.765503042529911
pre,0.997,1672,1.0544718886922384,0.7415707834296748
pre,0.997,1673,1.0597283680032175,0.719283795917427
pre,0.997,1674,1.0615443987420974,0.6988217370654004
pre,0.997,1675,1.0598460769323022,0.6803421390814769
pre,0.997,1676,1.0546162020294367,0.6639903099455847
pre,0.997,1677,1.0459044269570748,0.6499070970236973
pre,0.997,1678,1.0338353862091023,0.6382334630103801
pre,0.997,1679,1.0186114817994159,0.6291115840734525
pre,0.997,1680,1.000508864710418,0.6226830846338649
pre,0.997,1681,0.9798668994946642,0.6190861168768776
pre,0.997,1682,0.9570727033882931,0.6184541064437984
pre,0.997,1683,0.9325430569892071,0.6209191932729627
pre,0.997,1684,0.906706085775406,0.6266204014866519
pre,0.997,1685,0.8799847309407095,0.6357087160671173
pre,0.997,1686,0.8527833674663409,0.6483348093104458
pre,0.997,1687,0.8254782045961293,0.6646100990263298
pre,0.997,1688,0.7984114805751132,0.6845428935155404
pre,0.997,1689,0.7718890337018712,0.7079580197465339
pre,0.997,1690,0.7461806070703331,0.7344171231117949
pre,0.997,1691,0.721522178376912,0.7631977910782786
pre,0.997,1692,0.6981196612929736,0.7932827530151147
pre,0.997,1693,0.6761534354567313,0.8231675553610562
pre,0.997,1694,0.6557832831974832,0.8501933599032945
pre,0.997,1695,0.6371534318697145,0.870334236315882
pre,0.997,1696,0.6203974972006452,0.880952042131762
pre,0.997,1697,0.6056431860232611,0.8827123993939665
pre,0.997,1698,0.5930166572580955,0.8777501466578159
pre,0.997,1699,0.5826464488646838,0.8677738294967615
pre,0.997,1700,0.574666856259254,0.8531493464804437
pre,0.997,1701,0.5692206018278333,0.835256793991553
pre,0.997,1702,0.5664605323698653,0.8170119866909831
pre,0.997,1703,0.5665499428507274,0.7986853232512611
pre,0.997,1704,0.5696608916895719,0.7805117848814284
pre,0.997,1705,0.5759695116941661,0.7629809606758601
pre,0.997,1706,0.5856467523797263,0.7465109475331227
pre,0.997,1707,0.5988420423629932,0.7314205576093924
pre,0.997,1708,0.6156557768435428,0.7179578263918003
pre,0.997,1709,0.6360938209048357,0.7063254903910379
pre,0.997,1710,0.6599926790705318,0.6966977873759441
pre,0.997,1711,0.6868970110455797,0.6892306818442315
pre,0.997,1712,0.7158646474230841,0.6840679725150478
pre,0.997,1713,0.7451878877396287,0.6813452804380089
pre,0.997,1714,0.7721256988840359,0.6811933454627241
pre,0.997,1715,0.7930331958566189,0.6837409416921405
pre,0.997,1716,0.8044303813610396,0.6891157724539558
pre,0.997,1717,0.8046910698744036,0.6974400451799667
pre,0.997,1718,0.7948811146718472,0.7088185282663838
pre,0.997,1719,0.7779337024734913,0.7233208713207008
pre,0.997,1720,0.7570472445644842,0.7409621450837258
pre,0.997,1721,0.7346349485018556,0.761679071078032
pre,0.997,1722,0.7121750786124326,0.7852872738565055
pre,0.997,1723,0.6904941850199516,0.8114275576251258
pre,0.997,1724,0.6700585876049878,0.8395498101114276
pre,0.997,1725,0.6511550033477868,0.8689199533558819
pre,0.997,1726,0.6339838088884605,0.8985697328194855
pre,0.997,1727,0.6187045464566945,0.9271725435711496
pre,0.997,1728,0.6054585187004414,0.9530194165571174
pre,0.997,1729,0.5943808229663073,0.9745010719759241
pre,0.997,1730,0.585607412492897,0.9908653963075824
pre,0.997,1731,0.579279560975084,1.002321978106958
pre,0.997,1732,0.5755466182972272,1.0094699437510344
pre,0.997,1733,0.5745672094616834,1.0127417342462184
pre,0.997,1734,0.5765085761680795,1.0123797963082906
pre,0.997,1735,0.5815433601254281,1.008745685877281
pre,0.997,1736,0.5898426365818541,1.0022727213702785
pre,0.997,1737,0.601563271793233,0.993312907518804
pre,0.997,1738,0.6168265154357688,0.9821643316217485
pre,0.997,1739,0.6356828038391776,0.9691152229874305
pre,0.997,1740,0.658054578997562,0.9544524168525628
pre,0.997,1741,0.6836439717694959,0.9384614030704657
pre,0.997,1742,0.7117863971244027,0.9214272306239177
pre,0.997,1743,0.7412326422682722,0.9036350959008809
pre,0.997,1744,0.769886318243308,0.8853693313276954
pre,0.997,1745,0.7946908133299745,0.866910759696196
pre,0.997,1746,0.8121189198217312,0.8485330364678009
pre,0.997,1747,0.8195061011355841,0.8304987730291333
pre,0.997,1748,0.816407084213655,0.8130561521305585
pre,0.997,1749,0.8047042298237447,0.7964365429699528
pre,0.997,1750,0.7873967933110595,0.7808533677744531
pre,0.997,1751,0.7672343895141329,0.7665022133248223
pre,0.997,1752,0.7461148303073696,0.7535619640151013
pre,0.997,1753,0.7251655661610356,0.7421965972564
pre,0.997,1754,0.7050294976839181,0.7325572527151385
pre,0.997,1755,0.6860910168745219,0.7247842655485028
pre,0.997,1756,0.6686053573612223,0.7190090106067739
pre,0.997,1757,0.6527641470983591,0.7153555684626902
pre,0.997,1758,0.6387277705198642,0.7139422724515838
pre,0.997,1759,0.6266419289003782,0.7148829785521555
pre,0.997,1760,0.6166468184574293,0.7182873757005842
pre,0.997,1761,0.6088827093868511,0.7242591403540974
pre,0.997,1762,0.6034935128604435,0.732890920812393
pre,0.997,1763,0.6006288851232935,0.7442563199143812
pre,0.997,1764,0.6004448799610959,0.7584001794563315
pre,0.997,1765,0.6031028102553047,0.7753271455748499
pre,0.997,1766,0.6087656449425837,0.7949825958074879
pre,0.997,1767,0.6175908634645457,0.8172161531665494
pre,0.997,1768,0.6297180948301407,0.8417354030514458
pre,0.997,1769,0.6452489828765798,0.8680841857756978
pre,0.997,1770,0.6642153621462964,0.895662084477059
pre,0.997,1771,0.686529842561154,0.9237542413390634
pre,0.997,1772,0.7119103321137883,0.9515348416677953
pre,0.997,1773,0.7397683452794404,0.9780644800582277
pre,0.997,1774,0.7690561116735103,1.002378879658568
pre,0.997,1775,0.7980981544411959,1.0236995882584277
pre,0.997,1776,0.8245220230265673,1.0415910364338379
pre,0.997,1777,0.8455331991214956,1.0559081626302795
pre,0.997,1778,0.8587205180288692,1.0666196398392263
pre,0.997,1779,0.8630674605013038,1.073693481274896
pre,0.997,1780,0.8593665717065405,1.0771204028581147
pre,0.997,1781,0.8496457081871397,1.076972324432361
pre,0.997,1782,0.8361458667487192,1.0733933577210861
pre,0.997,1783,0.8206398571012016,1.0665567201288155
pre,0.997,1784,0.8043015753010301,1.0566444426969388
pre,0.997,1785,0.7878574798211436,1.0438521863855947
pre,0.997,1786,0.771766100702823,1.0284009583392093
pre,0.997,1787,0.7563402567198281,1.0105456526365486
pre,0.997,1788,0.7418154116606137,0.9905781227448642
pre,0.997,1789,0.7283850222361357,0.9688252968327209
pre,0.997,1790,0.7162185609739476,0.9456434783149898
pre,0.997,1791,0.7054710297054032,0.9214098475175216
pre,0.997,1792,0.6962883709359816,0.896511966966667
pre,0.997,1793,0.6888108363449158,0.871336170501019
pre,0.997,1794,0.683175206286245,0.846255984550972
pre,0.997,1795,0.6795161845583747,0.821621878178803
pre,0.997,1796,0.677967004304804,0.7977535325301053
pre,0.997,1797,0.6786591121268437,0.7749354965208691
pre,0.997,1798,0.68172067649415,0.7534165934520896
pre,0.997,1799,0.6872735477691675,0.7334128109743896
pre,0.997,1800,0.695428169810613,0.7151127869175911
pre,0.997,1801,0.7062757890872603,0.6986845893854872
pre,0.997,1802,0.7198771487299724,0.6842823981159016
pre,0.997,1803,0.7362466933071677,0.6720519163592931
pre,0.997,1804,0.7553312873641266,0.6621338007735695
pre,0.997,1805,0.7769826671629576,0.6546650224167763
pre,0.997,1806,0.8009238409666272,0.6497788212077389
pre,0.997,1807,0.8267119889110832,0.647604672657299
pre,0.997,1808,0.8537052369041515,0.648270000359464
pre,0.997,1809,0.8810483901311609,0.6519041752182706
pre,0.997,1810,0.9077011789226318,0.658641672888423
pre,0.997,1811,0.9325331283832368,0.6686172521239441
pre,0.997,1812,0.9544878100754183,0.6819473183685912
pre,0.997,1813,0.9727722390268985,0.6986981809880051
pre,0.997,1814,0.9869852303080762,0.7188458498212063
pre,0.997,1815,0.9971143482733925,0.742224433013188
pre,0.997,1816,1.0034114536721708,0.7684657363876055
pre,0.997,1817,1.0062303026264805,0.7969803455861333
pre,0.997,1818,1.005908455373206,0.8269495182824764
pre,0.997,1819,1.002720142104264,0.8571902375968448
pre,0.997,1820,0.9968806699052164,0.8858118884959818
pre,0.997,1821,0.9885722330305594,0.9100151663536308
pre,0.997,1822,0.9779706896598461,0.9273000378928486
pre,0.997,1823,0.965264652865877,0.9371623964435289
pre,0.997,1824,0.9506654063976175,0.9407719278279298
pre,0.997,1825,0.9344091864567802,0.9395762667002812
pre,0.997,1826,0.9167541637265618,0.9343173636453828
pre,0.997,1827,0.8979743318060096,0.9255470426580095
pre,0.997,1828,0.8783520823837435,0.9145349387169825
pre,0.997,1829,0.8581707723355768,0.902039316453502
pre,0.997,1830,0.8377081483490872,0.8883747417998014
pre,0.997,1831,0.8172311195794201,0.8739189745113859
pre,0.997,1832,0.7969920803116679,0.8590733453677813
pre,0.997,1833,0.7772267628422204,0.8441965134728961
pre,0.997,1834,0.7581534728532351,0.8295952343905524
pre,0.997,1835,0.7399734772371479,0.8155329257816354
pre,0.997,1836,0.7228722912420731,0.8022393117320755
pre,0.997,1837,0.707021614825818,0.7899177470254426
pre,0.997,1838,0.6925816940562829,0.778750397380422
pre,0.997,1839,0.6797039078298551,0.7689019802813877
pre,0.997,1840,0.6685334057957716,0.7605226066389955
pre,0.997,1841,0.6592116411312975,0.7537500429397102
pre,0.997,1842,0.6518786461341473,0.748711565708279
pre,0.997,1843,0.6466748799067917,0.745525486024871
pre,0.997,1844,0.6437424518740931,0.7443023212206429
pre,0.997,1845,0.6432254551444114,0.7451454359179188
pre,0.997,1846,0.6452690593719361,0.7481507892807341
pre,0.997,1847,0.6500168711778048,0.7534053464822945
pre,0.997,1848,0.6576058816911831,0.7609839145272721
pre,0.997,1849,0.6681580439288426,0.7709446136227049
pre,0.997,1850,0.6817671637535003,0.7833234097542421
pre,0.997,1851,0.6984792933953744,0.7981271992205854
pre,0.997,1852,0.7182642728936114,0.815322250615282
pre,0.997,1853,0.7409756021789317,0.8348125798781371
pre,0.997,1854,0.766296065657137,0.8564077099367817
pre,0.997,1855,0.7936690564560053,0.8797931102191726
pre,0.997,1856,0.8222237595351287,0.9045242631051249
pre,0.997,1857,0.8507215621381086,0.9300518460612716
pre,0.997,1858,0.8775823578606676,0.9557622811362079
pre,0.997,1859,0.9010702123102492,0.9810106974430217
pre,0.997,1860,0.9196670594827484,1.0051453329192768
pre,0.997,1861,0.9325053839119986,1.0275456945611698
pre,0.997,1862,0.9395920965324938,1.0476760110639445
pre,0.997,1863,0.9416535927076908,1.0651180649325516
pre,0.997,1864,0.939729497643196,1.0795597102075405
pre,0.997,1865,0.9348049571852087,1.0907618730055
pre,0.997,1866,0.9276431235597405,1.0985427594829642
pre,0.997,1867,0.9187826238913243,1.1027868822468765
pre,0.997,1868,0.9086005273886982,1.1034535555992055
pre,0.997,1869,0.8973767184127104,1.100567200784673
pre,0.997,1870,0.8853390791392316,1.0941989615631504
pre,0.997,1871,0.8726899444317795,1.0844561172729583
pre,0.997,1872,0.8596196543414792,1.0714836416316773
pre,0.997,1873,0.8463124935163112,1.0554720218161835
pre,0.997,1874,0.8329485948907742,1.0366642050321446
pre,0.997,1875,0.819703949768511,1.015357598607901
pre,0.997,1876,0.8067497141545662,0.9919002855114438
pre,0.997,1877,0.7942514274819913,0.9666826157428621
pre,0.997,1878,0.7823684322924269,0.9401257408041561
pre,0.997,1879,0.7712535945530392,0.9126681002463929
pre,0.997,1880,0.7610533269328928,0.884750565059982
pre,0.997,1881,0.7519078621381121,0.8568012998919947
pre,0.997,1882,0.7439516853613992,0.829221850933641
pre,0.997,1883,0.7373140345457185,0.8023760459877777
pre,0.997,1884,0.7321193599955186,0.776583055627255
pre,0.997,1885,0.7284876081501171,0.752115474401936
pre,0.997,1886,0.7265342140756459,0.7292024774973602
pre,0.997,1887,0.72636964489286,0.7080371237306966
pre,0.997,1888,0.728098329086427,0.6887860826538946
pre,0.997,1889,0.7318167750540918,0.6715997545811019
pre,0.997,1890,0.7376106593496885,0.6566209426432569
pre,0.997,1891,0.7455506341795085,0.6439907595013465
pre,0.997,1892,0.7556865892662836,0.633851151880994
pre,0.997,1893,0.7680401226979013,0.6263442607913233
pre,0.997,1894,0.7825950288209196,0.6216098464719391
pre,0.997,1895,0.7992858062376129,0.6197831485572265
pre,0.997,1896,0.8179845188702848,0.6209962784186811
pre,0.997,1897,0.838486940619876,0.62538481689534
pre,0.997,1898,0.8604998717476404,0.6330952538171941
pre,0.997,1899,0.8836326852970829,0.6442807431485063
pre,0.997,1900,0.9073973986313413,0.6590730738980919
pre,0.997,1901,0.9312219579949889,0.677528839102802
pre,0.997,1902,0.9544798590869219,0.6995568655668434
pre,0.997,1903,0.9765346869324028,0.724835626842899
pre,0.997,1904,0.9967913350818202,0.7527627360649514
pre,0.997,1905,1.0147400963467403,0.7824577630069959
pre,0.997,1906,1.0299803382657984,0.8126680752632109
pre,0.997,1907,1.042218956675437,0.8413312033811817
pre,0.997,1908,1.0512504442682253,0.8648666336855635
pre,0.997,1909,1.056932361719621,0.8796438684225665
pre,0.997,1910,1.0591683565639374,0.8850285989970511
pre,0.997,1911,1.0579037123504285,0.8828141621861116
pre,0.997,1912,1.0531313503180544,0.8750405950297493
pre,0.997,1913,1.0449026902525784,0.8626444668298536
pre,0.997,1914,1.0333375802563103,0.8460292756012622
pre,0.997,1915,1.0186292206718779,0.8280738167788304
pre,0.997,1916,1.0010422033025776,0.8100152201266559
pre,0.997,1917,0.980903747737866,0.7918974846564351
pre,0.997,1918,0.95858962500853,0.774172915312966
pre,0.997,1919,0.934507023828138,0.7573044467726833
pre,0.997,1920,0.9090767647037151,0.7416528967318161
pre,0.997,1921,0.8827169308727143,0.7274953138086273
pre,0.997,1922,0.8558293576443131,0.7150531933715544
pre,0.997,1923,0.8287897111959706,0.7045127125436434
pre,0.997,1924,0.801941265178149,0.6960374825656883
pre,0.997,1925,0.7755920314673294,0.6897762684147606
pre,0.997,1926,0.7500146523224357,0.6858677952376145
pre,0.997,1927,0.7254483767733921,0.684444263913006
pre,0.997,1928,0.7021024795712568,0.6856344254497283
pre,0.997,1929,0.6801605734385748,0.6895655788695506
pre,0.997,1930,0.6597853874658219,0.6963619863726489
pre,0.997,1931,0.6411237018061885,0.7061368341953791
pre,0.997,1932,0.6243112182132724,0.7189776125184073
pre,0.997,1933,0.6094772202766349,0.734928295362919
pre,0.997,1934,0.5967489112096153,0.7539701243423732
pre,0.997,1935,0.586255336629131,0.7759913564832364
pre,0.997,1936,0.5781307770760963,0.8007351377209357
pre,0.997,1937,0.5725174507935168,0.8277578291910622
pre,0.997,1938,0.5695672791469726,0.8564326548305763
pre,0.997,1939,0.5694423270143852,0.8859451260972586
pre,0.997,1940,0.5723133140937546,0.9152177910390573
pre,0.997,1941,0.5783552577503303,0.9428057769803476
pre,0.997,1942,0.5877387656349397,0.9670446036285845
pre,0.997,1943,0.6006146274474429,0.9866843724001635
pre,0.997,1944,0.6170878924642409,1.0014026440193995
pre,0.997,1945,0.637175151892537,1.0115833989510123
pre,0.997,1946,0.6607346131904472,1.0177295002707483
pre,0.997,1947,0.6873522971469326,1.0201247461609844
pre,0.997,1948,0.7161614314443447,1.0190017083586171
pre,0.997,1949,0.7455819028492275,1.0147285567724036
pre,0.997,1950,0.7730524097714121,1.0076810141015766
pre,0.997,1951,0.7950826084603627,0.9981684596739686
pre,0.997,1952,0.8081552759489162,0.9864712121414252
pre,0.997,1953,0.810342404750001,0.9728659893548238
pre,0.997,1954,0.8023151337936367,0.9576309970757573
pre,0.997,1955,0.7867604256513515,0.9410474338363356
pre,0.997,1956,0.7668480988844767,0.9234006134257822
pre,0.997,1957,0.7450811204284213,0.9049796440821146
pre,0.997,1958,0.7230374340571093,0.8860751817702125
pre,0.997,1959,0.7016127513797391,0.8669756203081448
pre,0.997,1960,0.6813141855994028,0.8479624738911331
pre,0.997,1961,0.6624517788386166,0.8293057790190108
pre,0.997,1962,0.6452396888313924,0.8112602305522927
pre,0.997,1963,0.6298459628747313,0.7940625498630259
pre,0.997,1964,0.616417182945667,0.7779303140016489
pre,0.997,1965,0.605091443459842,0.7630621994086241
pre,0.997,1966,0.5960058561279443,0.7496393600977793
pre,0.997,1967,0.5893012602786414,0.7378275142671467
pre,0.997,1968,0.5851251822576561,0.7277792856480145
pre,0.997,1969,0.5836332938209173,0.7196364408409095
pre,0.997,1970,0.5849891610486554,0.7135318524109059
pre,0.997,1971,0.5893617002129915,0.7095912271351077
pre,0.997,1972,0.59691933511673,0.7079347359698673
pre,0.997,1973,0.6078192385763921,0.7086784814815852
pre,0.997,1974,0.622189109872206,0.7119351374376263
pre,0.997,1975,0.6400974324605768,0.7178123918089327
pre,0.997,1976,0.6615057561955213,0.7264078450653227
pre,0.997,1977,0.6861928715956533,0.737800304702029
pre,0.997,1978,0.7136363416670368,0.752038936232422
pre,0.997,1979,0.7428363663931747,0.7691307453474349
pre,0.997,1980,0.7720908102721151,0.7890205581264418
pre,0.997,1981,0.798831166183367,0.8115527273052552
pre,0.997,1982,0.819835360821018,0.8364229755057032
pre,0.997,1983,0.8321613783213081,0.8631581336159738
pre,0.997,1984,0.834478606855563,0.891136915839865
pre,0.997,1985,0.8276975161431398,0.9196118067116521
pre,0.997,1986,0.8142909145888095,0.9476957127498529
pre,0.997,1987,0.7969879112680438,0.9743512938965015
pre,0.997,1988,0.7779001189733031,0.9985139565299199
pre,0.997,1989,0.7583730125288998,1.0193710303941637
pre,0.997,1990,0.7391991563066276,1.0365428373251064
pre,0.997,1991,0.7208530634287942,1.0499824559428248
pre,0.997,1992,0.7036433862353464,1.0597398273847491
pre,0.997,1993,0.6877945942352134,1.0658319002798162
pre,0.997,1994,0.673488025880113,1.0682920036921644
pre,0.997,1995,0.6608826122547752,1.0672417376462033
pre,0.997,1996,0.6501259347336563,1.0628679980835725
pre,0.997,1997,0.6413606628704747,1.0553725801164666
pre,0.997,1998,0.6347286144354328,1.0449571240096813
pre,0.997,1999,0.6303733432993128,1.0318325379190352
post,1.0001,0,0.66140536663732,0.7551012430843893
post,1.0001,1,0.6509049772847659,0.7324782198759145
post,1.0001,2,0.6423877193713718,0.7114461253759226
post,1.0001,3,0.6360078606474119,0.6914672395906227
post,1.0001,4,0.631915805569953,0.6726831412784127
post,1.0001,5,0.6302623879825422,0.6553257961257004
post,1.0001,6,0.6312002424922988,0.6396046781606171
post,1.0001,7,0.6348827163577327,0.6257037505045631
post,1.0001,8,0.6414600805718529,0.613791250268245
post,1.0001,9,0.6510722713358417,0.6040266501122851
post,1.0001,10,0.6638368591221389,0.5965634684730565
post,1.0001,11,0.6798302965720837,0.591548948104754
post,1.0001,12,0.6990596583780697,0.5891223369004195
post,1.0001,13,0.7214211109999382,0.5894143747752509
post,1.0001,14,0.7466406452900595,0.5925516313128757
post,1.0001,15,0.7741935426437443,0.5986684591123885
post,1.0001,16,0.8032056427300756,0.6079209140831813
post,1.0001,17,0.8323601406176351,0.6204811897508502
post,1.0001,18,0.8598777793154914,0.6364904340310791
post,1.0001,19,0.883689696946126,0.6559749033874733
post,1.0001,20,0.9018918840080866,0.6787552626017197
post,1.0001,21,0.9133546136838646,0.7043910873655823
post,1.0001,22,0.9180992920001676,0.7321536728804912
post,1.0001,23,0.9171333300365367,0.7608963151747052
post,1.0001,24,0.9118857090688219,0.7887855541239633
post,1.0001,25,0.9036820576967776,0.8130236854443014
post,1.0001,26,0.8935174320218428,0.8301589292083431
post,1.0001,27,0.8820688561087865,0.8381921470488307
post,1.0001,28,0.8697921147564225,0.8378957430493224
post,1.0001,29,0.8570113531375654,0.8309749010263634
post,1.0001,30,0.8439781211940658,0.8183284366196928
post,1.0001,31,0.830904684621515,0.8009328973801353
post,1.0001,32,0.817981187270949,0.7828664857676269
post,1.0001,33,0.8053839504970732,0.7657962100230638
post,1.0001,34,0.7932793106508764,0.7492957763351427
post,1.0001,35,0.7818253853940814,0.73345118669777
post,1.0001,36,0.7711729787305649,0.7185158346312478
post,1.0001,37,0.7614661923983094,0.7047344675484631
post,1.0001,38,0.7528429726402172,0.6923188322669004
post,1.0001,39,0.7454356528619493,0.6814527597473887
post,1.0001,40,0.7393714612066741,0.67229995416809
post,1.0001,41,0.7347729174964422,0.6650097207577625
post,1.0001,42,0.7317580143265878,0.6597205132449977
post,1.0001,43,0.7304400579468867,0.6565621873902572
post,1.0001,44,0.7309270222756965,0.6556581244503654
post,1.0001,45,0.7333202460233864,0.6571282970294896
post,1.0001,46,0.7377122770381028,0.6610933302983417
post,1.0001,47,0.7441836454919827,0.6676770135135794
post,1.0001,48,0.7527983202421131,0.6770017546253921
post,1.0001,49,0.7635976009950602,0.6891726177452376
post,1.0001,50,0.7765922315521208,0.7042525537905091
post,1.0001,51,0.7917526018127685,0.7222346871243075
post,1.0001,52,0.8089971386279834,0.7430114445811541
post,1.0001,53,0.8281793692585803,0.7663400182355279
post,1.0001,54,0.8490747824198139,0.791807499302313
post,1.0001,55,0.8713696036294989,0.8187918444106345
post,1.0001,56,0.8946546949187716,0.846419251727364
post,1.0001,57,0.9184287736957703,0.8735427063296322
post,1.0001,58,0.9421150436180903,0.8987775368084481
post,1.0001,59,0.9650931290611428,0.9206879190808858
post,1.0001,60,0.9867433237552795,0.9382159340925431
post,1.0001,61,1.0064939377660307,0.9510356955770765
post,1.0001,62,1.0238586959837195,0.9594111772600635
post,1.0001,63,1.038453618856582,0.9638120803476509
post,1.0001,64,1.0499918233510794,0.9647311162419425
post,1.0001,65,1.0582646022310107,0.962684285589708
post,1.0001,66,1.0631215117146953,0.9581352633672812
post,1.0001,67,1.0644591000768904,0.9514202060804877
post,1.0001,68,1.062220999304019,0.9427933384706463
post,1.0001,69,1.0564063230252587,0.9324830334627308
post,1.0001,70,1.0470807782834075,0.9207100431443561
post,1.0001,71,1.0343852453598925,0.907691590248639
post,1.0001,72,1.0185383798309966,0.8936442730616413
post,1.0001,73,0.9998319360712734,0.8787861883382831
post,1.0001,74,0.9786193756597638,0.8633372560013275
post,1.0001,75,0.955299618778188,0.8475177987191111
post,1.0001,76,0.9302984219823763,0.8315460547792566
post,1.0001,77,0.9040498628429535,0.8156353955963647
post,1.0001,78,0.8769799365950045,0.7999918450518124
post,1.0001,79,0.8494935465416802,0.784812239010876
post,1.0001,80,0.8219654219837271,0.7702831277329251
post,1.0001,81,0.7947348792378803,0.7565803629860158
post,1.0001,82,0.7681039340921694,0.7438692287844451
post,1.0001,83,0.742338078049463,0.7323049454325502
post,1.0001,84,0.717668990265833,0.7220333757955921
post,1.0001,85,0.6942985297530625,0.7131917808673689
post,1.0001,86,0.6724034759291659,0.7059095149747352
post,1.0001,87,0.6521406091456167,0.7003086302038397
post,1.0001,88,0.6336518468278179,0.6965044730614807
post,1.0001,89,0.6170692434593078,0.694606464986345
post,1.0001,90,0.6025197235200267,0.6947192549815574
post,1.0001,91,0.5901294527095718,0.6969441388318043
post,1.0001,92,0.5800277572799487,0.7013799328257179
post,1.0001,93,0.5723504740063119,0.7081216516072407
post,1.0001,94,0.5672425615285508,0.7172552851167623
post,1.0001,95,0.5648596922510255,0.728848368425729
post,1.0001,96,0.5653683935009888,0.7429374221128491
post,1.0001,97,0.5689440541550237,0.7595118938569503
post,1.0001,98,0.575765718785491,0.778491389857856
post,1.0001,99,0.5860059647533042,0.7996954936157972
post,1.0001,100,0.5998131069527881,0.8228141809561275
post,1.0001,101,0.6172811919657882,0.8473917321350257
post,1.0001,102,0.6384001558310649,0.8728315108621847
post,1.0001,103,0.6629732939889849,0.8984199719853614
post,1.0001,104,0.6904812175931372,0.9233643117274041
post,1.0001,105,0.7198646883355638,0.9468478598052743
post,1.0001,106,0.7492195837498826,0.9681221433720294
post,1.0001,107,0.7755372157386705,0.9866184266421761
post,1.0001,108,0.7949662392600715,1.0020000434481284
post,1.0001,109,0.8041226909794373,1.0141126656613095
post,1.0001,110,0.8018352414400673,1.0228910302615928
post,1.0001,111,0.7897026275673452,1.0283071321810398
post,1.0001,112,0.7709516995333718,1.0303758874281836
post,1.0001,113,0.7487838523551217,1.0291681907760553
post,1.0001,114,0.7254794581682191,1.0248021137058574
post,1.0001,115,0.7023865314587783,1.0174263361899456
post,1.0001,116,0.6802463544200372,1.0072114365248088
post,1.0001,117,0.6594769851915788,0.994350675474527
post,1.0001,118,0.6403385242343113,0.9790650524829148
post,1.0001,119,0.623016140018171,0.9616074678446069
post,1.0001,120,0.6076602563750362,0.9422631978183129
post,1.0001,121,0.5944066552815096,0.9213458945538557
post,1.0001,122,0.5833874054472526,0.8991895465164492
post,1.0001,123,0.5747374492003768,0.876137675103267
post,1.0001,124,0.5685988578062,0.8525316992798662
post,1.0001,125,0.5651234613571037,0.828700610397878
post,1.0001,126,0.5644738972064994,0.8049535132185459
post,1.0001,127,0.566822681681147,0.7815754133209969
post,1.0001,128,0.5723484824317557,0.758825639087747
post,1.0001,129,0.581228203866838,0.7369380387558933
post,1.0001,130,0.5936226157659467,0.716122426554374
post,1.0001,131,0.6096518017029329,0.6965671235515434
post,1.0001,132,0.6293541930187035,0.6784425063388073
post,1.0001,133,0.6526186657454941,0.6619052727180663
post,1.0001,134,0.679072163023218,0.6471028719398653
post,1.0001,135,0.7078967868594349,0.6341773987967412
post,1.0001,136,0.737554065069038,0.6232682738161673
post,1.0001,137,0.7654718774943995,0.6145132213248239
post,1.0001,138,0.7880236649831929,0.6080474135592859
post,1.0001,139,0.8014190199292108,0.6040012074114081
post,1.0001,140,0.8034633340564865,0.6024977387195514
post,1.0001,141,0.7947443314795244,0.6036528137148214
post,1.0001,142,0.7780733850632595,0.6075805041659166
post,1.0001,143,0.7568337942041381,0.6144059090042265
post,1.0001,144,0.7337063306100167,0.6242773636186458
post,1.0001,145,0.71036841552243,0.6373579044388722
post,1.0001,146,0.6877558426101038,0.6537781641981825
post,1.0001,147,0.666385329525345,0.6735546415628613
post,1.0001,148,0.6465640068444295,0.6965023061990772
post,1.0001,149,0.6284989044196748,0.7221848549111727
post,1.0001,150,0.6123501639074341,0.7498989155840484
post,1.0001,151,0.5982571279635691,0.7785894587713251
post,1.0001,152,0.5863520104393427,0.8066594767085187
post,1.0001,153,0.5767678188609643,0.8317708333109567
post,1.0001,154,0.5696433787910785,0.8510557053027274
post,1.0001,155,0.565126558881795,0.8625595657887271
post,1.0001,156,0.5633759518284865,0.8664738486101005
post,1.0001,157,0.5645607702399424,0.8640993943697919
post,1.0001,158,0.5688583043130047,0.856391556735207
post,1.0001,159,0.5764477843475037,0.8442923823596111
post,1.0001,160,0.5874987507571646,0.8305048276756288
post,1.0001,161,0.6021508227782743,0.816699154954019
post,1.0001,162,0.6204796939273822,0.8028430028746338
post,1.0001,163,0.6424406077157674,0.7890650856707356
post,1.0001,164,0.6677745320958992,0.7756372342039008
post,1.0001,165,0.6958535770704269,0.762819884721303
post,1.0001,166,0.7254375356144361,0.7508362380604101
post,1.0001,167,0.75435172357145,0.7398772695786571
post,1.0001,168,0.7792906096088648,0.7301098143164462
post,1.0001,169,0.7963187871055046,0.7216828509532349
post,1.0001,170,0.8024383509447746,0.7147317811794626
post,1.0001,171,0.7972045839208374,0.7093812657968389
post,1.0001,172,0.7828161757162115,0.7057471970321398
post,1.0001,173,0.7626704004439474,0.7039382918968204
post,1.0001,174,0.7398028422628403,0.7040576260451645
post,1.0001,175,0.7162462100061958,0.7062040765270293
post,1.0001,176,0.693164194489037,0.7104730388201277
post,1.0001,177,0.6711926532643853,0.7169551647309155
post,1.0001,178,0.6506954248545265,0.7257318608964209
post,1.0001,179,0.6319053523368626,0.7368672563517547
post,1.0001,180,0.6149937177354916,0.7503972208069467
post,1.0001,181,0.600103876000638,0.7663149156580258
post,1.0001,182,0.5873683550232504,0.7845502638565447
post,1.0001,183,0.5769183963638874,0.8049425568985569
post,1.0001,184,0.5688898434584269,0.8272128301871493
post,1.0001,185,0.5634269583445594,0.8509483998004321
post,1.0001,186,0.560684659805126,0.8756084030478506
post,1.0001,187,0.560829093641875,0.9005494922599788
post,1.0001,188,0.5640360149262836,0.925063754234978
post,1.0001,189,0.5704860019419017,0.9484245669876311
post,1.0001,190,0.580354858655847,0.9699492343926532
post,1.0001,191,0.5937965173167704,0.9890754367289649
post,1.0001,192,0.6109139635769758,1.0054091786854265
post,1.0001,193,0.6317106054651683,1.0187070660012487
post,1.0001,194,0.6560091007779979,1.028817043008984
post,1.0001,195,0.6833161349810807,1.0356360473868271
post,1.0001,196,0.7126029303958797,1.0391087377342139
post,1.0001,197,0.7419876484615774,1.0392397124002677
post,1.0001,198,0.7684428474036309,1.03609148210335
post,1.0001,199,0.7880191077718403,1.0297715330804451
post,1.0001,200,0.7971787525056375,1.02042178104922
post,1.0001,201,0.7946407630062257,1.0082156706211063
post,1.0001,202,0.782007231454006,0.9933606890343802
post,1.0001,203,0.7625978203228552,0.9761017711334563
post,1.0001,204,0.7397247547574746,0.9567221149771657
post,1.0001,205,0.7157460365824462,0.9355397702648431
post,1.0001,206,0.6920465162946322,0.9128998062961686
post,1.0001,207,0.669378248123498,0.8891629258015888
post,1.0001,208,0.6481581099827757,0.8646923253839043
post,1.0001,209,0.6286407440510828,0.8398412283545282
post,1.0001,210,0.6110049166747358,0.8149432612540453
post,1.0001,211,0.5953950457386449,0.7903065905509414
post,1.0001,212,0.5819418536543756,0.7662113185537441
post,1.0001,213,0.5707735487974094,0.7429090536259728
post,1.0001,214,0.5620225502808096,0.7206239131302774
post,1.0001,215,0.555829827172435,0.6995547970777263
post,1.0001,216,0.5523475701129769,0.679878981788512
post,1.0001,217,0.5517402226120519,0.6617568609008566
post,1.0001,218,0.5541834347900898,0.6453372858453259
post,1.0001,219,0.5598600310108504,0.6307626960720691
post,1.0001,220,0.56895144683413,0.6181731771656844
post,1.0001,221,0.5816220648133926,0.6077087233183491
post,1.0001,222,0.5979921322499118,0.5995092844330918
post,1.0001,223,0.6180918298062626,0.5937126656957401
post,1.0001,224,0.6417834809120541,0.5904510676440364
post,1.0001,225,0.6686293747013601,0.5898480993201625
post,1.0001,226,0.6976704553253537,0.5920195734707524
post,1.0001,227,0.7270877134709155,0.5970824784288514
post,1.0001,228,0.7538439685809415,0.6051727940246358
post,1.0001,229,0.7738150099608345,0.6164582039473382
post,1.0001,230,0.783148089045927,0.6311158468459661
post,1.0001,231,0.7803083796068282,0.6492555373810524
post,1.0001,232,0.7668658276311657,0.6708065730854695
post,1.0001,233,0.7463019907865859,0.6954239430563283
post,1.0001,234,0.7221466912231378,0.7224651000548216
post,1.0001,235,0.6969195669170186,0.7509647551725859
post,1.0001,236,0.6720856736477682,0.7794564854439614
post,1.0001,237,0.6484220132273015,0.8056859457337415
post,1.0001,238,0.6263442040054585,0.8264927269413324
post,1.0001,239,0.6060959716931937,0.8390445408605549
post,1.0001,240,0.5878428330935485,0.8429491094245956
post,1.0001,241,0.571716559601406,0.8396677223788744
post,1.0001,242,0.5578369996655824,0.8304785285160443
post,1.0001,243,0.5463237635834919,0.8158277080893805
post,1.0001,244,0.5373032029766133,0.7982402993995141
post,1.0001,245,0.5309129028149647,0.7812827658600797
post,1.0001,246,0.527304440921754,0.7649589407005932
post,1.0001,247,0.5266444214826584,0.7491342425845293
post,1.0001,248,0.5291132738114328,0.7340322914590429
post,1.0001,249,0.5349007582256036,0.7199114256480178
post,1.0001,250,0.5441963407627952,0.7069980005558819
post,1.0001,251,0.5571712828137283,0.6954853223547548
post,1.0001,252,0.5739469124962373,0.6855419562113063
post,1.0001,253,0.5945390320252587,0.6773188522756498
post,1.0001,254,0.6187596356785713,0.670954027444168
post,1.0001,255,0.6460408205515484,0.6665753991557579
post,1.0001,256,0.6751232499964176,0.6643027684963875
post,1.0001,257,0.7035725524492144,0.6642500499941999
post,1.0001,258,0.7273888912817498,0.6665285480479093
post,1.0001,259,0.741720158636983,0.6712508215522699
post,1.0001,260,0.7432303575924508,0.678532279906588
post,1.0001,261,0.7320807786755416,0.6884858097959821
post,1.0001,262,0.7114816099383793,0.7012065278556777
post,1.0001,263,0.6855989063965522,0.7167481316253942
post,1.0001,264,0.6578039824580344,0.7350927096200349
post,1.0001,265,0.6301679134611982,0.7561143177961177
post,1.0001,266,0.6037689918181893,0.7795434259866973
post,1.0001,267,0.5791321478572394,0.8049419801552617
post,1.0001,268,0.5565196624681521,0.8316853679005052
post,1.0001,269,0.536079212891014,0.858946225942502
post,1.0001,270,0.5179125001275096,0.8856926837124253
post,1.0001,271,0.5021070769601662,0.9107276175508909
post,1.0001,272,0.4887521486770318,0.9328447990298387
post,1.0001,273,0.4779473611255495,0.9511462399276737
post,1.0001,274,0.46980826546533827,0.9652848134280764
post,1.0001,275,0.4644698186387681,0.9753658442483278
post,1.0001,276,0.4620881826776722,0.9816720023668813
post,1.0001,277,0.4628404178681498,0.9845095494679083
post,1.0001,278,0.46692103066290325,0.9842057221823957
post,1.0001,279,0.4745334351732496,0.9810934111017284
post,1.0001,280,0.4858727922491219,0.9754623619396401
post,1.0001,281,0.5010935444737381,0.967554513550767
post,1.0001,282,0.520248230541966,0.9575866987270414
post,1.0001,283,0.5431688591878648,0.9457685969700759
post,1.0001,284,0.5692267960488177,0.9323127368675159
post,1.0001,285,0.5968408850961248,0.9174401861726751
post,1.0001,286,0.6226450282187387,0.9013830502202476
post,1.0001,287,0.6411907520093163,0.8843839412548105
post,1.0001,288,0.6473001339592184,0.8666929252054452
post,1.0001,289,0.6394100629337458,0.848562861917568
post,1.0001,290,0.6199870965814492,0.8302442055084571
post,1.0001,291,0.5934358891164382,0.8119802154781695
post,1.0001,292,0.5638566132984315,0.794003217624555
post,1.0001,293,0.5340204015005742,0.7765321782080981
post,1.0001,294,0.5054242043603873,0.7597715528285497
post,1.0001,295,0.4787513534900399,0.7439112068971652
post,1.0001,296,0.4542769143774866,0.7291271501231542
post,1.0001,297,0.4321007559530998,0.7155828181408552
post,1.0001,298,0.41225764230106887,0.7034306276759648
post,1.0001,299,0.39476567998088863,0.6928135271444233
post,1.0001,300,0.3796479607894831,0.6838662895984009
post,1.0001,301,0.3669430921305682,0.6767163828008811
post,1.0001,302,0.35671105853461915,0.6714844277214502
post,1.0001,303,0.34903688384066867,0.6682845263061756
post,1.0001,304,0.34403284952093766,0.6672250432314957
post,1.0001,305,0.3418391663152318,0.6684105469407395
post,1.0001,306,0.3426223638954151,0.6719450891367714
post,1.0001,307,0.34656987680003126,0.6779353671366585
post,1.0001,308,0.353877900783654,0.6864901081565695
post,1.0001,309,0.3647265741113103,0.6977115438443462
post,1.0001,310,0.37922917721139837,0.7116775732516543
post,1.0001,311,0.3973219933503969,0.7284155702972828
post,1.0001,312,0.41850184595019013,0.7478679564890792
post,1.0001,313,0.44116088981518203,0.7698535421535968
post,1.0001,314,0.4613859054672303,0.7940376469252175
post,1.0001,315,0.47360501084422985,0.8199176844662677
post,1.0001,316,0.4744806112894478,0.8468150180040859
post,1.0001,317,0.46436315208615164,0.8738694024537857
post,1.0001,318,0.4460596214587178,0.9000483869717677
post,1.0001,319,0.42304188347538807,0.9242099558810324
post,1.0001,320,0.398197266407815,0.945296942887045
post,1.0001,321,0.3734454959961024,0.9626226569691642
post,1.0001,322,0.34986261809745467,0.975985376054812
post,1.0001,323,0.32795373406431516,0.9855023893027168
post,1.0001,324,0.3079077137119783,0.9913872578242344
post,1.0001,325,0.28976875080924996,0.993869184602897
post,1.0001,326,0.27352755289671987,0.9932116481672936
post,1.0001,327,0.25916360506042097,0.9896956162370605
post,1.0001,328,0.24666394697746447,0.983579893591659
post,1.0001,329,0.23603183093979013,0.975093265619354
post,1.0001,330,0.22729114055278654,0.9644478522402851
post,1.0001,331,0.22048889993397605,0.951853617169474
post,1.0001,332,0.21569662323125818,0.937528405193152
post,1.0001,333,0.21301049097337835,0.9217035511921863
post,1.0001,334,0.21254983383632414,0.9046254959338766
post,1.0001,335,0.21445281982208958,0.8865539053475863
post,1.0001,336,0.2188671448128672,0.8677571248076899
post,1.0001,337,0.2259308833760108,0.8485061035681983
post,1.0001,338,0.23573124974906998,0.8290680262031807
post,1.0001,339,0.24820514919360198,0.8097007145097971
post,1.0001,340,0.2628585396257891,0.7906484608759496
post,1.0001,341,0.27796141080236814,0.7721394970402545
post,1.0001,342,0.2898617914634023,0.7543849727713481
post,1.0001,343,0.2954294353417251,0.737579175182632
post,1.0001,344,0.29385226493512256,0.7219006928457414
post,1.0001,345,0.28603606957161576,0.7075142243276121
post,1.0001,346,0.27376893939105607,0.6945727058704201
post,1.0001,347,0.25893710638583467,0.6832194045511226
post,1.0001,348,0.24306060582728567,0.6735896331655188
post,1.0001,349,0.22718398861346384,0.6658118298335975
post,1.0001,350,0.21194960297893994,0.660007938142627
post,1.0001,351,0.1977080596617532,0.6562933432181164
post,1.0001,352,0.1846187778199781,0.6547770498997947
post,1.0001,353,0.17273403934180853,0.6555631704806304
post,1.0001,354,0.1620578952790069,0.6587546143263783
post,1.0001,355,0.15257951722817764,0.6644582868591562
post,1.0001,356,0.1442896986984971,0.6727879250584309
post,1.0001,357,0.13718870178010897,0.6838582911966906
post,1.0001,358,0.13129010127039334,0.6977663629162276
post,1.0001,359,0.12662274220767497,0.7145595324803649
post,1.0001,360,0.12323160385357611,0.7341929197447354
post,1.0001,361,0.12117770834823531,0.7564841478564543
post,1.0001,362,0.12053683256537553,0.781083558094269
post,1.0001,363,0.12139641253472089,0.8074628977798526
post,1.0001,364,0.12384934286176578,0.8348994664949229
post,1.0001,365,0.12798156929613944,0.8624482205234525
post,1.0001,366,0.13384483301858216,0.8889270095428174
post,1.0001,367,0.14138614723136497,0.9129820801330211
post,1.0001,368,0.15022485061190735,0.9333674121894364
post,1.0001,369,0.15901900647426137,0.949366490853403
post,1.0001,370,0.16548622735382815,0.9609172266263557
post,1.0001,371,0.16826780755758775,0.9683198961583546
post,1.0001,372,0.16718534392273227,0.9719445572433387
post,1.0001,373,0.16278599391089174,0.9721930129890759
post,1.0001,374,0.15598110951522373,0.9695190999052546
post,1.0001,375,0.14771673488361456,0.9643311741269862
post,1.0001,376,0.1387747846397132,0.9569386201522385
post,1.0001,377,0.1297178001934198,0.9475886659842399
post,1.0001,378,0.1209160836091444,0.9365053305649131
post,1.0001,379,0.11259639779112794,0.9239063038246726
post,1.0001,380,0.1048834509736921,0.9100100494131047
post,1.0001,381,0.09783363767480836,0.8950395970390519
post,1.0001,382,0.09146463595331608,0.8792238018165355
post,1.0001,383,0.08577749861671688,0.8627961959403689
post,1.0001,384,0.08076982772123813,0.8459920507427061
post,1.0001,385,0.07644262907582772,0.8290445431065812
post,1.0001,386,0.07280372316749231,0.8121808865140363
post,1.0001,387,0.06986942188491274,0.7956190621210806
post,1.0001,388,0.06766524327363388,0.7795654936769127
post,1.0001,389,0.06622591234693248,0.7642137517788257
post,1.0001,390,0.06559461353520867,0.7497441970014216
post,1.0001,391,0.06582125073078735,0.7363243737740627
post,1.0001,392,0.06695913940118962,0.7241099190100672
post,1.0001,393,0.06905867361273617,0.7132457304687103
post,1.0001,394,0.0721537420721618,0.7038671485985248
post,1.0001,395,0.07622655860479977,0.6961009553524744
post,1.0001,396,0.08109317480293547,0.6900661002444846
post,1.0001,397,0.08604925195360258,0.6858742345061368
post,1.0001,398,0.08983728238529376,0.6836303452366195
post,1.0001,399,0.0917066160521322,0.6834339373377607
post,1.0001,400,0.09152712785396167,0.6853810943924252
post,1.0001,401,0.08953352571632474,0.6895670687558983
post,1.0001,402,0.08616073962215821,0.6960877825414711
post,1.0001,403,0.08188900051487366,0.7050375504203652
post,1.0001,404,0.07713819531829812,0.716500731418598
post,1.0001,405,0.07222674566699326,0.7305365745977289
post,1.0001,406,0.06737502945590113,0.7471567478848128
post,1.0001,407,0.06272667047532354,0.7662945802874747
post,1.0001,408,0.05836982792813753,0.7877702504825883
post,1.0001,409,0.05435282061336289,0.8112648060827177
post,1.0001,410,0.05069711284986656,0.8363126218258088
post,1.0001,411,0.04740937006780761,0.8623085973287519
post,1.0001,412,0.04449060050833762,0.8885232914523398
post,1.0001,413,0.04194165757048029,0.9141256173487671
post,1.0001,414,0.03976615090247525,0.9382291596085006
post,1.0001,415,0.037971905241172485,0.959999156940425
post,1.0001,416,0.03657162814772097,0.9788052524984612
post,1.0001,417,0.035583068539534524,0.9943040333973556
post,1.0001,418,0.035028732457302106,1.006377523703463
post,1.0001,419,0.03493509510957392,1.015008123343391
post,1.0001,420,0.035331112007184605,1.0202110759896958
post,1.0001,421,0.03624551112982606,1.0220456495349604
post,1.0001,422,0.03770136205984944,1.0206317646835286
post,1.0001,423,0.03970295782826767,1.0161332781778314
post,1.0001,424,0.04219552183620549,1.008733353593366
post,1.0001,425,0.044922367923005885,0.9986236384425622
post,1.0001,426,0.047253502255513516,0.9860068068789987
post,1.0001,427,0.04866619565795281,0.9711042082067735
post,1.0001,428,0.04900666844309515,0.9541622495314064
post,1.0001,429,0.04833638069051886,0.9354547411080365
post,1.0001,430,0.04684548721850031,0.915280647388582
post,1.0001,431,0.04477564972288589,0.8939577606346745
post,1.0001,432,0.042357615002840264,0.8718134981511438
post,1.0001,433,0.03977832966193626,0.8491745645153572
post,1.0001,434,0.03717397195291478,0.8263573845076863
post,1.0001,435,0.034637145117999264,0.8036607393621605
post,1.0001,436,0.0322279444043567,0.7813611221032906
post,1.0001,437,0.029983086862717823,0.7597105469355006
post,1.0001,438,0.02792231043834168,0.73893628696607
post,1.0001,439,0.02605410083419013,0.7192421432406639
post,1.0001,440,0.024381116400926404,0.7008109992671165
post,1.0001,441,0.022904197476263415,0.6838083848453114
post,1.0001,442,0.021624739180152508,0.6683866068033311
post,1.0001,443,0.020545941685078475,0.6546888453067825
post,1.0001,444,0.019673423419576383,0.642852561765954
post,1.0001,445,0.019015461791633503,0.633011645211474
post,1.0001,446,0.01858296421478993,0.6252969370475168
post,1.0001,447,0.01838918055356529,0.6198351365718808
post,1.0001,448,0.018449105143270996,0.6167466628867697
post,1.0001,449,0.018778415869996866,0.6161439281820162
post,1.0001,450,0.019391513134512685,0.6181326000552179
post,1.0001,451,0.020297278338545714,0.622818823769552
post,1.0001,452,0.02148755430137806,0.6303221760996955
post,1.0001,453,0.02289702494995484,0.6407849197307682
post,1.0001,454,0.0242886380606252,0.6543592333573962
post,1.0001,455,0.025312882942186792,0.6711590739279377
post,1.0001,456,0.025801979210431075,0.6911821095209842
post,1.0001,457,0.025737097623013665,0.7142302155335399
post,1.0001,458,0.025185111402383737,0.7398711813835609
post,1.0001,459,0.024259814695532764,0.7674362546148626
post,1.0001,460,0.023085523435445364,0.7959636657487795
post,1.0001,461,0.021772213789184577,0.8240603128576522
post,1.0001,462,0.02040517864126245,0.8497677361156326
post,1.0001,463,0.019045063747692433,0.87071707192569
post,1.0001,464,0.017732657095527644,0.8851030246083627
post,1.0001,465,0.01649428771363895,0.8927154086993703
post,1.0001,466,0.01534582149913222,0.8944558394630603
post,1.0001,467,0.014295511204373175,0.8912160817135786
post,1.0001,468,0.01334675493549078,0.883821291113331
post,1.0001,469,0.012500651435284234,0.8739770770416619
post,1.0001,470,0.011757801439149208,0.8631175649483989
post,1.0001,471,0.01111934538773562,0.8515531825906146
post,1.0001,472,0.010587502430780504,0.8394480310533957
post,1.0001,473,0.010165823453593069,0.8270613838401222
post,1.0001,474,0.009859265444966616,0.8146570229004426
post,1.0001,475,0.009674123815235167,0.8024697747130056
post,1.0001,476,0.009617818884606888,0.7907051861671153
post,1.0001,477,0.00969849759482198,0.7795454284799566
post,1.0001,478,0.009924336402960733,0.7691545165074862
post,1.0001,479,0.010302198734582123,0.75968196779034
post,1.0001,480,0.010834491628474363,0.7512652515268301
post,1.0001,481,0.011509702060344865,0.7440314521569027
post,1.0001,482,0.012267774196863923,0.7380984528967937
post,1.0001,483,0.012943301718562443,0.7335758452298193
post,1.0001,484,0.01338128085142989,0.7305657130889855
post,1.0001,485,0.013530619791458323,0.7291633931622641
post,1.0001,486,0.013400575435156705,0.72945822511398
post,1.0001,487,0.013036792519930375,0.7315341355052781
post,1.0001,488,0.012501775767646054,0.735469660103776
post,1.0001,489,0.011858062607860818,0.741336816837979
post,1.0001,490,0.011158288152348145,0.7491982693455745
post,1.0001,491,0.010442056944226391,0.7591024804153175
post,1.0001,492,0.009737040722618951,0.7710766764498707
post,1.0001,493,0.009061687594836335,0.7851169701817418
post,1.0001,494,0.008427806629279652,0.8011743145511405
post,1.0001,495,0.007842354548440062,0.8191357422477483
post,1.0001,496,0.00730879696148974,0.8388038426060002
post,1.0001,497,0.006828494100303799,0.8598818924004487
post,1.0001,498,0.006401919280378084,0.8819730246585067
post,1.0001,499,0.006029472829102817,0.9045968441910424
post,1.0001,500,0.005711937769986424,0.9272190833455822
post,1.0001,501,0.00545071178231418,0.949381967764833
post,1.0001,502,0.0052479088761437235,0.970556297477202
post,1.0001,503,0.005106374164731478,0.9902443675341156
post,1.0001,504,0.005029623929788512,1.0080008414813237
post,1.0001,505,0.005021704496581074,1.0234414260991056
post,1.0001,506,0.005086942002072667,1.0362382557558534
post,1.0001,507,0.00522949966817746,1.0461130036037072
post,1.0001,508,0.005452480234658065,1.052839435623812
post,1.0001,509,0.0057556556872376844,1.056254086408619
post,1.0001,510,0.0061280039218995245,1.0562645410337708
post,1.0001,511,0.00652184668325051,1.0528493608142013
post,1.0001,512,0.006840807083257097,1.0460523046036279
post,1.0001,513,0.0070228812857936074,1.0359762988695684
post,1.0001,514,0.007053767142849176,1.022780112152609
post,1.0001,515,0.006945318155053516,1.0066770612778622
post,1.0001,516,0.006724964341284906,0.9879331553152116
post,1.0001,517,0.006425832858855625,0.9668624682203167
post,1.0001,518,0.0060790840021862315,0.9438190378120667
post,1.0001,519,0.005709978265357832,0.9191857858285376
post,1.0001,520,0.005337076694307685,0.8933614680541244
post,1.0001,521,0.004973166838130131,0.8667469955962481
post,1.0001,522,0.004626704787477256,0.8397327673643392
post,1.0001,523,0.004303037149755497,0.8126884111686481
post,1.0001,524,0.00400521827570799,0.7859554684936856
post,1.0001,525,0.0037346946261160342,0.7598428481146666
post,1.0001,526,0.0034920085979210343,0.7346248733704208
post,1.0001,527,0.0032773771800556316,0.7105420926353473
post,1.0001,528,0.003091058785783112,0.6878050541814662
post,1.0001,529,0.0029335531931143494,0.666600789266852
post,1.0001,530,0.0028057007340598064,0.6471010992974522
post,1.0001,531,0.0027087213829364103,0.6294712591897129
post,1.0001,532,0.0026442109936605663,0.6138775975362865
post,1.0001,533,0.0026140980968567015,0.6004926035560811
post,1.0001,534,0.002620555502452153,0.5894967251579225
post,1.0001,535,0.0026658470315501113,0.5810769095779655
post,1.0001,536,0.0027520494928369075,0.5754232440976719
post,1.0001,537,0.0028804560825782975,0.572726546052537
post,1.0001,538,0.0030499498497577895,0.5731805550727529
post,1.0001,539,0.0032512693985075223,0.5769908591168946
post,1.0001,540,0.0034504714470250625,0.5843862178766865
post,1.0001,541,0.003597918646464329,0.5956147776672782
post,1.0001,542,0.0036701916684589173,0.6109027558261824
post,1.0001,543,0.0036645208287074157,0.6303798622544112
post,1.0001,544,0.0035899123638261747,0.6539765050398338
post,1.0001,545,0.003461932539228664,0.6812748338346593
post,1.0001,546,0.0032977910586335676,0.7114541893228126
post,1.0001,547,0.0031129094130684246,0.7434106958895805
post,1.0001,548,0.0029194095947487238,0.7756550910708362
post,1.0001,549,0.002726023009680083,0.8050064981934208
post,1.0001,550,0.002538693936599355,0.8256895814710343
post,1.0001,551,0.00236132036456497,0.8343478536968627
post,1.0001,552,0.00219632538977094,0.8322755089721764
post,1.0001,553,0.0020450416068191874,0.821537611398538
post,1.0001,554,0.0019080659446302022,0.8036208880515202
post,1.0001,555,0.001785614906605365,0.7796783294665697
post,1.0001,556,0.0016777964532718366,0.750774010018225
post,1.0001,557,0.001584774422681029,0.7203221419372177
post,1.0001,558,0.0015068559745827052,0.688994810174876
post,1.0001,559,0.0014445335259382938,0.6527002977023211
post,1.0001,560,0.0013984985952425683,0.6050991478530627
post,1.0001,561,0.001369634216615968,0.5563580027415032
post,1.0001,562,0.0013589863714277908,0.5124252954976098
post,1.0001,563,0.001367710078653441,0.47125162040690016
post,1.0001,564,0.0013969763610177793,0.4323007521062845
post,1.0001,565,0.0014477975152369714,0.39556865109091893
post,1.0001,566,0.001520628853259697,0.36109840966177975
post,1.0001,567,0.0016141998499808671,0.3288409128605768
post,1.0001,568,0.0017212216291027588,0.3002755691346428
post,1.0001,569,0.001819691624948146,0.27501821088343675
post,1.0001,570,0.0018863432618216722,0.2525344769713499
post,1.0001,571,0.0019127433073482072,0.23243128419960368
post,1.0001,572,0.0018994143912267503,0.2145773498641893
post,1.0001,573,0.0018522303406125486,0.19916646043311242
post,1.0001,574,0.0017797339950060486,0.1866728689185646
post,1.0001,575,0.001690740659355845,0.1777201565462742
post,1.0001,576,0.0015928348317571202,0.17302242651037647
post,1.0001,577,0.001491821856624697,0.17325650419315786
post,1.0001,578,0.001391811791539237,0.17855623893558825
post,1.0001,579,0.0012955738521731436,0.18836348557631177
post,1.0001,580,0.001204906848952108,0.20217580452957679
post,1.0001,581,0.001120904321540357,0.22029553726739898
post,1.0001,582,0.0010441414842107517,0.24333172530301977
post,1.0001,583,0.000974861443234373,0.2711116979709648
post,1.0001,584,0.0009131518932378649,0.3024862435624604
post,1.0001,585,0.0008590712742687726,0.33537646147117334
post,1.0001,586,0.000812722015476265,0.36849034646530504
post,1.0001,587,0.000774288594535893,0.4017671536870668
post,1.0001,588,0.0007440549469136166,0.43548805015549286
post,1.0001,589,0.0007224085524947155,0.4698190032402425
post,1.0001,590,0.000709833645185386,0.5046759088852967
post,1.0001,591,0.0007068931562753058,0.5399558625203149
post,1.0001,592,0.00071419625919045,0.5757485653129397
post,1.0001,593,0.0007323419158039737,0.6125359518531306
post,1.0001,594,0.0007618082360216451,0.6513693409480797
post,1.0001,595,0.000802683882324283,0.6912979124142156
post,1.0001,596,0.0008538207057980557,0.7309595751426636
post,1.0001,597,0.0009097505764422906,0.7705441498817025
post,1.0001,598,0.0009574119831364733,0.8088667597158086
post,1.0001,599,0.0009867093050934272,0.8407572384264472
post,1.0001,600,0.0009948072346294995,0.8575749728866271
post,1.0001,601,0.0009828497754994512,0.856986609219462
post,1.0001,602,0.0009543914509373714,0.8428873821676554
post,1.0001,603,0.0009140126298927201,0.8187931316802429
post,1.0001,604,0.0008661773069683545,0.787047504879895
post,1.0001,605,0.0008145927561479418,0.7493815714090011
post,1.0001,606,0.0007620307766415171,0.7097168130769828
post,1.0001,607,0.0007104243243137268,0.6710719245259722
post,1.0001,608,0.0006610636681828394,0.6334603826776279
post,1.0001,609,0.000614777358825918,0.5969132969413089
post,1.0001,610,0.000572055137588355,0.5614801528577614
post,1.0001,611,0.0005331420163953627,0.5272283702531271
post,1.0001,612,0.0004981357739867883,0.49424137936439144
post,1.0001,613,0.00046707329374124924,0.4626148592366551
post,1.0001,614,0.0004399883973744261,0.4324509349869902
post,1.0001,615,0.0004169442798295974,0.4038505485453484
post,1.0001,616,0.0003980499660168965,0.3769047753127801
post,1.0001,617,0.00038346733028460876,0.35168631419840624
post,1.0001,618,0.0003734116950726113,0.32196079245665005
post,1.0001,619,0.00036814682977728114,0.2881643614476676
post,1.0001,620,0.00036797383028053054,0.25830361299479065
post,1.0001,621,0.00037321168655385064,0.23013284950071217
post,1.0001,622,0.0003841628519213318,0.20325907447111707
post,1.0001,623,0.0004010423791375482,0.1776182387106392
post,1.0001,624,0.00042379426066693743,0.15300283622810773
post,1.0001,625,0.00045147114382423144,0.12910106757970685
post,1.0001,626,0.0004801691392860826,0.10560038099245339
post,1.0001,627,0.0005027694549779925,0.08225844378604291
post,1.0001,628,0.0005151650276220445,0.0589260015480505
post,1.0001,629,0.0005165366490008584,0.03694427458838856
post,1.0001,630,0.0005078746415567584,0.01642033717267871
post,1.0001,631,0.0004912328870621156,0.0
post,1.0001,632,0.0004690231397229376,0.0
post,1.0001,633,0.00044348349571563184,0.0
post,1.0001,634,0.0004164152726342906,0.0
post,1.0001,635,0.00038913735609941933,0.0
post,1.0001,636,0.0003625573794035771,0.0
post,1.0001,637,0.0003372758822443419,0.0
post,1.0001,638,0.00031367294337690543,0.0
post,1.0001,639,0.0002919656739787133,0.0
post,1.0001,640,0.00027225690569122966,0.0
post,1.0001,641,0.0002545856292071318,0.0
post,1.0001,642,0.0002389684207628986,0.0
post,1.0001,643,0.00022542566935905144,0.0
post,1.0001,644,0.00021399586038049206,0.0
post,1.0001,645,0.00020474262699156742,0.0
post,1.0001,646,0.0001977574453638665,0.0
post,1.0001,647,0.00019315918276991594,0.0
post,1.0001,648,0.00019109072279320082,0.0
post,1.0001,649,0.0001917122231507147,0.0
post,1.0001,650,0.00019518948921927858,0.0
post,1.0001,651,0.00020167279009369096,0.0
post,1.0001,652,0.00021125084546500303,0.0
post,1.0001,653,0.0002238232203110915,0.0
post,1.0001,654,0.00023864419229025649,0.0
post,1.0001,655,0.00025308470520782973,0.0
post,1.0001,656,0.0002635733252034262,0.0
post,1.0001,657,0.00026852940914203643,0.0
post,1.0001,658,0.0002678150753609853,0.0
post,1.0001,659,0.00026212419248235853,0.0
post,1.0001,660,0.00025260547500025786,0.0
post,1.0001,661,0.00024050988153158847,0.0
post,1.0001,662,0.00022694954235321832,0.0
post,1.0001,663,0.0002127947489349834,0.0
post,1.0001,664,0.0001986709019939224,0.0
post,1.0001,665,0.00018500341002264172,0.0
post,1.0001,666,0.0001720712317569882,0.0
post,1.0001,667,0.0001600476721394694,0.0
post,1.0001,668,0.00014902782445670192,0.0
post,1.0001,669,0.00013905418811784335,0.0
post,1.0001,670,0.00013014231278670707,0.0
post,1.0001,671,0.0001223003385004701,0.0
post,1.0001,672,0.00011554077976910002,0.0
post,1.0001,673,0.00010988678140000568,0.0
post,1.0001,674,0.00010537510042681358,0.0
post,1.0001,675,0.00010205705162647262,0.0
post,1.0001,676,9.99978841256036e-05,0.0
post,1.0001,677,9.927461163584563e-05,0.0
post,1.0001,678,9.997196397368388e-05,0.0
post,1.0001,679,0.00010217540902043076,0.0
post,1.0001,680,0.00010595797471451025,0.0
post,1.0001,681,0.00011134990983271769,0.0
post,1.0001,682,0.00011824850132676519,0.0
post,1.0001,683,0.00012608567955674948,0.0
post,1.0001,684,0.00013320736613833483,0.0
post,1.0001,685,0.00013795719583055234,0.0
post,1.0001,686,0.00013975987157057855,0.0
post,1.0001,687,0.0001386746711624853,0.0
post,1.0001,688,0.00013514202756799133,0.0
post,1.0001,689,0.00012978854209283623,0.0
post,1.0001,690,0.00012325474836304587,0.0
post,1.0001,691,0.00011608882541967193,0.0
post,1.0001,692,0.00010870903246512012,0.0
post,1.0001,693,0.00010141096509816494,0.0
post,1.0001,694,9.439363338237243e-05,0.0
post,1.0001,695,8.778624083211406e-05,0.0
post,1.0001,696,8.166719287962838e-05,0.0
post,1.0001,697,7.6077577974822e-05,0.0
post,1.0001,698,7.10346993631552e-05,0.0
post,1.0001,699,6.654485817060704e-05,0.0
post,1.0001,700,6.2612429934764e-05,0.0
post,1.0001,701,5.924511809233628e-05,0.0
post,1.0001,702,5.6456677607283695e-05,0.0
post,1.0001,703,5.426815129741724e-05,0.0
post,1.0001,704,5.270813991370955e-05,0.0
post,1.0001,705,5.1812277002350444e-05,0.0
post,1.0001,706,5.162187519288489e-05,0.0
post,1.0001,707,5.218150718425556e-05,0.0
post,1.0001,708,5.3534793086257257e-05,0.0
post,1.0001,709,5.5716096467850425e-05,0.0
post,1.0001,710,5.873018706403784e-05,0.0
post,1.0001,711,6.248743476038587e-05,0.0
post,1.0001,712,6.656946844189808e-05,0.0
post,1.0001,713,7.001139271124905e-05,0.0
post,1.0001,714,7.209817820642442e-05,0.0
post,1.0001,715,7.263657482525775e-05,0.0
post,1.0001,716,7.171791089523938e-05,0.0
post,1.0001,717,6.960568726048775e-05,0.0
post,1.0001,718,6.663485875104945e-05,0.0
post,1.0001,719,6.312969948433041e-05,0.0
post,1.0001,720,5.935843568346028e-05,0.0
post,1.0001,721,5.552110892044174e-05,0.0
post,1.0001,722,5.175701881148418e-05,0.0
post,1.0001,723,4.815907937468158e-05,0.0
post,1.0001,724,4.478689534349308e-05,0.0
post,1.0001,725,4.167560094626377e-05,0.0
post,1.0001,726,3.884269056179385e-05,0.0
post,1.0001,727,3.629511792129826e-05,0.0
post,1.0001,728,3.403554164900343e-05,0.0
post,1.0001,729,3.206648573737583e-05,0.0
post,1.0001,730,3.0392666109464326e-05,0.0
post,1.0001,731,2.9022167894923012e-05,0.0
post,1.0001,732,2.796694233517432e-05,0.0
post,1.0001,733,2.7242837612323676e-05,0.0
post,1.0001,734,2.6869220302748564e-05,0.0
post,1.0001,735,2.6868147093914476e-05,0.0
post,1.0001,736,2.7262921352785523e-05,0.0
post,1.0001,737,2.8075529317344307e-05,0.0
post,1.0001,738,2.932133152274979e-05,0.0
post,1.0001,739,3.099519231338929e-05,0.0
post,1.0001,740,3.302426433982102e-05,0.0
post,1.0001,741,3.5113510482193023e-05,0.0
post,1.0001,742,3.67432140312244e-05,0.0
post,1.0001,743,3.762350690250706e-05,0.0
post,1.0001,744,3.769979526528649e-05,0.0
post,1.0001,745,3.70475099112357e-05,0.0
post,1.0001,746,3.581802482057764e-05,0.0
post,1.0001,747,3.418738326956134e-05,0.0
post,1.0001,748,3.231810232442367e-05,0.0
post,1.0001,749,3.0340553865726724e-05,0.0
post,1.0001,750,2.8349992348448273e-05,0.0
post,1.0001,751,2.641188867526432e-05,0.0
post,1.0001,752,2.4569527656943588e-05,0.0
post,1.0001,753,2.2850262606829114e-05,0.0
post,1.0001,754,2.126966255683302e-05,0.0
post,1.0001,755,1.983506187291171e-05,0.0
post,1.0001,756,1.8549232046393763e-05,0.0
post,1.0001,757,1.741337541469199e-05,0.0
post,1.0001,758,1.642901090794745e-05,0.0
post,1.0001,759,1.5598998345072602e-05,0.0
post,1.0001,760,1.4928042426042167e-05,0.0
post,1.0001,761,1.4422882323435126e-05,0.0
post,1.0001,762,1.4092252553459137e-05,0.0
post,1.0001,763,1.3946630069646363e-05,0.0
post,1.0001,764,1.3997733739574971e-05,0.0
post,1.0001,765,1.425766194804498e-05,0.0
post,1.0001,766,1.4737315962651899e-05,0.0
post,1.0001,767,1.544295376892847e-05,0.0
post,1.0001,768,1.6366558890870106e-05,0.0
post,1.0001,769,1.745123310448817e-05,0.0
post,1.0001,770,1.8500219626797928e-05,0.0
post,1.0001,771,1.9255165113673196e-05,0.0
post,1.0001,772,1.9604903619067312e-05,0.0
post,1.0001,773,1.9541537157527065e-05,0.0
post,1.0001,774,1.911703061741147e-05,0.0
post,1.0001,775,1.8415747405459516e-05,0.0
post,1.0001,776,1.7528874601452596e-05,0.0
post,1.0001,777,1.6537127669061322e-05,0.0
post,1.0001,778,1.5503491900334003e-05,0.0
post,1.0001,779,1.4473146440281978e-05,0.0
post,1.0001,780,1.3476789483383537e-05,0.0
post,1.0001,781,1.253453317439704e-05,0.0
post,1.0001,782,1.16588466040199e-05,0.0
post,1.0001,783,1.0856542237592332e-05,0.0
post,1.0001,784,1.0130647131792102e-05,0.0
post,1.0001,785,9.482267260767011e-06,0.0
post,1.0001,786,8.911997782476208e-06,0.0
post,1.0001,787,8.420769777495748e-06,0.0
post,1.0001,788,8.010298664646279e-06,0.0
post,1.0001,789,7.683297006697354e-06,0.0
post,1.0001,790,7.443540143963893e-06,0.0
post,1.0001,791,7.2958176520781885e-06,0.0
post,1.0001,792,7.245771600873002e-06,0.0
post,1.0001,793,7.299596501935677e-06,0.0
post,1.0001,794,7.4635218941830885e-06,0.0
post,1.0001,795,7.742831084152504e-06,0.0
post,1.0001,796,8.139587417099013e-06,0.0
post,1.0001,797,8.645824516538574e-06,0.0
post,1.0001,798,9.218424089214615e-06,0.0
post,1.0001,799,9.734693591946755e-06,0.0
post,1.0001,800,1.007574075339859e-05,0.0
post,1.0001,801,1.0201316770722511e-05,0.0
post,1.0001,802,1.0116704412281608e-05,0.0
post,1.0001,803,9.854608905133262e-06,0.0
post,1.0001,804,9.460934756358029e-06,0.0
post,1.0001,805,8.982319034392213e-06,0.0
post,1.0001,806,8.458524436111812e-06,0.0
post,1.0001,807,7.919814310421919e-06,0.0
post,1.0001,808,7.387542267913877e-06,0.0
post,1.0001,809,6.876070652359963e-06,0.0
post,1.0001,810,6.394713905261631e-06,0.0
post,1.0001,811,5.94910940223985e-06,0.0
post,1.0001,812,5.542196897379305e-06,0.0
post,1.0001,813,5.175207122794844e-06,0.0
post,1.0001,814,4.848589460567579e-06,0.0
post,1.0001,815,4.562666179063718e-06,0.0
post,1.0001,816,4.31800968264723e-06,0.0
post,1.0001,817,4.115637623872242e-06,0.0
post,1.0001,818,3.957100915931938e-06,0.0
post,1.0001,819,3.844501806561608e-06,0.0
post,1.0001,820,3.7804540006784332e-06,0.0
post,1.0001,821,3.7679820560963355e-06,0.0
post,1.0001,822,3.810342244568268e-06,0.0
post,1.0001,823,3.910710077693286e-06,0.0
post,1.0001,824,4.071561375080614e-06,0.0
post,1.0001,825,4.293146300560491e-06,0.0
post,1.0001,826,4.56859153826423e-06,0.0
post,1.0001,827,4.866296710487061e-06,0.0
post,1.0001,828,5.115306135914912e-06,0.0
post,1.0001,829,5.26463735488969e-06,0.0
post,1.0001,830,5.300915790174709e-06,0.0
post,1.0001,831,5.231240442962613e-06,0.0
post,1.0001,832,5.075076363883392e-06,0.0
post,1.0001,833,4.85691483347605e-06,0.0
post,1.0001,834,4.600341969609769e-06,0.0
post,1.0001,835,4.324802347051693e-06,0.0
post,1.0001,836,4.044765426909134e-06,0.0
post,1.0001,837,3.770292825034154e-06,0.0
post,1.0001,838,3.5080896495607836e-06,0.0
post,1.0001,839,3.2624514225126687e-06,0.0
post,1.0001,840,3.0359018764758746e-06,0.0
post,1.0001,841,2.829690828563165e-06,0.0
post,1.0001,842,2.6443123307439226e-06,0.0
post,1.0001,843,2.479957055814786e-06,0.0
post,1.0001,844,2.3368118346058756e-06,0.0
post,1.0001,845,2.215226627738825e-06,0.0
post,1.0001,846,2.115798792821309e-06,0.0
post,1.0001,847,2.0394083147871966e-06,0.0
post,1.0001,848,1.987219244121835e-06,0.0
post,1.0001,849,1.960651258464201e-06,0.0
post,1.0001,850,1.961318225235505e-06,0.0
post,1.0001,851,1.9909213292626997e-06,0.0
post,1.0001,852,2.0510587593937337e-06,0.0
post,1.0001,853,2.142829525298903e-06,0.0
post,1.0001,854,2.2657911406443384e-06,0.0
post,1.0001,855,2.414388834351983e-06,0.0
post,1.0001,856,2.566463145079052e-06,0.0
post,1.0001,857,2.684118101007645e-06,0.0
post,1.0001,858,2.746804245266443e-06,0.0
post,1.0001,859,2.7508545358616563e-06,0.0
post,1.0001,860,2.701971207752395e-06,0.0
post,1.0001,861,2.6112958991307623e-06,0.0
post,1.0001,862,2.491679985480151e-06,0.0
post,1.0001,863,2.354933190279137e-06,0.0
post,1.0001,864,2.2105011212236912e-06,0.0
post,1.0001,865,2.0652713752011567e-06,0.0
post,1.0001,866,1.9239720979377184e-06,0.0
post,1.0001,867,1.7897264045782542e-06,0.0
post,1.0001,868,1.6645044804207995e-06,0.0
post,1.0001,869,1.549423351594425e-06,0.0
post,1.0001,870,1.445006169339714e-06,0.0
post,1.0001,871,1.3514497618563851e-06,0.0
post,1.0001,872,1.2688410877329534e-06,0.0
post,1.0001,873,1.1972928653728978e-06,0.0
post,1.0001,874,1.1370170431839393e-06,0.0
post,1.0001,875,1.0883608322857388e-06,0.0
post,1.0001,876,1.0518200521691835e-06,0.0
post,1.0001,877,1.0280358645040035e-06,0.0
post,1.0001,878,1.0177758841266812e-06,0.0
post,1.0001,879,1.021897095767419e-06,0.0
post,1.0001,880,1.0412819895404833e-06,0.0
post,1.0001,881,1.0767214044055995e-06,0.0
post,1.0001,882,1.1286569517111105e-06,0.0
post,1.0001,883,1.19645604560298e-06,0.0
post,1.0001,884,1.2757955265398632e-06,0.0
post,1.0001,885,1.35199523763974e-06,0.0
post,1.0001,886,1.4063700762596004e-06,0.0
post,1.0001,887,1.4310816006036432e-06,0.0
post,1.0001,888,1.4256966232205893e-06,0.0
post,1.0001,889,1.3940961385214291e-06,0.0
post,1.0001,890,1.342472538163303e-06,0.0
post,1.0001,891,1.2774734440014188e-06,0.0
post,1.0001,892,1.204959288372021e-06,0.0
post,1.0001,893,1.129490932269924e-06,0.0
post,1.0001,894,1.0543340615244305e-06,0.0
post,1.0001,895,9.817052047412035e-07,0.0
post,1.0001,896,9.130551286205424e-07,0.0
post,1.0001,897,8.492812852062679e-07,0.0
post,1.0001,898,7.908717895990652e-07,0.0
post,1.0001,899,7.38042218654258e-07,0.0
post,1.0001,900,6.908711897171574e-07,0.0
post,1.0001,901,6.494021591773136e-07,0.0
post,1.0001,902,6.137042711262906e-07,0.0
post,1.0001,903,5.839045023999298e-07,0.0
post,1.0001,904,5.60202850630782e-07,0.0
post,1.0001,905,5.428768871888339e-07,0.0
post,1.0001,906,5.322780031386508e-07,0.0
post,1.0001,907,5.288193722948828e-07,0.0
post,1.0001,908,5.329537342852522e-07,0.0
post,1.0001,909,5.451350594053255e-07,0.0
post,1.0001,910,5.657455406238147e-07,0.0
post,1.0001,911,5.949253700073846e-07,0.0
post,1.0001,912,6.320592604859998e-07,0.0
post,1.0001,913,6.738817007942806e-07,0.0
post,1.0001,914,7.113069856731062e-07,0.0
post,1.0001,915,7.358013908795371e-07,0.0
post,1.0001,916,7.445459133908084e-07,0.0
post,1.0001,917,7.379921448484483e-07,0.0
post,1.0001,918,7.185657590822213e-07,0.0
post,1.0001,919,6.896288010487977e-07,0.0
post,1.0001,920,6.545770567938041e-07,0.0
post,1.0001,921,6.162953093791486e-07,0.0
post,1.0001,922,5.769738586363639e-07,0.0
post,1.0001,923,5.381557270752624e-07,0.0
post,1.0001,924,5.008777270389453e-07,0.0
post,1.0001,925,4.658114997474021e-07,0.0
post,1.0001,926,4.333624177999153e-07,0.0
post,1.0001,927,4.037408053078873e-07,0.0
post,1.0001,928,3.770341848152581e-07,0.0
post,1.0001,929,3.532746004593309e-07,0.0
post,1.0001,930,3.324857756498258e-07,0.0
post,1.0001,931,3.1471020367345735e-07,0.0
post,1.0001,932,3.000231249845596e-07,0.0
post,1.0001,933,2.8853879194873193e-07,0.0
post,1.0001,934,2.804116712445509e-07,0.0
post,1.0001,935,2.758334232342453e-07,0.0
post,1.0001,936,2.7502543171590636e-07,0.0
post,1.0001,937,2.782255437945098e-07,0.0
post,1.0001,938,2.8566490054210804e-07,0.0
post,1.0001,939,2.975218223059324e-07,0.0
post,1.0001,940,3.13807367960039e-07,0.0
post,1.0001,941,3.339954462427019e-07,0.0
post,1.0001,942,3.5570245717979953e-07,0.0
post,1.0001,943,3.737161710989311e-07,0.0
post,1.0001,944,3.844017995562186e-07,0.0
post,1.0001,945,3.8683419179170707e-07,0.0
post,1.0001,946,3.815620355951289e-07,0.0
post,1.0001,947,3.7002234349642246e-07,0.0
post,1.0001,948,3.5400557396680665e-07,0.0
post,1.0001,949,3.3522726385603806e-07,0.0
post,1.0001,950,3.150971242136229e-07,0.0
post,1.0001,951,2.9466189072050263e-07,0.0
post,1.0001,952,2.74648416049919e-07,0.0
post,1.0001,953,2.555406362054775e-07,0.0
post,1.0001,954,2.3764813930902654e-07,0.0
post,1.0001,955,2.2115220444327838e-07,0.0
post,1.0001,956,2.061421097234335e-07,0.0
post,1.0001,957,1.9265295141837846e-07,0.0
post,1.0001,958,1.806984088323857e-07,0.0
post,1.0001,959,1.7029230869950033e-07,0.0
post,1.0001,960,1.614606081010921e-07,0.0
post,1.0001,961,1.5424742583478498e-07,0.0
post,1.0001,962,1.4871753922657434e-07,0.0
post,1.0001,963,1.4495643071091683e-07,0.0
post,1.0001,964,1.4306815393812604e-07,0.0
post,1.0001,965,1.4317077857500566e-07,0.0
post,1.0001,966,1.4538847916814787e-07,0.0
post,1.0001,967,1.4983740975068027e-07,0.0
post,1.0001,968,1.5659614011913454e-07,0.0
post,1.0001,969,1.65627344487051e-07,0.0
post,1.0001,970,1.765078653410105e-07,0.0
post,1.0001,971,1.8757502834253582e-07,0.0
post,1.0001,972,1.9606795434243546e-07,0.0
post,1.0001,973,2.0053012558229212e-07,0.0
post,1.0001,974,2.0071643577653037e-07,0.0
post,1.0001,975,1.9705708478543412e-07,0.0
post,1.0001,976,1.9037182660292494e-07,0.0
post,1.0001,977,1.815987057725208e-07,0.0
post,1.0001,978,1.7159587869006583e-07,0.0
post,1.0001,979,1.6104770384789267e-07,0.0
post,1.0001,980,1.504522283193064e-07,0.0
post,1.0001,981,1.4015092802398784e-07,0.0
post,1.0001,982,1.303691555224833e-07,0.0
post,1.0001,983,1.2124881699149685e-07,0.0
post,1.0001,984,1.1287004827505217e-07,0.0
post,1.0001,985,1.0527015952699294e-07,0.0
post,1.0001,986,9.846312859897985e-08,0.0
post,1.0001,987,9.245524910600249e-08,0.0
post,1.0001,988,8.725488471776463e-08,0.0
post,1.0001,989,8.287773879282627e-08,0.0
post,1.0001,990,7.934943021275336e-08,0.0
post,1.0001,991,7.670643197107243e-08,0.0
post,1.0001,992,7.499580307363609e-08,0.0
post,1.0001,993,7.427377860914439e-08,0.0
post,1.0001,994,7.460302304020368e-08,0.0
post,1.0001,995,7.604790081545614e-08,0.0
post,1.0001,996,7.866577100004541e-08,0.0
post,1.0001,997,8.248773491945367e-08,0.0
post,1.0001,998,8.74640661266278e-08,0.0
post,1.0001,999,9.32664809637856e-08,0.0
post,1.0001,1000,9.880064983935026e-08,0.0
post,1.0001,1001,1.0271621616749986e-07,0.0
post,1.0001,1002,1.0446068122486273e-07,0.0
post,1.0001,1003,1.0401268644784387e-07,0.0
post,1.0001,1004,1.0166179680894585e-07,0.0
post,1.0001,1005,9.78624224612931e-08,0.0
post,1.0001,1006,9.309912617224395e-08,0.0
post,1.0001,1007,8.779738988275149e-08,0.0
post,1.0001,1008,8.228746806107738e-08,0.0
post,1.0001,1009,7.68054166233968e-08,0.0
post,1.0001,1010,7.151128093611742e-08,0.0
post,1.0001,1011,6.650971084282049e-08,0.0
post,1.0001,1012,6.186529601848565e-08,0.0
post,1.0001,1013,5.7613005629211304e-08,0.0
post,1.0001,1014,5.3768189943927706e-08,0.0
post,1.0001,1015,5.0336438237208376e-08,0.0
post,1.0001,1016,4.7320926009552454e-08,0.0
post,1.0001,1017,4.472678742730138e-08,0.0
post,1.0001,1018,4.256341954375244e-08,0.0
post,1.0001,1019,4.084556605902461e-08,0.0
post,1.0001,1020,3.959363244710071e-08,0.0
post,1.0001,1021,3.883339661314097e-08,0.0
post,1.0001,1022,3.8595113413593644e-08,0.0
post,1.0001,1023,3.8911869834131324e-08,0.0
post,1.0001,1024,3.9816744678887063e-08,0.0
post,1.0001,1025,4.1337376269221285e-08,0.0
post,1.0001,1026,4.348321740125345e-08,0.0
post,1.0001,1027,4.620681497773628e-08,0.0
post,1.0001,1028,4.9260980662053194e-08,0.0
post,1.0001,1029,5.197347271279077e-08,0.0
post,1.0001,1030,5.37321821934089e-08,0.0
post,1.0001,1031,5.433981681982995e-08,0.0
post,1.0001,1032,5.383408401729806e-08,0.0
post,1.0001,1033,5.2394783784898535e-08,0.0
post,1.0001,1034,5.026810161995929e-08,0.0
post,1.0001,1035,4.7701269301963614e-08,0.0
post,1.0001,1036,4.4903565955529086e-08,0.0
post,1.0001,1037,4.203350935358166e-08,0.0
post,1.0001,1038,3.920259815942533e-08,0.0
post,1.0001,1039,3.648567947814636e-08,0.0
post,1.0001,1040,3.3931182434026564e-08,0.0
post,1.0001,1041,3.156825395413895e-08,0.0
post,1.0001,1042,2.941193939813128e-08,0.0
post,1.0001,1043,2.746846201386505e-08,0.0
post,1.0001,1044,2.5740107773643847e-08,0.0
post,1.0001,1045,2.4228624096167863e-08,0.0
post,1.0001,1046,2.2937165125620752e-08,0.0
post,1.0001,1047,2.1871292954170973e-08,0.0
post,1.0001,1048,2.1039423394589888e-08,0.0
post,1.0001,1049,2.04529052714474e-08,0.0
post,1.0001,1050,2.0125791932707776e-08,0.0
post,1.0001,1051,2.0074286665798532e-08,0.0
post,1.0001,1052,2.031576121490264e-08,0.0
post,1.0001,1053,2.086703771806038e-08,0.0
post,1.0001,1054,2.1740952413175992e-08,0.0
post,1.0001,1055,2.2937771966818417e-08,0.0
post,1.0001,1056,2.4417256937449987e-08,0.0
post,1.0001,1057,2.5999710597528363e-08,0.0
post,1.0001,1058,2.7302583191570536e-08,0.0
post,1.0001,1059,2.80668873991193e-08,0.0
post,1.0001,1060,2.8228749534903623e-08,0.0
post,1.0001,1061,2.78304160817198e-08,0.0
post,1.0001,1062,2.6977931802554433e-08,0.0
post,1.0001,1063,2.5802167616580576e-08,0.0
post,1.0001,1064,2.442789116649957e-08,0.0
post,1.0001,1065,2.2957299059087047e-08,0.0
post,1.0001,1066,2.146611068390835e-08,0.0
post,1.0001,1067,2.0006833165511037e-08,0.0
post,1.0001,1068,1.8614393761889447e-08,0.0
post,1.0001,1069,1.731110410933598e-08,0.0
post,1.0001,1070,1.6109983954400846e-08,0.0
post,1.0001,1071,1.5017409670939952e-08,0.0
post,1.0001,1072,1.403587421137115e-08,0.0
post,1.0001,1073,1.3166359709149182e-08,0.0
post,1.0001,1074,1.2409889781843225e-08,0.0
post,1.0001,1075,1.1768389449533516e-08,0.0
post,1.0001,1076,1.1245116781512292e-08,0.0
post,1.0001,1077,1.0844839744657465e-08,0.0
post,1.0001,1078,1.0573835358762381e-08,0.0
post,1.0001,1079,1.0439729693133532e-08,0.0
post,1.0001,1080,1.0451160168825513e-08,0.0
post,1.0001,1081,1.061718994950145e-08,0.0
post,1.0001,1082,1.0946259416846512e-08,0.0
post,1.0001,1083,1.1443979779946465e-08,0.0
post,1.0001,1084,1.2107248428744907e-08,0.0
post,1.0001,1085,1.290384269643437e-08,0.0
post,1.0001,1086,1.370908821117936e-08,0.0
post,1.0001,1087,1.4322012286519528e-08,0.0
post,1.0001,1088,1.4639434467018243e-08,0.0
post,1.0001,1089,1.4645084591391245e-08,0.0
post,1.0001,1090,1.4371369462118131e-08,0.0
post,1.0001,1091,1.3878584782722356e-08,0.0
post,1.0001,1092,1.3235190071219321e-08,0.0
post,1.0001,1093,1.250353795984829e-08,0.0
post,1.0001,1094,1.1733209169850849e-08,0.0
post,1.0001,1095,1.0960216605623638e-08,0.0
post,1.0001,1096,1.0209221869056714e-08,0.0
post,1.0001,1097,9.496485202733649e-09,0.0
post,1.0001,1098,8.832226952213411e-09,0.0
post,1.0001,1099,8.222195328587316e-09,0.0
post,1.0001,1100,7.669050785090925e-09,0.0
post,1.0001,1101,7.1737859957216985e-09,0.0
post,1.0001,1102,6.736856901263709e-09,0.0
post,1.0001,1103,6.358884161303284e-09,0.0
post,1.0001,1104,6.0410310955760215e-09,0.0
post,1.0001,1105,5.785187792268066e-09,0.0
post,1.0001,1106,5.594037044392359e-09,0.0
post,1.0001,1107,5.471032619331046e-09,0.0
post,1.0001,1108,5.420294062348712e-09,0.0
post,1.0001,1109,5.44640326269643e-09,0.0
post,1.0001,1110,5.554054223592173e-09,0.0
post,1.0001,1111,5.747406111333438e-09,0.0
post,1.0001,1112,6.028644033433678e-09,0.0
post,1.0001,1113,6.393870730489144e-09,0.0
post,1.0001,1114,6.818165681335945e-09,0.0
post,1.0001,1115,7.220012537807052e-09,0.0
post,1.0001,1116,7.501899892744537e-09,0.0
post,1.0001,1117,7.624907484287429e-09,0.0
post,1.0001,1118,7.588215555802412e-09,0.0
post,1.0001,1119,7.413411014655417e-09,0.0
post,1.0001,1120,7.133831379022875e-09,0.0
post,1.0001,1121,6.784793182038997e-09,0.0
post,1.0001,1122,6.3971849685237755e-09,0.0
post,1.0001,1123,5.9949193733325855e-09,0.0
post,1.0001,1124,5.595058839658605e-09,0.0
post,1.0001,1125,5.209159282750378e-09,0.0
post,1.0001,1126,4.844769280110899e-09,0.0
post,1.0001,1127,4.506536946198772e-09,0.0
post,1.0001,1128,4.196967146558489e-09,0.0
post,1.0001,1129,3.9171527352408185e-09,0.0
post,1.0001,1130,3.6674911692979604e-09,0.0
post,1.0001,1131,3.448214705344889e-09,0.0
post,1.0001,1132,3.2597045685955798e-09,0.0
post,1.0001,1133,3.102656113359038e-09,0.0
post,1.0001,1134,2.9781561379883747e-09,0.0
post,1.0001,1135,2.8877046393991404e-09,0.0
post,1.0001,1136,2.8331925749159777e-09,0.0
post,1.0001,1137,2.8168352610553153e-09,0.0
post,1.0001,1138,2.8410506061117716e-09,0.0
post,1.0001,1139,2.908248650152377e-09,0.0
post,1.0001,1140,3.020427311226178e-09,0.0
post,1.0001,1141,3.1782179655931627e-09,0.0
post,1.0001,1142,3.3779651259516644e-09,0.0
post,1.0001,1143,3.600964443449875e-09,0.0
post,1.0001,1144,3.797517742929932e-09,0.0
post,1.0001,1145,3.9237511599028295e-09,0.0
post,1.0001,1146,3.965870011007005e-09,0.0
post,1.0001,1147,3.926968833234939e-09,0.0
post,1.0001,1148,3.820367985948324e-09,0.0
post,1.0001,1149,3.66409081004817e-09,0.0
post,1.0001,1150,3.4761350827263364e-09,0.0
post,1.0001,1151,3.2716820154211685e-09,0.0
post,1.0001,1152,3.0622033953426016e-09,0.0
post,1.0001,1153,2.855755865438051e-09,0.0
post,1.0001,1154,2.657742497893736e-09,0.0
post,1.0001,1155,2.4716551478068016e-09,0.0
post,1.0001,1156,2.2995893034828234e-09,0.0
post,1.0001,1157,2.1426210523756934e-09,0.0
post,1.0001,1158,2.001192838450267e-09,0.0
post,1.0001,1159,1.8754678222883655e-09,0.0
post,1.0001,1160,1.76557479914871e-09,0.0
post,1.0001,1161,1.671747873313785e-09,0.0
post,1.0001,1162,1.5943981719450957e-09,0.0
post,1.0001,1163,1.5341455526313208e-09,0.0
post,1.0001,1164,1.4918237755155638e-09,0.0
post,1.0001,1165,1.468463240039913e-09,0.0
post,1.0001,1166,1.4652498212680636e-09,0.0
post,1.0001,1167,1.4834522218449267e-09,0.0
post,1.0001,1168,1.5242945637400826e-09,0.0
post,1.0001,1169,1.588700286647937e-09,0.0
post,1.0001,1170,1.676648210217342e-09,0.0
post,1.0001,1171,1.7850623032829898e-09,0.0
post,1.0001,1172,1.900402133049013e-09,0.0
post,1.0001,1173,1.994614254486618e-09,0.0
post,1.0001,1174,2.0492567491584056e-09,0.0
post,1.0001,1175,2.059929369217156e-09,0.0
post,1.0001,1176,2.0298741088179685e-09,0.0
post,1.0001,1177,1.9669135965878234e-09,0.0
post,1.0001,1178,1.880612040079632e-09,0.0
post,1.0001,1179,1.7800426230432137e-09,0.0
post,1.0001,1180,1.672613558247511e-09,0.0
post,1.0001,1181,1.56380203672964e-09,0.0
post,1.0001,1182,1.4574010203812899e-09,0.0
post,1.0001,1183,1.3559312647835374e-09,0.0
post,1.0001,1184,1.2610006468327584e-09,0.0
post,1.0001,1185,1.1735441507096556e-09,0.0
post,1.0001,1186,1.0940171115501558e-09,0.0
post,1.0001,1187,1.0225965963286473e-09,0.0
post,1.0001,1188,9.593531772439832e-10,0.0
post,1.0001,1189,9.043626611759117e-10,0.0
post,1.0001,1190,8.577677954653338e-10,0.0
post,1.0001,1191,8.198091561188137e-10,0.0
post,1.0001,1192,7.908376660335825e-10,0.0
post,1.0001,1193,7.713142244743933e-10,0.0
post,1.0001,1194,7.61797717621799e-10,0.0
post,1.0001,1195,7.629199857745103e-10,0.0
post,1.0001,1196,7.753424742919658e-10,0.0
post,1.0001,1197,7.996783922721222e-10,0.0
post,1.0001,1198,8.363280194930557e-10,0.0
post,1.0001,1199,8.850364253630027e-10,0.0
post,1.0001,1200,9.433507798488965e-10,0.0
post,1.0001,1201,1.0019283273990934e-09,0.0
post,1.0001,1202,1.046151905039454e-09,0.0
post,1.0001,1203,1.06871625808561e-09,0.0
post,1.0001,1204,1.068550361748539e-09,0.0
post,1.0001,1205,1.0480920228218702e-09,0.0
post,1.0001,1206,1.0117749037136892e-09,0.0
post,1.0001,1207,9.645945278040557e-10,0.0
post,1.0001,1208,9.110809492164381e-10,0.0
post,1.0001,1209,8.548259943154456e-10,0.0
post,1.0001,1210,7.984335889769568e-10,0.0
post,1.0001,1211,7.436847664464537e-10,0.0
post,1.0001,1212,6.917527454683871e-10,0.0
post,1.0001,1213,6.43373559040788e-10,0.0
post,1.0001,1214,5.98959474612455e-10,0.0
post,1.0001,1215,5.587001683780383e-10,0.0
post,1.0001,1216,5.226661412316215e-10,0.0
post,1.0001,1217,4.908904566871297e-10,0.0
post,1.0001,1218,4.6341917909408064e-10,0.0
post,1.0001,1219,4.403384782144566e-10,0.0
post,1.0001,1220,4.2178778631382064e-10,0.0
post,1.0001,1221,4.0796442465083375e-10,0.0
post,1.0001,1222,3.9912185977516696e-10,0.0
post,1.0001,1223,3.955618579067848e-10,0.0
post,1.0001,1224,3.9761941834477274e-10,0.0
post,1.0001,1225,4.056368367404862e-10,0.0
post,1.0001,1226,4.1991561936062295e-10,0.0
post,1.0001,1227,4.4060887444233783e-10,0.0
post,1.0001,1228,4.674119606374862e-10,0.0
post,1.0001,1229,4.984337011859444e-10,0.0
post,1.0001,1230,5.276064406312319e-10,0.0
post,1.0001,1231,5.47894315931726e-10,0.0
post,1.0001,1232,5.565573385589204e-10,0.0
post,1.0001,1233,5.535889650944355e-10,0.0
post,1.0001,1234,5.405972372012436e-10,0.0
post,1.0001,1235,5.200273688475229e-10,0.0
post,1.0001,1236,4.944530165459409e-10,0.0
post,1.0001,1237,4.661163984540662e-10,0.0
post,1.0001,1238,4.3674885330718763e-10,0.0
post,1.0001,1239,4.0758363427265845e-10,0.0
post,1.0001,1240,3.794551058581468e-10,0.0
post,1.0001,1241,3.529077401606634e-10,0.0
post,1.0001,1242,3.2827600220035926e-10,0.0
post,1.0001,1243,3.057392903883011e-10,0.0
post,1.0001,1244,2.85375397895213e-10,0.0
post,1.0001,1245,2.672125953256631e-10,0.0
post,1.0001,1246,2.5126788536986584e-10,0.0
post,1.0001,1247,2.3756957474991875e-10,0.0
post,1.0001,1248,2.2616911170177824e-10,0.0
post,1.0001,1249,2.1714660026368581e-10,0.0
post,1.0001,1250,2.1061229769175542e-10,0.0
post,1.0001,1251,2.0670490963448874e-10,0.0
post,1.0001,1252,2.055866378470038e-10,0.0
post,1.0001,1253,2.0743416609582364e-10,0.0
post,1.0001,1254,2.1242306417912373e-10,0.0
post,1.0001,1255,2.2069770059321057e-10,0.0
post,1.0001,1256,2.3229975728311437e-10,0.0
post,1.0001,1257,2.4694793799867935e-10,0.0
post,1.0001,1258,2.6322744495164904e-10,0.0
post,1.0001,1259,2.7746712277486e-10,0.0
post,1.0001,1260,2.865244914480309e-10,0.0
post,1.0001,1261,2.894360186224476e-10,0.0
post,1.0001,1262,2.8645226512018964e-10,0.0
post,1.0001,1263,2.785595581166607e-10,0.0
post,1.0001,1264,2.670771370008727e-10,0.0
post,1.0001,1265,2.533150408259918e-10,0.0
post,1.0001,1266,2.3837443994806154e-10,0.0
post,1.0001,1267,2.2308549564283493e-10,0.0
post,1.0001,1268,2.080303448034453e-10,0.0
post,1.0001,1269,1.9359901628402842e-10,0.0
post,1.0001,1270,1.8004326909904224e-10,0.0
post,1.0001,1271,1.6751373988284673e-10,0.0
post,1.0001,1272,1.5608738126523439e-10,0.0
post,1.0001,1273,1.4579564503851905e-10,0.0
post,1.0001,1274,1.3665018311118245e-10,0.0
post,1.0001,1275,1.286604944081899e-10,0.0
post,1.0001,1276,1.218439530764831e-10,0.0
post,1.0001,1277,1.1623094464519216e-10,0.0
post,1.0001,1278,1.1186712049895275e-10,0.0
post,1.0001,1279,1.0881373067518053e-10,0.0
post,1.0001,1280,1.0714632096158312e-10,0.0
post,1.0001,1281,1.0695167813477858e-10,0.0
post,1.0001,1282,1.083224525198552e-10,0.0
post,1.0001,1283,1.113477088712854e-10,0.0
post,1.0001,1284,1.160938364427955e-10,0.0
post,1.0001,1285,1.2255623237814785e-10,0.0
post,1.0001,1286,1.304998817942388e-10,0.0
post,1.0001,1287,1.389050056681768e-10,0.0
post,1.0001,1288,1.4571610034023687e-10,0.0
post,1.0001,1289,1.496207704586788e-10,0.0
post,1.0001,1290,1.5031662573837312e-10,0.0
post,1.0001,1291,1.4805171892578728e-10,0.0
post,1.0001,1292,1.434028912416942e-10,0.0
post,1.0001,1293,1.3706899087477237e-10,0.0
post,1.0001,1294,1.297097588791433e-10,0.0
post,1.0001,1295,1.218621788881773e-10,0.0
post,1.0001,1296,1.1392242786945428e-10,0.0
post,1.0001,1297,1.061644909077781e-10,0.0
post,1.0001,1298,9.877029040691743e-11,0.0
post,1.0001,1299,9.185569008896673e-11,0.0
post,1.0001,1300,8.548782541911233e-11,0.0
post,1.0001,1301,7.969920639561621e-11,0.0
post,1.0001,1302,7.450240882117847e-11,0.0
post,1.0001,1303,6.990250805034363e-11,0.0
post,1.0001,1304,6.590512001206388e-11,0.0
post,1.0001,1305,6.252082881049588e-11,0.0
post,1.0001,1306,5.976739679871985e-11,0.0
post,1.0001,1307,5.767065009982347e-11,0.0
post,1.0001,1308,5.626442907317021e-11,0.0
post,1.0001,1309,5.558969043642532e-11,0.0
post,1.0001,1310,5.5692651907796183e-11,0.0
post,1.0001,1311,5.662158312695845e-11,0.0
post,1.0001,1312,5.842102629382853e-11,0.0
post,1.0001,1313,6.111950067894694e-11,0.0
post,1.0001,1314,6.469625513169554e-11,0.0
post,1.0001,1315,6.896464054322254e-11,0.0
post,1.0001,1316,7.322498268774819e-11,0.0
post,1.0001,1317,7.64150317747591e-11,0.0
post,1.0001,1318,7.801786048681515e-11,0.0
post,1.0001,1319,7.79636798857107e-11,0.0
post,1.0001,1320,7.643563730455975e-11,0.0
post,1.0001,1321,7.375965615615073e-11,0.0
post,1.0001,1322,7.030020976336102e-11,0.0
post,1.0001,1323,6.638638645273113e-11,0.0
post,1.0001,1324,6.22783766418729e-11,0.0
post,1.0001,1325,5.816445063339143e-11,0.0
post,1.0001,1326,5.417322953228094e-11,0.0
post,1.0001,1327,5.038936158395488e-11,0.0
post,1.0001,1328,4.6865849190721796e-11,0.0
post,1.0001,1329,4.363225648535925e-11,0.0
post,1.0001,1330,4.070210415676211e-11,0.0
post,1.0001,1331,3.808039959772435e-11,0.0
post,1.0001,1332,3.5769542878458996e-11,0.0
post,1.0001,1333,3.3772953196357105e-11,0.0
post,1.0001,1334,3.2097012601763263e-11,0.0
post,1.0001,1335,3.07520060989356e-11,0.0
post,1.0001,1336,2.975244584166407e-11,0.0
post,1.0001,1337,2.9116932385171125e-11,0.0
post,1.0001,1338,2.8867569749905854e-11,0.0
post,1.0001,1339,2.9028849660308324e-11,0.0
post,1.0001,1340,2.962573065466263e-11,0.0
post,1.0001,1341,3.068006353983882e-11,0.0
post,1.0001,1342,3.220254427323749e-11,0.0
post,1.0001,1343,3.4169415686989624e-11,0.0
post,1.0001,1344,3.6437203605138136e-11,0.0
post,1.0001,1345,3.8554600150883125e-11,0.0
post,1.0001,1346,4.001433781382282e-11,0.0
post,1.0001,1347,4.0623645964040535e-11,0.0
post,1.0001,1348,4.038588945605895e-11,0.0
post,1.0001,1349,3.942076525581575e-11,0.0
post,1.0001,1350,3.7907581839839365e-11,0.0
post,1.0001,1351,3.603386815401462e-11,0.0
post,1.0001,1352,3.3962374831151414e-11,0.0
post,1.0001,1353,3.181844850869341e-11,0.0
post,1.0001,1354,2.9691224144245815e-11,0.0
post,1.0001,1355,2.7640943472600592e-11,0.0
post,1.0001,1356,2.5706877280774143e-11,0.0
post,1.0001,1357,2.3913090463143506e-11,0.0
post,1.0001,1358,2.2272429591759457e-11,0.0
post,1.0001,1359,2.0790431414051463e-11,0.0
post,1.0001,1360,1.9469107345892533e-11,0.0
post,1.0001,1361,1.8309703195311074e-11,0.0
post,1.0001,1362,1.7314320755248013e-11,0.0
post,1.0001,1363,1.648676616870079e-11,0.0
post,1.0001,1364,1.583294312197514e-11,0.0
post,1.0001,1365,1.5360955576373452e-11,0.0
post,1.0001,1366,1.5080977375246417e-11,0.0
post,1.0001,1367,1.500488409049031e-11,0.0
post,1.0001,1368,1.5145585749638532e-11,0.0
post,1.0001,1369,1.551587103327224e-11,0.0
post,1.0001,1370,1.6126167605328708e-11,0.0
post,1.0001,1371,1.6979186998630998e-11,0.0
post,1.0001,1372,1.805330428299159e-11,0.0
post,1.0001,1373,1.92415453329598e-11,0.0
post,1.0001,1374,2.0272946971938673e-11,0.0
post,1.0001,1375,2.092258680159095e-11,0.0
post,1.0001,1376,2.1123238443502387e-11,0.0
post,1.0001,1377,2.0894971428599688e-11,0.0
post,1.0001,1378,2.031078408786221e-11,0.0
post,1.0001,1379,1.946722123425406e-11,0.0
post,1.0001,1380,1.8459628528383186e-11,0.0
post,1.0001,1381,1.7367873533237708e-11,0.0
post,1.0001,1382,1.625202828048248e-11,0.0
post,1.0001,1383,1.515415408346493e-11,0.0
post,1.0001,1384,1.4102405117202777e-11,0.0
post,1.0001,1385,1.3114932043838071e-11,0.0
post,1.0001,1386,1.2202562361466079e-11,0.0
post,1.0001,1387,1.1370798187133877e-11,0.0
post,1.0001,1388,1.0621875052446995e-11,0.0
post,1.0001,1389,9.956625545766322e-12,0.0
post,1.0001,1390,9.375750649311849e-12,0.0
post,1.0001,1391,8.880539687266119e-12,0.0
post,1.0001,1392,8.473238146229313e-12,0.0
post,1.0001,1393,8.157207908922647e-12,0.0
post,1.0001,1394,7.936948293901541e-12,0.0
post,1.0001,1395,7.817997823254701e-12,0.0
post,1.0001,1396,7.806707565164269e-12,0.0
post,1.0001,1397,7.909843093097884e-12,0.0
post,1.0001,1398,8.133883624293653e-12,0.0
post,1.0001,1399,8.48359883869422e-12,0.0
post,1.0001,1400,8.958422835930968e-12,0.0
post,1.0001,1401,9.540409127171766e-12,0.0
post,1.0001,1402,1.0152794218695937e-11,0.0
post,1.0001,1403,1.0645096396690458e-11,0.0
post,1.0001,1404,1.0923977756568906e-11,0.0
post,1.0001,1405,1.0968714532375704e-11,0.0
post,1.0001,1406,1.0798235137334464e-11,0.0
post,1.0001,1407,1.0455060682968205e-11,0.0
post,1.0001,1408,9.990247054457322e-12,0.0
post,1.0001,1409,9.451761389939971e-12,0.0
post,1.0001,1410,8.878524295680951e-12,0.0
post,1.0001,1411,8.29919083044869e-12,0.0
post,1.0001,1412,7.733551809542786e-12,0.0
post,1.0001,1413,7.1947362024009155e-12,0.0
post,1.0001,1414,6.6910926312138525e-12,0.0
post,1.0001,1415,6.227441073519024e-12,0.0
post,1.0001,1416,5.806102294156825e-12,0.0
post,1.0001,1417,5.427969418155387e-12,0.0
post,1.0001,1418,5.093407771261018e-12,0.0
post,1.0001,1419,4.8028335180301855e-12,0.0
post,1.0001,1420,4.557031338986917e-12,0.0
post,1.0001,1421,4.357312544150453e-12,0.0
post,1.0001,1422,4.205577668915792e-12,0.0
post,1.0001,1423,4.104311221218167e-12,0.0
post,1.0001,1424,4.056514480731512e-12,0.0
post,1.0001,1425,4.065567994796638e-12,0.0
post,1.0001,1426,4.134994012513871e-12,0.0
post,1.0001,1427,4.268027337957102e-12,0.0
post,1.0001,1428,4.466697232097885e-12,0.0
post,1.0001,1429,4.72932763727242e-12,0.0
post,1.0001,1430,5.041720090350471e-12,0.0
post,1.0001,1431,5.351510392137081e-12,0.0
post,1.0001,1432,5.581567532296103e-12,0.0
post,1.0001,1433,5.695333724665501e-12,0.0
post,1.0001,1434,5.688318596788231e-12,0.0
post,1.0001,1435,5.574264992719813e-12,0.0
post,1.0001,1436,5.377125254606281e-12,0.0
post,1.0001,1437,5.123487583383194e-12,0.0
post,1.0001,1438,4.837256636130798e-12,0.0
post,1.0001,1439,4.5372793574342254e-12,0.0
post,1.0001,1440,4.237167622685736e-12,0.0
post,1.0001,1441,3.94620985531515e-12,0.0
post,1.0001,1442,3.670513275964068e-12,0.0
post,1.0001,1443,3.4138943353113667e-12,0.0
post,1.0001,1444,3.1784728115000068e-12,0.0
post,1.0001,1445,2.9652123422619812e-12,0.0
post,1.0001,1446,2.7744686125688547e-12,0.0
post,1.0001,1447,2.6064160171943476e-12,0.0
post,1.0001,1448,2.4613083750140023e-12,0.0
post,1.0001,1449,2.339618309152931e-12,0.0
post,1.0001,1450,2.2421044077158212e-12,0.0
post,1.0001,1451,2.169833909176344e-12,0.0
post,1.0001,1452,2.124171738476704e-12,0.0
post,1.0001,1453,2.1067369128490514e-12,0.0
post,1.0001,1454,2.1193199168605325e-12,0.0
post,1.0001,1455,2.163740434808817e-12,0.0
post,1.0001,1456,2.241581591269066e-12,0.0
post,1.0001,1457,2.3535880717371513e-12,0.0
post,1.0001,1458,2.4979111285759006e-12,0.0
post,1.0001,1459,2.6636694715126487e-12,0.0
post,1.0001,1460,2.81732049971541e-12,0.0
post,1.0001,1461,2.9223200970201175e-12,0.0
post,1.0001,1462,2.965115069491424e-12,0.0
post,1.0001,1463,2.946228108178612e-12,0.0
post,1.0001,1464,2.8745627550237997e-12,0.0
post,1.0001,1465,2.7632648151432864e-12,0.0
post,1.0001,1466,2.6259968418365547e-12,0.0
post,1.0001,1467,2.4745710757743734e-12,0.0
post,1.0001,1468,2.318061952517715e-12,0.0
post,1.0001,1469,2.1629115929886667e-12,0.0
post,1.0001,1470,2.013469396966172e-12,0.0
post,1.0001,1471,1.8725677123964977e-12,0.0
post,1.0001,1472,1.741937853206996e-12,0.0
post,1.0001,1473,1.6224996121244327e-12,0.0
post,1.0001,1474,1.5146469950999641e-12,0.0
post,1.0001,1475,1.4185231557825722e-12,0.0
post,1.0001,1476,1.3342194545375855e-12,0.0
post,1.0001,1477,1.2618919467669358e-12,0.0
post,1.0001,1478,1.2018221789802904e-12,0.0
post,1.0001,1479,1.1544452179671144e-12,0.0
post,1.0001,1480,1.120356672627232e-12,0.0
post,1.0001,1481,1.100302741659298e-12,0.0
post,1.0001,1482,1.0951528507648128e-12,0.0
post,1.0001,1483,1.1058502602524464e-12,0.0
post,1.0001,1484,1.1333263998724225e-12,0.0
post,1.0001,1485,1.1783341289319599e-12,0.0
post,1.0001,1486,1.2410464981395874e-12,0.0
post,1.0001,1487,1.3198025824661415e-12,0.0
post,1.0001,1488,1.4065171919431176e-12,0.0
post,1.0001,1489,1.4812073145836027e-12,0.0
post,1.0001,1490,1.527785371585545e-12,0.0
post,1.0001,1491,1.5415665328151223e-12,0.0
post,1.0001,1492,1.5241441515923039e-12,0.0
post,1.0001,1493,1.4809182977038807e-12,0.0
post,1.0001,1494,1.418953002105716e-12,0.0
post,1.0001,1495,1.3451868283584628e-12,0.0
post,1.0001,1496,1.2654121228741175e-12,0.0
post,1.0001,1497,1.183975597635271e-12,0.0
post,1.0001,1498,1.1039162295565816e-12,0.0
post,1.0001,1499,1.0272662769610867e-12,0.0
post,1.0001,1500,9.553342526563976e-13,0.0
post,1.0001,1501,8.888983312102369e-13,0.0
post,1.0001,1502,8.283518511035792e-13,0.0
post,1.0001,1503,7.738536912746826e-13,0.0
post,1.0001,1504,7.254633809382575e-13,0.0
post,1.0001,1505,6.83232678786368e-13,0.0
post,1.0001,1506,6.472572565009114e-13,0.0
post,1.0001,1507,6.177030374624736e-13,0.0
post,1.0001,1508,5.948175802578693e-13,0.0
post,1.0001,1509,5.789313779924805e-13,0.0
post,1.0001,1510,5.704504593354213e-13,0.0
post,1.0001,1511,5.698395731528207e-13,0.0
post,1.0001,1512,5.775927258646848e-13,0.0
post,1.0001,1513,5.941811907066198e-13,0.0
post,1.0001,1514,6.19947391776797e-13,0.0
post,1.0001,1515,6.548327265857033e-13,0.0
post,1.0001,1516,6.974674022223913e-13,0.0
post,1.0001,1517,7.420761461275571e-13,0.0
post,1.0001,1518,7.776516176808618e-13,0.0
post,1.0001,1519,7.975595969409998e-13,0.0
post,1.0001,1520,8.003841841745312e-13,0.0
post,1.0001,1521,7.875662740983592e-13,0.0
post,1.0001,1522,7.622391669655017e-13,0.0
post,1.0001,1523,7.281322631355357e-13,0.0
post,1.0001,1524,6.887327162551228e-13,0.0
post,1.0001,1525,6.468613071317637e-13,0.0
post,1.0001,1526,6.045905350320548e-13,0.0
post,1.0001,1527,5.633499156167442e-13,0.0
post,1.0001,1528,5.240869154943345e-13,0.0
post,1.0001,1529,4.874030602739347e-13,0.0
post,1.0001,1530,4.5364435517647326e-13,0.0
post,1.0001,1531,4.2297644338455994e-13,0.0
post,1.0001,1532,3.954627515588426e-13,0.0
post,1.0001,1533,3.7112959967811287e-13,0.0
post,1.0001,1534,3.5000783580969727e-13,0.0
post,1.0001,1535,3.3215562788649256e-13,0.0
post,1.0001,1536,3.1766977410624147e-13,0.0
post,1.0001,1537,3.0669012441392335e-13,0.0
post,1.0001,1538,2.993990778140983e-13,0.0
post,1.0001,1539,2.960165555168031e-13,0.0
post,1.0001,1540,2.967898113833291e-13,0.0
post,1.0001,1541,3.0197584416866513e-13,0.0
post,1.0001,1542,3.118095279416905e-13,0.0
post,1.0001,1543,3.264350458415336e-13,0.0
post,1.0001,1544,3.457179044843856e-13,0.0
post,1.0001,1545,3.685783684099132e-13,0.0
post,1.0001,1546,3.911000530592938e-13,0.0
post,1.0001,1547,4.0768703594621454e-13,0.0
post,1.0001,1548,4.1575535555922087e-13,0.0
post,1.0001,1549,4.1502070999543705e-13,0.0
post,1.0001,1550,4.065131528948224e-13,0.0
post,1.0001,1551,3.919924822306355e-13,0.0
post,1.0001,1552,3.733980265704407e-13,0.0
post,1.0001,1553,3.524660425336174e-13,0.0
post,1.0001,1554,3.3056163050384163e-13,0.0
post,1.0001,1555,3.086688860470042e-13,0.0
post,1.0001,1556,2.874585603140376e-13,0.0
post,1.0001,1557,2.673712645933533e-13,0.0
post,1.0001,1558,2.4868178125937124e-13,0.0
post,1.0001,1559,2.3154207905001636e-13,0.0
post,1.0001,1560,2.1602082655754506e-13,0.0
post,1.0001,1561,2.021432913800536e-13,0.0
post,1.0001,1562,1.8992215811032144e-13,0.0
post,1.0001,1563,1.7937627006092409e-13,0.0
post,1.0001,1564,1.7054062329431372e-13,0.0
post,1.0001,1565,1.6347116370109752e-13,0.0
post,1.0001,1566,1.5824637200743572e-13,0.0
post,1.0001,1567,1.5496640244465545e-13,0.0
post,1.0001,1568,1.537498349235746e-13,0.0
post,1.0001,1569,1.5472755675340604e-13,0.0
post,1.0001,1570,1.5803222515592918e-13,0.0
post,1.0001,1571,1.6377850609585628e-13,0.0
post,1.0001,1572,1.720180490405685e-13,0.0
post,1.0001,1573,1.826072629868629e-13,0.0
post,1.0001,1574,1.947211562995901e-13,0.0
post,1.0001,1575,2.0586864328457884e-13,0.0
post,1.0001,1576,2.1341908176489137e-13,0.0
post,1.0001,1577,2.1642024811097123e-13,0.0
post,1.0001,1578,2.1493027731815113e-13,0.0
post,1.0001,1579,2.096110048996888e-13,0.0
post,1.0001,1580,2.0142598890044423e-13,0.0
post,1.0001,1581,1.9137050175035142e-13,0.0
post,1.0001,1582,1.8030179246090725e-13,0.0
post,1.0001,1583,1.6887676683349963e-13,0.0
post,1.0001,1584,1.575610054748064e-13,0.0
post,1.0001,1585,1.4666852412943903e-13,0.0
post,1.0001,1586,1.36403593539673e-13,0.0
post,1.0001,1587,1.2689075849529744e-13,0.0
post,1.0001,1588,1.1819586451450561e-13,0.0
post,1.0001,1589,1.1034694571477854e-13,0.0
post,1.0001,1590,1.0335419384585395e-13,0.0
post,1.0001,1591,9.722431433309411e-14,0.0
post,1.0001,1592,9.196889368251318e-14,0.0
post,1.0001,1593,8.760875598548399e-14,0.0
post,1.0001,1594,8.417596043701268e-14,0.0
post,1.0001,1595,8.171427927957913e-14,0.0
post,1.0001,1596,8.027843961740663e-14,0.0
post,1.0001,1597,7.99320901772434e-14,0.0
post,1.0001,1598,8.074414517604765e-14,0.0
post,1.0001,1599,8.278243473557896e-14,0.0
post,1.0001,1600,8.610128922294487e-14,0.0
post,1.0001,1601,9.071147067712333e-14,0.0
post,1.0001,1602,9.648551821445468e-14,0.0
post,1.0001,1603,1.0281259733109932e-13,0.0
post,1.0001,1604,1.0822021616666754e-13,0.0
post,1.0001,1605,1.1155849932291509e-13,0.0
post,1.0001,1606,1.1250139582003282e-13,0.0
post,1.0001,1607,1.1117447173176025e-13,0.0
post,1.0001,1608,1.0797701601522301e-13,0.0
post,1.0001,1609,1.0342579723021132e-13,0.0
post,1.0001,1610,9.802569829449421e-14,0.0
post,1.0001,1611,9.219677509045548e-14,0.0
post,1.0001,1612,8.625353320542217e-14,0.0
post,1.0001,1613,8.041553557134763e-14,0.0
post,1.0001,1614,7.482947370138379e-14,0.0
post,1.0001,1615,6.958967566698985e-14,0.0
post,1.0001,1616,6.475206269165634e-14,0.0
post,1.0001,1617,6.03447494348089e-14,0.0
post,1.0001,1618,5.637902618279152e-14,0.0
post,1.0001,1619,5.285915195642845e-14,0.0
post,1.0001,1620,4.978895050761093e-14,0.0
post,1.0001,1621,4.717552032208364e-14,0.0
post,1.0001,1622,4.503112049680953e-14,0.0
post,1.0001,1623,4.3373979097560194e-14,0.0
post,1.0001,1624,4.222837080707561e-14,0.0
post,1.0001,1625,4.162406012033072e-14,0.0
post,1.0001,1626,4.159505404898698e-14,0.0
post,1.0001,1627,4.217742126075586e-14,0.0
post,1.0001,1628,4.3405434977891987e-14,0.0
post,1.0001,1629,4.5303659453790675e-14,0.0
post,1.0001,1630,4.786651589924969e-14,0.0
post,1.0001,1631,5.0989500275094775e-14,0.0
post,1.0001,1632,5.4238349349165524e-14,0.0
post,1.0001,1633,5.680858490728556e-14,0.0
post,1.0001,1634,5.822894366870463e-14,0.0
post,1.0001,1635,5.84030239030576e-14,0.0
post,1.0001,1636,5.744026978953259e-14,0.0
post,1.0001,1637,5.5571490309908954e-14,0.0
post,1.0001,1638,5.3069058055473665e-14,0.0
post,1.0001,1639,5.018646011253261e-14,0.0
post,1.0001,1640,4.7128119874410865e-14,0.0
post,1.0001,1641,4.404392596691819e-14,0.0
post,1.0001,1642,4.1037131409326715e-14,0.0
post,1.0001,1643,3.8176109388192394e-14,0.0
post,1.0001,1644,3.550419749181151e-14,0.0
post,1.0001,1645,3.304623072461946e-14,0.0
post,1.0001,1646,3.081402981418388e-14,0.0
post,1.0001,1647,2.881209897795607e-14,0.0
post,1.0001,1648,2.7042336193012567e-14,0.0
post,1.0001,1649,2.55070286354112e-14,0.0
post,1.0001,1650,2.4210487780346454e-14,0.0
post,1.0001,1651,2.3159858370276333e-14,0.0
post,1.0001,1652,2.2365430476621554e-14,0.0
post,1.0001,1653,2.1840594126433235e-14,0.0
post,1.0001,1654,2.160146345510257e-14,0.0
post,1.0001,1655,2.166612171386842e-14,0.0
post,1.0001,1656,2.205331913048602e-14,0.0
post,1.0001,1657,2.2780105887392518e-14,0.0
post,1.0001,1658,2.3856710595827807e-14,0.0
post,1.0001,1659,2.5272400749344063e-14,0.0
post,1.0001,1660,2.6945092756171868e-14,0.0
post,1.0001,1661,2.858207267946012e-14,0.0
post,1.0001,1662,2.9777686048025265e-14,0.0
post,1.0001,1663,3.034939765015668e-14,0.0
post,1.0001,1664,3.0279585273707765e-14,0.0
post,1.0001,1665,2.9645371214031525e-14,0.0
post,1.0001,1666,2.857601499336553e-14,0.0
post,1.0001,1667,2.7212950685698116e-14,0.0
post,1.0001,1668,2.5682275946177274e-14,0.0
post,1.0001,1669,2.4082860302537506e-14,0.0
post,1.0001,1670,2.2485848032396205e-14,0.0
post,1.0001,1671,2.0939675394541835e-14,0.0
post,1.0001,1672,1.9476129691268763e-14,0.0
post,1.0001,1673,1.8114993481347376e-14,0.0
post,1.0001,1674,1.6867159980928472e-14,0.0
post,1.0001,1675,1.573752170504479e-14,0.0
post,1.0001,1676,1.4727873865231718e-14,0.0
post,1.0001,1677,1.3839139990646444e-14,0.0
post,1.0001,1678,1.3072719081126329e-14,0.0
post,1.0001,1679,1.2431202169204391e-14,0.0
post,1.0001,1680,1.1918714895348659e-14,0.0
post,1.0001,1681,1.1541028067625477e-14,0.0
post,1.0001,1682,1.1305490337855643e-14,0.0
post,1.0001,1683,1.1220786313735467e-14,0.0
post,1.0001,1684,1.1296483527415796e-14,0.0
post,1.0001,1685,1.1542251901816015e-14,0.0
post,1.0001,1686,1.1966394152332066e-14,0.0
post,1.0001,1687,1.257247696370278e-14,0.0
post,1.0001,1688,1.334936716052254e-14,0.0
post,1.0001,1689,1.4234536134999837e-14,0.0
post,1.0001,1690,1.504312297558848e-14,0.0
post,1.0001,1691,1.5585904933736733e-14,0.0
post,1.0001,1692,1.579602934989083e-14,0.0
post,1.0001,1693,1.5679180850484682e-14,0.0
post,1.0001,1694,1.5284524631399054e-14,0.0
post,1.0001,1695,1.4682672073482515e-14,0.0
post,1.0001,1696,1.3946116709733722e-14,0.0
post,1.0001,1697,1.3137066677022258e-14,0.0
post,1.0001,1698,1.2303073381464944e-14,0.0
post,1.0001,1699,1.1477783818139303e-14,0.0
post,1.0001,1700,1.0683868626353222e-14,0.0
post,1.0001,1701,9.936059335297708e-15,0.0
post,1.0001,1702,9.243314385857532e-15,0.0
post,1.0001,1703,8.610346757746822e-15,0.0
post,1.0001,1704,8.039150831945509e-15,0.0
post,1.0001,1705,7.530452469553851e-15,0.0
post,1.0001,1706,7.084744214029835e-15,0.0
post,1.0001,1707,6.702886281757123e-15,0.0
post,1.0001,1708,6.386418715984665e-15,0.0
post,1.0001,1709,6.1377037010757385e-15,0.0
post,1.0001,1710,5.9599579349956994e-15,0.0
post,1.0001,1711,5.857194973971542e-15,0.0
post,1.0001,1712,5.834074170966503e-15,0.0
post,1.0001,1713,5.895630063117123e-15,0.0
post,1.0001,1714,6.04680167086185e-15,0.0
post,1.0001,1715,6.2915078926062465e-15,0.0
post,1.0001,1716,6.630393765195628e-15,0.0
post,1.0001,1717,7.053685541016917e-15,0.0
post,1.0001,1718,7.515254310771897e-15,0.0
post,1.0001,1719,7.906686306241868e-15,0.0
post,1.0001,1720,8.145848590543878e-15,0.0
post,1.0001,1721,8.210080857431281e-15,0.0
post,1.0001,1722,8.10921658317144e-15,0.0
post,1.0001,1723,7.872766737990206e-15,0.0
post,1.0001,1724,7.538528614039968e-15,0.0
post,1.0001,1725,7.143235916310827e-15,0.0
post,1.0001,1726,6.717348546490745e-15,0.0
post,1.0001,1727,6.283621408890939e-15,0.0
post,1.0001,1728,5.85791723116746e-15,0.0
post,1.0001,1729,5.450824184491454e-15,0.0
post,1.0001,1730,5.0691418288920936e-15,0.0
post,1.0001,1731,4.71688831560625e-15,0.0
post,1.0001,1732,4.396072871183968e-15,0.0
post,1.0001,1733,4.107497724771741e-15,0.0
post,1.0001,1734,3.851467795746576e-15,0.0
post,1.0001,1735,3.628265710004971e-15,0.0
post,1.0001,1736,3.4384180998311624e-15,0.0
post,1.0001,1737,3.2828306218795988e-15,0.0
post,1.0001,1738,3.162845331952494e-15,0.0
post,1.0001,1739,3.080245102739851e-15,0.0
post,1.0001,1740,3.0372117574134115e-15,0.0
post,1.0001,1741,3.0362335619757757e-15,0.0
post,1.0001,1742,3.0799437960477708e-15,0.0
post,1.0001,1743,3.1708345673682443e-15,0.0
post,1.0001,1744,3.3106665745419598e-15,0.0
post,1.0001,1745,3.498934699917259e-15,0.0
post,1.0001,1746,3.727669581170375e-15,0.0
post,1.0001,1747,3.964235700557308e-15,0.0
post,1.0001,1748,4.1498868972177655e-15,0.0
post,1.0001,1749,4.251166520443673e-15,0.0
post,1.0001,1750,4.261536995377032e-15,0.0
post,1.0001,1751,4.1892944891803134e-15,0.0
post,1.0001,1752,4.05143554253977e-15,0.0
post,1.0001,1753,3.8678494833403384e-15,0.0
post,1.0001,1754,3.656960930079014e-15,0.0
post,1.0001,1755,3.433583585625757e-15,0.0
post,1.0001,1756,3.2085573288375246e-15,0.0
post,1.0001,1757,2.989339867259884e-15,0.0
post,1.0001,1758,2.780865166993276e-15,0.0
post,1.0001,1759,2.5862553219731182e-15,0.0
post,1.0001,1760,2.407292666540713e-15,0.0
post,1.0001,1761,2.2448206188903314e-15,0.0
post,1.0001,1762,2.099159038944456e-15,0.0
post,1.0001,1763,1.970444921880148e-15,0.0
post,1.0001,1764,1.8588478848016013e-15,0.0
post,1.0001,1765,1.7646874632339415e-15,0.0
post,1.0001,1766,1.6884909643198632e-15,0.0
post,1.0001,1767,1.6310154729578537e-15,0.0
post,1.0001,1768,1.5932439071296252e-15,0.0
post,1.0001,1769,1.5763569309304975e-15,0.0
post,1.0001,1770,1.5816770182479431e-15,0.0
post,1.0001,1771,1.6105720421872148e-15,0.0
post,1.0001,1772,1.6642794523501896e-15,0.0
post,1.0001,1773,1.7435236541419752e-15,0.0
post,1.0001,1774,1.8474522894476696e-15,0.0
post,1.0001,1775,1.9698271344506574e-15,0.0
post,1.0001,1776,2.0887855046454277e-15,0.0
post,1.0001,1777,2.174945180457547e-15,0.0
post,1.0001,1778,2.215418930553789e-15,0.0
post,1.0001,1779,2.2091458905784677e-15,0.0
post,1.0001,1780,2.1618945708100305e-15,0.0
post,1.0001,1781,2.0831568002176592e-15,0.0
post,1.0001,1782,1.983245875780238e-15,0.0
post,1.0001,1783,1.8713189891328403e-15,0.0
post,1.0001,1784,1.754536500161185e-15,0.0
post,1.0001,1785,1.6380415241751639e-15,0.0
post,1.0001,1786,1.5253316566621928e-15,0.0
post,1.0001,1787,1.4187000738024553e-15,0.0
post,1.0001,1788,1.3195708730189146e-15,0.0
post,1.0001,1789,1.2287247745606574e-15,0.0
post,1.0001,1790,1.1465103053872878e-15,0.0
post,1.0001,1791,1.0730550297850404e-15,0.0
post,1.0001,1792,1.0084262535141783e-15,0.0
post,1.0001,1793,9.527278486966113e-16,0.0
post,1.0001,1794,9.061516274671659e-16,0.0
post,1.0001,1795,8.690018015278109e-16,0.0
post,1.0001,1796,8.417026801915089e-16,0.0
post,1.0001,1797,8.247934312106519e-16,0.0
post,1.0001,1798,8.189100717110648e-16,0.0
post,1.0001,1799,8.247519240316338e-16,0.0
post,1.0001,1800,8.430237974552921e-16,0.0
post,1.0001,1801,8.74326680593847e-16,0.0
post,1.0001,1802,9.189056391855896e-16,0.0
post,1.0001,1803,9.758988475920446e-16,0.0
post,1.0001,1804,1.040568632764032e-15,0.0
post,1.0001,1805,1.0992073584314367e-15,0.0
post,1.0001,1806,1.1382144993458205e-15,0.0
post,1.0001,1807,1.1529001436490698e-15,0.0
post,1.0001,1808,1.143783178428858e-15,0.0
post,1.0001,1809,1.1145136452673193e-15,0.0
post,1.0001,1810,1.0702649844745617e-15,0.0
post,1.0001,1811,1.0163168368565046e-15,0.0
post,1.0001,1812,9.571831161301473e-16,0.0
post,1.0001,1813,8.963057414957222e-16,0.0
post,1.0001,1814,8.361162634060828e-16,0.0
post,1.0001,1815,7.782513716132914e-16,0.0
post,1.0001,1816,7.237734246828009e-16,0.0
post,1.0001,1817,6.73326733825257e-16,0.0
post,1.0001,1818,6.272485844656337e-16,0.0
post,1.0001,1819,5.856808391627514e-16,0.0
post,1.0001,1820,5.486752145049404e-16,0.0
post,1.0001,1821,5.162679180871473e-16,0.0
post,1.0001,1822,4.885228117107157e-16,0.0
post,1.0001,1823,4.655537763644597e-16,0.0
post,1.0001,1824,4.475348482363357e-16,0.0
post,1.0001,1825,4.3470239936034726e-16,0.0
post,1.0001,1826,4.2735075983937337e-16,0.0
post,1.0001,1827,4.258209976287232e-16,0.0
post,1.0001,1828,4.3048088782916097e-16,0.0
post,1.0001,1829,4.4169001792687485e-16,0.0
post,1.0001,1830,4.597309196565828e-16,0.0
post,1.0001,1831,4.846401127653902e-16,0.0
post,1.0001,1832,5.156686924708737e-16,0.0
post,1.0001,1833,5.493346250032327e-16,0.0
post,1.0001,1834,5.776624797246383e-16,0.0
post,1.0001,1835,5.94789595990228e-16,0.0
post,1.0001,1836,5.991435156671902e-16,0.0
post,1.0001,1837,5.914901903541281e-16,0.0
post,1.0001,1838,5.740098092672474e-16,0.0
post,1.0001,1839,5.494664334874611e-16,0.0
post,1.0001,1840,5.205324076508872e-16,0.0
post,1.0001,1841,4.894163413410109e-16,0.0
post,1.0001,1842,4.57764504785681e-16,0.0
post,1.0001,1843,4.2672289661588964e-16,0.0
post,1.0001,1844,3.9705575145536043e-16,0.0
post,1.0001,1845,3.6925318314737175e-16,0.0
post,1.0001,1846,3.436038773213849e-16,0.0
post,1.0001,1847,3.202514008455154e-16,0.0
post,1.0001,1848,2.9925275053544903e-16,0.0
post,1.0001,1849,2.80629772179954e-16,0.0
post,1.0001,1850,2.6440336533977556e-16,0.0
post,1.0001,1851,2.506125967755802e-16,0.0
post,1.0001,1852,2.393243660457515e-16,0.0
post,1.0001,1853,2.3063747571680216e-16,0.0
post,1.0001,1854,2.2468286293013283e-16,0.0
post,1.0001,1855,2.2162045396662952e-16,0.0
post,1.0001,1856,2.2163230410472698e-16,0.0
post,1.0001,1857,2.249106484650252e-16,0.0
post,1.0001,1858,2.316366654080047e-16,0.0
post,1.0001,1859,2.419364461317046e-16,0.0
post,1.0001,1860,2.5576575328461406e-16,0.0
post,1.0001,1861,2.7251710213743747e-16,0.0
post,1.0001,1862,2.897392922992823e-16,0.0
post,1.0001,1863,3.0314606563677653e-16,0.0
post,1.0001,1864,3.1036359365662256e-16,0.0
post,1.0001,1865,3.1095053471877923e-16,0.0
post,1.0001,1866,3.0553459784113887e-16,0.0
post,1.0001,1867,2.953669903876534e-16,0.0
post,1.0001,1868,2.818998576965779e-16,0.0
post,1.0001,1869,2.6647225829157346e-16,0.0
post,1.0001,1870,2.5015760981155483e-16,0.0
post,1.0001,1871,2.337398144235569e-16,0.0
post,1.0001,1872,2.17757509916556e-16,0.0
post,1.0001,1873,2.0256673294704262e-16,0.0
post,1.0001,1874,1.8839238748050057e-16,0.0
post,1.0001,1875,1.753623694732609e-16,0.0
post,1.0001,1876,1.635368475121969e-16,0.0
post,1.0001,1877,1.5293853586941126e-16,0.0
post,1.0001,1878,1.4357733227446037e-16,0.0
post,1.0001,1879,1.354658181062253e-16,0.0
post,1.0001,1880,1.2862767234865236e-16,0.0
post,1.0001,1881,1.2310180837521723e-16,0.0
post,1.0001,1882,1.189439243732529e-16,0.0
post,1.0001,1883,1.1622616931981348e-16,0.0
post,1.0001,1884,1.1503504499672058e-16,0.0
post,1.0001,1885,1.1546726215300142e-16,0.0
post,1.0001,1886,1.1762260187672874e-16,0.0
post,1.0001,1887,1.215908538790255e-16,0.0
post,1.0001,1888,1.274232267038881e-16,0.0
post,1.0001,1889,1.3505230838646802e-16,0.0
post,1.0001,1890,1.4400414910667847e-16,0.0
post,1.0001,1891,1.5264697203646344e-16,0.0
post,1.0001,1892,1.588543100952788e-16,0.0
post,1.0001,1893,1.6171683247925204e-16,0.0
post,1.0001,1894,1.6117334443145695e-16,0.0
post,1.0001,1895,1.5765490378042675e-16,0.0
post,1.0001,1896,1.518583411039032e-16,0.0
post,1.0001,1897,1.44535595623968e-16,0.0
post,1.0001,1898,1.363516037612249e-16,0.0
post,1.0001,1899,1.27824905230786e-16,0.0
post,1.0001,1900,1.193272888768878e-16,0.0
post,1.0001,1901,1.1111131115539036e-16,0.0
post,1.0001,1902,1.0334239911480842e-16,0.0
post,1.0001,1903,9.612306124437704e-17,0.0
post,1.0001,1904,8.950924388452783e-17,0.0
post,1.0001,1905,8.352577100343255e-17,0.0
post,1.0001,1906,7.818170856533541e-17,0.0
post,1.0001,1907,7.348196650881512e-17,0.0
post,1.0001,1908,6.9434257340019e-17,0.0
post,1.0001,1909,6.605277911691102e-17,0.0
post,1.0001,1910,6.335996147156001e-17,0.0
post,1.0001,1911,6.138700055633375e-17,0.0
post,1.0001,1912,6.017345289871486e-17,0.0
post,1.0001,1913,5.976589498834492e-17,0.0
post,1.0001,1914,6.021543966231482e-17,0.0
post,1.0001,1915,6.157345287144709e-17,0.0
post,1.0001,1916,6.388342241134228e-17,0.0
post,1.0001,1917,6.71620886395436e-17,0.0
post,1.0001,1918,7.134283404097378e-17,0.0
post,1.0001,1919,7.606681527868993e-17,0.0
post,1.0001,1920,8.03183967236141e-17,0.0
post,1.0001,1921,8.312076313181045e-17,0.0
post,1.0001,1922,8.414517006208481e-17,0.0
post,1.0001,1923,8.343699064749874e-17,0.0
post,1.0001,1924,8.126704523089494e-17,0.0
post,1.0001,1925,7.801429411831327e-17,0.0
post,1.0001,1926,7.406320339994999e-17,0.0
post,1.0001,1927,6.974128375726072e-17,0.0
post,1.0001,1928,6.529765902035418e-17,0.0
post,1.0001,1929,6.090804307602424e-17,0.0
post,1.0001,1930,5.669059285507582e-17,0.0
post,1.0001,1931,5.2721916610650926e-17,0.0
post,1.0001,1932,4.9048349920720217e-17,0.0
post,1.0001,1933,4.5694026924626875e-17,0.0
post,1.0001,1934,4.266903706656211e-17,0.0
post,1.0001,1935,3.99770666501871e-17,0.0
post,1.0001,1936,3.762077933467525e-17,0.0
post,1.0001,1937,3.560491590234967e-17,0.0
post,1.0001,1938,3.393789652961624e-17,0.0
post,1.0001,1939,3.2632542466319446e-17,0.0
post,1.0001,1940,3.170622196714696e-17,0.0
post,1.0001,1941,3.1180518387158214e-17,0.0
post,1.0001,1942,3.1080396922401617e-17,0.0
post,1.0001,1943,3.143272199565833e-17,0.0
post,1.0001,1944,3.226367011566105e-17,0.0
post,1.0001,1945,3.3593599544210966e-17,0.0
post,1.0001,1946,3.542438179834513e-17,0.0
post,1.0001,1947,3.7698672139588465e-17,0.0
post,1.0001,1948,4.0153748047241444e-17,0.0
post,1.0001,1949,4.22033894369004e-17,0.0
post,1.0001,1950,4.342939312844949e-17,0.0
post,1.0001,1951,4.3722825447696986e-17,0.0
post,1.0001,1952,4.314306955773594e-17,0.0
post,1.0001,1953,4.185112526347153e-17,0.0
post,1.0001,1954,4.004908882705479e-17,0.0
post,1.0001,1955,3.793135039121393e-17,0.0
post,1.0001,1956,3.565804223166641e-17,0.0
post,1.0001,1957,3.334826301111927e-17,0.0
post,1.0001,1958,3.1084802731452575e-17,0.0
post,1.0001,1959,2.892282112478423e-17,0.0
post,1.0001,1960,2.689764373124796e-17,0.0
post,1.0001,1961,2.5030008825066847e-17,0.0
post,1.0001,1962,2.3330173129831885e-17,0.0
post,1.0001,1963,2.1802185795038357e-17,0.0
post,1.0001,1964,2.0447613113589894e-17,0.0
post,1.0001,1965,1.926800123509466e-17,0.0
post,1.0001,1966,1.8266247932038176e-17,0.0
post,1.0001,1967,1.7447294466007495e-17,0.0
post,1.0001,1968,1.681841417571997e-17,0.0
post,1.0001,1969,1.638922276943543e-17,0.0
post,1.0001,1970,1.6171442185220976e-17,0.0
post,1.0001,1971,1.617839191831802e-17,0.0
post,1.0001,1972,1.6424104528793285e-17,0.0
post,1.0001,1973,1.6921749576344924e-17,0.0
post,1.0001,1974,1.768034851662764e-17,0.0
post,1.0001,1975,1.8696117887124048e-17,0.0
post,1.0001,1976,1.9922768817107324e-17,0.0
post,1.0001,1977,2.1176303765521975e-17,0.0
post,1.0001,1978,2.2144250614186402e-17,0.0
post,1.0001,1979,2.2658277325755032e-17,0.0
post,1.0001,1980,2.2688745908778825e-17,0.0
post,1.0001,1981,2.2283069450246537e-17,0.0
post,1.0001,1982,2.1533327368069926e-17,0.0
post,1.0001,1983,2.054552659675439e-17,0.0
post,1.0001,1984,1.9416977583967854e-17,0.0
post,1.0001,1985,1.8225456431563598e-17,0.0
post,1.0001,1986,1.70276498438093e-17,0.0
post,1.0001,1987,1.5862460302010083e-17,0.0
post,1.0001,1988,1.4755578819866486e-17,0.0
post,1.0001,1989,1.3723205490046234e-17,0.0
post,1.0001,1990,1.2774516589434872e-17,0.0
post,1.0001,1991,1.1913803773008065e-17,0.0
post,1.0001,1992,1.1142680069697336e-17,0.0
post,1.0001,1993,1.046186127325517e-17,0.0
post,1.0001,1994,9.872280779849752e-18,0.0
post,1.0001,1995,9.37569310542649e-18,0.0
post,1.0001,1996,8.974969642933671e-18,0.0
post,1.0001,1997,8.674207789617267e-18,0.0
post,1.0001,1998,8.478703207523592e-18,0.0
post,1.0001,1999,8.394793179466808e-18,0.0
